geoid10,poi_count,count_poi_types,poi_type_list,poi_list
17031010100,13,10,"restaurant, bicycle_rental, bicycle_rental, bureau_de_change, restaurant, money_transfer, convenience, storage_rental, place_of_worship, bicycle, school, community_centre, community_centre","TJam Kitchen, Bosworth Ave & Howard St, Eastlake Ter & Rogers Ave, Howard & Paulina Currency Exchange, Super Bros. Pizzeria, MoneyGram, Howard Grocery Plus, The Lock Up, Abundant Life Mission Church, The Recyclery Collective, Stephen F. Gale Math and Science Academy, Willye B. White Park Fieldhouse, Howard Area Community Center"
17031010201,20,13,"convenience, cannabis, bar, bicycle_rental, bicycle_rental, pawnbroker, restaurant, restaurant, mobile_phone, school, clothes, restaurant, restaurant, restaurant, place_of_worship, dry_cleaning, storage_rental, fast_food, fast_food, school","Zen Leaf, Monsen’s Tally Ho Pub, Wolcott Ave & Fargo Ave, Ridge Blvd & Howard St, Cash America Pawn, Badou Senegalese Cuisine, Howard Deli, Time Line Communications, Kingdom Academy learning center, Exclusive Boutique inc, Mica's Mexican Restaurant, Howard Street Soul, Tasty Sub, Way Mission Church, Howard Cleaners, Public Storage, Popeyes, Buffalo Joe's, Jordan Community Elementary School"
17031010202,38,25,"fast_food, bank, department_store, bicycle_rental, post_office, storage_rental, mobile_phone, bank, ice_cream, dentist, clothes, clothes, convenience, cafe, artwork, artwork, artwork, artwork, artwork, shoes, clothes, supermarket, fire_station, butcher, fuel, greengrocer, chemist, car, community_centre, bank, school, fast_food, convenience, bus_station, tobacco, mobile_phone, fast_food, bicycle_rental","Dunkin', Chase, Burlington, Clark St & Jarvis Ave, The UPS Store, Extra Space Storage, T-Mobile, Associated Bank, Baskin-Robbins, Aspen Dental, Citi Trends, DTLR, Around the Clock Food Store, Starbucks, 24/7, Destination: Points Unknown, PJ Footwear, Rainbow, Jewel-Osco, Chicago Fire Department Engine Company 102, Romanian Kosher Sausage Co, Amoco, Rogers Park Fruit Market, Walgreens, 5 Stars Auto Service And Sales, Howard Area Community Center, Bank of America, Chicago Math and Science Academy, Burger King, Amoco, Paulina & Howard Terminal, Bestow Smoke & Vape, Metro by T-Mobile, Subway, Paulina St & Howard St"
17031010300,28,16,"school, animal_boarding, bakery, cafe, bar, bicycle_rental, restaurant, antiques, convenience, artwork, artwork, artwork, artwork, artwork, artwork, artwork, fuel, bar, storage_rental, car_repair, social_facility, place_of_worship, motel, bar, social_facility, social_facility, convenience, storage_rental","Camelot School, Rogers Bark Pet Salon, Caribbean American Bakery, Charmers Cafe, Lighthouse Tavern, Greenview Ave & Jarvis Ave, Anto Pizza & Pasta Chicago, Lost Eras, Light Mini Mart, Coloribbean Mural, A Neighborhood Piazza, BP, R Public House, Public Storage, Elite Auto Repair, Aperion Care Lakeshore, Apostolic Catholic Assyrian Church, Super 8 by Wyndham Chicago, Jarvis Square Tavern, The Waterford Care Center, Alden Village North, Eddy's Food Mart, Kellees Storage"
17031010400,32,14,"pet, convenience, bicycle_rental, convenience, bank, convenience, bar, books, restaurant, bar, cafe, cafe, restaurant, restaurant, fast_food, artwork, artwork, artwork, artwork, cafe, artwork, information, information, artwork, artwork, information, restaurant, university, library, place_of_worship, fast_food, library","Grooming by Galdy, Sonny's Food Store, Sheridan Rd & Greenleaf Ave, 7-Eleven, Chase, 7-Eleven, Oasis, The Armadillo's Pillow Bookstore, Cafe Nova, Ireland’s Pub, XO Marshmallow, Nibbles and Nosh, Twisted Tapas, Asahi Roll, Subway, Lunar Disc I, Los Lobos de Loyola, Chinese Armillary, Connections Café, Arnold J. Damen, S.J., Wounded Angel, Eggs With Benefits, Loyola University Chicago, Cudahy Library, Madonna Della Strada Chapel, Blue Jay Cafe, Information Commons"
17031010501,10,8,"theatre, bicycle_rental, restaurant, convenience, e-cigarette, money_transfer, convenience, place_of_worship, restaurant, fuel","Rhapsody Theater, Glenwood Ave & Morse Ave, Asian Station, Food Mart, Vape & Dope, Morse Currency Exchange, Shell, Kingdom Hall of Jehovah's Witnesses, J.B. Alberto's, Shell"
17031010502,17,8,"fast_food, cinema, cafe, restaurant, restaurant, restaurant, restaurant, bicycle_rental, social_centre, social_centre, cafe, atm, artwork, social_centre, social_centre, social_centre, restaurant","Chipotle, The New 400 Movie Theaters, Royal Coffee, bopNgrill, Rice Thai Cafe, Great Wall, Roger's Wing, Sheridan Rd & Columbia Ave, Tau Kappa Epsilon, Sigma Chi, Taichi Bubble Tea, Bank of America, Tau Kappa Epsilon, Beta Theta Pi, Sigma Chi, Giordano's Pizzeria"
17031010503,28,17,"theatre, bar, fast_food, mobile_phone, fast_food, chemist, school, cafe, pastry, department_store, bank, restaurant, fast_food, fast_food, fast_food, pawnbroker, post_office, restaurant, fast_food, fast_food, school, social_centre, social_centre, place_of_worship, hotel, hotel, bicycle_rental, fast_food","Saint Ignatius Auditorium, Brunos Lounge, Potbelly, T-Mobile, Taco Bell, CVS Pharmacy, Chicago Waldorf School - Buttercup Room, Starbucks, Insomnia Cookies, Target, BMO, Blaze Pizza, Raising Cane's, Chi Tea, Tropical Smoothie Cafe, Cash America Pawn, The UPS Store, Khmai Restaurant, Auntie Anne's, Auntie Anne's, Chicago Waldorf School, Delta Sigma Phi - Epsilon Kappa, Delta Sigma Phi, Saint Ignatius Roman Catholic Church, The Flats at Loyola Station, Hampton Inn Chicago North-Loyola Station, Sheridan Rd & Loyola Ave, Dunkin'"
17031010600,51,21,"bar, cafe, supermarket, gift, variety_store, laundry, bar, bar, restaurant, restaurant, bicycle_rental, restaurant, fast_food, alcohol, arts_centre, tattoo, esoteric, florist, restaurant, dry_cleaning, artwork, artwork, artwork, artwork, artwork, artwork, artwork, artwork, artwork, artwork, artwork, artwork, artwork, artwork, artwork, artwork, artwork, artwork, artwork, artwork, artwork, artwork, convenience, supermarket, social_facility, place_of_worship, theatre, place_of_worship, fast_food, school, school","Rogers Park Social, Common Cup, Morse Fresh Market, Rogers Park Provisions, Family Dollar, Bubble City, Cunneen’s, Le Piano, Kimchi Pop, South Of The Border Restaurant & Bar, Glenwood Ave & Touhy Ave, Los Portales, Morse Gyros, Morse Liquor, PO Box Collective, Weird Girl Ink, Malliway Bros., Rogers Park Florist, Loyola Dry Cleaners, Mile of Murals, Mile of Murals, Mile of Murals, Mile of Murals, Mile of Murals, Mile of Murals, Mile of Murals, Mile of Murals, Mile of Murals, Mile of Murals, Mile of Murals, Mile of Murals, Mile of Murals, Mile of Murals, Mile of Murals, Mile of Murals, Mile of Murals, Pride Flag, Mile of Murals, Mile of Murals, Towards the nature of light, 7-Eleven, Devon Market, Farwell House, Rogers Park Presbyterian Church, Lifeline Theatre, United Church of Rogers Park, Dunkin', Kilmer Elementary School, Field Elementary School"
17031010701,6,6,"bicycle_rental, hairdresser, mobile_phone, clinic, dry_cleaning, place_of_worship","Ridge Blvd & Touhy Ave, Black Pearl, LycaMobile, Ridge Medical Center, 2pro Cleaners, Rogers Park Baptist Church"
17031010702,48,22,"place_of_worship, pet, ice_cream, bar, bakery, bakery, restaurant, restaurant, restaurant, restaurant, restaurant, restaurant, restaurant, restaurant, bicycle_rental, bicycle_rental, bank, fast_food, mobile_phone, mobile_phone, mobile_phone, pawnbroker, bicycle, restaurant, restaurant, fast_food, fast_food, supermarket, restaurant, clothes, restaurant, place_of_worship, dentist, grocery, restaurant, cannabis, tattoo, laundry, tattoo, ice_cream, place_of_worship, school, place_of_worship, furniture, place_of_worship, supermarket, library, school","Living Water Community Church, Bark Place, La Michoacana, Silvana Bar, Panaderia Ayutla, Panaderia Evita, Tamales Lo Mejor De Guerrero, El Sabor Pobloano, La Choza Mexican Grill, Birriería Y Carnitas El Gallito, El Famous Burrito, Rocky's Tacos, Su Taqueria El Rey Del Taco y Sus Mariscos, Krishna Lunch, Clark St & Lunt Ave, Clark St & Touhy Ave, Byline Bank, Dunkin', Metro by T-Mobile, Boost Mobile, Cricket Wireless, Cash America Pawn, Robert's Cycle, Jet's Pizza, Nueva Italy Pizzeria, Wingstop, Little Caesars, Wild Onion Market, Taqueria El Dorado, All For Kids, Urban Tables, Solid Foundation Ministry, Casa Roman Food & Liquors, Honeybear Cafe, Perception Cannabis, Theta Tattoo, Bubble Express, Lucky Devil Tattoo and Piercings, La Michoacana, Saint Jerome Roman Catholic Church, St. Jerome School, International Krishna Consciousness, J. Miller Handcrafted Furniture, Saint Paul's Church by the Lake, Supermercado Chapala, Rogers Park Branch Library, New Field Elementary School"
17031020100,48,31,"fast_food, restaurant, bar, bicycle_rental, bicycle_rental, ice_cream, storage_rental, cafe, convenience, dry_cleaning, tobacco, taxi, car_parts, hairdresser, computer, wholesale, restaurant, telecommunication, car_repair, theatre, hairdresser, theatre, place_of_worship, variety_store, car_rental, restaurant, laundry, hairdresser, restaurant, convenience, convenience, health_food, pet, car_repair, variety_store, convenience, doctors, seafood, car_repair, clinic, fast_food, place_of_worship, place_of_worship, car_repair, beauty, school, bank, bus_station","Subway, Tapia's Pizza, American Ale House, Western Ave & Howard St, Oakley Ave & Touhy Ave, La Michoacana Premium, McCarthy Storage, Tree House Humane Society Cat Cafe, Satari Quick Stop, Style Cleaners, King of Flavors, Choice Taxi Association, Bee-Zee Auto Parts, North Kutz, Midtronix Inc., DCI Wholesale and Closeout, Bina’s Place, The E Companies Inc., Mike’s Total Auto Repairs, The Puppet Place, Phat Fades, West Ridge Redbox Building, Grace & Mercy Apostolic Church, Devon Discount, U-Haul, Kizin Creole, Som Laundry Todo, Jaxen&Jillz Barber & Beauty Salon LLC, Bull & Barrel, Aiden’s Mini Mart (Drive - In), 7432 N Oakley, Prime Home Healthcare, The Real Meal, GMC & BMW Auto Repairs, Aiden & Chloe’s EZ Shop, AidenDollar.com, Tapestry 360 Health, The Fish Keg, Howard Auto Body & Repair, Fresenius Kidney Care, Taco Pros, Saint Margaret Mary Roman Catholic Church, Mehdavia Islamic Center of Chicago, Midas, Chicago Nail Pro, Saint Marys School, Wintrust Bank, Western & Birchwood Terminal"
17031020200,50,29,"place_of_worship, optician, variety_store, restaurant, place_of_worship, bakery, atm, department_store, car_parts, beauty, clothes, laundry, ice_cream, information, pharmacy, bicycle_rental, clothes, mobile_phone, dentist, supermarket, mobile_phone, beauty, restaurant, car_repair, beauty, laundry, restaurant, electrical, money_lender, alcohol, alcohol, art, restaurant, dry_cleaning, convenience, money_lender, fast_food, place_of_worship, place_of_worship, place_of_worship, fast_food, chemist, restaurant, school, car_repair, car_parts, bar, restaurant, restaurant, school","Kollel Ateres Ami, IF Optical, Dollar Tree, Hamachi Sushi Bar, Lubavitch Chabad of Illinois, JR Dessert Bakery, Bank of America, Ross, O'Reilly Auto Parts, Forever Beauty, Discovery Clothing Company, Tide Laundromat, Baskin-Robbins, Walgreens, North Boundary Park, Hat-Box-Suit Central, Boost Mobile, Advantage Dental Care, Morelia Supermarket, Metro by T-Mobile, HairFx, Al Safa Mandi House, Western Auto Repair, Western Nail Bar, Red Laundry Inc,, Jerky Jerk, Pure Electric, Sunrise Tax Service, Extra Value Liquor, Basil Food & Liquor, Stan’s Glass Shop, Eng’s Asian Cuisine, Presidential Cleaners, New York Pantry, PLS, Dunkin', Congregation Adas Yeshurun, Congregation Sha'arei Tzedek, Beis Medrash Mikor HaChaim, McDonald's, Walgreens, Main Pizza Chalavi, Cheder Lubavitch Girls School, Howard Auto Service, Advance Auto Parts, Mark II Lounge, Candelite, Aidan's Pizza Shop, Philip Rogers Elementary School"
17031020301,22,9,"place_of_worship, religion, place_of_worship, place_of_worship, bakery, bicycle_rental, bicycle_rental, bicycle_rental, artwork, place_of_worship, social_facility, community_centre, school, place_of_worship, social_facility, school, school, fast_food, social_facility, place_of_worship, social_facility, place_of_worship","Congregation Atereth Yehoshua, Kesher Stam, Or Menorah, Ateres Shmuel, North Shore Kosher Bakery, Sacramento Ave & Pratt Blvd, Sacramento Ave & Lunt Ave, California Ave & Touhy Ave, Ohel Shalom Torah Center, Swartzberg House, Bernard Horwich Jewish Community Center, Yeshiva Ohr Boruch/The Veitzner Cheder, Congregation Beth Itzchok, Park Plaza, West Ridge Elementary School, Decatur Classical School, Eastern Style Pizza, Chicago Mitzvah Campaign, Heritage, JCFS Abe and Ida Cooper Center, Heritage Congregation"
17031020302,22,14,"school, artwork, artwork, bicycle_rental, ice_cream, library, place_of_worship, place_of_worship, fuel, place_of_worship, car_parts, car_wash, social_facility, place_of_worship, convenience, fast_food, hardware, place_of_worship, place_of_worship, convenience, school, bank","Yeshiva Migdal Torah, Wind Harp, City Hall Keystone, Western Ave & Lunt Ave, Lickedy Split Custard, Northtown Branch Library, Congregation Ezras Israel, Lubavitch Mesivta, Marathon, Bethesda Evangelical Lutheran Church, AutoZone, C & M Car Wash, Buckingham Pavilion Nursing and Rehabilitation, Ohel Tefillah, 7-Eleven, McDonald's, Chicago Coast True Value Hardware, Truc Lam Temple, Bosnian Educational & Cultural Center of America, C & M Food Mart, Bethesda School, Byline Bank"
17031020400,21,15,"restaurant, cafe, restaurant, restaurant, childcare, massage, fast_food, hairdresser, laundry, beauty, cafe, school, fuel, convenience, place_of_worship, place_of_worship, bank, car_repair, place_of_worship, place_of_worship, bar","Mi Pueblo Two, Starbucks, Buffalo Wild Wings, China Ling, Future Focus Daycare, Natural Resistance Spa, Chyros, Letzly Beauty Salon, TapWash, April’s Nail Spa, COZY CAFE, George Armstrong Elementary School, Mobil, 7-Eleven, Faizan-e-Madinah Mosque, West Ridge United Methodist Church, Chase, Meineke, Sixteenth Church of Christ Scientist, Rahmat E Alam Foundation, Ricky G’s"
17031020500,21,13,"restaurant, supermarket, restaurant, restaurant, bakery, bicycle_rental, bicycle_rental, convenience, laundry, seafood, fast_food, hairdresser, convenience, pawnbroker, fast_food, supermarket, car_repair, hairdresser, supermarket, bank, social_facility","Ghareeb Nawaz, Par-Birdie Foods, Usmania Fine Dining, Daata Darbar, King Sweets, Warren Park East, Warren Park West, Malik Food Mart, Laundromat, Sundarban's Fish Bazar, Villa Palermo, Baghdad Hair Styles, Satina World Market, Devon Pawn Shop, Lahore Food and Grill, Rahmat Grocery and Zabiha Halal Meat, Benny's Tire Service, A Barber Shop, Cermak Fresh Market, Devon Bank, RYZE at the Ridge"
17031020601,23,13,"college, place_of_worship, bakery, car_repair, bakery, fast_food, restaurant, optician, jewelry, school, bicycle_rental, place_of_worship, place_of_worship, place_of_worship, greengrocer, school, bank, bakery, social_facility, place_of_worship, place_of_worship, place_of_worship, place_of_worship","Brisk Rabbinical College, Brisk, Tel Aviv Kosher Bakery, K-D Auto Service, Taza Bakery, Subway, Hadramout Restaurant, Chicago Eye Care Center, Yasini Jewelers, Shaarei Chinuch Day School, Fairfield Ave & Pratt Blvd, Congregation KINS of West Rogers Park, Khal Chasidim, Khal Chasidim, Ted's Fruit Market, Mosaic School of Fine Arts, Republic Bank of Chicago, Levinson’s Bakery, The ARK, Chicago Community Kollel, Anshe Motele Congregation, Congregation Poalei Tzedek, Agudath Israel of West Rogers Park"
17031020602,24,13,"restaurant, restaurant, supermarket, bakery, bakery, bakery, convenience, clothes, mobile_phone, money_transfer, jewelry, jewelry, place_of_worship, car, car, bureau_de_change, supermarket, restaurant, supermarket, jewelry, car_repair, place_of_worship, fast_food, car_repair","Sabri Nihari, Annapurna Simply Vegetarian, Fresh Farms International Market, Fresh Farms International Market, World Fresh Market, Pak Sweets & Bakery, Al Noor Meat & Grocery, Destiny Studio, Cricket Wireless, Western Union, Joyalukkas, Kalyan Jewellers, Deeper Life Bible Church, North City Honda, Auto Sales, World Fresh Market, Arya Bhavan, Patel Brothers, Malabar Gold and Diamonds, Gerber Collision & Glass, University Bible Fellowship, KFC, Jiffy Lube"
17031020701,20,13,"language_school, fast_food, kindergarten, bakery, fast_food, bicycle_rental, bicycle_rental, bicycle_rental, pharmacy, bank, place_of_worship, restaurant, ice_cream, motel, school, place_of_worship, fast_food, social_facility, place_of_worship, school","Peiraikon Hellenic School, Potbelly, Creative Kidz Learning Center, Mariegold Bakery and Fast, Chipotle, Lincoln Ave & Peterson Ave, Richmond Ave & Lincoln Ave, Francisco Ave & Hollywood Ave, Walgreens, Bank of America, Islamic Center of Chicago, IHOP, Rita's Italian Ice, Rodeway Inn, Mather High School, Mount Calvary Lutheran Church, Chipotle, Japanese American Service Committee, Holy Nativity Romanian Orthodox Church, Jamieson Elementary School"
17031020702,29,18,"artwork, restaurant, ice_cream, beauty, fast_food, place_of_worship, place_of_worship, community_centre, place_of_worship, fast_food, supermarket, fast_food, fast_food, school, variety_store, hairdresser, bed, car_repair, doctors, florist, bank, place_of_worship, bank, social_facility, music_school, place_of_worship, social_facility, supermarket, fast_food","Menorah, Gogi, Baskin-Robbins, Geo Style Salon & Spa, The Halal Burger, Chicago Chassidishe Kollel, B'nei Ruven, Croatian Cultural Center of Chicago, Congregation Chesed L'Avrohom, Dunkin', City Fresh Market, Domino's, Great Chicago Food & Beverage Company, Hanna Sacks Bais Yaakov High School, Dollar Tree, Supercuts, Bedding Experts Clearance Center, Phil & Ted's Service, Inc., Resurrection Health Care Medical Office Building, Blooming City Flowers, Huntington Bank, Northwest Baptist Church, Citibank, Trellus, Music House, F.R.E.E., West Ridge Senior Apartments, Aldi, Culver's"
17031020801,26,15,"school, bar, bicycle_rental, bicycle_rental, information, bicycle, tattoo, bicycle_rental, fast_food, fast_food, motel, fuel, library, place_of_worship, place_of_worship, convenience, motel, car_repair, restaurant, car, place_of_worship, fuel, school, school, bar, convenience","Bais Yaakov School, Greenlight Korean Pub & Karaoke, Budlong Woods Library, Maplewood Ave & Peterson Ave, Your Community Bike Shop, Fudo Tattoo, Ardmore Ave & Western Ave, Dunkin', Tacos los Primos, Guest House Motel, BP, Budlong Woods Library Branch, Saint Philip Evangelical Lutheran Church, Masjid Darul-Qur'an, Marathon, O-Mi Motel, Hollywood Services, Inc., Afghan Bamyan Kabob, Napleton's Northwestern Chrysler, Jeep & Dodge, Saint Hilary Roman Catholic Church, Marathon, Saint Hilary School, Saint Philip School, Black Sheep, BP Shop"
17031020802,47,23,"place_of_worship, restaurant, carpet, restaurant, restaurant, restaurant, restaurant, bar, mobile_phone, bakery, cafe, fast_food, pet, variety_store, restaurant, convenience, bank, bicycle_rental, electronics, laundry, bicycle_rental, ice_cream, mobile_phone, fast_food, mobile_phone, mobile_phone, fuel, school, fire_station, convenience, convenience, community_centre, fuel, travel_agency, restaurant, place_of_worship, fast_food, fast_food, fuel, car, place_of_worship, place_of_worship, chemist, fast_food, place_of_worship, school, fast_food","Saint Timothy's Roman Catholic Church, Hema's Kitchen, Amar Carpets, Sukhadia's Sweets and Snacks, Uru-Swati, Khan BBQ, Nepal House, Casey’s Corner, AT&T, Mughal Bakery, Starbucks, Jimmy John's, Petco, Family Dollar, Italian Express, Mobil Mart, State Bank of Texas, Washtenaw Ave & Peterson Ave, Welectronics, Spincycle Laundromat, California Ave & Granville Ave, Baskin-Robbins, Metro by T-Mobile, Mambo Wings, Total by Verizon, T-Mobile, Arco, Dewitt Clinton Elementary School, Chicago Fire Department Engine Company 71, Shell, Acro, Trellus, Mobil, Spice of Life Tours, Udupi Palace, Shree Ganesh Temple of Chicago, NYC Halal Eats, Wolfy's, Shell, Chicago Northside Toyota, Congregation Mishne Ugmoro, Christ Church of Chicago, Walgreens, Dunkin', Jamia Masjid of Chicago, Saint Timothy School, Wendy's"
17031020901,17,12,"restaurant, bar, restaurant, restaurant, bakery, bicycle_rental, car_wash, artwork, car, school, charity, restaurant, place_of_worship, convenience, bank, bakery, bank","Spinzer, Cary's Lounge, Usmania Chinese, Naan on Devon, Tahoora Sweets & Bakery, Western Ave & Granville Ave, $5 Classic Car Wash, Our Lady of Guadalupe, Wheels of Chicago, Stone Scholastic Academy, The Salvation Army, Hyderabad House, Dar ul Eimaan Islamic Community Center, 7-Eleven, Hanmi Bank, Best Naan, Chase"
17031020902,19,12,"bicycle_rental, fast_food, convenience, fast_food, convenience, restaurant, fast_food, car_wash, bicycle_rental, department_store, social_facility, fuel, fuel, place_of_worship, fast_food, laundry, social_facility, storage_rental, bakery","Dunkin', Jacks Mini Mart, Krispy Krunchy Chicken, To Go, Safari Somali Cuisine, Subway, BP, Target, G&A Senior Resindence & Ravenswood, BP, BP, Saint Henry Catholic Church, McDonald's, Laundry, Misericordia, Extra Space Storage, Misericordia Hearts & Flour Bakery and Café"
17031030101,16,12,"alcohol, restaurant, artwork, restaurant, restaurant, pet, restaurant, antiques, dry_cleaning, jewelry, shoe_repair, convenience, restaurant, tailor, supermarket, place_of_worship","Independent Wine & Spirits, Regalia Bar & Restaurant, Thrive, KOHOKU-KU RAMEN, Little Corner Restaurant, Bark Bark Club, Indie Cafe   Sushi + Thai, Andy’s Art, Antiques & Oddities, Smile Cleaners, Armen's Jewelry, Fix Your Kicks, Castle Food & Liquor, Zenwich Edgewater, Thorndale Cleaners & Tailors, Whole Foods Market, Emanuel Congregation"
17031030102,20,12,"cafe, car_wash, restaurant, fast_food, bar, restaurant, convenience, fast_food, bank, place_of_worship, artwork, artwork, artwork, artwork, beauty, pharmacy, fast_food, restaurant, police, convenience","Metropolis Coffee, Ann Sather, Subway, Granville Anvil, Falafel Kebab, Jimmy John's, Currency Exchange, Franciscan Friars, Granville Avenue Buildings, U N Joy, Walgreens, Dunkin', Gino's North, Lyola Campus Police, INS Market"
17031030103,13,10,"restaurant, charity, car_repair, supermarket, restaurant, cafe, bicycle_rental, veterinary, restaurant, fast_food, place_of_worship, cafe, school","Pete's Pizza, Resale - Second Hand etc, Aldi, Dak, Gordo’s, Broadway & Granville Ave, Broadway Animal Hospital, Flaco's Tacos, McDonald's, Ismaili Center, The Waterfront Cafe, Sacred Heart Schools"
17031030104,5,4,"bank, artwork, artwork, mobile_phone, cafe","Bank of America, Verizon, Gong Cha"
17031030200,53,29,"hifi, laundry, ice_cream, hardware, dry_cleaning, bar, fast_food, restaurant, travel_agency, convenience, cafe, bar, coffee, antiques, dentist, restaurant, hairdresser, fast_food, veterinary, restaurant, books, craft, bar, dry_cleaning, bar, dry_cleaning, convenience, cafe, antiques, restaurant, interior_decoration, restaurant, school, school, school, antiques, events_venue, place_of_worship, bank, place_of_worship, theatre, car_parts, bicycle, restaurant, place_of_worship, place_of_worship, cafe, clinic, pharmacy, fast_food, fast_food, library, cafe","Minas, Lickety Split, Kim's True Value Hardware, Dry Cleaner's, Double Bubble, Patio Beef, Ethiopian Diamond, Pleasant Travel, La Unica Food Mart, Rivers & Roads, Sovereign Liquors, Kyoto coffee, Andy’s Art, Antiques & Oddities, Devon Dental, George's Deep Dish, Ebenezer Family Beauty Salon, Wingstop, VCA Animal Hospital, YATAI Asian Street Food, Heirloom Used Books, Harmony Art Glass Company, Memories, Dry Cleaner, Randall's Pub, Eve's Cleaners, SKM Convenience, TBaar - Chicago, Richard Alan Estate Options, La Parrilla Latin Food, Milk & Holly Home, Desi Boys Pizza, Hayt Elementary School, Northside Catholic Academy, Broadway Antique Market, Firehouse Chicago, Granville Avenue United Methodist Church, Old National Bank, Masjid e Noor, Raven Theatre, AutoZone, Gary's Cycle Shop, Cozy Corner, Saint Gertrude's Roman Catholic Church, Immanuel Evangelical Lutheran Church, Loaves and Witches, Physicians Immediate Care, CVS Pharmacy, Dunkin', Popeyes, Edgewater Branch Library, Starbucks"
17031030300,22,14,"bakery, bakery, bar, restaurant, bar, convenience, bar, beauty, hairdresser, ice_cream, antiques, antiques, restaurant, fire_station, bar, social_facility, fast_food, convenience, place_of_worship, post_office, fuel, fuel","Co-Op Sauce, Crumb, Fritzy’s Tavern, Sauce And Bread Kitchen, Gracie O'Malleys, Marathon, Whiskey Girl Tavern, Esmeralda, Lisseth Unisex, Baskin-Robbins, Las Manos, Brownstone Antiques, Alexander's, Chicago Fire Department Engine Company 70, Barrelman Tavern, Centro Romero, Dunkin', Shell, Eritrean Orthodox Tewahdo Church of Saint Mary, Rogers Park Post Office, Shell, Marathon"
17031030400,16,12,"cafe, bakery, restaurant, bicycle_rental, dentist, fast_food, beauty, fast_food, fast_food, events_venue, car_repair, fast_food, studio, fast_food, car_wash, motel","The Coffee Studio, La Baguette Bakery, Fireside, Clark St & Bryn Mawr Ave, Northside Dental, Domino's, Nina Beauty Salon, Dunkin', Primo Pizza, Kinowerks, Jiffy Lube, McDonald's, Experimental Sound Studio, White Castle, Heart O' Chicago Motel"
17031030500,34,20,"restaurant, restaurant, artwork, bank, restaurant, restaurant, bar, bicycle_rental, copyshop, restaurant, restaurant, bicycle_rental, jewelry, restaurant, restaurant, fast_food, beauty, alcohol, restaurant, craft, coffee, pharmacy, social_facility, restaurant, hairdresser, school, place_of_worship, place_of_worship, place_of_worship, place_of_worship, music_school, chemist, bank, garden_centre","Ino's Pizzeria, Huaraches Dona Chio, Young Lincoln Statue, BMO, M Henry, Mas alla del Sol, Moody's Pub, Broadway & Ridge Ave, Allied Print & Copy, Edgewater Tacos, Antica Pizzeria, Clark St & Elmdale Ave, On the Rocks, Alice and Friends' Vegan Kitchen, Axum Ethiopian, Boukarou Lounge, Alicia Beauty, Spirits and Liquor, Little Madrid Tapas-Café, The Dropped Stitch, Happy Monday Coffee Roasters, Walgreens, Care for Real, Chengdu Impression, Father and Son Barber Shop, Senn High School, Edgewater Baptist Church, Northside United Pentecostal Church, Ancient of Days Cathedral, Bethany Evangelical Lutheran Church, School of Rock, Walgreens, Fifth Third Bank, Gethsemane Garden Center"
17031030601,3,3,"artwork, school, bicycle_rental","Swift Elementary School, Broadway & Thorndale Ave"
17031030603,22,12,"cafe, seafood, cafe, restaurant, variety_store, clinic, restaurant, restaurant, cafe, restaurant, candles, beverages, artwork, artwork, artwork, artwork, artwork, convenience, storage_rental, fuel, storage_rental, bank","Phlour Bakery & Cafe, Hooked on Fish, Sip and Savor, Sfera Sicilian Street Food, Dollar General, Planned Parenthood, Little Vietnam, Taquería Uptown, All Meal Prep Kitchen & Cafe, Blowfish Sushi & Ramen, Edgewater Candles, Solar Intentions Non-Alcoholic Beverage Shop, Nocturnes, Avian Listening at Midnight, 8 bird species, Today, Water Music, Lake Calls, 12 bird species, Pastorales, Prairie Calls, 14 bird species, Today, Shell, Public Storage, Shell, Public Storage, Chase"
17031030604,7,5,"convenience, artwork, place_of_worship, place_of_worship, place_of_worship, bar, bicycle_rental","Hollywood Deli, Come to Light, Church of the Atonement, Edgewater Presbyterian Church, Saint Andrew's Greek Orthodox Church, Aura by Uvae, Lakefront Trail & Bryn Mawr Ave"
17031030701,10,6,"clinic, restaurant, cafe, convenience, restaurant, restaurant, restaurant, hairdresser, supermarket, cafe","Vivent Health + TPAN, bb.q Chicken, Dulce de Leche Cafe, Green Arch Food and Smoke, Ben's Noodles & Rice, The Little India, Hamburger Mary's, Bionic Hair Design, Super Food & Liquors, Fried Egg Cafe"
17031030703,17,12,"bicycle_rental, fast_food, optician, car_repair, car_repair, paint, bicycle_rental, restaurant, artwork, artwork, supermarket, department_store, restaurant, bar, theatre, theatre, pharmacy","Broadway & Berwyn Ave, Papa John's, Broadway Eye Institute, Hernandez Auto Repair, Lakeside International Auto Service, Sherwin-Williams, La Mom Kitchen, Roots with Diversity, Edgewater Mélange, Jewel-Osco, Burlington, Hot Pot, Burke’s Public House, The Edge Theater, The Edge Off Broadway Theater, CVS Pharmacy"
17031030706,11,9,"information, information, car_rental, fast_food, artwork, convenience, dry_cleaning, convenience, bar, social_facility, supermarket","Enterprise, Foster Beach Concessions, Breakers Pantry, Circle K, La Pharmacie, The Breakers at Edgewater Beach, Mariano's Fresh Market"
17031030800,80,43,"games, fast_food, alcohol, cinema, restaurant, restaurant, restaurant, clinic, restaurant, restaurant, bakery, cafe, cafe, fast_food, bed, books, restaurant, ice_cream, dentist, interior_decoration, bar, pet, baby_goods, hairdresser, clothes, post_office, toys, gift, cannabis, optician, stationery, frame, interior_decoration, antiques, furniture, interior_decoration, restaurant, beauty, leather, antiques, music, clothes, cafe, cafe, restaurant, atm, restaurant, restaurant, mobile_phone, bicycle, deli, cafe, fast_food, gallery, restaurant, dentist, restaurant, cafe, fast_food, fast_food, clinic, craft, restaurant, clothes, antiques, school, museum, place_of_worship, gift, restaurant, shoes, restaurant, restaurant, tea, supermarket, place_of_worship, bank, place_of_worship, place_of_worship, pet","Chicagoland Games Dice Dojo, Subway, Andersonville Wine & Spirits, Chicago Filmmakers, Fiya, Tesfa Ethiopian Cuisine, Herb Restaurant, Advocate Medical Group, A Taste Of Heaven, Big Jones, Defloured, Kanela Breakfast Club, Kopi Cafe, Chipotle, Mattress Firm, Women & Children First, Tanoshii, Forever Yogurt, 1st Family Dental Andersonville, GL Home Decor, Atmosphere, Kriser's Natural Pet, Sandbox Baby Boutique, Styles Hair Salon, Cowboys and Astronauts, The UPS Store, Play, Enjoy Andersonville, CBD Kratom, Big City Optical, Paper and Pencil, Iloilo Custom Framing, Norcross + Scott, Andersonville Antiques, Cassona, Five Elements Home, Jin Ju, Nail Palette, Chicatolia Artisan Collective, Scout, Rattleback Records, Raygun, The Understudy, Starbucks, Buffalo Wild Wings, Bank of America, Uvae Kitchen and Wine Bar, Jin Thai Cuisine, Boost Mobile, Igor Does My Bike, JB's Deli, The Lost Hours, Panera Bread, Event Horizon Gallery & VR Lounge, Devil Dawgs, Dentologie, Pizzeria Aroma, Colectivo Coffee, Taco Pros, Little Caesers, Endeavor Health - Immediate Care, Black Angel Companies, It's Greek 2 U Grill, Violet Hawthorne, Mercantile M, Helen C. Peirce School Of International Studies, Swedish American Museum, North Shore Baptist Church, Andersonville Galleria, Andie's, Alamo Shoes, Calo Ristorante, Pizza Lobo, Eli Tea, Edgewater Produce, Philadelphia Swedish Pentecostal Church, Byline Bank, Unity Lutheran Church, Saint Ita's Roman Catholic Church, PetSmart"
17031030900,66,33,"school, school, school, convenience, restaurant, cafe, fast_food, ice_cream, restaurant, bar, restaurant, books, restaurant, theatre, restaurant, bar, cafe, bakery, restaurant, bar, restaurant, bicycle_rental, charging_station, charging_station, bar, fast_food, clinic, restaurant, mobile_phone, clothes, general, optician, clothes, second_hand, restaurant, pharmacy, second_hand, restaurant, alcohol, paint, optician, beauty, antiques, bicycle, hairdresser, houseware, bar, bar, bar, supermarket, place_of_worship, convenience, restaurant, clothes, place_of_worship, bank, museum, chemist, place_of_worship, convenience, fuel, place_of_worship, school, bank, gift, school","Saint Gregory High School, Saint Gregory Grade School, Saint Gregory Preschool, Middle East Bakery & Grocery, Lady Gregory's, Starbucks, Potbelly, Jeni's Splendid Ice Creams, Lonesome Rose, Simon's Tavern, Svea Restaurant, Alleycat Comics, Ranalli's, pH Comedy, Gadabout, Farraguts, First Slice Pie Cafe, Lost Larson Bakery, Little Bad Wolf, Replay, Middle East Bakery & Grocery, Clark St & Berwyn Ave, Nobody's Darling, Sweetgreen, The Clark, Anteprima, Verizon, Buffalo Exchange, Ándale Market, Visionary, Dearborn Denim & Apparel, The Brown Elephant, Fat Chris's Pizza and Such, Walgreens, 2nd STREET, Minyoli, In Fine Spirits, JC Licht Benjamin Moore Paint & Decor, MyEyeDr., Milan Laser Hair Removal, Andersonville Antiques, Johnny Sprockets, Armand Salon Suites, Rare Form, The Nook, Elixir, Sweet Hearts Bar, Jewel-Osco, Summerdale Community United Church of Christ, 7-Eleven, Penelope's Vegan Taqueria Andersonville, Strange Cargo, First Evangelical Free Church, U.S. Bank, Edgewater Historical Society, Walgreens, Saint Gregory Roman Catholic Church, Marathon, Marathon, Ebenezer Lutheran Church, St. Gregory School, Fifth Third Bank, Transit Tees, Chicago Waldorf School"
17031031000,41,25,"theatre, pub, bank, restaurant, cafe, second_hand, restaurant, bakery, theatre, cafe, car_repair, car_repair, books, clinic, fast_food, mobile_phone, fast_food, hairdresser, hardware, restaurant, erotic, pub, bakery, atm, dry_cleaning, restaurant, hairdresser, hairdresser, pastry, social_facility, hospital, convenience, hardware, convenience, doctors, convenience, fuel, hotel, picnic_site, fuel, fuel","Neofuturists, Hopleaf Bar, Chase, Taste of Lebanon, La Colombe Coffee, Village Discount Outlet, Garcia's Restaurant, Isabella Bakery, Chicago Magic Lounge, Pick Me Up Cafe, Alba Auto Service, Al-Medina Auto Repair and Body Shop, Graham Crackers Comics, NorthShore Immediate Care, Jersey Mike's Subs, AT&T, Krasy Taco Stop, The Shop, Andersonville Hardware Store, Dollop, Early To Bed, Konak Pizza and Grill, Macaron Bar, Winona Cleaners, Jet's Pizza, Armand Salon Suites, Via Rose Hair Studio, Nothing Bundt Cakes, Bethany Retirement Community, Thorek Memorial Hospital Andersonville, Shell, Crafty Beaver, 7-Eleven, Lakeshore Cancer Treatment Center, Citgo, Citgo, The Guesthouse Hotel, Mobil, Shell"
17031031100,50,33,"theatre, bar, pub, bar, bicycle_rental, fast_food, cafe, restaurant, ice_cream, bar, cannabis, artwork, beauty, furniture, dry_cleaning, erotic, alcohol, houseware, beauty, beauty, gift, craft, atm, massage, storage_rental, restaurant, fast_food, convenience, cafe, artwork, jewelry, clothes, bar, fast_food, variety_store, interior_decoration, restaurant, restaurant, erotic, college, post_office, bank, social_facility, social_facility, library, fuel, car_wash, convenience, fast_food, fuel","Uptown Theatre, Green Mill Cocktail Lounge, SoFo Tap, Fat Cat, Clark St & Winnemac Ave, Ba Le, Bambu, Bar Roma, Baskin-Robbins, Meeting House Tavern, Dispensary33, Twin Beauty Salon, New Stars #3, Rainbow Dry Cleaners, Banana Video, Provisions Uptown, The Wooden Spoon, Sonia Salon, Posh Polish, Foursided, Freestyle Ceramics and Tufting, Sir Spa, Honore Storage, Cuckoo, Jimmy John's, Clark Haus, Fat Miilk Uptown, Bryn Mawr Jewelry Co, Milk Handmade, Marty's Martini Bar, Birrieria Zaragoza, Miniso, Foursided Custom Framing, Lao Sze Chuan, Carmela's Taqueria, Full Kit Gear, Saint Augustine College, Uptown Post Office, North Side Community Bank, Aperion Care Wesley, Aperion Care Wesley, Bezazian Branch Library, National Car Wash, National Car Wash, BP Shop, Dunkin', BP"
17031031200,104,38,"school, bicycle_rental, restaurant, bar, restaurant, restaurant, restaurant, bar, restaurant, bar, mobile_phone, convenience, fast_food, restaurant, bakery, cafe, bakery, restaurant, restaurant, bakery, restaurant, bakery, supermarket, supermarket, gift, artwork, bakery, jewelry, jewelry, restaurant, jewelry, doctors, doctors, convenience, interior_decoration, restaurant, restaurant, clinic, restaurant, restaurant, pharmacy, jewelry, restaurant, coffee, video, restaurant, social_facility, community_centre, gift, restaurant, restaurant, jewelry, hairdresser_supply, restaurant, convenience, cosmetics, restaurant, wholesale, hairdresser, restaurant, restaurant, artwork, mobile_phone, cafe, cosmetics, dentist, herbalist, beauty, restaurant, beauty, dry_food, video, beauty, restaurant, beauty, restaurant, fast_food, bank, dry_cleaning, supermarket, hairdresser, fast_food, clinic, artwork, alcohol, restaurant, supermarket, restaurant, artwork, artwork, restaurant, marketplace, school, events_venue, tyres, hotel, hotel, place_of_worship, coffee, storage_rental, bank, fast_food, school, cafe","Saint Thomas of Canterbury Elementary School, Broadway & Argyle St, Phở Việt, Uptown Lounge, Tweet, Breakfast House, Sun Wah Bar-B-Que, Larry's, Demera Ethiopian Restaurant, Big Chicks, Metro by T-Mobile, Rainbow Mart, Subway, Shan Food, Chiu Quon Bakery, First Sip Cafe, Hong Xuong Bakery, Phở Xe Tăng (Tank Noodle), Uptown Phở, La Pâtisserie P, Nhà Hàng Việt Nam, Nhu Lan Uptown, Tai Nam Market, Park to Shop Supermarket, Tân-Thanh Gift Shop, Vietnam, Lucks Food, Kim Hing Jewelry, Heng Heng Jewelry, Hon Kee Restaurant, Kim Long, Lau Medical, J&A Convenience Store, A Touch of China, Phở Loan, Thai Pastry Cafe and Restaurant, Mini Thương Xá, Phở 777, Double Happiness, Mini Thương Xá, Phnom Penh Jewelry, Chinese Lanterns, Boba Teahouse, Đức Hùng Video, Cafe Hoang, Chinese Mutual Aid Association, Bosnian Herzogovinian American Community Center, Dollar Depot, New Chinatown Restaurant & Coffee Shop, Phở Xe Lửa, Hoang Kim Jewelry, Hong Kong Beauty Supply, Miss Saigon, Argyle Store, Shiseido, Phở 888, Qideas, Salon M, Hon Kee Restaurant, Hải Yến, Hong Hiep Mobile, Uni Uni, Tiệm Thuốc Bắc Vĩnh Hoa, Spa Nail Supply, Immm, Tiny, Khô Bò, Kim Video, Queen, Thai Pastry Restaurant, Helen’s Beauty Salon, Lê’s Phở, KFC, Citibank, Lakeshore Cleaners, Old World Market, Orlando Salon and Beauty Supply, Rosati's, Lurie Children's Pediatrics in Uptown, Foremost Liquors, Kie-Gol-Lanee, Tiệm Tạp Hóa Việt Hoa, Silver Seafood, Argyle-O-Rama, Cornucopia, YooYee, Argyle Night Market, McCutcheon Elementary School, Byline Bank Aragon Ballroom, Just Tires, Aragon Arms Hotel, Northmere Hotel, Saint Thomas of Canterbury Roman Catholic Church, Safeguard Self Storage, International Bank of Chicago, McDonald's, Goudy Elementary School, Uptown Cafe & Gallery"
17031031300,12,8,"bicycle_rental, sports, bicycle_rental, artwork, information, picnic_site, social_facility, social_facility, social_facility, bicycle, hospital, social_facility","Sheridan Rd & Lawrence Ave, Get A Grip Trapeze School, Marine Dr & Ainslie St, Carved Stumps, Lincoln Park - Grove 17, The Salvation Army, Alden Lakeland, The SelfHelp Home, Bike Rentals, Chicago Lakeshore Hospital, Boys & Girls Club"
17031031400,37,20,"college, fast_food, atm, bicycle_rental, bicycle_rental, bicycle_rental, cafe, artwork, restaurant, convenience, pharmacy, bicycle_rental, restaurant, information, information, information, artwork, artwork, telecommunication, information, cafe, picnic_site, artwork, convenience, viewpoint, school, bicycle, school, community_centre, social_facility, convenience, fishing, hospital, fast_food, bicycle_rental, school, fuel","American Islamic College, The Dock Concession, Clarendon Ave & Gordon Ter, Clarendon Ave & Junior Ter, Clarendon Ave & Leland Ave, Dollop Coffee, Doctor José Rizal Monument, Bojono's Pizzeria, Clarendon Food Mart, Walgreens, Lakefront Trail & Wilson Ave, The Dock at Montrose Beach, Montrose Yacht Club Anchor, Xfinity, Sunflower Bakery & Cafe, Lincoln Park - Grove 16, Peace and Justice, Go Grocer, Montrose Moonrise Observation Point, Disney Magnet Elementary School, Bike Rentals, Joseph Brennemann Elementary School, Clarendon Park Community Center, The Carlton, BP Shop, Park Bait Shop, Louis A. Weiss Memorial Hospital, Montrose Harbor, BP"
17031031501,7,6,"community_centre, greengrocer, place_of_worship, hostel, deli, community_centre, school","JPUSA, Uptown Shop and Save, The People's Church of Chicago, Jesus People Evangelical Covenant Community, Uptown Deli, Preston Bradley Center, Uplift Community High School"
17031031502,13,10,"convenience, cafe, bar, restaurant, variety_store, fast_food, cafe, atm, childcare, restaurant, restaurant, department_store, social_facility","Food Town, Everybody's Coffee, The Reservoir, Loving Heart, Dollar Tree, Jakes, Drink Happy Thoughts, Crown Daycare Center, Wabi Sabi, The Mukase, Ross, Stephens Commons"
17031031700,24,13,"alcohol, bar, cafe, restaurant, cafe, restaurant, bar, fast_food, artwork, restaurant, clothes, restaurant, artwork, restaurant, hairdresser, restaurant, place_of_worship, place_of_worship, fire_station, restaurant, theatre, bank, school, artwork","Rayan's Liquors, Carol's Pub, Elevate Coffee, Chicago Grilled Cheese & Mac Factory, Emerald City Coffee, Tiztal Cafe, Max’s Place, Subway, Uptown Color Wheel, Marina's Bistro & Rum Bar, Monitor Formalwear, Lindo Guadalajara, From Many Paths We Come, Firebird Grill, R Barber Shoppe & Salon, Placere Mio, Saint John Holy Apostolic Assyrian Church, Lakeview Church of Christ, Chicago Fire Department Engine Company 83, Golden House Restaurant, Riviera Theatre, Bank of America, Courtenay Language Arts Center"
17031031800,17,13,"restaurant, restaurant, bicycle_rental, cafe, bakery, ice_cream, prep_school, pharmacy, mobile_phone, music_school, restaurant, chemist, fast_food, fast_food, restaurant, stationery, place_of_worship","Munno Pizzeria & Bistro, Fin, Clark St & Leland Ave, Ridman’s Coffee, M & A Bakery, Baskin-Robbins, Mathnasium, Walgreens, Delta Mobile, ACM School of Music, CoCo Vietnamese Sandwiches & Pho, Walgreens, Byron's Hot Dogs, Dunkin', Golden Nugget Pancake House, Staples, Our Lady of Lourdes Roman Catholic Church"
17031031900,16,13,"alcohol, bar, gift, cafe, restaurant, bar, coffee, toys, museum, arts_centre, place_of_worship, car_repair, place_of_worship, storage_rental, theatre, place_of_worship","Rayan's Discount Liquor, O'Shaughnessy's, Lillstreet Gallery & Artisan Gift Shop, First Slice, Spacca Napoli, My Buddy’s, Dollop Coffee Co., Cloud & Bunny, The Haitian American Museum of Chicago, Lillstreet Art Center, All Saints Episcopal Church, Auto Repair, Philadelphia Romanian Church of God, Public Storage, Black Ensemble Theater, Ravenswood United Methodist Church"
17031032100,53,39,"bicycle, bar, supermarket, bicycle_rental, bicycle_rental, bar, restaurant, cafe, bank, bar, doctors, charity, artwork, atm, deli, dentist, e-cigarette, community_centre, hairdresser, dentist, bakery, hairdresser, alcohol, clothes, tobacco, rental, arts_centre, pet, massage, beauty, dry_cleaning, clinic, restaurant, tattoo, car_repair, e-cigarette, dry_cleaning, restaurant, childcare, clinic, restaurant, fast_food, convenience, hospital, community_centre, clinic, storage_rental, social_facility, convenience, place_of_worship, events_venue, library, school","Nearly New Bikes, Bar On Buena, Jewel-Osco, Sheridan Rd & Buena Ave, Sheridan Rd & Montrose Ave, Holiday Club, Michael's Original PIzzeria & Tavern, Klein's Bakery & Cafe, Huntington Bank, Driftwood, Walgreens Healthcare Clinic, The Salvation Army, Phoenix Rising, North Buena Deli and Wine, First Dental Center, Roots, Rec Room, Cesar Luna Hair Salon, Elite Dental, Le Barkery, Good Cuts, GNS Market, Ismat Enterprises, 7 Heaven Smoke Shop, U-Haul, Pride Arts Center, Curious Creatures, Broadway Massage, Island Nails & Spa, Princess Cleaners, Sunnyside Health Center, Siam Noodle & Rice, Royal Flesh, Hawk Motors, Uptown Smoke Zone, New S.O.S Cleaners, Hunan Egg Roll King, A Step Ahead Learning Center, Caring Hands Inc, El Palmar, Mr. Salsa, New York Food Mart & Deli, Thorek Memorial Hospital, Broadway Youth Center, Howard Brown Health Sheridan, Public Storage, Eden Assisted Living, 7-Eleven, Saint Mary of the Lake Roman Catholic Church, Haymarket House, Uptown Branch Library, Saint Mary of the Lake School"
17031040100,26,16,"restaurant, bar, car_repair, viewpoint, viewpoint, viewpoint, viewpoint, cafe, bar, bar, bicycle_rental, bicycle_rental, information, information, music, cafe, grave_yard, school, fire_station, convenience, fuel, funeral_directors, place_of_worship, bar, bar, motorcycle","San Soo Gab San, Leadway Bar & Grill, Speedline Auto Service, Half Acre Beer Co. Balmoral Tap Room & Garden, Claddagh Ring, Spiteful Brewing, Winchester Ave & Balmoral Ave, Hoyne Ave & Balmoral Ave, Music Direct, Café Más, Rosehill Mausoleum, Rogers Park Montessori School, Chicago Fire Department Engine Company 110, Firehouse Pantry, Shell, Drake & Son Funeral Home, Horatio N. May Chapel, Big Joe’s, Bobbie’s Runaway, Scooterworks Chicago"
17031040201,40,20,"bank, fast_food, atm, bar, fast_food, alcohol, cafe, restaurant, cafe, bakery, cafe, restaurant, cafe, bar, bakery, restaurant, pharmacy, bicycle_rental, bicycle_rental, restaurant, atm, bicycle_rental, bicycle_rental, ice_cream, fast_food, childcare, convenience, supermarket, chemist, fast_food, mobile_phone, post_office, place_of_worship, place_of_worship, place_of_worship, fast_food, car_repair, convenience, school, place_of_worship","Fifth Third Bank, Dunkin', Atlantic Bar & Grill, Au Bon Pain, Cardinal Wine & Spirit, Dorothy’s Can Do Cafe, Cafe ZoZo, Hilary’s Cookies, Royal Cafe, Sweet Pepper Venezuelan Food Bar, The Priory Bar & Kitchen, Loafers, Nhu Lan Saigon Subs, Dancen, Walgreens, Lincoln Ave & Winona St, Washtenaw Ave & Lawrence Ave, Jibek Jolu, Fifth Third Bank, California Ave & Winona St, Western Ave & Gunnison St, Baskin-Robbins, Krispy Krunchy Chicken, Stepping Stones, Food & Liquor Express, HarvesTime Foods, Walgreens, McDonald's, T-Mobile, Ravenswood Post Office, Chicago Korean Presbyterian Church, Mikro Kodesh Anshe Tiktin Congregation, Immanuel Evangelical Covenant Church, Shelly's Tasty Freeze, Car-X, 7-Eleven, Budlong Elementary School, Saint Demetrios Greek Orthodox Church"
17031040202,21,16,"bar, cafe, cafe, bakery, garden_centre, convenience, variety_store, mobile_phone, fast_food, motorcycle, place_of_worship, place_of_worship, motel, supermarket, fuel, motel, coffee, motel, convenience, police, bus_station","Lincoln Karaoke, Cafe Utjeha, Bel-Ami, Mekato’s Colombian Bakery, City Grange, Mart of 60645, Dollar Tree, AT&T, Subway, Second City Scooters, Bowmanville Baptist Church, Saint Ephrems Roman Catholic Church, Diplomat Motel, Tony's Fresh Market, Mobil, Summit Motel, Bel-Ami, Apache Motel, 7-Eleven, Chicago Police Department 20th District, Western & Berwyn Terminal"
17031040300,12,9,"place_of_worship, school, social_facility, restaurant, bicycle_rental, car_wash, bicycle_rental, bicycle_rental, convenience, place_of_worship, fuel, hospital","Korean Sae-Ihl Church of Jehovah, 7th Day Adventist North Shore School, Lawrence Hall, Hilltop, Francisco Ave & Foster Ave, Snappy's Car Wash, North Shore Channel Trail & Argyle St, Virginia Ave & Catalpa Ave, Mobil Mart, North Shore 7th Day Adventist Church, Mobil, Swedish Covenant Hospital"
17031040401,11,11,"chemist, bicycle_rental, restaurant, alcohol, artwork, ice_cream, florist, bank, place_of_worship, fast_food, school","Walgreens, Leavitt St & Lawrence Ave, Atelier Restaurant, Winnemac Liquor Store, The Chicago Lincoln, Sideshow Gelato, Floral Supplies, Wintrust Bank Ravenswood, Saint Matthias Catholic Church, Quick Bite, Saint Matthias School"
17031040402,24,13,"pharmacy, bicycle_rental, supermarket, restaurant, restaurant, restaurant, bar, bicycle_rental, cafe, cafe, bakery, university, mobile_phone, hobby, restaurant, restaurant, cafe, artwork, restaurant, restaurant, place_of_worship, school, school, school","CVS Pharmacy, Ravenswood Ave & Lawrence Ave, Mariano's Fresh Market, Ravenswood Breakfast House, Cafe Libra, Sweet Virginia’s Kitchen, Nob’s Wine Bar, Damen Ave & Foster Ave, Side Practice Coffee, Sweet Moon, R&A Bread Bakers, Advantage Academy of DeVry University, Cricket Wireless, Magic Inc., Cluck'N Wings, Falcon's Handcrafted Sandwiches, Colective Coffee, Sunflowers, Kanin, Borelli's Pizza, Ravenswood Evangelical Covenant Church, Amundsen High School, Chappell Elementary School"
17031040600,65,36,"restaurant, restaurant, restaurant, cafe, restaurant, car_rental, bicycle, bicycle_rental, shoes, restaurant, restaurant, cafe, spices, jewelry, toys, restaurant, fast_food, fast_food, cosmetics, restaurant, confectionery, bakery, pet, cafe, bar, cafe, restaurant, fast_food, marketplace, music, dry_cleaning, restaurant, restaurant, restaurant, restaurant, tobacco, bar, wine, hairdresser, restaurant, restaurant, art, ice_cream, restaurant, restaurant, restaurant, books, deli, cafe, food_sharing, outdoor, shoes, bar, cinema, convenience, car_repair, childcare, social_facility, convenience, community_centre, fast_food, bus_station, artwork, artwork, fuel","The Wild Goose Bar & Grill, Essence of India, Willow Cafe and Bistro, The Perfect Cup, Aroy Thai, SP Parking, Turin Bicycle, Western Ave & Leland Ave, Fleet Feet, Artango, City Skyline Chicago, Savory Spice Shop, Stanley Brown Jewelist, Timeless Toys, Garcia's, Market Square, Potbelly, Merz Apothecary, Luella's Southern Kitchen, Amy’s Candy Bar, Miller Bagel, Ruff Haus Pets, Geraldine’s, Spyners Pub, Oromo Cafe, Dunkin', Lincoln Square Farmers Market, Laurie's Planet of Sound, Forest Cleaners, Dimo's Cafe, Rolls N Bowls, Himmel's, Capriccio, Smoke Square, Ricochet's, Augusta Food and Wine, Great Clips, Jerry's Sandwiches, Caro Mio, Midwest Nice, Vaca's Creamery, Artango Bar & Steakhouse, Pastores, Kanlaya, The Book Cellar, Gene's Sausage Shop & Delicatessen, Hello Jasmine, Gearhead Outfitters, Fleet Feet, Carola's Hansa Clipper, Davis Theater, 7-Eleven, Lincoln Square Service, Montessori Gifted Prep, Northeast (Levy) Senior Center, Mobil Mart, Levy Senior Center, Wendy's, Western Brown Line Station, Lincoln Square Gateway, Lincoln Square Gateway, Mobil"
17031040700,23,14,"restaurant, bicycle_rental, cafe, cafe, bakery, restaurant, restaurant, cafe, clinic, restaurant, fast_food, beauty, beauty, bed, convenience, restaurant, cafe, fast_food, place_of_worship, museum, car_parts, variety_store, community_centre","Pizza Art Cafe, Rockwell St & Eastwood Ave, Albert’s Place Turkish Cafe, Coffee Slasticarna Drina, Hellas Pastry Shop, Isla Pilipina, Monti’s, Olympic Club, Lincoln Sqaure Medical Center, Primo Chukis Uptown #2, Little Caesars, Lena Rose Beauty, Lena Rose Beauty, American Mattress, Piccadilly Market, Han Bat Restaurant, Beans & Bagels, Burger King, Luther Memorial Church of Chicago, National Cambodian Heritage Museum, AutoZone, Dollar Tree, DANK Haus"
17031040800,13,11,"car_sharing, restaurant, bakery, bicycle_rental, restaurant, beauty, hairdresser, dentist, school, bank, community_centre, hospital, school","Atelier Resturaunt, Lutz Cafe & Pastry Shop, Campbell Ave & Montrose Ave, Jimmy's  Pizza Cafe, GET NAIL'D Nails & Spa, Shear Image, Waters Elementary School, Albank, Queen of Angels Guild Hall, Kindred Hospital Chicago (North Campus), Queen of Angels School"
17031040900,29,15,"cafe, restaurant, restaurant, bicycle_rental, restaurant, restaurant, bicycle_rental, fast_food, brewing_supplies, hairdresser, restaurant, arts_centre, fast_food, restaurant, ice_cream, restaurant, dry_cleaning, hairdresser, collector, gift, restaurant, library, veterinary, music_school, music_school, place_of_worship, place_of_worship, place_of_worship, place_of_worship","Starbucks, Daily Bar and Grill, Gideon Welles, Damen Ave & Sunnyside Ave, The Warbler, XOchimilco Mexican Restaurant, Lincoln Ave & Sunnyside Ave, Slim's Chicago, Gnome Brew, Barbershop, Miku Sushi, Bunny Ears Art House, Small Cheval, Bistro Campagne, Teddy's Ice Cream, Plenty, Montrose Cleaners, Ankedo's Style Hair Salon, Elite Sports Cards & Comics, Bad Luck Club, Union Dumpling House, Sulzer Regional Library, Lincoln Square Animal Hospital, Old Town School of Folk Music, Old Town School of Folk Music East Building, Queen of Angels Roman Catholic Church, Seventh Day Adventist Church - Spanish North, Christian Community Church, Ravenswood Baptist Church"
17031050100,40,22,"school, dojo, place_of_worship, place_of_worship, houseware, restaurant, restaurant, bicycle_rental, mobile_phone, bar, bar, bar, bar, cafe, restaurant, bar, ice_cream, bar, bicycle_rental, fast_food, bar, bank, restaurant, theatre, doctors, restaurant, toys, dry_cleaning, mobile_phone, restaurant, cafe, doctors, music_school, pastry, restaurant, pet_grooming, coffee, pub, bank, hairdresser","Pilgrim Lutheran School, Aikido Center Midwest, Korean Presbyterian Church of Chicago, Pilgrim Lutheran Church, Hazel, Chicago's Pizza, Marmalade, Ravenswood Ave & Irving Park Rd, T-Mobile, The Victor Bar, The Globe Pub, Begyle Brewing, The Ravenswood Tavern, Pide Ve Lahmacun, Tuscan Hen Market, Maderos Latin Grill & Bar, Margie’s Candies, Oakwood 83, Wolcott (Ravenswood) Ave & Montrose Ave, Culver's, Black Eagle Club, Wintrust Bank, Early Morning Delight, Bughouse Theater, Chicago Pediatric Clinic, Orange Garden, Kangaroo Kids, Ann Cleaners, Cell Phone Repair, Indian Clay Pot, I-Cafe, Family Doctor Medical Center, LYRIQ Music School, Mochi Donut, Poke Burrito, Lovely Pets Chicago, Bad Coffee, Silvie's, WinTrust Bank, Fernwood"
17031050200,78,37,"cafe, restaurant, pub, fast_food, dentist, restaurant, bar, restaurant, post_office, restaurant, bicycle_rental, alcohol, mobile_phone, bar, bakery, cafe, bar, cafe, bar, restaurant, bar, restaurant, bicycle_rental, restaurant, restaurant, supermarket, restaurant, bar, restaurant, bakery, cafe, repair, bar, restaurant, pharmacy, doctors, atm, furniture;appliance, beauty, restaurant, books, art, restaurant, bar, restaurant, car_repair, dry_cleaning, beauty, dentist, convenience, furniture, art, jewelry, beauty, hairdresser, restaurant, second_hand, houseware, tailor, restaurant, clothes, funeral_directors, hairdresser, clothes, hairdresser, doctors, health_food, school, chemist, restaurant, clinic, restaurant, supermarket, car_repair, post_office, school, place_of_worship, bank","Starbucks, The Bad Apple, Hop Butcher For The World, Subway, Lincoln Square Orthodontics, Il Milanese, Gannon’s Pub, Bloop Bloop, Finance Station T - Post Office, Alexander’s Restaurant, Lincoln Ave & Belle Plaine Ave, Bottles and Cans, AT&T, Resi’s Bierstube Restaurant, Cookie Spin, Savanna Restaurant, Savemore Liquors, Red Eyes Coffee, Amano Bistro, O’Donovan’s, Taqueria El Asadero, Oakley Ave & Irving Park Rd, Menya Goku, Cho Sun Ok Restaurant, L&M Fine Foods, Royal Thai, Cobblestone, Pasta Bowl, Au Levain, Elderberries Threefold Café, Chicago Fret Works Guitar and Amp Repair, The Rambler Kitchen & Tap, Pupuseria El Centroamericano, CVS Pharmacy, MinuteClinic, Bank of America, Cole's Appliance & Furniture, Ruby Nails in Chicago, Armand's Pizzeria, Ravenswood Used Books, iCraft, Boonie's, Apero Wine Bar, Irene's, AUTOHaus, Nuri's Cleaners & Tailor, Holy Nails, Dental Clinic, Lucky Mini Mart, SeatingHub, Larry Roberts Chicago, Tytin, The Parlor Beauty Lounge, Fringe & Flora, Alfarsi, Mission Possible, Northside Cutlery, Garcia's Tailor Shop and Alterations, North Center Prime, Embellish, GREIN Funeral Directors, Revere Hair Studio, Traipse, Hairapy, Nava Segall MD Pediatrics, Cloud 9, Coonley Elementary School, CVS Pharmacy, Lou Malnati's Pizzeria, Advocate Medical Group Primary Care, Cobblestone Restaurant, Jewel-Osco, Auto Service, The UPS Store, North Park Elementary School, Ravenswood United Church of Christ, PNC Bank"
17031050300,15,9,"restaurant, restaurant, restaurant, restaurant, fast_food, information, information, ice_cream, convenience, studio, supermarket, convenience, fuel, car_repair, fuel","Taqueria 5 de Mayo, Moonbowls, Kraken Sushi, Mi Fogata, Dunkin', Baskin-Robbins, The Mart at Mobil, Delmark Records, Aldi, Stop & Snack at Chicago, Shell, Montrose Shell Service Center, Mobil"
17031050500,39,23,"place_of_worship, fast_food, clinic, restaurant, cafe, fast_food, bicycle_rental, fast_food, convenience, fast_food, fast_food, optician, atm, beauty, restaurant, hairdresser, florist, restaurant, dentist, dry_cleaning, beauty, tobacco, veterinary, clinic, confectionery, music_school, school, school, place_of_worship, community_centre, pharmacy, restaurant, convenience, convenience, place_of_worship, place_of_worship, bank, bank, fuel","Epiphany United Church of Christ, Subway, Immediate MD, Chayhana, Coffee Joint, MOD Pizza, Western Ave & Grace St, Rosati's, Circle K, Dave's Hot Chicken, Tropical Smoothie Cafe, MyEyeDr., Perfect Brows Threading, Tortorice's Pizza, The Bevy Salon, Blooms, Laschet's Inn, Affinity Dental, Bijou Cleaners, Pick Your Color, Tobacco Express of Chicago, VSx Veterinary Surgery, Donohoe Pediatrics, Dizzy Cow, Voice (R)evolution, Bell Elementary School, Saint Benedict Preperatory School, Saint Benedict Catholic Church, Walgreens, Reclaimed Bar and Restaurant, 7-Eleven, To Go, Addison Street Community Church, Concordia Lutheran Church, Wintrust Bank, Fifth Third Bank, BP"
17031050600,63,38,"school, dentist, convenience, bar, bar, restaurant, bar, cafe, restaurant, bicycle_rental, pet, carpet, cafe, restaurant, restaurant, bookmaker, haberdashery, clothes, wool, sewing, art, watches, childcare, restaurant, houseware, houseware, bar, hairdresser, hairdresser, clinic, clinic, hairdresser, bar, ice_cream, clothes, supermarket, car_repair, place_of_worship, school, beauty, dentist, beauty, hairdresser, restaurant, fast_food, second_hand, jewelry, atm, convenience, tattoo, ice_cream, veterinary, veterinary, restaurant, coffee, pet_grooming, bank, fire_station, post_depot, storage_rental, storage_rental, doityourself, bar","Tiddley Wink Pre-School, Freshworks Dental Studio, Sarah Mart, Brownstone Tavern & Grill, Cork Lounge, El Llano Restaurant - Northcenter, Goldie’s Pub, Ritual Coffeehouse, Mrs. Murphy & Sons Irish Bistro, Lincoln Ave & Waveland Ave, Pet Supplies Plus, Northcenter Rug Cleaners, Loba Pastry + Coffee, C'est Bien Thai, Basant, Bari Zaki Studio, Soutache, Production Mode, Knit 1, Sew Crafty Studio, Therieau Art and Frame, AD Watch Repair & Services, Kidz Creative Corner Child Care, Mimi's on Lincoln, Hawthorne, Pursel Cabinetry, Martyrs', Philip James Salon, Mr. Salon, Kaminska Dermatology, Birth Center of Chicago, Fox Hair, Raizes Mexican Cocktail Bar, Xurro, Kidz Max, Trader Joe's, Tiger's Body Shop, Grace Chicago Church, Prairieland Montessori, TT Nails, Allure Dental, Yeimi's Beauty Salon Inc, Hair Apothecary, Ekiben, Captain Shrimp, Hip Cat, A-1 Jewelry & Coin, Houston Liquor and Food Inc, Indelible Tattoo, Bartleby's Ice Cream, Precious Bond Animal Hospital, North Center Animal Hospital, Yindee, Botanical Cafe, Zulu, Fifth Third Bank, Chicago Fire Department Engine Company 112, Graceland Carrier Annex, The Lock Up, The Lock Up, Lakeview Ace Hardware, Brownstone"
17031050700,12,6,"place_of_worship, restaurant, bar, bar, dry_cleaning, restaurant, dry_cleaning, place_of_worship, place_of_worship, arts_centre, artwork, artwork","Lakeview Bible Truth Assembly Church, Riverview Tavern, The Reveler, Kite String Cantina, Avenue Cleaners, Bartoli's Pizzeria, Smile Cleaners, Ascension Lutheran Church, Christian Fellowship Free Church, Cornelia Arts Building"
17031050800,21,13,"bicycle_rental, restaurant, restaurant, dry_cleaning, restaurant, restaurant, cafe, bar, bakery, bakery, bicycle_rental, restaurant, bicycle, dentist, optician, books, restaurant, clothes, bar, beauty, school","Seeley Ave & Roscoe St, Commonwealth Tavern, John's Place, Happy Cleaners, Lucy's Cafe, Cuba 312, Pilates + Coffee, Roscoe Village Pub, Rudy’s Bakery, Irene’s Bakery, Leavitt St & Addison St, Dhanteraz Indian Fusion, Roscoe Village Bikes, Healthy Smiles Inc. Family Dentistry, CustomEyes Roscoe Village, Roscoe Books, Same Same, Moondance, VOLO, The Nail Loft, Audubon Elementary School"
17031050900,15,11,"fast_food, fast_food, restaurant, beauty, mobile_phone, restaurant, beauty, dry_cleaning, post_office, musical_instrument, dentist, car_repair, place_of_worship, fast_food, bank","Dunkin', Big Boy Gyros, Pi-Hi Cafe, Pro Nails, Boost Mobile, New China 2, Kauser's Salon and Spa, SOS Cleaners, FedEx Office, A 440 Violin Shop, Zephyr Dental, Auto Repair, Lakeview Seventh Day Adventist Church, Popeyes, North Community Bank"
17031051000,7,5,"music, restaurant, bicycle_rental, restaurant, pet_grooming, bar, bar","Andy's Music, Le Sud, Western Ave & Roscoe St, Tepalcates, Cruisin Canines, Blue Light, Liberty Lounge"
17031051100,19,14,"bicycle_rental, alcohol, cafe, restaurant, second_hand, restaurant, bar, fast_food, hairdresser, books, fast_food, fast_food, fast_food, art, cafe, dentist, nightclub, convenience, fuel","Damen Ave & Melrose Ave, Miska's, Starbucks, Sinya Mediterranean, Village Discount Outlet, Turquoise Restaurant, Village Tap, The Region, Sal's Barber Shop, The Last Chapter Book Shop, Roost, Pizza Amelia, Jimmy John's, August House Art Gallery, The Bakehouse, Ronald Zelikow DDS, Beat Kitchen, Speedway, Speedway"
17031051200,3,3,"bar, hairdresser, car_repair","Four Moon Tavern, Southport Hair Studio on Belmont, Mufflers 4 Less"
17031051300,6,5,"place_of_worship, restaurant, school, restaurant, convenience, fuel","American Indian Chapel, Uno Pizzeria & Grill, Jahn Elementary School, Tony's Burrito Mex, Mobil Mart, Mobil"
17031051400,11,10,"place_of_worship, bicycle_rental, cafe, hairdresser, place_of_worship, bakery, school, artwork, convenience, childcare, social_facility","Church of the Good News, Damen Ave & Wellington Ave, Hexe Coffee Co., Salon de Vive, Galilee Baptist Church, Sweet Rabbit Bakery, Alcott College Prep, Hamlin Park Graffiti Wall, The Corner Store, Mary Crane Center West Lakeview, Boys & Girls Club"
17031060100,20,12,"bicycle_rental, bicycle_rental, bicycle_rental, language_school, restaurant, fast_food, ice_cream, fast_food, convenience, fast_food, restaurant, convenience, car_wash, community_centre, fuel, music_school, place_of_worship, school, convenience, fuel","Ashland Ave & Belle Plaine Ave, Clark St & Montrose Ave, Southport Ave & Clark St, German International School Chicago, Port & Park, Dunkin', Baskin-Robbins, Subway, 7-Eleven, Sarpino's Pizzeria, Falafel & Grill, BP Shop, Mobil, Rizal Center, BP, The CheckOut, Chicago Chinese Baptist Church, Lake View High School, Mobil Mart, Mobil"
17031060200,16,9,"place_of_worship, restaurant, bicycle_rental, bicycle_rental, artwork, artwork, restaurant, bar, restaurant, restaurant, dojo, tattoo, school, fast_food, place_of_worship, place_of_worship","Nichiren Buddhist Temple, Urban Vegan, Paulina St & Montrose Ave, Ravenswood Ave & Berteau Ave, BienMeSabe, The Long Room, Crushed Pizzeria, Disco Taco, Taoist Tai Chi Society, Dwelling Tattoo, Ravenswood Elementary School, Popeyes, Lakeview Congregation of Jehovahs Witnesses, Bethany United Church of Christ"
17031060300,11,8,"place_of_worship, bar, restaurant, cafe, massage, cafe, convenience, restaurant, place_of_worship, fuel, school","Rissho Kosei-Kai Church of Chicago, Keenan O’Reilly’s, Machu Picchu Restaurant, Rare Tea Cellar, Pink Spa, Starbucks, Shell, Diner Grill, Cuyler Covenant Church, Shell, Saint Andrew School"
17031060400,14,11,"bicycle_rental, supermarket, bicycle_rental, bar, bar, restaurant, car_repair, dentist, fast_food, coffee, school, bank, cafe, supermarket","Southport Ave & Irving Park Rd, Spencer's Jolly Posh Foods, Ashland Ave & Grace St, A.J. Hudson’s Public House, Ten Cat Tavern, Young's Chinese Restaurant, Ashland Tire & Auto Clinic, Get It Straight Orthodontics, Traspasada Restaurant, The Bakehouse Chicago, Blaine Elementary School, Fifth Third Bank, Cafe Tola #1, Jewel-Osco"
17031060500,6,6,"restaurant, bar, cannabis, confectionery, post_office, fast_food","Uncommon Ground, Toons Bar & Grill, Sunnyside, Nuts on Clark, Lakeview Post Office, Dairy Queen"
17031060800,10,8,"bicycle_rental, cafe, fast_food, dentist, dentist, cafe, alcohol, hairdresser, bar, coffee","Pine Grove Ave & Irving Park Rd, Starbucks, Subway, Modern Smiles, Lee Dental Clinic, Pancake Cafe, Lakeview Food Wine & Spirits, Charbella Salon, Good Times Brewery, Libra Coffee Lounge"
17031060900,56,29,"artwork, convenience, convenience, hotel, bar, convenience, bar, bar, bar, restaurant, cafe, bar, restaurant, bicycle_rental, bicycle_rental, bank, fast_food, bank, optician, beauty, clothes, training, mobile_phone, tailor, beauty, florist, hairdresser, post_office, beauty, dry_cleaning, dry_cleaning, hairdresser, beauty, locksmith, veterinary, bar, restaurant, bar, community_centre, artwork, artwork, artwork, picnic_site, information, information, place_of_worship, bank, bank, pharmacy, place_of_worship, cafe, place_of_worship, school, bus_station, bicycle, restaurant","Kwa-Ma-Rolas, 3550 Convenience Store, The New York Market, Majestic Inn, Charlie's Chicago, 7-Eleven, Circuit, North End, Bobby Love's, Panino's Pizzeria, Coffee Tree & Tea Leaves, F. O’Mahony’s, The Flower Flat, Pine Grove Ave & Waveland Ave, Broadway & Waveland Ave, Fifth Third Bank, Wingstop, Chase, MyEyeDr., Halsted Street Beach Tanning Salon, Egoist Underwear, Get in the Kitchen, Verizon, Hanshaw Custom Tailoring & Alterations, Pinkal's Threading & Waxing Salon, Goldie's Flowers & Gifts, Boho Blonde Chicago, The UPS Store, Glamour Nail Salon, Fabricare on Broadway, Platinum Dry Cleaners, ISA Hair Studio, Ether Facial Waxing, Secure Locks Locksmith, Wrigglyville Veterinary, Big Mini Putt Club, Amore Sushi House, Buzzed by Zea, Third Space, Oscar Wilde & Audre Lorde, Leonard Bernstein & Antonia Pantoja, Lorraine Hansberry & Two Spirit People, Lincoln Park - Grove 15, Anshe Emet Synagogue, BMO, Byline Bank, Walgreens, Clock Tower Cafe, Lake View Presbyterian Church, Bernard Zell Anshe Emet Day School, Halsted & Waveland/Broadway Terminal, Lakeshore Bike, Two Wheel Tacos"
17031061000,23,16,"place_of_worship, kindergarten, supermarket, community_centre, fast_food, bar, pet, bicycle, bar, bar, bar, artwork, hairdresser, artwork, artwork, artwork, charging_station, bar, alcohol, pub, restaurant, police, school","Faith Tabernacle Church, Duke and Duchess Pre-School, Whole Foods Market, Center on Halsted, El Burrito Mexicano, The Dugout Bar, PetSmart, Kozy's Cyclery, Wrigley Rooftops, Wrigley Rooftops, Wrigley Rooftops, Legacy Walk Rainbow Pylon, Salon Sen, Josephine Baker & James Baldwin, Silvia Rivera & Marsha P. Johnson, David Kato & Jane Addams, EVgo, Cell Block, Murphy's Bleachers, IHOP, Chicago Police Department 19th District, Inter-American Magnet School"
17031061100,43,15,"theatre, bar, fast_food, restaurant, restaurant, fast_food, restaurant, restaurant, cafe, bar, ice_cream, restaurant, restaurant, fast_food, bar, bar, bar, artwork, gift, bicycle_rental, bicycle_rental, restaurant, bank, clothes, ticket, ticket, bar, ticket, fast_food, artwork, artwork, artwork, artwork, artwork, bar, fire_station, fast_food, hotel, information, artwork, artwork, artwork, artwork","Metro, The Ginger Man Tavern, Raising Cane's, Yak-Zies, Mordecai, McDonald's, Smoke Daddy BBQ, Big Star, West Town Bakery, Lucky Dorr, Jeni's Splendid Ice Creams, Brickhouse Tavern, Swift Tavern - Wrigleyville, Hot Doug’s Wrigley Field, Smart Bar, Rizzo’s Bar & Inn, The Bar at Hotel Zachary, Wrigley Field Marquee, Cubs Team Store, Sheffield Ave & Waveland Ave, Clark St & Grace St, Raw Bar, Wintrust Bank, Clark Street Sports, Wrigley Field Tickets, Wrigley Field VIP Check-In, DraftKings Sportsbook at Wrigley Field, Wrigley Field Tickets, Small Cheval, Ernie Banks ""Mr Cub"", ""Sweet Swinging"" Billy Williams, Ron Santo, Ryne Sandberg ""Ryno"", Bernie's Tavern, Chicago Fire Department Engine Company 78, Wrigleyville Dogs, Hotel Zachary, Gallagher, Harry Caray, Billy Williams, Ron Santo, Ernie Banks"
17031061200,20,12,"school, bicycle_rental, restaurant, restaurant, restaurant, restaurant, restaurant, restaurant, pet, restaurant, deli, pastry, restaurant, fast_food, pharmacy, theatre, place_of_worship, place_of_worship, games, cinema","Midwest Center for the Study of Oriental Medicine, Southport Ave & Waveland Ave, Grassroots Restaurant, Bodega Sur, Tango Sur, 5411 Empanadas, Coalfire, Bentley's Pet Stuff, Doña Tola, Steingold's, Broune Desserts, Sushi Mura, Sweetgreen, CVS Pharmacy, Grassroots/Mercury Theatre, Holy Trinity Lutheran Church, Missio Dei Chicago, Lily Pad Mahjong Parlor, Music Box Theatre"
17031061500,17,10,"place_of_worship, place_of_worship, clothes, restaurant, clothes, hairdresser, cafe, restaurant, restaurant, bar, post_office, stationery, frame, clothes, artwork, artwork, restaurant","Young Seang Korean Church of Chicago, Taehyun Korean Presbyterian Church, Athleta, Noodles & Company, J.Crew, Indira Aveda Salon Spa, Capital One Café, Crosby’s Kitchen, Ella Elli, The Butcher’s Tap, The UPS Store, Paper Source, Framebridge, Free People, Green (North Wall), Yellow (South Wall), D'Agostino's Pizza and Pub Wrigleyville"
17031061800,18,13,"pharmacy, restaurant, restaurant, bicycle_rental, beauty, restaurant, bar, charging_station, clinic, laundry, restaurant, bakery, chemist, artwork, artwork, supermarket, college, clinic","Osco Drug, Angelina's Italian Restaurant, Las Mananitas, Broadway & Cornelia Ave, Hollywood Nails, Tasty Asian Restaurant, Joe’s On Broadway, Volta Charging Station, Learning Through Play Center for Child Development, Ritz Cleaners, La Biznaga Mexican Restaurant, Wake-N-Bakery, Walgreens, Alvin Ailey & Frida Kahlo, Dr. Alan Hart & Glenn Burke, Jewel-Osco, The Salvation Army College for Officer Training, Howard Brown Health - Halsted"
17031061901,25,15,"restaurant, pub, restaurant, cafe, restaurant, bar, dry_cleaning, bakery, veterinary, restaurant, restaurant, bar, restaurant, restaurant, books, clothes, restaurant, laundry, hardware, clothes, restaurant, fast_food, pharmacy, chemist, place_of_worship","Ann Sather, Rock's, Eggsperience Pancakes & Cafe, The Coffee & Tea Exchange, Joy's Noodles & Rice, The Closet, Broadway Cleaners, Esencia, Pets First, Milt's Barbecue for the Perplexed, Chicago Sugar Daddy Patisserie, Wang’s, Ms. T’s Southern Fried Chicken, Sushi + Rotary Sushi Bar, Unabridged Bookstore, Zeglio Custom Clothiers, Si-Pie Pizzeria, Coachlight, True Value Hardware, CRAM Fashion, Wakamono, Juice RX, Walgreens, Walgreens, Anshe Sholom Bnai Israel Congregation"
17031061902,5,5,"restaurant, boat_rental, place_of_worship, artwork, bicycle_rental","Wake n Bacon, Chicago Sailboat Charters, Temple Sholom, General Philip Henry Sheridan Monument, Lake Shore Dr & Belmont Ave"
17031062000,49,21,"restaurant, fast_food, cafe, restaurant, bar, bicycle_rental, restaurant, beauty, bar, bar, bar, theatre, restaurant, theatre, fast_food, nutrition_supplements, fast_food, restaurant, fast_food, restaurant, bar, restaurant, restaurant, bakery, optician, beauty, clothes, restaurant, bicycle_rental, confectionery, clothes, bar, restaurant, artwork, artwork, artwork, artwork, artwork, school, place_of_worship, library, paint, place_of_worship, convenience, car_repair, hotel, place_of_worship, school, bus_station","Drew's on Halsted, Canton Express, Stan's Donuts & Coffee, Ping Pong Asian-Thai, Progress Bar Chicago, Halsted St & Roscoe St, El Mariache Restaurant, XO Studio and Spa, Jacquelines's, Replay, Lark, Trickery Chicago, Krung Thep, The Playground Theater, Momo Factory, GNC, Chicken Hut, Brazilian Bowl, Epic Kitchens Dining Room, Big Gay Sal's Pizza, Sidetrack, The Chicago Diner, Wood, Rolled Around Bakery - Corporate, Big City Optical, Blink and Polish Nail Salon, Gap, Kameya Ramen & Sushi, Broadway & Belmont Ave, Windy City Sweets, Men's Room, Splash, Kim’s Korean Cuisine, Frank Kameny & Leonard Matlovich, Billy Strayhorn & Vito Russo, Reinaldo Arenas & Alan Turing, Cole Porter & Pyotr Ilyich Tchaikovsky, The Pink Triangle & The Harlem Renaissance, Nettelhorst Elementary School, Our Lady of Mount Carmel Roman Catholic Church, Merlo Branch Library, Sherwin-Williams, Broadway United Methodist Church, 7-Eleven, Gerber Collision & Glass, Best Western Plus Hawthorne Terrace, Christ Church of Chicago, Mount Carmel School, Belmont & Halsted Terminal"
17031062100,55,23,"fast_food, bar, bar, restaurant, bar, bar, bar, restaurant, fast_food, bar, restaurant, bar, restaurant, alcohol, bar, restaurant, gift, restaurant, bank, restaurant, fast_food, erotic, department_store, locksmith, restaurant, cafe, coffee, bar, bar, cafe, restaurant, restaurant, fast_food, tobacco, clothes, beauty, massage, convenience, restaurant, hairdresser, cafe, chemist, fast_food, fast_food, restaurant, second_hand, restaurant, artwork, artwork, artwork, artwork, artwork, car_repair, place_of_worship, bicycle_rental","Potbelly, Hydrate, Roscoe's Tavern & Cafe, Savanna Restaurant, Scarlet, Nisei Lounge, Cheesie's Pub & Grub, Istmo Oaxacan Cuisine, Four Belly Asian Street Food, L & L Tavern, Matsuya, Dad's Place, El Jardin, Gold Crown Liquors, The Graystone Tavern, Bites, Beatnix, PS Bangkok, Countryside Bank, Lowcountry Lakeview, Jimmy John's, Night Dreams, Target, Dexter Lock Services, Irie Jerk Bar and Grill, 11 Degrees North, Bonus Round Game Cafe, Elixir Lounge, Figo Wine Bar, Elevate Coffee, Maison Parisienne, Mia Francesca, Al's Beef, Secrets Smoke Shop, Amigos & Us, chicago male, BOON Thai Spa, Fresh Stop, Rice N' Bread, W Hair Room, Taipei Cafe, Community Pharmacy, Taco Bell, The Slice Shop, Bolivar & Lincoln Venezuelan Cafe, The Brown Elephant – Northalsted, Birdman Ramen, Daniel Sotomayor & Stonewall Riot, Matthew Shepard & Pauli Murray, Margaret Chung & Keith Haring, Bayard Rustin & Sally Ride, Freddie Mercury & Sylvester, Auto Repair, North Side Baptist Church, Wilton Ave & Belmont Ave"
17031062200,27,14,"clothes, beauty, restaurant, bar, alcohol, bakery, bar, bar, restaurant, bar, bar, bar, hairdresser, bar, bar, restaurant, bicycle_rental, restaurant, tobacco, beauty, restaurant, electrical, cafe, school, place_of_worship, pub, place_of_worship","Strange Cargo, Mona's Beauty Salon, Giordano's Pizzeria, Big City Tap, 1000 Liquors, Bittersweet Pastry Shop, Redmonds, Trader Todd's, Royal Indian Grill, Chicago's Blarney Stone, Roundhouse 66, Lucky's Sandwich Co, Sport Clips, Christmas Club, Sheffield’s Wine & Beer Garden, Happy Camper Wrigleyville, Clark St & Newport Ave, Penny’s Noodle Shop, Smoking Amsterdam, Reflexion Spa, Seoul Taco, Paramount Electrical Supplies, Ancient Grounds, Hawthorne Scholastic Academy, Masjid-e-Abubakr, Sheffield's, Resurrection Lutheran Church"
17031062300,10,6,"fast_food, restaurant, pastry, restaurant, restaurant, cafe, restaurant, dry_cleaning, restaurant, veterinary","The Great American Bagel, Pescadero Seafood & Oyster Bar, Cookies by Design, Coda di Volpe, Sochi Saigonese Kitchen, Two Hearted Queen, Kubo Chicago, Snuggle Cleaners, Little Goat Diner, Belmont Animal Hospital"
17031062400,7,7,"dojo, restaurant, nutrition_supplements, pet, place_of_worship, bank, supermarket","Masters Martial Arts Alliance, Tuco and Blondie, The Vitamin Shoppe, PetSmart, Saint Luke Evangelical Lutheran Church, Chase, Whole Foods Market"
17031062500,24,16,"place_of_worship, charging_station, clothes, bar, restaurant, restaurant, bar, bar, hairdresser, restaurant, restaurant, artwork, restaurant, massage, artwork, cafe, alcohol, toys, dentist, bar, department_store, library, ice_cream, bank","Parish of Reconciliation, Bebe Elegante Children's Wear, Bitter Pops, Fennel & Iris, Frasca Pizzeria and Wine Bar, The Green Lady, The Pony Inn, Salon Lofts West Lakeview, Thai Thank You, Pho's Thai Cuisine, Being There/There Being, MK Noodle, Hand And Stone, Lake View, Starbucks, Garfield's Beverage, Building Blocks, Regen Smile Studio, Fathom, Target, Lincoln Belmont Branch Library, Scooter's Frozen Custard, Bank of America"
17031062600,20,16,"bank, post_office, alcohol, bicycle_rental, charging_station, bar, pharmacy, ice_cream, cafe, hairdresser, dentist, pharmacy, supermarket, fast_food, school, fast_food, chemist, bank, storage_rental, fast_food","Huntington Bank, Graceland Post Office, Foremost Liquor, Ashland Ave & Wellington Ave, Cody’s Public House, Jewel-Osco, Baskin-Robbins, Starbucks, Supercuts, Sparrow Dental, Walgreens, Jewel-Osco, McDonald's, Burley Elementary School, Boston Market, Walgreens, Lakeside Bank, Extra Space Storage, Dunkin'"
17031062700,46,21,"electronics, fast_food, fast_food, place_of_worship, houseware, fast_food, furniture, military_surplus, candles, bicycle_rental, bicycle_rental, restaurant, theatre, cafe, restaurant, restaurant, bar, restaurant, bar, bar, bar, convenience, cafe, fast_food, restaurant, convenience, fast_food, paint, fast_food, cafe, dentist, pet, sewing, car_repair, bar, place_of_worship, school, fuel, restaurant, restaurant, dry_cleaning, restaurant, restaurant, restaurant, restaurant, restaurant","The Shack, Subway, Pockets, Church of Scientology, Peerless Imported Rugs, Jimmy John's, Rubin's Contemporary Furniture, Army Navy Sales, Waxman Candles, Greenview Ave & Diversey Pkwy, Lincoln Ave & Belmont Ave, Grand River, Athenaeum Theatre, Chicago Diplomat Cafe, Sal’s Trattoria, Sam & George’s, Side Street Saloon, Tutto Fresco, The Diag, The Land on Lincoln, Lincoln Tap Room, Shell, Doppio Coffee House, Chipotle, Jet's Pizza, 7-Eleven, Honey Baked Ham, Sherwin-Williams, RedHot Ranch, Kazka, Noble Dentistry of Chicago, Barks N' Rec, Maydel, Tuffy, Konbini & Kanpai, Saint Alphonsus Roman Catholic Church, Saint Alphonsus School, Shell, Que Rico, Flo, CD One Price Cleaners, S&G Restaurant, Breakfast House, The Art of Pizza, Cebu Chicago"
17031062800,31,11,"school, school, school, school, school, restaurant, dry_cleaning, bar, bicycle, bicycle_rental, bicycle_rental, restaurant, bar, cafe, restaurant, cafe, restaurant, bar, bar, restaurant, pharmacy, clinic, cafe, restaurant, restaurant, books, bar, restaurant, bar, pub, books","Academy of Acupuncture, Chicago School of Massage Therapy, Discovery Center, The Learning Exchange, Sculptors Guild, Golden Apple, Fine Cleaners, Will's Northwoods Inn, Heritage General Store, Southport Ave & Belmont Ave, Southport Ave & Wellington Ave, Tied House, Beermiscuous, Coffee Lab & Roasters, Farm Bar Lakeview, Heritage Bicycles General Store, Food Flight, Twisted Tap, The Hometavern, Las Tablas Colombian Steakhouse, Walgreens, Northwestern Medicine Primary and Specialty Care Lakeview, Vigo Coffee, Dear Margaret, WG  Pizzas, Three Avenues Bookshop, Delilah's, Left Coast Food + Juice, Schubas Tavern, Wellington's Tavern, Goblin Market"
17031062900,20,10,"fast_food, bicycle_rental, restaurant, restaurant, restaurant, restaurant, restaurant, cafe, restaurant, cafe, bar, music, cafe, cafe, convenience, fuel, convenience, place_of_worship, place_of_worship, school","Chipotle, Racine Ave & Belmont Ave, Jin Asian Cafe, Ukai Sushi, DMK Burger Bar, Kirkwood Bar & Grill, Fish Bar, Panes Bread Cafe, Tanuki, Starbucks, Paddy Long’s, Groovin High, Inc., Coffee, Hip-Hop & Mental Health, Osmium Coffee, Circle K, Shell, 7-Eleven, Pillar of Fire Church, Church of the Valley, Harriet Tubman Elementary School"
17031063000,62,27,"school, stationery, hotel, ice_cream, theatre, cafe, pub, pharmacy, pet, bicycle_rental, restaurant, restaurant, craft, shoes, department_store, bar, restaurant, bar, restaurant, restaurant, fast_food, restaurant, fast_food, fast_food, fast_food, restaurant, theatre, ice_cream, marketplace, restaurant, alcohol, fast_food, cafe, fast_food, bakery, cafe, cafe, cafe, bar, bar, bar, bar, cafe, fast_food, convenience, fast_food, bakery, e-cigarette, clinic, clinic, artwork, fast_food, pharmacy, atm, clinic, fast_food, coffee, hardware, hospital, restaurant, clinic, theatre","Illinois Masonic Medical Center School of Nursing, Beyond the Wall Posters & Frames, City Suites Hotel, Sundae Stop, Comedy Sportz, Starbucks, Replay Lincoln Park, Walgreens, Petco, Sheffield Ave & Wellington Ave, The River Kitchen and Bar, Nori Sushi Lincoln Park, Michaels, DSW, Marshalls, Matilda, Barcocina, Vaughan’s Pub - Lakeview, Andy's Thai Kitchen, Ann Sather Restaurant, IDOF, La Perla, Gyro-Mena, Philly's Best, Mixteco Grill, The Annoyance Theater, Oberweis, Sheffield Market & Deli, Penny's Noodle Shop, Diversey Prestige Liquors, BeeZzee Fresh Food, Zizi's Cafe, Aloha Pokē Co, La Boulangerie, Courtyard Café, Cafe Deko, Ecos Café, George Street Pub, Harrigan’s, Shakers On Clark, The Annoyance Theatre and Bar, Life Spring Health Foods & Juice Bar, Dunkin', 7-Eleven, Devil Dawg's, Beard Papas, American Vapor Shop, Passport Health Lakeview Travel Clinic, Advocate Illinois Masonic Emergency Services, Ordinary Relic, Rendezvous Café, Advocate Pharmacy, Advocate Illinois Masonic Diagnostic Imaging, Chicago Bagel Authority, Pedestrian Coffee, Halsted Hardware, Advocate Illinois Masonic Hospital, Select Cut Steak House, Advocate Medical Group, The Vic"
17031063100,44,23,"fast_food, cafe, restaurant, bar, restaurant, bank, fast_food, bicycle, alcohol, fast_food, bicycle_rental, restaurant, supermarket, bar, fast_food, bank, bar, cafe, cafe, bar, charging_station, tobacco, beauty, psychic, toys, shoes, beauty, copyshop, fast_food, beauty, mobile_phone, post_office, cafe, artwork, fast_food, beauty, cosmetics, dry_cleaning, restaurant, bank, restaurant, theatre, place_of_worship, place_of_worship","Clark Street Dog, Peet's Coffee, Stella's Diner, Friar Tuck, Sandwich Me In, Chase, Subway, Johnny Sprockets, Binny's Beverage Depot, Domino's, Clark St & Wellington Ave, Thaiday Street Cafe, Mariano's Fresh Market, Lucky Horsehoe Lounge, Peking Chinese Food, Byline Bank, Dram Shop, Maison Marcel, Modern Grill, Nob’s Wine Bar, Tesla Supercharger, House of Hookah, The Nail Collaborative, KA-POW Collectibles, Mariny's Shoe Repair, Lakeview Threading Salon, FedEx Office, Pizza Hut Delivery, Palm Beach Tan, Verizon, The UPS Store, Fancy Plants Cafe, Legacy Walk Rainbow Pylon, Taco & Burrito House, The Skin Bar at Ulta Beauty, Ulta Beauty, Wellington Cleaners Alterations, Little Wok, Bank of America, Wilde Bar & Restaurant, Briar Street Theatre, Second Unitarian Church of Chicago, Saint Peter's Episcopal Church"
17031063200,22,15,"dentist, cafe, pub, bicycle_rental, bicycle_rental, dentist, convenience, dry_cleaning, bakery, bar, bar, restaurant, artwork, restaurant, cosmetics, restaurant, restaurant, pharmacy, picnic_site, cafe, theatre, chemist","Dr Fred Purcell General Dentistry, Intelligentsia, DryHop Brewers, Broadway & Barry Ave, Lake Shore Dr & Wellington Ave, Lakeview Dental Arts, Belmont Harbor Market, Day & Nite Best Dry Cleaners, Linda’s Magic Brownies, Muse Spirits, Monsignor Murphys, Roebuck, ‘Self-Portrait’, Bombay Wraps, Choc Choc, Chilam Balam, Flub A Dub Chub's, CVS Pharmacy, Lincoln Park - Grove 13, Mini Donut Factory, Laugh Factory, CVS Pharmacy"
17031063301,30,18,"fast_food, supermarket, fast_food, restaurant, optician, bar, bar, restaurant, artwork, dentist, kindergarten, mobile_phone, fast_food, dry_cleaning, beauty, beauty, restaurant, restaurant, bar, restaurant, gift, e-cigarette, dry_cleaning, gift, clothes, frame, restaurant, pastry, veterinary, hotel","Chipotle, Apple Bite Liquor, Taqueria Tejupilco, Gyu-Kaku, Superior Eye Care, Galway Bay, Cubaneo, The Original Pancake House, The Nightingale, Allure Dental, Everbrook Academy, AT&T, Poppers, CD One Price Cleaners, Ocean Nail Salon, Salon De Vogue Nail, Comfort African Cuisine, Farm & Sea, Barrel, The Inkling Shop, Chicago House of Smokes, Manor Cleaners, Rise Up, The Xchange, The Great Frame Up, Yummy Yummy Asian Cuisine, Crave Cookies, Boulevard Veterinary, The Willows"
17031063302,10,8,"kindergarten, cafe, restaurant, clinic, clinic, convenience, artwork, artwork, supermarket, bar","Mary Meyer School, HERO Coffee Bar, Gorkha Kitchen, Howard Brown Health Diversey, AMITA Health Digestive Institute Chicago, Deli & More, Brotherhood, Brotherhood, Go Grocer, Duffy's Tavern & Bar"
17031063303,8,4,"artwork, artwork, artwork, cafe, artwork, artwork, restaurant, hospital","A Signal of Peace, The Alarm, Chevron, St. Joseph’s Hospital - Lake Shore Cafe, Saint Joseph, Starlight, Bacino's Italian Grill, Saint Joseph Hospital"
17031063400,50,23,"pharmacy, bicycle_rental, restaurant, restaurant, restaurant, restaurant, bakery, music, restaurant, cafe, bar, restaurant, bar, restaurant, restaurant, restaurant, restaurant, bar, restaurant, bar, bar, restaurant, restaurant, restaurant, fast_food, bed, clothes, fast_food, ice_cream, restaurant, fast_food, restaurant, restaurant, bar, massage, clothes, restaurant, second_hand, childcare, frame, pet_grooming, tailor, second_hand, cafe, gift, gift shop, cinema, community_centre, hotel, clinic","Walgreens, Burling St & Diversey Pkwy, Sakura, El Nuevo Mexicano, Troy Mediterranean Grill & Turkish Kitchen, Crisp, Jennivee's Bakery, Gramaphone Records, The Gundis, Stan's Donuts & Coffee, Avenue Tavern, Bluebird, Duke of Perth, Grand Mongolian Hot Pot, Half Shell, Sumo Sushi and Hibachi, The Crepe Shop, Jake’s Pub, La Crêperie, Matisse Tavern & Grill, The Century Bar, Nando's, 5411 Empanadas - Lakeview, Mild 2 Spicy, Burger King, J. Crew Factory, Jimmy John's, Brothers Creamery Frozen Custard, Musashiya Ramen, Tropical Smoothie Cafe, Red Pig Asian Kitchen, Nancy’s Stuffed Pizza, Cesar’s Killer Margaritas, Massage Envy, Second City Bridal, Tuk Tuk Thai Isan Street Food, Mt. Sinai Resale Shop, Choo Choo Chicago, Foursided Custom Framing, Dashing Dog, Grace Fashion Inc., 2nd STREET, Luckycat Cafe, Foursided, Cuddle Bunny, Landmark Century Cinema, Chabad East Lakeview Community Center, Hotel Versey, Lakeview Healing Oasis"
17031070101,49,15,"school, artwork, restaurant, restaurant, restaurant, cafe, bicycle_rental, bicycle_rental, bicycle_rental, artwork, artwork, artwork, artwork, fast_food, bar, bar, restaurant, restaurant, restaurant, restaurant, bar, convenience, information, information, information, restaurant, artwork, artwork, fast_food, artwork, hairdresser, restaurant, fast_food, picnic_site, picnic_site, artwork, information, information, social_centre, museum, events_venue, social_centre, place_of_worship, bicycle_rental, bicycle_rental, artwork, artwork, artwork, artwork","Blackhawk School of Art, Johann Wolfgang von Goethe Monument, House of Wings, Kabuki, Basil Leaf, Firecakes Donuts, Lake Shore Dr & Diversey Pkwy, Lakeview Ave & Fullerton Pkwy, Theater on the Lake, Curve XXII (I Will), Emanuel Swedenborg Monument, Steel Roots, Memorial to Extinct Birds, China Wok, The Tin Lizzie, Compass Bar, Pars Cove Restaurant, The Field House, The Lakefront Restaurant, North Pond, Lakeview Men’s Club, 7-Eleven, Lincoln Park, The Peggy Notebaert Nature Museum, The Peggy Notebaert Nature Museum, Egg Tuck, Fraternity, Patriotism, Taco Bell Cantina, Bison, Adel's Hair Sensation Salon, CM Chicken, Subway, Lincoln Park - Grove 10, Lincoln Park - Grove 8, Ten Thousand Ripples, The Peggy Notebaert Nature Museum, North Pond, Elks National Memorial Building, The Peggy Notebaert Nature Museum, Theater on the Lake, Elks Lodge, Second Church of Christ Scientist, Stockton Dr & Wrightwood Ave, Cannon Dr & Fullerton Ave, Richard Oglesby Monument, Alexander Hamilton Monument, John Peter Altgeld Momument, Charitas"
17031070102,31,22,"pastry, bakery, fast_food, dentist, convenience, restaurant, bar, cafe, cafe, restaurant, department_store, supermarket, doctors, restaurant, optician, hairdresser, beauty, clothes, dentist, cosmetics, restaurant, restaurant, tobacco, restaurant, bicycle_rental, clinic, convenience, fast_food, post_depot, money_transfer, place_of_worship","La Fayette, Cafe Vienna, Sultan's Market, Julianne Carrara DMD MS Limited, Country Fresh Food Mart, Tarascas, Frank’s Bar, Starbucks, Cafe Vienna, Tanaka Ramen, TJ Maxx, Go Grocer, Chicago Family Asthma & Allergy, Wheat's End Cafe, Big City Optical, Sport Clips, Zindaa Nail, Crossroads Trading Co., Dentologie, bluemercury, Kala, Yolk, Diversey Tobacco, Happy Lamb Hot Pot, Hampden Ct & Diversey Pkwy, Outpatient Center in Lincoln Park, 7-Eleven, McDonald's, Lincoln Park Carrier Annex, MoneyGram, National Shrine of Saint Francis Xavier Cabrini"
17031070103,10,5,"restaurant, bar, pharmacy, hairdresser, restaurant, bar, restaurant, restaurant, bar, place_of_worship","Tapas Restarurant/Bar, Gaslight, Walgreens, Great Clips, The Fat Shallot - Lincoln Park, The Other Side Bar, The Pasta Bowl, Lito's Empanadas, Galway Arms, Church of Our Saviour"
17031070200,48,23,"department_store, fast_food, bar, bar, fast_food, bicycle_rental, bicycle_rental, restaurant, restaurant, restaurant, cafe, restaurant, hairdresser, ice_cream, restaurant, bar, restaurant, bar, restaurant, restaurant, hifi, cafe, bank, post_office, clothes, optician, cafe, mobile_phone, hairdresser, restaurant, books, fast_food, place_of_worship, bar, place_of_worship, fast_food, pawnbroker, books, pub, musical_instrument, doityourself, social_facility, bar, cafe, school, school, supermarket, social_facility","Target, Papa John's, B.L.U.E.S., Duke's Chicago Bar and Grill, Wingstop, Clark St & Drummond Pl, Clark St & Wrightwood Ave, Del Seoul, Paulas Thai Kitchen, Aloha Eats, Colectivo Coffee, Chengdu Impression, Floyd's 99 Barbershop, Snow Dragon Shavery, The Mayan Palace, aliveOne, Sapori Trattoria, Parson’s Chicken & Fish, Toro Sushi, Noodles In the Pot, ProMusica, Starbucks, Fifth Third Bank, FedEx Office, Banana Republic, LensCrafters, XO Marshmallow, T-Mobile, refleKTion, WOW Pizzeria Lincoln Park, Barnes & Noble, Proper Pizza, Lincoln Park Presbyterian Church, The Golden Dagger, Saint Clement Roman Catholic Church, The Wiener Circle, Clark Pawners, Christian Science Reading Room, Crossroads Public House, Guitar Center, The Home Depot, Sunrise of Lincoln Park, Burwood Tap, Bourgeois Pig Cafe, Saint Clement School, Alcott Elementary School, Trader Joe's, Belmont Living - Lincoln Park"
17031070300,52,19,"fast_food, books, post_office, restaurant, cafe, school, bicycle_rental, fast_food, bicycle_rental, bar, bar, fast_food, tailor, bar, restaurant, fast_food, fast_food, restaurant, cafe, bar, cafe, bar, restaurant, restaurant, fast_food, cafe, computer, restaurant, dojo, artwork, fast_food, convenience, supermarket, artwork, cafe, ice_cream, bar, bank, fast_food, restaurant, fire_station, bar, restaurant, theatre, fast_food, restaurant, bar, restaurant, place_of_worship, place_of_worship, bank, theatre","Chipotle, DePaul University Bookstore, Lincoln Park Postal Store, Lou Malnati's Pizzeria, Savor the Flavor, Chicago Dance Center, Wilton Ave & Diversey Pkwy, Potbelly, Halsted St & Wrightwood Ave, Prost, Irish Eyes, Dunkin', Stitch n Ready, The Wild Hare, Millie's Supper Club, Qdoba, Rosati's, Bobby’s Lincoln Park, Printer’s Row Coffee, The Red Lion Pub, The Bagelers Coffeehouse, Galit, Lincoln Station, Chicago Dog House, Happy Lemon, Chicago Computerland, Allende, Supreme Jiu Jitsu, John Dillinger, Fry the Coop, Exotic Snack Guys, The Fresh Market, Landslide, Verzênay Chicago, Baskin-Robbins, Parlay Lincoln Park, Wells Fargo, Panera Bread, Broken English, Chicago Fire Department Engine Company 55, Lincoln Hall, Cafe Yaya, Biograph Theatre, Dog Haus, Hop sand Curds, Kingston Mines, Las Fuentes, Saint George Greek Orthodox Church, Holy Covenant Church, PNC Bank, Apollo Theater"
17031070400,33,20,"fuel, cafe, school, place_of_worship, car_wash, atm, costume, doctors, bicycle_rental, bicycle_rental, restaurant, bicycle_rental, bicycle_rental, artwork, bar, bar, bar, bar, restaurant, restaurant, restaurant, library, toys, cafe, restaurant, optician, hairdresser, car_repair, cafe, university, convenience, fast_food, convenience","Mobil, Starbucks, Theatre Shoppe Backstage, Seminary Avenue Community Church, Milito's Car Wash, BMO, Chicago Costume, AMITA Sage Medical Group, Racine Ave & Fullerton Ave, Sheffield Ave & Fullerton Ave, Pat's Pizzeria, Lincoln Ave & Diversey Pkwy, Sheffield Ave & Wrightwood Ave, Eagle Columns, Delilah’s, Racine Plumbing Bar & Grill, Rose’s Lounge, Tapster Lincoln Park, The Barrelhouse Flat, Juno, Batter & Berries, Chicago Public Library - Lincoln Park Branch, Rotofugi, Herb & Alchemy, Los 3 Panchos, Wink Optical, Traditions, Milito's Auto Repair, Big Shoulders Coffee, DePaul University - The Art School, Mobil Mart, Sarpino's Pizzeria, 7-Eleven"
17031070500,9,8,"pub, pub, bicycle_rental, rental, convenience, fuel, social_centre, storage_rental, social_facility","Rocks Lincoln Park, Gaslight, Racine Ave & Wrightwood Ave, U-Haul, BP Shop, BP, American Legion Wayne-Wright Post 1052, U-Haul, The Vistas Lincoln Park"
17031070600,22,16,"pub, bicycle, restaurant, bicycle_rental, bicycle_rental, charging_station, restaurant, bar, restaurant, restaurant, beauty, hairdresser, prep_school, tyres, beauty, interior_decoration, florist, fast_food, music_school, bicycle, bank, pharmacy","Bird's Nest, The Monkey's Paw, Greenview Ave & Fullerton Ave, Southport Ave & Wrightwood Ave, eVgo, Avli Taverna, Broken Barrel Bar, Suda's Lebanese Cuisine, Vegan Plate, MF Aesthetics, Ricci Kapricci, Mathnasium, U-Pick-A-Tire Store, J-Nail Club, Platinum Homes General Contractors, Cattails, Taco & Burrito House, Chicago Music Lessons, Big City Bikes, Huntington Bank, Walgreens"
17031070700,50,32,"school, school, doityourself, bicycle_rental, bar, bar, bicycle_rental, fast_food, beauty, beauty, restaurant, viewpoint, restaurant, charging_station, social_facility, wholesale, fast_food, supermarket, bank, department_store, restaurant, restaurant, supermarket, place_of_worship, doityourself, electrical, school, bank, storage_rental, copyshop, fuel, laundry, beauty, fast_food, prep_school, clothes, shoes, fast_food, cosmetics, fashion_accessories, video_games, atm, mobile_phone, restaurant, optician, hairdresser, jewelry, bank, bicycle, cosmetics","Saint Alphonsus High School, Saint Bonaventure School, Ametric Supply Co., Ashland Ave & Wrightwood Ave, Augie’s, Four Shadows, Damen Ave & Clybourn Ave, Domino's, The Skin Bar at Ulta Beauty, Benefit Brow Bar, Bonci Pizza, El Presidente, Costco Lincoln Park, Lathrop Elderly Apartments, Costco, Taco Bell, Jewel-Osco, PNC Bank, Marshalls, The Squared Circle, Oliang, Aldi, Saint Bonaventures Roman Catholic Church, Menards, The Bryant Electric Co., Prescott Elementary School, Fifth Third Bank, Safeguard Self Storage, FedEx Office, Costco Gasoline, Riverpoint Coin Laundry, Level Nails Bar, Panda Express, Russian School of Mathematics, Old Navy, Famous Footwear, Capriotti's, Bath & Body Works, claire's, GameStop, Bank of America, AT&T, Chuck E. Cheese, Pearle Vision, Sport Clips, Zales, Chase, Element Multisport, Ulta Beauty"
17031071000,26,19,"artwork, restaurant, pub, bicycle_rental, bicycle_rental, guest_house, fast_food, artwork, games, dentist, stationery, hairdresser, cafe, dentist, school, gallery, wine, telephone, tattoo, pub, university, place_of_worship, library, school, restaurant, restaurant","Vincent de Paul with two students, Range, Local Option, Clifton Ave & Armitage Ave, Sheffield Ave & Webster Ave, City Scene Bed & Breakfast, The Budlong Hot Chicken, Monsignor John Egan, Good Games Chicago, Pearl aesthetics & dentistry, Greer, Salon V, Olor Coffee, Westend Dental of Lincoln Park Chicago, DePaul University - The Grace School of Applied Diplomacy, Richardson Art Gallery, Off Premise: Real Wine, Whiskey, Craft Beer, Sido Tattoo Studio, Armitage Alehouse, DePaul University, St. Vincent de Paul Catholic Church, John T. Richardson Library, Oscar F. Mayer Elementary School, Tarantino's, Dee's"
17031071100,46,21,"place_of_worship, school, school, pub, bar, restaurant, bar, bicycle_rental, bicycle_rental, bank, ice_cream, atm, restaurant, pharmacy, restaurant, cafe, restaurant, restaurant, restaurant, restaurant, restaurant, bar, cafe, fast_food, fast_food, ice_cream, carpet, fast_food, clothes, cosmetics, bicycle, artwork, artwork, restaurant, bicycle_rental, cafe, doctors, pub, convenience, restaurant, place_of_worship, clothes, arts_centre, museum, arts_centre, fast_food","Zen Buddhist Temple, Presbyterian Theological Seminary, Saint James Lutheran School, Kincade's, Kelly's Pub, Sushi Rotary, Glasscott's, Bissell St & Armitage Ave, Halsted St & Dickens Ave, Byline Bank, Annette's Italian Ice, Citibank, Cafe Ba-Ba-Reeba!, Walgreens, Athenian Room, Starbucks, Homeslice, John's Food and Wine, Blue Door Farm Stand, Jam 'n Honey, Hello Jasmine, The Store, La Colombe Coffee, Beacon Doughnuts, Taco Bell Cantina, Jeni's Splendid Ice Creams, Beautiful Rugs, Red Light Chicken, Club Monaco, bluemercury, Specialized, Hayes Healy Gymnasium, Doors Open Everywhere at Fullerton, Charoen Krung by Sathorn, Halsted St & Belden St, Foxtrot, Illinois Skin Center, McGee's Tavern & Grille, 7-Eleven, Saint James Evangelical Lutheran Church, Art Effect, Sasha and Eugene Jarvis Opera Hall, DePaul Art Museum, Holtschneider Performance Center, Dunkin'"
17031071200,71,31,"childcare, bar, bank, bicycle_rental, bicycle_rental, atm, restaurant, pub, fast_food, artwork, artwork, artwork, artwork, theatre, bar, bar, fast_food, fast_food, fast_food, restaurant, restaurant, restaurant, bar, pastry, bakery, bar, restaurant, restaurant, cafe, wine, fast_food, bank, artwork, tea, fast_food, restaurant, veterinary, massage, beauty, restaurant, restaurant, restaurant, restaurant, convenience, dry_cleaning, beauty, frame, cannabis, alcohol, fast_food, tobacco, pastry, hairdresser, alcohol, ice_cream, fast_food, chocolate, cafe, restaurant, cafe, fast_food, social_facility, fast_food, school, restaurant, cafe, restaurant, place_of_worship, school, picnic_site, artwork","Park West Cooperative Nursery School, Halligan Bar, Citibank, Larrabee St & Webster Ave, Lincoln Ave & Fullerton Ave, Bank of America, Lincoln Park Pizza, Wise Fools Pub, Johnny's, Dorothy & Toto, Tin Man, Scarecrow, Cowardly Lion, Greenhouse Theater Center, Kelsey's, The Dime, Dairy Queen, Domino's, Jimmy John's, La Crosta Woodfire Pizzeria Italiana, Toast, Moti Modern Indian Kitchen, Hook and Ladder, Insomnia Cookies, Swirlz Cupcakes, Tobacco Road Tap Room, Ghareeb Nawaz, Shine and Rise, Philz Coffee, Verve, Velvet Taco, Chase, Matchacita, Orange Julius, Kaathis, Oz Animal Hospital, Lincoln Park Massage Spa, Nails Boutique, Bacino's Pizza, Xi'an Dynasty Cuisine, elephant & vine, Allende, Lincoln C Mart, Young's Cleaners, Zenails, The Frame Shop, Chicago CBD and Hemp, Lakeside #2 Food Wine Spirits, Pure Green, Mr. Vape & Smoke, Crumbl Cookies, Blowout Junkie, Spirit Hub, Cold Stone Creamery, Sweetgreen, Kohler Chocolates, Dash of Salt and Pepper, The Bad Apple, Soloway coffee, Potbelly, Marillac St. Vincent, Raising Cane's, Lincoln Elementary School, Moretti's Pizzeria & Bar, Countryside Cafe, Simply it, Saint Paul's United Church of Christ, Lincoln Park High School"
17031071300,13,9,"fast_food, fast_food, restaurant, cafe, hairdresser, restaurant, department_store, supermarket, restaurant, tailor, artwork, cafe, bar","Five Guys, Dunkin', Sushi Para II, Bocadillo Market, Lincoln Park Hair Salon and Spa, Gemini, Target, Carnival Grocery, De Nuccis, Seams, Positivity Rules, Serai Cafe & Deli, Ravens"
17031071400,112,27,"cafe, restaurant, beauty, bicycle_rental, bank, artwork, restaurant, supermarket, butcher, restaurant, optician, restaurant, restaurant, coffee, restaurant, bar, cafe, bakery, restaurant, cafe, cafe, viewpoint, artwork, atm, artwork, viewpoint, viewpoint, viewpoint, viewpoint, viewpoint, artwork, viewpoint, viewpoint, viewpoint, viewpoint, viewpoint, viewpoint, viewpoint, viewpoint, attraction, attraction, viewpoint, viewpoint, restaurant, artwork, artwork, artwork, artwork, restaurant, ice_cream, information, bank, fast_food, fast_food, shoes, picnic_site, cafe, information, information, restaurant, zoo, events_venue, community_centre, theatre, attraction, gift, artwork, artwork, storage_rental, school, artwork, attraction, attraction, attraction, attraction, attraction, attraction, attraction, attraction, attraction, attraction, artwork, information, attraction, attraction, attraction, picnic_site, attraction, attraction, attraction, attraction, attraction, attraction, attraction, attraction, attraction, restaurant, attraction, attraction, attraction, attraction, attraction, attraction, zoo, attraction, gift, attraction, attraction, attraction, attraction, bicycle_rental, artwork","Park Place Cafe, Nine, Essential Nail Spa, Sedgwick St & Webster Ave, PNC Bank, Hans Christian Andersen Monument, RJ Grunts, Big Apple Finer Foods, Big Apple Butcher, Chicago Pizza and Oven Grinder Co., A Matter of Sight, Riccardo Trattoria, Riccardo Enoteca, Cafecito, Geja’s Cafe, Park West, The Patio at Café Brauer, Vanille Patisserie, Mon Ami Gabi, Safari Cafe, Eadie Levy's Landmark Café, Charlie Haffner Kugel Fountain, Rites of Spring, Dwarf Crocodile, Klipspringer, Green Tea Japanese Restaurant, Gourd Man, Astroterra, Mother and Child Mountain Lions, Sai Mai, Yoberri Gourmet, Lincoln Park, First American Bank, All Too Well, Evette's, New Balance, Lincoln Park - Grove 6, Dollop Coffee Co., Lincoln Park Zoo, Angry Octopus, Lincoln Park Zoo, Café Brauer (South Pond Refectory), Lincoln Park Cultural Center, Park West, AT&T Endangered Species Carousel, Wild Things gift shop, Johann Christoph Friedrich von Schiller Monument, City Hall Relic (Finial), Reebie Storage & Moving Co, Francis W. Parker School, William Shakespeare Monument, Japanese Macaque, Seal, African Penguin, Giraffe, Plains Zebra, Polar Bears, Eastern Black Rhinoceros, Baby Eastern Black Rhinoceros, Red River Hog, African Painted Dog, Adelor The Lion, Searle Visitor Center, Western Lowland Gorilla, Chimpanzee, Grevy's Zebra, Chacoan Peccary, Bactrian Camel, Red Kangaroo, Patagonian Cavy, Ostrich, Muscovy Duck, Sichuan Takin, Trumpeter Swan, Chilean Flamingo, Bird's Eye Bar & Grill, River Otter, American Beaver, Red Wolf, Pritzker Family Children's Zoo, Black Bear, Wild Gifts, Diana Monkey, Meerkat, Aardvark, Lincoln Park Conservatory, Siblings"
17031071500,72,31,"cafe, restaurant, school, arts_centre, atm, theatre, bar, hairdresser, tailor, restaurant, bicycle_rental, bicycle_rental, bicycle_rental, bicycle_rental, restaurant, artwork, bar, restaurant, bar, cafe, restaurant, cafe, restaurant, cafe, bar, viewpoint, artwork, dentist, dry_cleaning, marketplace, hairdresser, shoes, tailor, beauty, restaurant, bar, picnic_site, picnic_site, picnic_site, picnic_site, deli, kindergarten, museum, pharmacy, school, bar, place_of_worship, convenience, bank, florist, hotel, bank, place_of_worship, place_of_worship, artwork, zoo, attraction, attraction, picnic_site, attraction, attraction, attraction, attraction, artwork, bus_station, fuel, fuel, artwork, artwork, artwork, bicycle_rental, convenience","Starbucks, Twin Anchors Restaurant & Tavern, Old Town Triangle Art Center, Old Town Triangle Association, Chase, The Second City, UP Comedy Club, Hair Cuttery, Wells Cleaners, Rocco Ranalli's, Clark St & Lincoln Ave, Clark St & North Ave, Lake Shore Dr & North Blvd, Wells St & Concord Ln, ZA bunker, Fountain Girl, Sedgwick's, The Kennison, The J. Parker, Elaine's Coffee Call, 1959 Kitchen & Bar, Cocoa + Co., Nookies, North and Clark Café, Utopian Tailgate, Lincoln Park Passerelle Viewpoint, Lemon Tree, Elevate Dental Wellness, Old Town Valet Shoppe Laundry & Dry Cleaners, Farmer's Market, Scottfree, Fleet Feet, Royale Cleaners, Viva La Med Spa, Professor Pizza, Shore Club, Lincoln Park - Grove 4, Lincoln Park - Grove 5, Lincoln Park - Grove 3, Lincoln Park - Grove 2, North Buena Deli, Dr. Fisher Early Learning Center, Chicago History Museum, Walgreens, LaSalle Language Academy, Corcoran's Grill & Pub, Moody Church, Shell, Chase, Hotel Lincoln, Wintrust Bank, Hermon Baptist Church, Church of the Three Crosses, Benjamin Franklin, Farm-in-the-Zoo, Rabbit, Chicken, Pony, Pig, Cow, Goat, Dragon, North Avenue & Clark Terminal, Shell, BP, Robert Cavalier de LaSalle, Greene Vardiman Black, Delicato Balencia, Clark St & Armitage Ave, BP Shop"
17031071600,2,2,"bicycle_rental, bar","Larrabee St & Menomonee St, River Shannon"
17031071700,5,3,"bicycle_rental, bar, bar, place_of_worship, place_of_worship","Sedgwick St & North Ave, Sedgwick Stop, Marge’s Still, Saint Michael Roman Catholic Church, Midwest Buddhist Temple"
17031071800,22,12,"bicycle_rental, restaurant, bar, fast_food, restaurant, restaurant, restaurant, restaurant, restaurant, bar, jewelry, convenience, dry_cleaning, dry_cleaning, clinic, clinic, beauty, hairdresser, restaurant, hairdresser, school, fire_station","Larrabee St & Armitage Ave, Soul Prime, Marquee Lounge, Brothers Beef, Armitage Pizza, Pizza Capri, Boka, Alinea, Cedar Palace, J9 Wine Bar, Fey & Co, Creative Mini Market, Willow Cleaners, Lincoln Park Cleaners, One Medical, Family Urgent Care, SugaringNYC, Salon Shiloh, Small Cheval, Trianon, Newberry Elementary Math & Science Academy, Chicago Fire Department Engine Company 22"
17031080100,8,7,"pharmacy, bicycle_rental, artwork, information, hotel, museum, museum, attraction","CVS Pharmacy, Ritchie Ct & Banks St, Hope and Help, Wooden Alley, Ambassador Hotel, Charnley-Pesky House Museum, International Museum of Surgical Science, Wooden Alley"
17031080201,9,7,"bicycle_rental, restaurant, doctors, supermarket, cafe, school, school, school, place_of_worship","Clark St & Schiller St, Peking Chinese Restaurant, Physicians Immediate Care, Potash Market, PiniPico empeñadas, Latin School of Chicago, Latin School of Chicago, Latin School of Chicago, Saint Chrysostoms Episcopal Church"
17031080202,13,8,"fast_food, supermarket, restaurant, restaurant, bar, bar, bar, restaurant, dentist, hotel, chemist, place_of_worship, place_of_worship","Dunkin', Jewel-Osco, 3 Arts Club Café, 3rd Coast Cafe, Butch McGuire’s, Division on the Rocks, Zebra Lounge, Eduardo's Enoteca, Dentologie, Claridge House Chicago, Tapestry Collection by Hilton, Walgreens, Chabad of the Gold Coast, First Saint Paul's Evangelical Lutheran Church"
17031080300,94,39,"bicycle, bank, fast_food, restaurant, fast_food, fast_food, pet, restaurant, bicycle_rental, interior_decoration, dentist, bank, fast_food, restaurant, bakery, hairdresser, beauty, beauty, restaurant, bar, bar, bar, bar, restaurant, restaurant, restaurant, ice_cream, restaurant, restaurant, fast_food, restaurant, bakery, bar, restaurant, spices, bar, restaurant, restaurant, pastry, restaurant, fast_food, fast_food, fast_food, cafe, second_hand, restaurant, fast_food, post_office, general, beauty, beauty, hairdresser, fast_food, convenience, apartment, convenience, restaurant, cafe, cafe, massage, bank, optician, veterinary, restaurant, pet, dentist, convenience, restaurant, pub, psychic, bicycle, coffee, theatre, tobacco, clinic, alcohol, hotel, bar, restaurant, bicycle, clothes, nutrition_supplements, library, restaurant, beauty, bar, bakery, restaurant, alcohol, place_of_worship, storage_rental, school, laundry, cafe","J. C. Lind Bike Co., Bank of America, McDonald's, Topo Gigio Ristorante, Dunkin', Papa John's, Bentley's Pet Stuff, Glunz Tavern, Wells St & Evergreen Ave, Finishing Touches Interiors, Brighter Dental of Old Town, Byline Bank, Potbelly, Adobo Grill, La Fournette, State St. Barbers, Elite Nails SK Spa, Magnifique Nail Salon, Two Lights Seafood & Oyster, The Rabbit Hole, 80 Proof, Old Town Ale House, SUITE Lounge, The Fireplace Inn, Benchmark, Old Town Pour House, Jeni's Splendid Ice Creams, Broken English Taco Pub, Happy Camper Old Town, Small Cheval - Wells, The VIG Chicago, The Fudge Pot, LG’s Bar, Kamehachi, Old Town Oil, Old Town Pub, Woodie’s Flat, Old Jerusalem, Insomnia Cookies, Cafe Sushi, Taqueria Express - Mr. Gyros, Sarpino's Pizzeria, Quiznos, Philz Coffee, Mercy Beaucoup! Resale Boutique, Gallucci Pizzeria Napoletana, Cilantro Taco | Grill, The UPS Store, Judy Maxwell Home Genrl Store, 7 am, New Image Works Medical Spa, Old Town Barbershop, Subway, Stop and Shop, Zen Loft, Green Apple Mini Mart, Fish Bar, Kanela Breakfast Club, Starbucks, Massage Envy, PNC Bank, MyEyeDr., Near North Animal Hospital, Nepal House, Old Town Aquarium, Old Town Dental Care, Sherry's Food Mart, Kayao, BATSU!, Old Town Psychic Chakra Studio, Cal's Corner, Zanies, Up Down Cigar, Planned Parenthood, The House of Glunz, Marshall Hotel, Declan's, China Doll, Village Cycle Center, Sara Jane, IVME Hydration Clinic, Near North Branch Library, Orso's, Old Town Nails, Burton Place, The Spice House, Pazza Pizza, Galleria Liquors, Immaculate Conception Church, US Storage Centers, Franklin Fine Arts Center, Kapéj Coffee"
17031080400,25,21,"bicycle, fast_food, optician, cafe, bicycle_rental, bicycle_rental, car_rental, restaurant, fast_food, psychic, mobile_phone, restaurant, restaurant, beauty, dentist, bakery, veterinary, artwork, fire_station, copyshop, clinic, place_of_worship, estate_agent, supermarket, school","Yojimbo's Garage, Panera Bread, Pearle Vision, Starbucks, Clybourn Ave & Division St, Sedgwick St & Schiller St, Enterprise, Station Chophouse, Domino's, Spiritual Wisdom, AT&T, Al Halal Zaiqa, Hom Mali Thai and Sushi on North Ave, European Wax Center, Chicago Smile Design, Sweet Vegan Bakery, Old Town Animal Care Center, Time is the Enemy (Revisited), Chicago Fire Department Engine Company 4, Minuteman Press, Winfield Moody Health Center, Kingdom Hall of Jehova's Witneesses, James Sotheby's International, Jewel-Osco, Manierre Elementary School"
17031081000,43,18,"theatre, cafe, bicycle_rental, bicycle_rental, bicycle_rental, car, fast_food, restaurant, kindergarten, restaurant, cafe, restaurant, fast_food, bicycle_rental, restaurant, restaurant, fast_food, bank, fast_food, pharmacy, veterinary, fast_food, beauty, alcohol, snack, cafe, car, car, car, car, college, library, place_of_worship, car, car, place_of_worship, place_of_worship, language_school, restaurant, bank, place_of_worship, school, place_of_worship","Moody Bible Auditorium, Starbucks, Clark St & Chicago Ave, Clark St & Elm St, Dearborn Pkwy & Delaware Pl, Napleton's Aston Martin, Mr Gyros, Blue Door Kitchen & Garden, Cornerstone Children's Learning Center, Chicago Q, Joe’s Coffee, La Storia, The Halal Guys, Wells St & Elm St, Can't Believe It's Not Meat, Hashbrowns, Jimmy John's, Chase, Wingstop, CVS Pharmacy, Vetique, Deep Purpl, The Lash Lounge, Enrich Market, ingrained, Nimble, Bentley Gold Coast, Alfa Romeo Chicago, Lamborghini Gold Coast, Honda of Downtown Chicago, Moody Bible Institute, The Newberry Library, Annunciation Greek Orthodox Cathedral, Perillo BMW, Fletcher Jones VW & Audi, Church of the Ascension, LaSalle Street Church, Alliance Française de Chicago, Pizano's Pizza & Pasta, U.S. Bank, Christ the Savior Orthodox Church, Salazar Bilingual Center, The Church of Jesus Christ of Latter-day Saints"
17031081100,37,15,"fast_food, doityourself, bicycle_rental, restaurant, fast_food, restaurant, restaurant, restaurant, health_food, bar, restaurant, bar, bar, bar, restaurant, clothes, cafe, fast_food, restaurant, fast_food, clothes, cafe, bank, optician, restaurant, convenience, cafe, bank, fast_food, cafe, restaurant, place_of_worship, pub, school, place_of_worship, clothes, hotel","Subway, Gordon's Maple Ace Hardware, State St & Pearson St, Brown Bag Seafood Co., Velvet Taco, Somerset, Devereaux, Maple & Ash, Chicago Health Foods, Eight Bar and Patio, Friends Ramen, Sparrow, The Hangge-Uppe, The Lodge Tavern, Lou Malnati's Pizzeria, Bella Bianca, Big Shoulders Cafe, Vin Tea, Friends Sushi, Mister J's Dawg And Burger, Indochino, Chicago tea house, Chase, Lens Crafters, Adalina, Circle K, Dolci Amori, North Community Bank, Dunkin', Foxtrot Market, Dublin's Bar and Grill, Chicago Sinai Congregation, Hopsmith, Ogden International School, Harvest Chicago Cathedral, Urban Outfitters, Viceroy Chicago"
17031081201,141,33,"college, jewelry, cafe, cafe, clothes, clothes, clothes, clothes, clothes, clothes, clothes, bank, clothes, restaurant, clothes, optician, cafe, clothes, clothes, chemist, bar, museum, clothes, fast_food, car, shoes, clothes, clothes, hotel, stationery, studio, fashion_accessories, clothes, clothes, clothes, clothes, clothes, hairdresser, bar, bakery, restaurant, watches, restaurant, cafe, restaurant, restaurant, restaurant, cafe, restaurant, bar, cafe, cafe, cafe, restaurant, restaurant, cafe, restaurant, bakery, restaurant, restaurant, food_court, car, restaurant, hotel, clothes, supermarket, fast_food, fast_food, fast_food, clothes, clothes, clothes, fashion_accessories, clothes, jewelry, clothes, clothes, clothes, clothes, car, car, car, artwork, clothes, clothes, clothes, clothes, clothes, clothes, jewelry, clothes, bag, clothes, clothes, optician, houseware, artwork, clothes, clothes, jewelry, clothes, clothes, jewelry, clothes, clothes, clothes, clothes, bureau_de_change, car, clothes, clothes, fast_food, bank, nutrition_supplements, money_transfer, fast_food, watches, clothes, clothes, clothes, clothes, restaurant, restaurant, restaurant, hotel, university, place_of_worship, mall, place_of_worship, hotel, hotel, hotel, hotel, hotel, hotel, fast_food, clothes, clothes, hotel, ice_cream, department_store","Loyola Law School, Wedding Bands & Co., La Borra Cafe, Tempo Cafe, Aritzia, H&M, Peter Millar, Saint Laurent, Marc Jacobs, Suitsupply, Moncler, Citibank, Dior, La Colonial, Versace, Oliver Peoples, Starbucks, Wilson, Madewell, Walgreens, Bernard's Bar, Loyola University Museum of Art, Canada Goose, Devil Dawgs, Rivian, Tod's, Tom Ford, Dolce & Gabbana, Baumhart Lodging at Loyola University Chicago, Gold Coast Couture, Mireille's Studio, Van Cleef & Arpels, Jil Sander, Escada, Pomellato, St. John, Paul Stuart, Merchant & Rhoades, Streeter's Tavern, Sprinkles Cupcakes, Gibson's Bar & Steakhouse, Shinola, Spiaggia, Starbucks, Doc B’s Restaurant + Bar, Fig & Olive, Hendrickx Belgian Bread Crafter, Hugo’s Frog Bar & Fish House, The Esquire Champagne Room, Wellness Grub, Joe & The Juice, Petit Margeaux, Alpana, Margeaux Brasserie, Nespresso, NoMI Kitchen, Le Royale Icing & Specialty Cakes, Le Colonial, Bistronomic, Aster Hall, Bentley Gold Coast, Mozzarella Store, Pizza & Caffè, Park Hyatt Chicago, AllSaints, Potash Markets - State Street, Pollo Campero, Taco Bell, Chick-fil-A, Max Mara, Michael Kors, J.Crew, Montblanc, Gucci, Buccellati, Chanel, Hermès, Giorgio Armani, Loro Piana, Maserati of Chicago, Lamborghini Gold Coast, Rolls-Royce Motor Cars Gold Coast, Allow Me, Club Monaco, Emporio Armani, Marella, Lululemon, Kate Spade New York, Esprit, Kendra Scott, Bonobos, Tumi, Psycho Bunny, UNTUCKit, Sunglass Hut, Sur La Table, Archbishop Quigley, North Shore Exchange in the City, My Sister's Circus, Cartier, Patagonia, Tory Burch, Harry Winston, VINCE., Maje, COS, Brandy Melville, New Chicago Rush Currency Exchange, Inc., Rivian, Maje, Arc'teryx, Epic Burger, PNC Bank, GNC, Western Union, Chipotle, Panerai, Vuori, Celine, Moncler, Brunello Cucinelli, Tavern on Rush, Sweet Vegan Bakes, Flaco's Tacos, Sofitel Chicago Magnificent Mile, Loyola University Water Tower Campus, Chapel of St. James, 900 North Michigan, Fourth Presbyterian Church, The Whitehall Hotel, Selina Hotel Chicago, The Walton Residence, The Talbott Hotel, Four Seasons Hotel Chicago, Waldorf Astoria Chicago, McDonald's, Lululemon, Prada, Thompson Chicago, Jeni's Splendid Ice Creams, Bloomingdale's"
17031081202,26,14,"restaurant, restaurant, optician, cafe, restaurant, bar, bar, cafe, bicycle_rental, clothes, bank, restaurant, bag, shoes, cosmetics, mobile_phone, clothes, gallery, restaurant, hotel, hotel, restaurant, place_of_worship, cafe, cafe, bicycle_rental","Bistrot Zinc, Carmine’s, Warby Parker, La Colombe Coffee, LuxBar, Movie Mondays at the Drake’s Palm Court, Palm Court, Lavazza, Rush St & Cedar St, Abercrombie & Fitch, Bank of America, Coq d'Or, Away, Dr. Martens, bluemercury, T-Mobile, On, Ivory Gate Gallery, The Bellevue, The Drake Hotel, Elms Hotel, The Original Pancake House, Lake Shore Drive Synagogue, Whispers Coffee & Tea, Oak Street Beach Café, Michigan Ave & Oak St"
17031081300,80,28,"hotel, restaurant, viewpoint, bakery, bicycle_rental, bicycle_rental, watches, cafe, fast_food, bank, shoes, theatre, clothes, artwork, cafe, toys, cafe, restaurant, restaurant, restaurant, fast_food, cafe, cafe, restaurant, bar, bar, restaurant, restaurant, clothes, restaurant, cafe, post_office, fashion_accessories, clothes, watches, jewelry, watches, cafe, toys, museum, sports, restaurant, fast_food, clothes, fast_food, clothes, sports, clothes, clothes, cosmetics, atm, clothes, fashion_accessories, clothes, clothes, clothes, clothes, shoes, clothes, clothes, cosmetics, clothes, optician, clothes, ice_cream, fast_food, clothes, museum, mall, fire_station, hotel, hotel, hotel, hotel, hotel, hotel, library, bicycle_rental, ticket, theatre","The Ritz-Carlton Chicago, The Cheesecake Factory, 360 Chicago, Glazed and Infused, Michigan Ave & Pearson St, Mies van der Rohe Way & Chicago Ave, Omega, Starbucks, M Burger, Chase, Hanig's Footwear, Broadway Playhouse at Water Tower Place, Victoria's Secret, Ben, Cafecito, Lego, American Girl Cafe, Dos Toros, Benihana, Le Petit Paris, Do-Rite Donuts & Chicken, Fusion Poke, La Colombe Cafe at the Ritz Carlton, Marisol, Martini Bar, Seasons Bar, Wildberry, Harry Caray's 7th Inning Stretch, The North Face, Francesca's on Chestnut, Dollop, John Hancock Post Office, Bvlgari, Louis Vuitton, Breitling, David Yurman, Vacheron Constantin, M Burger, American Girl, Chicago Sports Museum, Finish Line, Harry Caray's, Auntie Anne's, Locker Room, Garrett Popcorn Shop, Aeropostale, Adidas, Altar'd State, American Eagle Outfitters, Bath & Body Works, Cardtronics, Chico's, claire's, Eileen Fisher, Express, Free People, Hollister, Johnston & Murphy, Lacoste, Lids, Sephora, Soma, Sunglass Hut, White House Black Market, Red Mango, Jamba, Ragstock, Museum of Contemporary Art, Water Tower Place, Chicago Fire Department Engine Company 98, Hilton Chicago/Magnificent Mile Suites, Millennium Knickerbocker Hotel Chicago, Raffaello Hotel, Sonesta ES Chicago Downtown Magnificent Mile, The Westin Michigan Avenue Chicago, DeWitt Place, Water Works, Chicago Public Library, Mies van der Rohe Way & Chestnut St, Lookingglass Theatre Company"
17031081401,71,25,"library, fast_food, atm, bicycle_rental, pharmacy, cafe, bag, shoes, clothes, fast_food, cafe, pharmacy, pharmacy, outdoor, department_store, clothes, bar, fast_food, hotel, restaurant, cafe, coffee, cafe, cafe, restaurant, cafe, cafe, restaurant, bicycle_rental, restaurant, restaurant, cafe, restaurant, cafe, restaurant, bar, restaurant, hotel, hotel, restaurant, fast_food, restaurant, bakery, artwork, watches, confectionery, restaurant, place_of_worship, clinic, clothes, shoes, college, clothes, information, restaurant, college, university, hospital, hospital, hotel, hotel, restaurant, hotel, hotel, clothes, hotel, hotel, hotel, bicycle_rental, artwork, artwork","Northwestern University Law Library, Panera Bread, St Clair St & Erie St, Walgreens, Starbucks, Tumi, Salvatore Ferragamo, Zegna, Dunkin', Cafe Descartes, Walgreens, Walgreens, Orvis, Neiman Marcus, Nike, GreenRiver, McDonald's, Hotel EMC2, TGI Fridays, Do - Rite Donuts & Chicken, Café L’appetito, Argo Tea, Corner Bakery, Do-Rite Donuts & Chicken, Harry’s Cafe, Stan's Donuts & Coffee, RAMEN-SAN, Fairbanks Ct & Superior St, The Windsor, The Capital Grille, Jazzman’s Cafe, Mariposa, Sky Café, The Albert, The Living Room Bar, Les Nomades, Hampton Inn & Suites Chicago Downtown/Magnificent Mile, Homewood Suites by Hilton Chicago Downtown/Magnificent Mile, Beatrix, Panera Bread, Woodwind, Sweet Mandy B’s, Family, Rolex, It'Sugar, Ron of Japan, Mathews Chapel, Northwestern Medicine Imediate Care, H&M, Converse, Northwestern University Feinberg School of Medicine, Givenchy, CAVA, Northwestern Univertsity Pritzker School of Law, Northwestern University Chicago Campus, Northwestern Memorial Hospital, Ann & Robert H. Lurie Children's Hospital, The Wade, Hotel Audrey, Gino's East, Warwick Allerton Hotel Chicago, Fairfield Inn & Suites Chicago Downtown/Magnificent Mile, Burberry, Hyatt Centric Chicago Magnificent Mile, The St. Clair Hotel, Hotel Riu Plaza Chicago, McClurg Ct & Erie St"
17031081402,123,30,"restaurant, cinema, bicycle_rental, pub, fast_food, atm, fast_food, gift, bar, cafe, restaurant, pub, viewpoint, studio, artwork, department_store, ferry_terminal, restaurant, cafe, gallery, restaurant, restaurant, restaurant, museum, attraction, ticket, ticket, ticket, ticket, ticket, ticket, ticket, bicycle_rental, restaurant, bakery, bakery, cafe, bar, restaurant, restaurant, cafe, bar, bakery, bar, restaurant, ticket, ticket, picnic_site, picnic_site, picnic_site, picnic_site, picnic_site, bar, studio, viewpoint, ferry_terminal, ferry_terminal, information, ferry_terminal, ferry_terminal, ferry_terminal, ferry_terminal, ferry_terminal, ferry_terminal, ferry_terminal, ferry_terminal, ferry_terminal, ferry_terminal, information, information, information, museum, fast_food, restaurant, restaurant, bicycle, boat_rental, artwork, artwork, restaurant, ferry_terminal, ferry_terminal, information, information, ice_cream, ice_cream, gift, attraction, fast_food, artwork, information, bicycle_rental, hotel, attraction, events_venue, theatre, bar, attraction, theatre, bus_station, attraction, bar, theme_park, attraction, ticket, information, attraction, attraction, events_venue, bar, theatre, bar, bar, theatre, theatre, theatre, bar, artwork, taxi, attraction, attraction, attraction, artwork","Bubba Gump Shrimp Company, Navy Pier IMAX Theatre, McClurg Ct & Ohio St, Harry Caray's Tavern, McDonald's, Caffè Oliva concession, Margaritaville, Starbucks, Robert's Pizza Company, Billy Goat Tavern, WBEZ 91.5 FM, Crack The Whip, Target, Navy Pier (River Route), Pinstripes, Starbucks, Ogilvie Pertl Gallery, Kanela Breakfast Club, Xurro, Riva Crabhouse, Dreihaus Gallery of Stained Glass, The Wave Wall, Chicago Elite, Spirit of Chicago, Mystic Blue, Shoreline Sightseeing, Tall Ship Windy, Odyssey Lake Michigan, Seadog Cruises, Streeter Dr & Grand Ave, Casa Margarita, Brown Sugar Bakery, Churro Factory, Cupitol Coffee & Eatery, Flamingo Bar & Grill, Giordano's Pizzeria, Harry Caray’s Tavern, Riva Crabhouse, Tiny Tavern, Molly’s Cupcakes, Winter’s Jazz Club, IDOF - I Dream Of Falafel, Shoreline Sightseeing, Shoreline Sightseeing, Billy Goat Tavern & Grill, Jim and Kay Mabie Performance Studio, Shoreline I, Shoreline II, Seadog I, Seadog II, Seadog III, Seadog IV, Odyssey, Windy, Spirit of Chicago, Mystic Blue II, Mystic Blue I, Shoreline, Chicago Children's Museum, Buona, Carson's Ribs, Pinched, Bobby's Bike Hike, Bobby's Kayak, William Shakespeare, Lirica, Shoreline Sightseeing, Shoreline Sightseeing, Kilwins, Frio Gelato, Making History, Flyover, AD&B, Illinois & Michigan National Heritage Corridor, Bike & Roll, Sable at Navy Pier, Navy Pier, Aon Grand Ballroom, Navy Pier Skyline Stage, Carousel, Polk Bros Park City Stage, Navy Pier Terminal, Centennial Wheel, Pier Park, Wave Swinger, Pier Park, Peoples Energy Welcome Pavillion, Pier Park Mini-Golf, Light Tower, Festival Hall, Navy Pier Beer Garden, Chicago Shakespeare Theater, El Sol, Offshore Chicago, Captain on the Helm, Drop Tower, Tea Cups, The Butterfly House, Bob Newhart Statue & Couch"
17031081403,133,47,"ferry_terminal, social_centre, picnic_site, bank, fast_food, restaurant, artwork, cinema, restaurant, bicycle_rental, bicycle_rental, cafe, bank, cosmetics, convenience, supermarket, restaurant, cafe, artwork, artwork, post_office, fast_food, restaurant, restaurant, fast_food, convenience, studio, bank, wine, pharmacy, bank, studio, cafe, restaurant, bar, fast_food, fast_food, post_office, beauty, florist, optician, beauty, fast_food, pet, hairdresser, ferry_terminal, supermarket, cafe, restaurant, dentist, fast_food, artwork, restaurant, restaurant, coffee, fast_food, bar, cafe, restaurant, bar, cafe, cafe, bar, restaurant, restaurant, fast_food, cafe, restaurant, restaurant, restaurant, viewpoint, artwork, viewpoint, viewpoint, picnic_site, picnic_site, ferry_terminal, ferry_terminal, ice_cream, pub, artwork, art, clinic, restaurant, bicycle_rental, restaurant, pub, cafe, attraction, shoes, shoes, clothes, jewelry, boat_rental, school, ferry_terminal, ferry_terminal, bicycle, fast_food, veterinary, doctors, cafe, gift, beauty, bank, fast_food, restaurant, massage, hotel, hotel, restaurant, artwork, artwork, artwork, police, bakery, pub, attraction, studio, hotel, social_facility, hotel, hotel, hotel, hotel, clothes, hotel, police, hotel, electronics, bar, university, bicycle_rental","Shoreline Sightseeing, Columbia Yacht Club, First American Bank, Chipotle, Timothy O’Toole’s Pub, AMC River East 21, Caffè Oliva, Fairbanks Ct & Grand Ave, Cityfront Plaza Dr & Pioneer Ct, Yolk, Chase, Sephora, 7-Eleven, Whole Foods Market, Indian Garden, Dollop Coffee, Nathan Hale, Jean Baptiste Point Du Sable, Streeterville Post Office, Potbelly, Dao, Gyu-Kaku, Burrito Beach, 7-Eleven, Univision Chicago, Chase, Uncork It!, Walgreens, BMO, Labriola, Sayat Nova, Second Story Bar, Jersey Mike's Subs, Jimmy John's, The UPS Store, Nail Perfection, City Scents, Eye Society, European Wax Center, Bombay Wraps, Kriser's, Floyd's Barber Shop, Navy Pier (Lake Route), Bockwinkel's, Illy, Niu Japanese Fusion, Dentologie, Garrett Popcorn Shops, Chicago Rising from the Lake, Nando's, Bandera Restaurant, Cafe Michelle, Dunkin', Chi Bar, Cityfront Cafe, Copper Fox Gastropub, D4 Irish Pub & Cafe, Glass & Cup Coffee And Wine Bar, Stan's Donuts & Coffee, The Red Star Bar, Volare Ristorante Italiano, Michael Jordan’s Steak House, JuiceRx, The Link@Sheraton Cafe, ETA Restaurant + Bar, The Hampton Social, Poke Poké, North Overlook, Jack Brickhouse, South Overlook, Anita Dee II, Anita Dee I, Baskin-Robbins, Lizzie McNeill‘s Irish Pub, George Wellington ""Cap'n"" Streeter, Wall Art Prints, Chicago Lakeside VA Clinic, Egg Harbor Cafe, New St & Illinois St, Ed Debevic's, Monarch and Lion, Starbucks, Museum of Ice Cream, UGG, Allen Edmonds, Men's Wearhouse, Pandora, Urban Kyaks, Roofing Academy X, Odyssey Chicago River, Michigan Avenue, 3rd Coast Cycles, GoodVets Streeterville, Medrina, Starbucks, Souvenir City, Citibank, Taco Bell Cantina, Minghin Cuisine, Massage Envy, DoubleTree Hotel Chicago - Magnificent Mile, Hilton Grand Vacations Club Chicago Magnificent Mile, Monarch&Lion, Illinois Conservation Police, Paris Baguette, Casa Chi, Columbia Yacht Club, NBC Tower, InterContinental Chicago Hotel, Ronald McDonald House, Embassy Suites by Hilton Chicago Downtown Magnificent Mile, Sheraton Grand Chicago, Courtyard Chicago Downtown/Magnificent Mile, Aloft Chicago - Magnificent Mile, Aritzia, Ivy Hotel, Chicago Marine Safety Station, Loews Chicago Downtown, Apple Store, Miller Lite Beer Garden Grove, DuSable Harbor"
17031081500,174,45,"pub, pharmacy, art, restaurant, hotel, bar, supermarket, ice_cream, bicycle_rental, bicycle_rental, restaurant, restaurant, hairdresser, jewelry, cinema, restaurant, hotel, confectionery, bank, restaurant, clothes, cafe, clothes, restaurant, department_store, artwork, hotel, fast_food, restaurant, books, restaurant, cafe, bar, restaurant, clothes, clothes, pub, clothes, cosmetics, clothes, bakery, restaurant, furniture, bar, museum, houseware, clothes, hotel, restaurant, department_store, ticket, restaurant, restaurant, nightclub, cafe, bar, restaurant, restaurant, restaurant, bar, restaurant, restaurant, restaurant, restaurant, restaurant, restaurant, restaurant, cafe, restaurant, bar, restaurant, bar, restaurant, restaurant, fast_food, restaurant, bar, cafe, confectionery, restaurant, clothes, cosmetics, fast_food, convenience, restaurant, bar, restaurant, cafe, bar, bar, cafe, cafe, bar, chocolate, cafe, cafe, cafe, bar, cafe, cafe, ferry_terminal, restaurant, bicycle_rental, bicycle_rental, convenience, restaurant, restaurant, convenience, hotel, pharmacy, restaurant, artwork, fast_food, ferry_terminal, ferry_terminal, ferry_terminal, restaurant, casino, clothes, fast_food, cafe, sports, car_rental, car_rental, cannabis, artwork, beauty, bag, shoes, clothes, clothes, clothes, clothes, clothes, cosmetics, clothes, fashion_accessories, post_office, clothes, optician, fast_food, fast_food, jewelry, cosmetics, fast_food, clothes, cafe, fast_food, toys, mall, department_store, hotel, place_of_worship, hotel, restaurant, restaurant, hotel, hotel, hotel, hotel, hotel, clothes, hotel, hotel, cafe, hotel, restaurant, hotel, mall, hotel, artwork, taxi, place_of_worship, school","Billy Goat Tavern, Walgreens, R.H. Love Galleries, Jake Melnick's Corner Tap, The Royal Sonesta Chicago River North, Pops For Champagne, Trader Joe's, Pinkberry, State St & Kinzie St, Wabash Ave & Grand Ave, Weber Grill, Joe's Seafood, Prime Steak & Stone Crab, Medinah Barber Shop, Tiffany & Company, AMC Dine-In 600 North Michigan 9, California Pizza Kitchen, Courtyard Chicago Downtown/River North, Ghirardelli's, Bank of America, The Purple Pig, Under Armour, Peet's Coffee, Zara, Grand Lux Cafe, Saks Fifth Avenue, Benito Juárez, The Langham, Chicago, Shake Shack, Sable Kitchen & Bar, After-Words, Lao Sze Chuan, Cafe L'Appetito, Upstairs at Gwen, RL, Anthropologie, Nordstrom Rack, Pippin's Tavern, Levi's, Kiehl's, Armani Exchange, Glazed and Infused, Bongiorno's Cucina Italiana & Pizzeria, Room & Board, Jimmy, Richard H. Driehaus Museum, Jonathan Adler, Polo Ralph Lauren, State and Grand by BridgeStreet, Giordano's Pizzeria, Marshalls, Wendella Boat Rides, Shaw’s Crab House, P.F. Chang's, Andy's Jazz Club & Restaurant, Grand Lux Cafe, Blue Frog's Local 22, Benny's Chop House, Star of Siam, Eddie V’s Prime Seafood and Steaks, Bodega, Fleming's, Big Bowl, Steak 48, Bijan's Bistro, Rosebud on Rush, Silver Spoon Thai Restaurant, Friends Sushi, Sunny Side Up & Coffee Shoppe, Beacon Tavern, Broken Shaker Chicago, Doc B's Fresh Kitchen - River North, Rebar, Shanghai Terrace, Pierrot Gourmet at The Peninsula, Sweetgreen, Travelle Kitchen + Bar, Watershed, Starbucks, Sugar Factory, 437 Rush, Victoria's Secret, Ulta Beauty, Subway, 7-Eleven, 676 Restaurant & Bar, Birreria, Bongiorno’s Italian Deli & Pizzeria, Cafe Integral, The Berkshire Room, The Lobby, The Peninsula Traditional Afternoon Tea, West Town Bakery, Z Bar, Leonidas, Stan's Donuts & Coffee, Joe & The Juice, L.A. Burdick Handmade Chocolates, Rush Bar & Lounge, Nordstrom Ebar Artisan Coffee, Lavazza, Michigan Avenue, Brightwok Kitchen, Rush St & Hubbard St, Rush St & Superior St, 7-Eleven, Goddess and the Baker, Gordon Ramsay Burger, 7-Eleven, The Gwen, CVS Pharmacy, Lou Malnati's Pizzeria, Ludwig Mies van der Rohe, Potbelly, Wendella Tours - Dock 3, Wendella Tours - Dock 4, Wendella Tours - Michigan Avenue, Eataly, Bally's, Hugo Boss, Jimmy John's, Mojo Coffee, Hoka, Enterprise, Hertz, Wake-N-Bakery, Wings of Mexico, The Skin Bar at Ulta Beauty, Coach, Vans, Tommy Bahama, Hugo Boss, Dolce & Gabbana, Brunello Cucinelli, Chicago Cubs Team Store, L'Occitane, UNTUCKit, MCM, FedEx Office, White House Black Market, Sunglass Hut, Panda Express, Chick-fil-A, APM Monaco, Aesop, Potbelly, DXL Men's Apparel, TE'AMO Boba Bar, Panera Bread, Build-A-Bear Workshop, The Shops at North Bridge, Nordstrom, Trump International Hotel & Tower Chicago, Holy Name Cathedral, The Peninsula Chicago, Su Casa Mexican Restaurant, Pizzeria Due, Hotel 55 Chicago Downtown, Omni Chicago Hotel, AC Hotel Chicago Downtown, Hilton Garden Inn Chicago Downtown/Magnificent Mile, Residence Inn Chicago Downtown Magnificent Mile, Ikram, ACME Hotel Company, Chicago Marriott Downtown Magnificent Mile, Starbucks Reserve, Holiday Inn Express Chicago - Magnificent Mile, Pizzeria Uno, Freehand Chicago, The Shops at North Bridge, Homewood Suites by Hilton Chicago Downtown, The Gentlemen Statues, St. James Episcopal Cathedral, Frances Xavier Ward School"
17031081600,78,22,"cafe, supermarket, bank, restaurant, cafe, restaurant, fast_food, houseware, convenience, supermarket, hotel, hotel, restaurant, language_school, restaurant, bar, restaurant, restaurant, restaurant, bar, bar, pub, bar, restaurant, bar, restaurant, bar, fast_food, restaurant, restaurant, restaurant, bar, restaurant, fast_food, ice_cream, bakery, bar, nightclub, cafe, bar, restaurant, restaurant, bar, bicycle_rental, restaurant, dry_cleaning, convenience, restaurant, bank, cafe, restaurant, bar, boat_rental, post_depot, restaurant, restaurant, convenience, beauty, restaurant, cafe, restaurant, fast_food, restaurant, doctors, museum, hotel, hotel, restaurant, restaurant, pub, hotel, restaurant, hotel, hotel, theatre, restaurant, restaurant, bicycle_rental","Starbucks, Jewel-Osco, Bank of America, NYC Bagel Deli, Starbucks, Quartino Ristorante, Subway, Bed Bath & Beyond, 7-Eleven, Whole Foods Market, Grand Plaza, Manilow Suites at The Grand Plaza, Tortoise Supper Club, Instituto Cervantes, Flora Fauna, Rossi’s Liquors, Radio Room, Dough Bros Pizzeria & Sub Shop, El Hefe Mexican Restaurant, O'Callaghan's, Theory, Snickers Bar & Grill, Fremont, True Food Kitchen, The Redhead Piano Bar, Portsmith, Apogee, M Burger, Katana, Osteria Via Stato, Roy's Restaurant, SPIN Chicago, STK Chicago, Subway, Cold Stone Creamery, Beautiful Morning Chicago, Foundation Room, Howl at the Moon Chicago, Southern Cut Cafe, Leviathan, Yolk - Marina City, Parlor Pizza Bar, Jojo's Shake Bar, Dearborn St & Erie St, Tzuco, Brite Tailoring Dry Cleaners, Circle K, House of Blues, Wells Fargo, Philz Coffee, Gemini Grill, Rocbar, Chicago Electric Boat Company, FedEx, La Grande Boucherie Chicago, Olio E Piu, North Loop Market, Four Seasons, Kyuramen, TBAAR, Ummo, Taco Maya, Life Cafe, Concord Medical Center, Illinois Holocaust Museum Presents Experience360, Kinzie Hotel, Hampton Inn & Suites Chicago - Downtown, Harry Caray's Italian Steakhouse, Blue Sushi Sake Grill, Mother Hubbard's Sports Pub, Embassy Suites by Hilton Chicago Downtown, Cantina Laredo, Eurostars Magnificent Mile, Hotel Chicago Downtown, Autograph Collection, House of Blues, Smith & Wollensky, Legal Sea Foods, State St & Chicago Ave"
17031081700,168,40,"bar, pub, university, restaurant, restaurant, pub, fast_food, bicycle_rental, bar, cafe, cafe, restaurant, restaurant, restaurant, hotel, hotel, hotel, hotel, antiques, restaurant, restaurant, cafe, hairdresser, restaurant, restaurant, restaurant, restaurant, bar, restaurant, restaurant, restaurant, restaurant, restaurant, restaurant, restaurant, bar, restaurant, restaurant, restaurant, restaurant, restaurant, restaurant, restaurant, restaurant, restaurant, nightclub, restaurant, restaurant, restaurant, restaurant, restaurant, pub, bar, restaurant, restaurant, restaurant, bar, restaurant, restaurant, bar, restaurant, restaurant, bar, cafe, bar, restaurant, restaurant, restaurant, restaurant, restaurant, restaurant, restaurant, bicycle_rental, nightclub, bar, restaurant, restaurant, coffee, coffee, cafe, bar, bar, restaurant, restaurant, bar, restaurant, restaurant, bar, restaurant, bakery, bar, restaurant, restaurant, restaurant, restaurant, convenience, cannabis, department_store, restaurant, chemist, fast_food, clothes, restaurant, veterinary, alcohol, convenience, hairdresser, fast_food, bank, cosmetics, information, bank, cafe, appliance, ferry_terminal, bar, fast_food, antiques, restaurant, restaurant, cafe, cafe, restaurant, bakery, dry_cleaning, pub, pastry, restaurant, hairdresser, beauty, fire_station, restaurant, hotel, events_venue, erotic, hotel, bank, bar, post_office, restaurant, social_facility, hotel, fuel, convenience, restaurant, social_facility, bar, restaurant, veterinary, bar, car_repair, nightclub, fast_food, dentist, social_facility, hotel, hotel, pharmacy, fast_food, fast_food, cafe, restaurant, carpet, motel, hotel, hotel, restaurant, artwork","Pepper Canister, Brehon Pub, IIT Institute of Design, Chicago Cut Steakhouse, India House, O'Leary's Public House, Jimmy John's, LaSalle St & Illinois St, Three Dots and a Dash, Starbucks, Heritage Outpost, Xoco, Topolobampo, Frontera Grill, Residence Inn Chicago Downtown/River North, SpringHill Suites Chicago Downtown/River North, Hyatt Place Chicago / River North, Aloft Chicago City Center, The Golden Triangle, The Kitchen, Old Crow Smokehouse - River North, Big Shoulders Coffee, Van Cleef Salon, River Roast, Zarella Pizzeria & Taverna, Sunda, RPM Italian, The Kerryman, Chicago Chop House, Beatrix, Mastro's Steakhouse, Roka Akor, Slurping Turtle, Hubbard Inn, Joy District Chicago, The Baton Show Lounge, Ema, Siena Tavern, Planta Queen, RPM Steak, Barrio, Nonnina, Untitled Supper Club, Havana Grill, Mercadito, Celeste, Moe's Cantina, Highline Bar + Lounge, Taco Joint, Tanta, Café Iberico, Centennial Crafted Beer & Eatery, Clark Street Ale House - River North, Chicago Winery, Bar Cargo, Big Wig Tacos & Burritos, The Boss Bar, CAVA, Da Lobsta, Enolo Wine Cafe, Freshii, Il Porcellino, La Mez Agave Lounge, Left Coast Food, Mom's Place - A Chicago Gathering Spot, NAHA, Pizzeria Ora Chicago, Protein Bar, Seoul Taco, Sushi-san, Taketei Sushi River North, Troquet River North, LaSalle Dr & Huron St, Bodega, Celtic Crossing, avec, 320 River Bar, Cafe 300, Cafe 353, Caffè Umbria, Holloway’s Bar, Parlay, Mendocino Farms, RAMEN-SAN, W XYZ Bar, Wildfire, Zombie Taco, Marchesa, TAO, Molly’s Cupcakes, Moxy Chicago Downtown, RPM Seafood, The Smith, Pizzeria Portofino, Moti Cafe, 7-Eleven, Sunnyside, Target, Ambar, CVS Pharmacy, Agriculture - A Crop of Style, Liva at Chicago Winery, Companion Animal Hospital River North, Superior Wine & Liquor, Gold Coast Market, Top Shop Chicago, Einstein Bros. Bagels, Chase, bluemercury, PNC Bank, Gold Coast Cafe, World of Whirlpool, Chicago Riverwalk, Reid Bar, Subway, Antique Warehouse, Lil' Ba-Ba-Reeba!, No Vacancy, Happy Monday Coffee Roasters, Tary, Charlie Martin's, Goddess and the Baker, LaSalle Cleaners, Gus' Sip & Dip, Levain Bakery, Gingie, Levant Barber Shop, Gold Coast Beauty Spa, Chicago Fire Department Engine Company 42, Maggiano's Little Italy, Fairfield Inn & Suites Chicago Downtown/River North, Maggiano's Banquets, Te'Jay's Adult Books, The Westin Chicago River North, Bank of America, Point & Feather, Fort Dearborn Post Office, Lou Malnati's Pizzeria, Access Living, Best Western River North, BP, BP Shop, Fogo de Chão, Gilda's Club, Blue Chicago, Arbella, Anti-Cruelty Society, Fado Irish Pub, Midas, Mystique Night Club, Portillo's, River North Dental Center, St. Vincent Center, The Godfrey Hotel Chicago, Hotel Felix, Walgreens, Taco Bell, McDonald's, Firecakes Donuts, Bub City, The Rug Company, Ohio House Motel, Home2 Suites by Hilton Chicago River North, Moxy Chicago Downtown, Schneider Deli, Crossing"
17031081800,148,44,"restaurant, restaurant, restaurant, hotel, cafe, fast_food, fast_food, bicycle_rental, bicycle_rental, bicycle_rental, doityourself, pet, cafe, fast_food, bicycle_rental, bicycle_rental, furniture, cafe, pharmacy, nightclub, artwork, artwork, artwork, artwork, artwork, artwork, artwork, artwork, post_office, restaurant, tailor, stationery, dentist, artwork, restaurant, restaurant, restaurant, restaurant, restaurant, bar, restaurant, fast_food, nightclub, restaurant, bar, fast_food, restaurant, cannabis, restaurant, bar, restaurant, restaurant, restaurant, restaurant, bar, bar, bar, bicycle_rental, atm, restaurant, bar, restaurant, cafe, bar, cafe, nightclub, bar, cafe, cafe, restaurant, bicycle_rental, restaurant, cafe, bakery, restaurant, bar, bicycle_rental, bicycle_rental, cafe, cabinet_maker, restaurant, cafe, restaurant, furniture, copyshop, storage_rental, atm, post_office, convenience, restaurant, beauty, restaurant, clinic, cafe, pet, restaurant, place_of_worship, bicycle, restaurant, veterinary, furniture, furniture, kitchen, tiles, restaurant, courthouse, bar, gallery, furniture, hairdresser, bar, restaurant, beauty, fast_food, restaurant, clinic, restaurant, lighting, cafe, beauty, mall, place_of_worship, storage_rental, alcohol, restaurant, convenience, fuel, cannabis, gallery, restaurant, fuel, convenience, storage_rental, school, restaurant, restaurant, gallery, arts_centre, car_wash, gallery, restaurant, restaurant, bank, community_centre, artwork, coffee, taxi, bicycle_rental","Nick's Fishmarket Grill, Kinzie Chophouse, Prosecco, Holiday Inn Chicago Mart Plaza, Starbucks, Dunkin', Subway, Franklin St & Chicago Ave, Kingsbury St & Erie St, Wells St & Huron St, Gordon's Ace Hardware - Orleans, Petco, Starbucks, Subway, Orleans St & Merchandise Mart Plaza, Sedgwick St & Huron St, Maxalto, Doughnut Vault, CVS Pharmacy, Spybar, Aaron Montgomery Ward, Edward Albert Filene, George Huntington Hartford, John Wanamaker, Marshall Field, Julius Rosenwald, Frank W. Woolworth, Robert E. Wood, The UPS Store, Coco Pazzo, Nicholas Joseph, Paper Source, The Chicago Dental Studio, The Athlete, Union Sushi + Barbeque Bar, Cocoro Restaurant, Bavette's Bar & Boeuf, BIG & little's Restaurant, The Franklin Room, Gilt Bar, Le Select, Al's Beef, Sound Bar, Penelope’s Vegan Taqueria, Headquarters Beercade - River North, Mr. Beef on Orleans, SIFR, MOCA Modern Cannabis, Meli Cafe, Reverie, The Hampton Social - River North, Edie's All Day Cafe & Bar, Fabcakes, Ironside Bar & Galley, The Bassment, The Drifter Chicago, The Library, Wells St & Hubbard St, RockItCoin Bitcoin ATM, Griddle 24, Bounce Chicago, Billy Goat Tavern - at the MART, Caribou Coffee, Cityscape Bar, DropShot Coffee & Snack Bar, Electric Hotel, Shamrock Club, Infuse Coffee and Tea Bar, Peet's Coffee, Ciccio Mio, Orleans St & Hubbard St, Sweet Tooth Cafe, Joe & The Juice, Three Fox Five, Obélix, Janitor's Closet, Franklin St & Illinois St, Orleans St & Chestnut St (NEXT Apts), Starbucks, Eggersmann Kitchens Home Living - Chicago, 5411 Empanadas, Blue Bottle Coffee, Brown Bag Seafood Co., Gianni, FedEx Office, Extra Space Storage, FedEx Office, Millenial Mart, Avli, LaserAway, Kai Sushi, Passport Health River North Travel Clinic, Nomad, Pups Pet Club, Ikigai, Saint Peregrine Shrine, Kozy's Cyclery, Can't Believe It's Not Meat, BLVD Vet River North, Roche Bobois, Ligne Roset, Studio41, daltile, Indienne, Chicago Administration Hearings Department, Machine Cocktail Bar, Zolla/Libermann Gallery, Manifesto, State Street Barbers - River North, Y Bar, Jet's Pizza, GOAT Wellness, Dunkin', Soul Vibez, Midwest Express Clinic, Egg Harbor Cafe, Lightology, Marshall’s Landing, Thread Away, Merchandise Mart, Assumption Roman Catholic Church, The Lock Up, Binny's Beverage Depot, Brett's Kitchen, BP Shop, BP, Green Rose, Gruen Gallery, Hooters, Shell, Circle K, Public Storage, Le Cordon Bleu College of Culinary Arts, Gene & Georgetti, The Green Door Tavern, Carl Hammer Gallery, Marwen, Perimeter Gallery, Club Lago, Chase, Jesse White Community Center & Fieldhouse, Commemorative Ground Ring, Fairgrounds Craft Coffee and Tea, Kingsbury St & Kinzie St"
17031081900,14,11,"bicycle_rental, restaurant, bicycle_rental, cafe, clothes, dentist, beauty, e-cigarette, fast_food, pet, hairdresser, hairdresser, hairdresser, bank","Larrabee St & Kingsbury St, Texican, Larrabee St & Oak St, Starbucks, Unicorn World by Lola + The Boys, River Village Dental, H20 Nail Spa, Smoke Outlet, Jimmy John's, Kriser's Natural Pet, Goodman's Barber Lounge, Image Studios, Coil and Bloom at Image Studios, Chase"
17031090100,10,6,"fast_food, fast_food, fast_food, cafe, car_repair, place_of_worship, fast_food, car_repair, school, kindergarten","Mug's Pizza & Ribs, Nick's Drive-In, Chicken Inn, Amber’s Coffee Cake, Jiffy Lube, Saint Juliana Church, White Castle, Caliber Collision, Saint Juliana School, Stock Preschool"
17031090200,15,12,"fast_food, restaurant, convenience, bar, deli, cafe, fast_food, post_office, newsagent, fuel, funeral_directors, place_of_worship, cafe, place_of_worship, school","Dunkin', Zia's Trattoria, BP Shop, Emerald Isle, Tony’s Italian Deli & Subs, Soup & Scoops, Dunkin', The UPS Store, Kaage Newsstand, BP, Olson Funeral Home, Jehovahs Witnesses Norwood Park Unit, Café Touché, Edison Park United Methodist Church, Ebinger Elementary School"
17031090300,2,2,"bank, place_of_worship","Signature Bank, Edison Park Lutheran Church"
17031100100,33,17,"restaurant, bar, bar, bakery, bank, rental, fast_food, restaurant, alcohol, ice_cream, bicycle_rental, bicycle_rental, bicycle_rental, fast_food, funeral_directors, place_of_worship, fast_food, motel, restaurant, bank, funeral_directors, bank, fast_food, fast_food, school, place_of_worship, school, convenience, bank, fuel, post_office, beauty, beauty","Amitabul, Filonek’s, The Garage Bar & Sandwiches, Kazik Bakery, PNC Bank, U-Haul, Burrito House, Pasta D'Arte, Sky Liquors, Baskin-Robbins, Austin Ave & Milwaukee Ave, Hyacinth St & Milwaukee Ave, Highland Ave & Milwaukee Ave, Dunkin', Malec & Sons Funeral Home, Chicago Mosque, McDonald's, Esquire Motel, Chikago Pizza, Liberty Bank, Colonial-Wojciechowski Funeral Home, Wintrust Bank - Gladstone Park, Subway, Superdawg, Hitch Elementary School, Saint Tarcissus Roman Catholic Church, Saint Tarcissus School, 7-Eleven, Chase, Exxon, The UPS Store, Mademoiselle Salon, Top Nails"
17031100200,56,36,"pub, picnic_site, bakery, bar, bank, doityourself, fast_food, restaurant, beauty, tailor, dentist, travel_agency, clothes, antiques, restaurant, pet_grooming, car_wash, bar, car_wash, dentist, information, information, atm, pharmacy, supermarket, convenience, storage_rental, fast_food, cannabis, restaurant, bar, toys, place_of_worship, music_school, dentist, bank, veterinary, car_repair, bar, convenience, storage_rental, place_of_worship, bar, post_office, library, bank, school, school, picnic_site, picnic_site, mobile_phone, cafe, fuel, bicycle_rental, bus_station, beauty","Trinity Pub, Caldwell Woods Picnic Grove 2, Forest View Bakery, Iron Horse Ale House, U.S. Bank, Gordon's Norwood Park Ace Hardware, Subway, The Norwood Restaurant, Raven Street Salon, Norwood Cleaners, Dr. Joseph Sadowski M.D. Family Practice, Janus Travel, The Pearl Botique, A Peace of Vintage, Bangkok Belly, Pampered Paws Grooming, Norwood Park Hand Car Wash and Detailing, WineStyles, Mobil, City Edge Dental, Caldwell Preserves, Walgreens, Shop & Save Market, Mobil Mart, Public Storage, Blaze-N-Grill, Consume, Red Apple Polish Buffet, Little Bar, Chicagoland Toys and Hobbies, Rumija Islamic Center, Flatts and Sharpe Music Co., Endodontic Specialty Care, Chase, Avondale Animal Hospital, Cosmetic Auto, Coaches Bar and Grill, 7-Eleven, Safeguard Self Storage, Saint Thecla Roman Catholic Church, Newark Nook, Norwood Park Post Office, Roden Branch Library, PNC Bank, Onahan Elementary School, Saint Thecla School, Verizon, Starbucks, Mobil, Bike the Preserves, Milwaukee & Imlay Terminal, Lee Nail Salon"
17031100300,21,7,"social_facility, museum, social_facility, school, social_facility, social_facility, place_of_worship, place_of_worship, place_of_worship, social_facility, fire_station, place_of_worship, place_of_worship, place_of_worship, place_of_worship, fast_food, school, school, school, school, cafe","Norwood Park Senior Center, Norwood Park Historical Society, Resurrection Life Center, Taft High School, Danish Old Peoples Home, Senior Suites of Norwood Park, Norwood Park Presbyterian Church, Norwood Park Evangelical Lutheran Church, Immaculate Conception Roman Catholic Church, Resurrection Retirement Community, Chicago Fire Department Engine Company 119, Norwood Park United Methodist Church, Our Saviour Lutheran Church of Norwood Park, Church of the Full Gospel, Saint Alban's Episcopal Church, Brandy's Gyros, Norwood Park Elementary School, Resurrection High School, Immaculate Conception School, Edison Park Elementary School, Starbucks"
17031100400,5,5,"bakery;pastry, pharmacy, hospital, chemist, bank","House of Cakes, Walgreens, Resurrection Medical Center, Walgreens, First Nations Bank"
17031100500,24,18,"supermarket, bank, doityourself, car_parts, pet, car_wash, convenience, atm, clinic, restaurant, fast_food, fuel, restaurant, place_of_worship, community_centre, place_of_worship, place_of_worship, place_of_worship, library, fire_station, bank, school, school, bus_station","Jewel-Osco, Bank of America, Oriole Park Ace Hardware, O'Reilly Auto Parts, Pet Supplies Plus, Shell, Shell, Bank of America, Action Behavior Centers - ABA Therapy for Autism, Cozy Corner, Wendy's, Shell, Bakers Square, Bethel Community Church, Saint Eugene Parish Center, Saint Eugene Church, Saint James Lutheran Church, Saint Andrew Presbyterian Church, Oriole Park Branch Library, Chicago Fire Department Engine Company 11, Chicago Patrolmen's Federal Credit Union, Oriole Park Elementary School, Saint Eugene School, Harlem Blue Line Station"
17031100600,25,18,"variety_store, restaurant, fast_food, alcohol, beauty, fast_food, dry_cleaning, restaurant, bakery, bakery, cafe, ice_cream, convenience, pharmacy, paint, fast_food, fast_food, place_of_worship, car_parts, place_of_worship, restaurant, fuel, school, doctors, car_repair","Dollar Tree, Taco Burrito King, Nick's Gyros, Jay's Food & Liquors, Ms. Z Nails, Subway, Sam Cleaner, Dino's Pizza, Belarada, The Purple Tulip Cakery, Mather’s More Than a Cafe, Baskin-Robbins, BP Shop, CVS Pharmacy, Benjamin Moore, Popeyes, Dunkin', Saints Constantine & Helen Romanian Orthodox Cathedral, AutoZone, Saint Sophia Ukrainian Orthodox Church, Congas, BP, John Garvy Elementary School, Harwood Chiropractic, Ernie's Automotive"
17031100700,8,6,"pharmacy, place_of_worship, deli, bank, place_of_worship, chemist, school, school","Walgreens, Norwood Gospel Chapel, Nottoli Italian Foods, Liberty Bank, Saint Monica Roman Catholic Church, Walgreens, Beard Elementary School, Saint Monica School"
17031110100,21,16,"bakery, coffee, bar, bakery, cafe, beauty, bicycle_rental, bicycle_rental, dentist, lost_property_office, place_of_worship, fast_food, restaurant, bank, bank, social_centre, place_of_worship, restaurant, supermarket, fuel, car_wash","Baking For The Takin, Cafe Antigua, Corrib Irish Pub, European Classic Bakery, Yellow Rose Cafe, Liv Lash Boutique & Body Sculpt Spa, Lynch Ave & Elston Ave, Central Ave & Elston Ave, Smiles on Elston, CTA Forest Glen Garage, Grace Gospel Church, Duke's, Colletti's, Fifth Third Bank, First Nations Bank, Kolping Society of Chicago, Elston Avenue United Methodist Church, Smak Tak, Mariano's Fresh Market, Bus Wash"
17031110200,59,33,"convenience, alcohol, doctors, restaurant, variety_store, travel_agency, fast_food, car_parts, hardware, bar, art, laundry, bar, atm, dentist, doctors, alcohol, beauty, hairdresser, restaurant, fast_food, mobile_phone, dentist, bakery, bakery, bar, restaurant, convenience, bicycle_rental, bank, fuel, car_wash, mobile_phone, money_transfer, restaurant, restaurant, dentist, storage_rental, dentist, money_transfer, dentist, social_facility, dentist, social_centre, doctors, dentist, nutrition_supplements, deli, dentist, studio, dentist, bank, events_venue, paint, dentist, hairdresser, glaziery, car_parts, kindergarten","7-Eleven, Foremost Liquor Center, Immediate MD, Chinese Kitchen, Dollar Tree, American Travel Abroad, Subway, Advance Auto Parts, H&B True Value Hardware, Ham Tree Inn, Morgan Art Gallery, Gladstone Park Laundromat, Zachary's, Bank of America, Dr. Peter Wlodarczyk, DDS, Chicago Medical Health Group, Community Food & Liquor, Dream Nails, T'soma Hair Salon, Tuxpan Mexican Grill, Rosati's, T-Mobile, Oasis Family Dental, Chicago Sweet Connection, Sweet World Pastry, Vaughan’s Pub - NW Side, Paterno's Pizza, BP Shop, Menard Ave & Milwaukee Ave, Associated Bank, BP, BP, AT&T, Illinois Currency Exchange, Elly's Pancake House, Moy Lee Chinese Restaurant, Dr. Lawrence Rogus, DDS, Extra Space Storage, Medical Dental Clinic, US Money Express, Gordon J. Ziols, DDS, Senior Suites of Jefferson Park, Northwest Chicago Dental, Brotherhood of Achladokambiton Chicago, Dr. Bronislaw J. Orawiec, MD, Bright Smile Dental, Herbaland, Andy's Deli, Kyriaki Ades D.M.D General Dentistry, WCPT Radio Studios, Nova Dental, Bank of America, Lido Banquets, Paulson's Paint, Dr. Barbara L. Mousel, DDS, Continental Salon, Peterson Glass, AutoZone, Care-A-Lot Early Learning Center"
17031110300,24,16,"bar, atm, atm, greengrocer, hairdresser, fast_food, ice_cream, beauty, car_wash, car_repair, hairdresser, dojo, convenience, beauty, bicycle_rental, bar, convenience, place_of_worship, place_of_worship, place_of_worship, place_of_worship, fuel, restaurant, bank","Friendly Tavern, PNC Bank, Kordian's Market, European Hair Salon, Dunkin', Baskin-Robbins, Nail Care, Final Touch Hand Car Wash, Preferred Auto Service, Anna's Hair Salon & Spa, Tae Kwon Do, Gaelic Imports, Callista Beauty and Medical Spa, Higgins Ave & Austin Ave, Charlotte's Bar & Grill, 7-Eleven, Meditation Center of Chicago, Foster Avenue Baptist Church, Gladstone Park Lutheran Church, Citgo, The Big Top Restaurant, PNC Bank"
17031110400,20,18,"bakery, clinic, car_wash, storage_rental, car_repair, pharmacy, police, car_repair, restaurant, bar, hairdresser, dentist, florist, dry_cleaning, convenience, fuel, place_of_worship, place_of_worship, school, kindergarten","Beautiful Cakes, Central Higgins Medical Building, Splash Hand Car Wash, Public Storage, Firestone, Walgreens, Chicago Police Department 16th District, Auto Repair, Earl's BBQ, Bar 57 West, New Reflection Hair Salon, Dr. John Loos, DDS, Wall's Flower Shop, Trim N Tidy Cleaners, Mobil Mart, Mobil, Filipino Immanuel Baptist Church, Saint Constance Catholic Church, Saint Constance School, Pinocchio Child Care"
17031110501,10,10,"restaurant, artwork, veterinary, variety_store, bicycle_rental, school, wholesale, place_of_worship, kindergarten, doctors","Jet's Pizza, Forest Glen Animal Hospital, Dollar General, Farragut Ave & Central Ave, James B. Farnsworth Elementary School, Kirman Surplus Sales, The Church of the Chicagoans, Catalpa Early Childhood Center, Presence Medical Group"
17031110502,52,32,"tattoo, artwork, fast_food, fast_food, convenience, atm, convenience, mobile_phone, restaurant, hairdresser, restaurant, theatre, hairdresser, dentist, doctors, money_transfer, beauty, mobile_phone, restaurant, social_centre, dry_cleaning, pet, pet, hairdresser, dry_cleaning, restaurant, bar, ice_cream, alcohol, bicycle_rental, doors, school, cafe, college, fast_food, bar, bank, place_of_worship, place_of_worship, place_of_worship, arts_centre, gallery, social_centre, chemist, post_depot, bank, restaurant, restaurant, fast_food, cafe, taxi, bus_station","Chicago Town Ink, Thomas Jefferson Statue, Dunkin', Subway, 7-Eleven, ANG Convenience Store, Citi Wireless, Gorilla Sushi Bar, Quick-Cuts, Jefferson Park Grill, The Gift Theatre, Hair Express, Brighter Smile, Presence Medical Group, MoneyGram, Nail Experts, Metro by T-Mobile, Kawayan, Independent Order of Svithiod, Panda Cleaners, Pink Poodle Dog Grooming, Re-tails, Jefferson Park Hair Studio, Song's Cleaners, Excelsior Garden, Rex Tavern, Baskin-Robbins, Lis Food-Liquor, Milwaukee Ave & Ainslie St, Illinois Door, Beaubien Elementary School, Mr. B's Caribbean Grill, Northwestern College, Popeyes, Jefferson Inn, Huntington Bank, Calvary United Methodist Church, Jefferson Park English Lutheran Church, Eden United Church of Christ, Copernicus Center, Ed Paschke Art Center, Masonic Temple, CVS Pharmacy, Jefferson Park Post Office Annex, Parkway Bank, Gale Street Inn, Taqueria La Estrella, McDonald's, Weston's Coffee & Tap Co., Jefferson Park Transit Center"
17031120100,27,16,"pawnbroker, collector, tobacco, hairdresser, hairdresser, viewpoint, information, information, information, information, information, information, events_venue, motel, school, place_of_worship, fire_station, restaurant, dentist, tobacco, dentist, place_of_worship, place_of_worship, fast_food, storage_rental, bicycle_rental, school","Archie's Coins, Grayland Station, Trading Post Tobacco & Cigars, Rock Hair Scissors, Ann & David's Studio, North Branch Trail System Map, Wilewood, North Edgebrook, North Edgebrook, Wildwood Clubroom, Edgebrook Motel, Wildwood Elementary School, Saint Mary of the Woods Church, Chicago Fire Department Engine Company 79, Pampanga's Cuisine, Edgebrook Dental, Habano Cigar Lounge, Lehigh Dental, Edgebrook Community Church, Edgebrook Evangelical Free Church, Papa Chris' Place, CubeSmart, Bike the Preserves, Saint Mary of the Woods School"
17031120200,55,40,"bicycle, fast_food, restaurant, gift, tiles, ice_cream, hairdresser, restaurant, beauty, gift, beauty, car_rental, confectionery, dentist, clothes, supermarket, alcohol, pet, florist, bakery, childcare, restaurant, restaurant, bicycle_rental, information, cafe, artwork, bicycle_rental, library, place_of_worship, veterinary, bar, second_hand, doityourself, post_office, childcare, funeral_directors, bank, fast_food, dry_cleaning, supermarket, place_of_worship, school, place_of_worship, beauty, car_repair, convenience, fuel, marketplace, bus_station, restaurant, beauty, car_wash, shoe_repair, hairdresser","Edgebrook Cycle, Domino's, King Pho, Local Goods Chicago, Edgebrook Stone & Tile, Chocolate Shoppe Ice Cream, Nano's Hair & Day Spa, Villa Rosa Pizza Kitchen, S&J Nails, Donegal Imports, Paradise Nails and Spa, Chicago Private Car Service, Nuts 'N More, John J. Kelly DDS, Inspired, Whole Foods Market, Bottles and Cans, Pet Wants, A Vintage Bloom, Mona's Sweet Spot, Sunflower Early Learning Academy, El Tejado Mexican Grill, The Elephant, Egebrook Metra Station, Edgebrook Coffee Shop, Edgebrook, Le Mai Ave & Devon Ave, Edgebrook Branch Library, Saint Richard's Episcopal Church, Chicago Cat Clinic, City's Edge, My Sister's Closet, Edgebrook Ace Hardware, Edgebrook Post Office, Little Nest Care, Smith-Corcoran Funeral Home, Associated Bank, East of Edens, Glad Cleaners, Happy Foods, Edgebrook Lutheran Church, Edgebrook Elementary School, Edgebrook Evangelical Covenant Church, Skin Story Spa, Central & Caldwell Services Inc, BP Shop, BP, Edgebrook Farmers Market, Central & Caldwell Terminal, Ruk Sushi & Thai, Lee Nails, Kanellos Shoe Repair, Terry's Place"
17031120300,22,13,"clinic, restaurant, beauty, dry_cleaning, cafe, bank, fast_food, bicycle_rental, money_transfer, place_of_worship, bank, place_of_worship, kindergarten, place_of_worship, restaurant, place_of_worship, fast_food, clinic, school, school, community_centre, beauty","USA Natural Health Clinic, Chai Asian Bistro, Deluxe Nails, Eden's Cleaners, Starbucks, Chase, Subway, Kostner Ave & Devon Ave, Peterson-Cicero Currency Exchange, Sauganash Smiles, Wintrust Bank, Sauganash Community Church, School For The Young Years, Elim Romanian Penecostal Church, Backyard Grill, Queen of All Saints Basilica, Eden's Fast Food, NorthShore Immediate Care - Sauganash, Queen of All Saints School, Sauganash Elementary School, Kyrgyz Community Center, Belisima Donna"
17031120400,17,11,"fast_food, fast_food, bar, convenience, information, bicycle_rental, ice_cream, beauty, convenience, car_wash, fuel, place_of_worship, place_of_worship, convenience, place_of_worship, fuel, restaurant","Dunkin', Subway, Rabbit’s Bar and Grill, Eden's Food and Liquors, Elston Ave & Carmen Ave, Baskin-Robbins, EMerge Beauty & Wellness, Mobil Mart, Mobil, Forest Glen Baptist Church, Trinity Slovak Lutheran Church, Marathon, First Congregational Church of Forest Glen, Marathon, Bust Outs"
17031130100,67,35,"kindergarten, restaurant, restaurant, restaurant, childcare, bakery, variety_store, department_store, variety_store, optician, cafe, fast_food, fast_food, department_store, post_office, hairdresser_supply, mobile_phone, restaurant, restaurant, restaurant, shoes, beauty, cosmetics, bicycle_rental, bicycle_rental, bicycle_rental, artwork, restaurant, events_venue, picnic_site, clinic, social_facility, school, place_of_worship, place_of_worship, bank, doityourself, car_repair, garden_centre, fast_food, fast_food, car_parts, post_office, fast_food, car_repair, optician, fast_food, social_facility, storage_rental, place_of_worship, school, fire_station, place_of_worship, place_of_worship, museum, motel, motel, car_repair, bed, fast_food, motel, school, school, childcare, bus_station, picnic_site, hospital","Basic Beginnings, Hoanh Long, Tel Aviv Pizza, 5Lua, Little Angels, Simple Delights, Dollar Tree, Ross, Five Below, America's Best Contacts & Eyeglasses, Starbucks, Panera Bread, Wingstop, TJ Maxx, The UPS Store, Sally Beauty, T-Mobile, Shibam by Devon, Pho Le 777, Sushi World, Famous Footwear, American Nail Spa, Bath & Body Works, McCormick Blvd & Devon Ave, Ardmore Ave & Central Park Ave, Bernard St & Peterson Ave, Evita's Steakhouse, Peterson Clubrooms, Peterson Picnic Area, North River Mental Health, North Park Village, CICS Northtown Academy, Congregation Ohr Yisocher, Congregation Adas B'nai Israel, Chase, The Home Depot, Firestone, Taco Bell, Tropical Smoothie Cafe, AutoZone, Northtown Post Office, Popeyes, Midas, Pearle Vision, Burger King, Lincoln Village Senior Apartments, Extra Space Storage, Kollel Zichron Eliyahu, Joan Dachs Bais Yaakov Hebrew School, Chicago Fire Department Engine Company 89, Saint Odisho Church, North Park Village Chapel, North Park Village Nature Center, River Park Motel & Suites, Rio Motel, Acorns Goodyear, Mattress Prime, Panda Express, North Park Inn, Northside Learning Center High School, Solomon Elementary School, Ladybug & Friends Daycare, Pulaski & Peterson Terminal"
17031130200,28,20,"artwork, bar, fast_food, fast_food, car_wash, fast_food, restaurant, copyshop, doctors, dentist, information, wholesale, bicycle_rental, bicycle_rental, bicycle_rental, bicycle_rental, supermarket, place_of_worship, storage_rental, crematorium, picnic_site, storage_rental, charity, restaurant, fuel, convenience, social_facility, car_wash","Samuel Gompers Monument, Alarmist Brewing & Taproom, Dunkin', Jersey Mike's Subs, BP, Domino's, Mayflower, FedEx Office, Family Doctor, Family Dentist, Jong Boo Market, Keeler Ave & Carmen Ave, Kostner Ave & Bryn Mawr Ave, Granville Ave & Pulaski Rd, Kedvale Ave & Peterson Ave, Jewel-Osco, Yugoslavian Seventh Day Adventist Church, Extra Space Storage, Chapel & Crematorium, Irene C. Hernandez Picnic Shelter Grove 1, Public Storage, Habitat for Humanity ReStore, Mee Mah Restaurant, Peterson-Pulaski BP, BP Shop, The Salvation Army Chicago Metropolitan Headquarters, Nappa Car Wash"
17031130300,16,7,"school, place_of_worship, place_of_worship, restaurant, restaurant, ice_cream, restaurant, place_of_worship, place_of_worship, bakery, fast_food, fast_food, place_of_worship, convenience, place_of_worship, fast_food","Camelot School, Korean Evangelical Covenant Church of Chicago, Congregation Bais Tefila, Bryn Mawr Breakfast Club, Midori, Baskin-Robbins, Martino’s Italian Cuisine & Pizzeria, Congregation Beth Shalom Ahavas Achim, Church of Christ Presbyterian, BBC Bakery, KFC, Dunkin', Congregation Agudath Israel Bikur Cholim, 7-Eleven, Congregation Shaare Tikva B'nai Zion, McDonald's"
17031140100,10,7,"bank, fast_food, ice_cream, supermarket, supermarket, restaurant, jewelry, restaurant, ice_cream, place_of_worship","Chase, Dunkin', Baskin-Robbins, Lindo Michoacán, Sahar International Market, Halal Inn, Baladna Jewelry, Antepli Turkish Gourmet, La Michoacana, Korean Evangelical Covenant Church"
17031140200,28,14,"place_of_worship, atm, guest_house, bakery, restaurant, bakery, cafe, restaurant, bakery, fast_food, fast_food, laundry, pharmacy, supermarket, school, school, fast_food, mobile_phone, place_of_worship, bank, social_facility, place_of_worship, place_of_worship, place_of_worship, place_of_worship, school, social_facility, school","First Korean Methodist Church, Durango Bakery, Great Sea Chinese Restaurant, Tannourine Bakery, Ur Cafe, Kabobi Persian & Mediterranean Restaurant, Markellos Baking Company, Popeyes, Subway, Wash & Dry Coin Laundry, Mariam Pharmacy, Chicago Produce, Edison Regional Gifted Center, Albany Park Multicultural Elementary, Panda Express, Cricket Wireless, Makki Masjid, Albany Bank & Trust, American Indian Center, Madinah Masjid (sunni sufi qadri), Chicago Korean Seventh Day Adventist Church, First Korean United Methodist Church, Alliance Holiness Church, Hibbard Elementary School, Darul Amaan Senior Apartments"
17031140301,8,6,"restaurant, bakery, hairdresser, restaurant, convenience, mobile_phone, restaurant, stripclub","Lawrence Fish Market, Nak Won Korean Bakery, Cuenca's Family Haircut, Jerez, El-Jeeb, Metro by T-Mobile, Chicago Kalbi BBQ, Admiral Theatre"
17031140302,3,3,"supermarket, place_of_worship, school","Aldi, The Church of Jesus Christ of Latter-day Saints, Volta Elementary School"
17031140400,43,22,"restaurant, atm, bar, cafe, bar, bakery, bakery, bakery, atm, fast_food, department_store, variety_store, fast_food, fast_food, fast_food, cafe, fast_food, mobile_phone, restaurant, car_repair, fast_food, laundry, cafe, supermarket, bakery, pharmacy, chemist, place_of_worship, library, bank, restaurant, place_of_worship, bank, restaurant, pet, community_centre, variety_store, bank, mall, social_facility, school, mall, department_store","Hala In, Gamblers, Red Ribbon, Sunnyday Tap, Valerio's Tropical Bakeshop, Nazareth Sweets, Lalich Delicatessens, Jollibee, Ross, Five Below, Sarpino's Pizzeria, Chipotle, Smashburger, Starbucks, Pollo Campero, T-Mobile, La Fogata, Sun Auto Werks, Teriyaki Madness, Starbucks, Seafood City, Umaga Bakehouse, Walgreens, Walgreens, Mayfair Presbyterian Church, Mayfair Branch Library, Parkway Bank, Shibam, Dar Al-Hadith, Chase, Señor Pan Cafe, Petco, Sokol Community Center, Dollar Tree, First American Bank, Mayfair Commons Senior Living, Palmer Elementary School, Target"
17031140500,21,16,"bicycle_rental, seafood, money_transfer, bicycle_rental, restaurant, cafe, variety_store, garden_centre, restaurant, ice_cream, bank, fast_food, fuel, place_of_worship, car_parts, variety_store, doctors, convenience, police, place_of_worship, fast_food","Keystone Ave & Montrose Ave, The Fish Guy, Montrose Express, Karlov Ave & Lawrence Ave, Ssyal, Casa Cactus, Village Discount Outlet, Plant Shop Chicago, Mariscos El Barbas, Baskin-Robbins, Fifth Third Bank, Dunkin', Mobil, MASOM, AutoZone, Dollar Tree, Kidz Health, Mobil Mart, Chicago Police Department 17th District, Mayfair Lutheran Church, Wendy's"
17031140601,13,8,"mobile_phone, fast_food, fast_food, fast_food, hairdresser_supply, restaurant, hairdresser, restaurant, convenience, fuel, convenience, clothes, fast_food","Cricket Wireless, Subway, Little Caesars, Wingstop, Sally Beauty, Yummy Buffet, Johnny Blades Haircut, Taqueria La Fogata, 7-Eleven, Citgo, Citgo, Discovery Clothing Company, McDonald's"
17031140602,5,3,"fabric, school, clothes, school, school","Chicago Canvas Supply, Aspira Haugen Middle School, The Scent Queens Candle & Apothecary Shoppe, North River Elementary School, Haugan Elementary School"
17031140701,20,12,"restaurant, bakery, convenience, bakery, bakery, restaurant, bakery, bicycle_rental, fast_food, mobile_phone, post_office, restaurant, information, artwork, artwork, cafe, fast_food, ice_cream, second_hand, cafe","Salam, Al Khyam Grocery, Bakery & Restaurant, Blanz Pantry, Salgado's Bakery, Lebnan Sweets, SUBO Filipino Kitchen, New York Bakery, Christiana Ave & Lawrence Ave, Dunkin', T-Mobile, Chicago Post Office Station Q, Dulce De Leche Cafe, Hope and Renewal, Hope and Renewal, Khepri Cafe, GT’s Fast Food #2, La Michoacana, Village Thrift Store, Nighthawk Chicago"
17031140702,24,13,"cafe, charity, mobile_phone, bakery, cafe, restaurant, bakery, bicycle_rental, fast_food, supermarket, restaurant, restaurant, school, fire_station, place_of_worship, restaurant, car_parts, place_of_worship, place_of_worship, restaurant, fast_food, hardware, restaurant, place_of_worship","Starbucks, The Salvation Army, Boost Mobile, Alegre Bakery, Healthy Smoothies & Nutrition, Ixcateco Grill, La Casa del Pan Bakery, Drake Ave & Montrose Ave, Subway, Montrose Supermarket & Taqueria, Restaurant Los Molcajetes, Wok cuisine, Roosevelt High School, Chicago Fire Department Engine Company 124, Christ Evangelical Lutheran Church, Kale My Name, Advance Auto Parts, Saint Stephen of Decani Serbian Orthodox Church, Chicago Milal Church, Wok cuisine, McDonald's, Jay's True Value Hardware, Golden Crust Pizzeria, Tabor Evangelical Lutheran Church"
17031140800,24,16,"cafe, veterinary, convenience, restaurant, furniture, video_games, childcare, bar, coffee, bar, bakery, restaurant, bar, bicycle_rental, bicycle_rental, restaurant, information, restaurant, place_of_worship, variety_store, place_of_worship, bakery, social_facility, picnic_site","First Slice, Ravenswood Animal Hospital LLC, 7-Eleven, Brasa Roja, Rent-A-Center, GameStop, Ravenswood Manor Child Care, Angelo’s Wine Bar, Brü Coffeeworks, Peacock Liquors, La Baguette Bakery, Noon O Kabab, Oaza Restaurant, Leland Ave & Kedzie Ave, Manor Ave & Leland Ave, Maman Zari, Zaab E Lee, Renewed Hope UMC, TJ Dollar Bazaar, Our Lady of Mercy Roman Catholic Church, Senior Suites Ravenswood Manor"
17031150200,82,41,"restaurant, florist, laundry, sewing, doctors, dentist, computer, museum, restaurant, theatre, ice_cream, bakery, fast_food, hearing_aids, clothes, restaurant, beauty, arts_centre, arts_centre, fast_food, optician, newsagent, tobacco, money_transfer, beauty, clothes, furniture, massage, dentist, dentist, dentist, doctors, doctors, doctors, doctors, restaurant, beauty, bank, driving_school, cafe, bar, cafe, bar, bar, bicycle_rental, restaurant, paint, mobile_phone, convenience, restaurant, ice_cream, fast_food, collector, bicycle_rental, bicycle_rental, restaurant, fuel, place_of_worship, pharmacy, optician, bank, variety_store, fast_food, place_of_worship, car_repair, fast_food, convenience, cinema, bank, fire_station, convenience, fuel, fast_food, hardware, fast_food, fuel, fast_food, convenience, fuel, place_of_worship, school, bus_station","Las Tablas, Lorch Bros. Flowers, LaPorte Landromat, Singer, Athletico Physical Therapy, DentalWorks, Computer One, National Veterans Art Museum, Community Tavern, Filament Theatre, Josi's Frozen Yogurt, Six Corners Bakery, Subway, Miracle-Ear, Fantasy Costumes, Lomas Verdes, Today's Avon, Inside Out Art Studio, Chicago Ballet Center, Jimmy John's, Pearle Vision, City Newsstand, SMOKE ALOT WIRELESS, Western Union, Luxe Blue, Foxwill, Quest Modern Design, Kingston Reflexology, Associates for General Dentistry, Optima Family Dental, A&J Dental, Dr. Wanda Sygieda, Grand Vein Specialists Ever Clinic, Munoz Medical Center, Chicago Allergy Center, Ysabel’s Grill, Brothers Hair Design, Chase, Warsaw Driving School, Antojitos Colombianos, Babe’s On Milwaukee, City News Cafe, Di’s Den, Moonflower, Milwaukee Ave & Cuyler Ave, Simon Tacos, Sherwin-Williams, Verizon, Amoco, Bacci Pizzeria, Baskin-Robbins, Frank's Shrimp House, Maximum Distractions, Milwaukee Ave & Agatite Ave, Lavergne Ave & Lawrence Ave, Migos Fine Foods, Shell, Romanian Baptist Church, Walgreens, Visionworks, Parkway Bank, Dollar Tree, Burger King, Living Witness Apostolic Faith Temple, Pep Boys, Dunkin', Shell, Portage Theater, Bank of America, Chicago Fire Department Engine Company 108, BP Shop, BP, Johnny's Hot Dog Express, Smolka True Value Hardware, McDonald's, Amoco, Dunkin', BP Shop, BP, Saint John's Lutheran Church, Saint John School, Cicero & Pensacola Terminal"
17031150300,44,33,"bank, hairdresser, books, clothes, atm, artwork, car_parts, bank, laundry, restaurant, nutrition_supplements, hairdresser, hairdresser, bicycle, coffee, bakery, bar, cannabis, florist, deli, bicycle_rental, school, pharmacy, place_of_worship, pet_grooming, car, car_rental, fuel, convenience, alcohol, supermarket, bank, pastry, theatre, bank, place_of_worship, deli, hearing_aids, library, place_of_worship, post_office, school, school, car","Huntington Bank, House of Hair, Polonia Bookstore, I Am Trendii Boutique, Quarks VI, O'Reilly Auto Parts, Chase, The Friendly Wash Laundromat, China Star, Monk's Herb Center, Criss Hair Design, Goca's Hair Salon, Cosmic Bikes, Cafe Refreshed, Ideal Pastry, The Windsor Tavern, Columbia Care, 4 Get Me Not, Saravale Meat Market, Linder Ave & Montrose Ave, Portage Park Elementary School, Walgreens, Romanian Eastern Orthodox Church of Saint Mary, Bark Out Loud, Autobarn City Volkswagen, Enterprise, Mobil, Mobil Mart, Milwaukee Food & Liquor, Jewel-Osco, Hoyne Savings Bank, Ideal Pastry, Windy City Music Theatre, Hoyne Savings Bank, Our Lady of Victory Roman Catholic Church, Montrose Deli, SpectraSound, Jefferson Park Branch Library, Congregational Church of Jefferson Park, Jefferson Park Post Office, Vaughn Occupational High School, Our Lady of Victory School, Marino Chrysler Jeep Dodge"
17031150401,37,24,"pub, florist, restaurant, hairdresser, dentist, restaurant, beauty, beauty, dentist, video, hairdresser, computer, bar, restaurant, supermarket, bicycle_rental, dentist, clinic, restaurant, pub, fast_food, bar, place_of_worship, funeral_directors, place_of_worship, electrical, pastry, restaurant, dentist, alcohol, nutrition_supplements, deli, school, bank, cafe, bakery, bakery","Galvin's Public House, Casa Blanca Flowers, Taquería Amigo Chino, Art of Hair Beauty Salon, Lawrence Plaza Dental, A Taste of the Philippines, Illinois Nails, OM Spa, Marszalek Dental Clinic, Monica's Video, Simply Chic Beauty Salon, Computer Planet, Six Penny Bit, El Asadero Colombiano, La Bodega - Food Market, Menard Ave & Lawrence Ave, Chicago Center For Restorative Dentistry, Central Medical Clinic of Chicago, Smakosz Restaurant, Printer's Row Brewing, Dunkin', Brigadoon, Hungarian Baptist Church, Muzyka & Son Funeral Home, CSI Christ Church of Chicago, MGD Electric, Delightful Pastries, Broasted Chicken Royale, Klempka Dental, Prestige Liquors, Natural Beginnings Health Food, J & J European Deli, Ernst Prussing Elementary School, Chase, Starbucks, Sicilia Bakery, Sandy's Bakery & Deli"
17031150402,21,15,"fast_food, fast_food, laundry, fast_food, florist, bicycle_rental, artwork, school, fuel, convenience, ice_cream, convenience, fast_food, hardware, seafood, fast_food, variety_store, bank, place_of_worship, place_of_worship, car_repair","Scoop's, Pete's Pizzeria, Little Caesars, Dahlia Blooms, Mason Ave & Montrose Ave, Vasil Levski, Hyman Rickover Naval Academy, Shell, Shell, Mia's Gelato, 7-Eleven, DQ Grill & Chill, Crafty Beaver, Hagen's Fish Market, McDonald's, Dollar Tree, BMO, Sv. Ivan Rilski Bulgarian Orthodox Church, Community of Christ, Montrose Auto Clinic"
17031150501,4,4,"bicycle_rental, place_of_worship, funeral_directors, school","Melvina Ave & Giddings St, Saint Robert Bellarmine Roman Catholic Church, Lawrence Funeral Home, Saint Bellarmine School"
17031150502,22,15,"fast_food, restaurant, fast_food, cafe, restaurant, convenience, restaurant, jewelry, restaurant, convenience, post_office, deli, fuel, cinema, library, childcare, dry_cleaning, place_of_worship, childcare, school, school, social_facility","Tom & Jerry's Gyros, A's Restaurant & Pancake House, Flip, Perkolator, Bistro 6050, BP Shop, Pizza y Pan pa'ya, Magic Jug, Drake Quick Stop, The UPS Store, Qasr al Nakhil Grocery, BP, Patio Theater, Austin-Irving Branch Library, Little Scholars Learning Center, Norwood Cleaners, LightSource Foundation Church, Promiseland Learning Center, Smyser Elementary School, Providence Center, St. Mary of Providence"
17031150600,23,12,"place_of_worship, place_of_worship, bicycle, restaurant, bar, cafe, restaurant, cafe, dentist, clothes, clinic, childcare, childcare, place_of_worship, restaurant, bicycle_rental, bicycle_rental, hairdresser, place_of_worship, place_of_worship, fire_station, restaurant, place_of_worship","Nebo Lutheran Church, Nebo Lutheran Church Hall, Rudy's Cycle and Fitness, BRGRBELLY, Easy Street, Tea’se Tea Shoppe, Burgundy Restaurant, Chicago Billiard Cafe, Copeland Dental Care, J G Uniforms, Chicagoland Foot and Ankle, Kinder Academy Daycare, Happy Kids Preschool & Daycare Center, Shrine of the Sacred Heart Jesuit Millennium Center, Bluebird Portage Park, Grace St & Central Ave, Marmora Ave & Irving Park Rd, Aurora's Family Hair Care, Chicago Fil-Am Seventh-day Adventist Church, Portage Park Gospel Chapel, Chicago Fire Department Engine Company 94, Giordano's Pizzeria, Portage Park Evangelical Covenant Church"
17031150700,20,12,"school, bar, cafe, convenience, bicycle_rental, wool, bicycle_rental, cafe, tattoo, place_of_worship, fuel, car, place_of_worship, car, car, school, chemist, car, car, storage_rental","Portage Park Day Nursery, Sutherland’s Food & Spirits, Portage Grounds, BP Shop, Long Ave & Irving Park Rd, The Bloomin' Spindle, Laramie Ave & Irving Park Rd, Ciao Ciao Gelato Cafe, The Bridge Community Church, BP, Marino Chrysler Jeep Dodge, Fil-American Baptist Church, William P. Gray School, CVS Pharmacy, Mike Anderson Chevrolet, CubeSmart"
17031150800,37,20,"restaurant, motel, dojo, fast_food, restaurant, mobile_phone, money_lender, arts_centre, jewelry, hairdresser, mobile_phone, dentist, doctors, dentist, doctors, hairdresser, dentist, hairdresser, money_lender, clothes, restaurant, hairdresser, restaurant, beauty, fast_food, dentist, tattoo, bar, alcohol, bed, place_of_worship, place_of_worship, place_of_worship, school, restaurant, fast_food, car","Tata's Tacos, Irving Hotel - SRO, Midwest Academy of Tae Kwon Do, Mr. Submarine, Hong Kong Restaurant, T-Mobile, AmeriCash Loans, Rico Music & Art, Gato & Sons, Jesse's Barbershop, Metro by T-Mobile, Webster Dental Care, Dr. Kenneth Brocker, Irving Park Periodontics, Dr. Spencer & Dr. Blount-Odum, MVX Beauty Club, Cicero Irving Park Dental, Hairways, Enviros De Dinero, Rasenick's Workwear, Peru Criollo, Villa Roma, Six Corners Bistro, Town Nails, Domino's, Family Dental, Ink and Iron Custom Tattoo Studio, MCM Pub and Eatery, Binny's Beverage Depot, American Mattress, Saint Bartholomews Roman Catholic Church, Saint Thomas United Church of Christ, Lutheran Church of the Redeemer, Saint Bartholomew School, Culver's, Marino Chrysler Jeep Dodge"
17031151001,5,5,"bicycle_rental, supermarket, convenience, school, library","Leclaire Ave & Belmont Ave, Supermarket Martins, Food Market Santa Fe, Foreman College and Career Academy, Portage-Cragin Branch Library"
17031151002,14,11,"school, restaurant, convenience, laundry, fast_food, bicycle_rental, bicycle_rental, supermarket, social_facility, place_of_worship, fast_food, post_office, fast_food, car_parts","Midwest Christian Academy, Taqueria y Restaurant Poncitlan, 7-Eleven, J & B Laundromat & Dry Cleaners, Chinese Kitchen, Lamon Ave & Belmont Ave, Cicero Ave & Roscoe Ave, Tony's Fresh Market, After School Matters, Midwest Bible Church, McDonald's, Irving Park Post Office, KFC, AutoZone"
17031151100,17,13,"school, school, car_wash, bakery, bakery, cafe, bicycle_rental, driving_school, doctors, hardware, fast_food, fast_food, supermarket, place_of_worship, place_of_worship, convenience, fuel","Saint Ladislaus School, Mid-America Beauty School, Koziol Car Wash, Cake’n It - Home Bakery, Carnicerias Jimenez, Mather’s More Than a Cafe, Laramie Ave & Addison Ave, Progressive Truck Driving School Inc., Chicago Skin Clinic, Polski True Value Hardware, Popeyes, Taco Bell, Carniceria Jimenez, Saint Ladislaus Catholic Church, Saint Andrews Lutheran Church, Shell, Shell"
17031151200,14,11,"supermarket, fuel, bank, bar, bicycle_rental, bicycle_rental, dentist, school, variety_store, convenience, bank, pharmacy, hospital, school","Tony's Fresh Market, Marathon, Chase, Chicago by Night, Central Ave & Roscoe St, Major Ave & Addison St, Forever Dental - Belmont Avenue, Saint Patrick High School, Dollar Tree, Marathon, U.S. Bank, Walgreens, Community First Medical Center, Peter A. Reinberg Elementary School"
17031160100,15,11,"bar, bar, convenience, doctors, restaurant, cafe, bicycle_rental, dentist, car_repair, place_of_worship, place_of_worship, place_of_worship, museum, fuel, convenience","5th Province, Sidekicks, 7-Eleven, Swedish Medical Group - Mayfair, Mayfair Restaurant, Coffee Chat, Kenneth Ave & Lawrence Ave, Emergency Dentist of Chicago, Jiffy Lube, Mayfair Bible Church, Northwest Church of Christ, Mayfair United Methodist Church, Irish American Heritage Center, Marathon, Marathon"
17031160200,20,12,"variety_store, pub, bar, bar, bar, bar, bicycle_rental, bicycle_rental, bicycle_rental, car, social_facility, car, restaurant, restaurant, storage_rental, place_of_worship, laundry, place_of_worship, school, bakery","The Pursuit Supply Co., ERIS Brewery and Cider House, McNamara’s, O’Donnell’s, Old Irving Brewing, Lake Effect Brewing Company, Kilbourn Ave & Irving Park Rd, Knox Ave & Montrose Ave, Kildare Ave & Montrose Ave, Mid City Subaru, Lydia Childrens Home, Mid City Nissan, Chicago's Pizza, Tim Tim's Halal Grill, Extra Space Storage, Kingdom Hall of Jehovah's Witnesses, Saint Edward's Roman Catholic Church, Saint Edward School, Le Parisien"
17031160300,22,13,"bakery, bar, bar, restaurant, hairdresser, appliance, hairdresser, restaurant, restaurant, school, fire_station, fuel, bank, convenience, place_of_worship, place_of_worship, car_repair, car_repair, car_repair, place_of_worship, place_of_worship, bus_station","Cuenca’s Bakery, The Unforgettable Bar, The Cabin At Old Irving, Northside Grill, Robert Chavez Hair Studio, Sundberg America, Justin's Hair Design, Kunafa Nabulsia, Zebda, Belding Elementary School, Chicago Fire Department Engine Company 69, Shell, Huntington Bank, Shell, Fullness Presbyterian Church, Korean Catholic Church, Thom’s Four Wheel Drive and Auto Service, Carmex Mufflers and Brakes, Midas, Saint Athanasios & Saint Ioannis Greek Orthodox Church, Muslim Community Center, Irving Park & Keystone Terminal"
17031160400,36,24,"hairdresser, bakery, restaurant, bar, cafe, cafe, bar, library, bicycle_rental, fast_food, fast_food, funeral_directors, gallery, tattoo, gallery, art, doityourself, car_parts, bicycle, restaurant, community_centre, fuel, convenience, community_centre, place_of_worship, bank, clinic, convenience, fuel, car_repair, place_of_worship, supermarket, car_repair, variety_store, place_of_worship, place_of_worship","Doll Revolution, Cafe Urbano, Chicken Works & Salad Company, Hearth and Crust, Stay & Play Board Game Cafe, Lucky Charm Cafe, Paddy Mac’s, Independence Branch Library, Monticello Ave & Irving Park Rd, Dunkin', Dunkin', Midtown Funeral Home and Cremation Options, Color Club, Twisted Tattoo, Ruschman, Lot'sa, The Stripp Joynt, Genesis Auto Supply, DS Bicycles, The Sugar Hole, First Bulgarian Center, Citgo, Citgo, Irving Park Lutheran Church Parish Hall, Irving Park Lutheran Church, Wintrust - Mayfair, DaVita Dialysis, BP Shop, BP, Auto Body, Chicago Central Mosque & Islamic Center, Tony's Fresh Market, Andy's Collision Center, Famliy Dollar, Grace Evangelical Covenant Church, Bethel United Methodist Church"
17031160501,10,9,"bar, travel_agency, bakery, convenience, pharmacy, fuel, supermarket, car_parts, convenience, school","Surge Coffee Bar & Billiards - Albany Park, Quizhpi Express, Salgado’s Bakery, BP Shop, CVS Pharmacy, BP, Cermak Fresh Market, AutoZone, 7-Eleven, Patrick Henry Elementary School"
17031160502,12,9,"convenience, bar, bakery, bar, childcare, restaurant, restaurant, cafe, craft, convenience, bank, social_facility","Cactus Food & Liquors, T & A Too, Tanos Bakery, The Kedzie Inn, Rainbow School Daycare, House of Wah Sun, El Alebrije, Miko's Italian Ice, Inclement Craft, Sai Food Mart, Chase, G&A Senior Residence at Kedzie"
17031160601,15,9,"bakery, bicycle_rental, bicycle_rental, picnic_site, picnic_site, picnic_site, picnic_site, pub, school, bakery, chemist, bar, place_of_worship, fast_food, bicycle_rental","El Trigal Mexicana Bakery, Albany Ave & Montrose Ave, Francisco Ave & Montrose Ave, Horner Picnic Grove, Horner Picnic Grove, Templestowe Pub, Bateman Elementary School, Sanabel Bakery & Grocery, Walgreens, Montrose Saloon, Korean Christian Reformed Church, Emma's Fruitas, California Ave & Montrose Ave"
17031160602,19,11,"second_hand, bar, restaurant, convenience, fast_food, restaurant, laundry, bar, bar, restaurant, bar, bar, bicycle_rental, money_lender, money_transfer, place_of_worship, fast_food, convenience, fuel","Village Thrift Store, LeaderBar Drafthouse & Eatery, Easy Street Pizza & Patio, 7-Eleven, Subway, Lo's China Kitchen, Serbian Village, Brickhouse Bar & Grill, Raisu Japanese Fine Dining, Windy City Playhouse, Lizard’s Liquid Lounge, Whipple St & Irving Park Rd, Kedzie Irving Currency Exchange, Western Union, Celestial Church of Christ, Burger King, Shell, Shell"
17031160700,32,18,"hobby, restaurant, cafe, fast_food, restaurant, restaurant, laundry, laundry, paint, veterinary, music, fast_food, music, bicycle_rental, ice_cream, supermarket, fast_food, fast_food, bicycle_rental, restaurant, social_facility, school, antiques, chemist, place_of_worship, bar, place_of_worship, bar, restaurant, place_of_worship, kindergarten, school","Pj's Trick Shop, Mi Cuidad, Beograd Cafe, Dunkin', Dharma Garden, The Famous Taco Burrito, Mr Bubble, Sherwin-Williams, VCA Animal Hospital, The Music Store, Alex's Hot Dogs, Bloodshot Records, California Ave & Byron St, Baskin-Robbins, Dollar City, Taco Bell, KFC, Troy St & Grace St, The Churro Waffle, Paul House, Cleveland Elementary School, Lincoln Antique Mall, Walgreens, New Apostolic Church, Christina's Place, Bethany United Methodist Church, Pete’s Place, Cascabel Taco Joint, Gospel Chapel, TC Scholars Preschool, Chicago Jewish Day School"
17031160800,30,17,"laundry, pub, laundry, bar, bakery, restaurant, bicycle_rental, bicycle_rental, bicycle_rental, mobile_phone, restaurant, restaurant, restaurant, ice_cream, restaurant, second_hand, school, school, post_office, fast_food, place_of_worship, fast_food, bank, car_repair, pet, car_repair, restaurant, second_hand, convenience, fast_food","The Friendly Wash, Fuller's Pub, Spin It Up Laundry, Angie’s Bar & Grill, Cassava, Little Bucharest Bistro, Sawyer Ave & Irving Park Rd, Bernard St & Elston Ave, Drake Ave & Addison St, T-Mobile, Jet's Pizza, Munchies Gyros & Pizza, Burrito House, Baskin-Robbins, Lao Der, Community Donation Center, CICS Irving Park School, Murphy Elementary School, Daniel J. Doffyn Post Office, White Castle, Immaculate Heart of Mary Roman Catholic Church, Dunkin', U.S. Bank, Jiffy Lube, Pet Supplies Plus, Firestone, Little Bucharest Bistro, Unique Thrift Store, 7-Eleven, Chick-fil-A"
17031160900,9,8,"books, fast_food, restaurant, fast_food, community_centre, place_of_worship, school, convenience, fuel","Chicago Bibles & Books, Subway, JT's Genuine Sandwich Shop, McDonald's, Women’s Community Club Building, Park View Lutheran Church, Disney II Magnet School - Lawndale, Shell, Shell"
17031161000,19,10,"cafe, cafe, restaurant, bar, bicycle_rental, restaurant, restaurant, agrarian, pharmacy, restaurant, car_repair, place_of_worship, chemist, restaurant, place_of_worship, school, school, restaurant, restaurant","Berrista Coffee, Backlot Coffee, Chicago Taco Authority, Brudders Bar and Grill, Avondale Ave & Irving Park Rd, Shokran, Lou Malnati's Pizzeria, MoneyTree Genetics, Walgreens, La Villa Restaurant, Home of Harmony, Vivekananda Vedanta Society of Chicago, Walgreens, Golden Nugget Pancake House, Saint Viator Roman Catholic Church, Saint Viator Elementary School, Disney II Magnet School - Kedvale, Smoque BBQ, Hot Woks Cool Sushi"
17031161100,15,12,"cafe, fast_food, fast_food, bicycle_rental, gift, restaurant, bar, place_of_worship, place_of_worship, locksmith, storage_rental, place_of_worship, school, car_wash, clinic","Starbucks, Subway, Dunkin', Milwaukee Ave & Kilbourn Ave, Edible Arrangements, Leona's, The Booze Hound, Mount Olive Lutheran Church, Saint John's Episcopal Church, Bullis Lock Co., Extra Space Storage, Irving Park Baptist Church, Schurz High School, Express Car Wash, Northwestern Medicine Outpatient Center"
17031161200,6,5,"dojo, cafe, bicycle_rental, bicycle_rental, restaurant, school","Choi Karate Institute, Bia’s Café Marianao, Kilbourn Ave & Roscoe St, Kostner Ave & Belmont Ave, Astoria, Intrinsic Charter School"
17031161300,30,17,"restaurant, bar, restaurant, bar, cafe, bar, bakery, events_venue, bicycle_rental, ice_cream, car_repair, restaurant, mobile_phone, car_repair, supermarket, bakery, laundry, fast_food, doors, medical_supply, laundry, variety_store, bar, fast_food, restaurant, restaurant, restaurant, place_of_worship, fast_food, school","La Oaxaqueña, Live Wire Lounge, Big Bear Sushi & Thai, Belford Tavern, City Cafe, Hangovers Sports Bar and Liquor Store, Hellas Fillas, Avondale Music Hall, Addison St & Kedvale Ave, La Michoacana, Casa Caidas, Taqueria La Oaxaquena Restaurant, Total by Verizon, Crash Champions, Windy City Produce, La Baguette Mexican Bakery, Soap Box Laundry, McDonald's, A-Reliable Glass & Door Corp., Advanced Medical Supply, Speed Queen, Dollar Tree, PL Lounge, Los 2 Primos, Manee Thai, Brasa Roja, La Humita, All Saints Antiochian Orthodox Church, Wendy's, Scammon Elementary School"
17031170100,46,33,"school, theatre, atm, library, cafe, books, optician, ice_cream, fast_food, fast_food, supermarket, fast_food, bank, pharmacy, bureau_de_change, dentist, school, cafe, charging_station, cafe, bicycle_rental, cafe, hearing_aids, photo, nuts, hairdresser_supply, beauty, shoes, atm, bicycle_rental, artwork, beauty, hairdresser, bed, college, school, place_of_worship, fast_food, car_parts, bakery, vehicle_inspection, department_store, hospital, theatre, social_facility, school","New Horizon Center for the Developmentally Disabled, Stage Wright Theater, Affinity Optical, Baskin-Robbins, China Chef, Dunkin', Jewel-Osco, Subway, Huntington Bank, Osco Drug, J Kim Dental Ltd, Maryville Center for Children, SGA cafe, Eli’s Cheesecake, Harlem Ave & Irving Park Rd, Gosa Tea, Beltone, Victor Studio, Superior Nut Chicago, Sally Beauty, H&D Nails Spa, Skechers, Bank of America, Narragansett Ave & Montrose Ave, Nesewin - How to Breathe Underwater, H&D Nail Spa, Gallery of Hair, Discount Mattress, Wilbur Wright College, Chicago Latvian Krisjanis Barons School, Chicago Latvian Zion Lutheran Church, Burger King, AutoZone, Eli's Cheesecake Factory, Air Team Vehicle Emissions Testing Station, TJ Maxx, Chicago-Read Mental Health Center, Illinois Veterans' Home Chicago, Taft High School Freshman Academy"
17031170200,14,9,"school, school, bicycle_rental, bicycle_rental, clothes, second_hand, hairdresser, bed, place_of_worship, fuel, convenience, place_of_worship, place_of_worship, school","Messiah School, Saint Pascal's School, Meade Ave & Addison St, Narragansett Ave & Irving Park Rd, Kasia's Bridal & Special Occasion Boutique, Greater Goods Community Thrift, Betty's & Nick's, Sleep Haven Mattresses, Christadelphian Church, BP, BP Shop, Saint Pascal Roman Catholic Church, Messiah Lutheran Church, O A Thorp Scholastic Academy"
17031170300,25,16,"furniture, fast_food, supermarket, coffee, bar, ice_cream, bicycle_rental, bicycle_rental, fuel, convenience, post_office, restaurant, fuel, cafe, place_of_worship, place_of_worship, fast_food, fast_food, fast_food, car_repair, place_of_worship, fast_food, bank, convenience, school","Idea, Mr Zee's Famous Chicken, Montrose Food Mart & Deli, Café San Francesco, The Nest Bar & Eatery, Baskin-Robbins, Harlem Ave & Grace Ave, Newcastle Ave & Irving Park Rd, Shell, Shell, Roger P. McAuliffe Post Office, Jolly Inn Restaurant & Banquet Hall, BP, Starbucks, Saint John Syrian Orthodox Church, Norwood Bible Church, Mr. Beef & Pizza on Harlem, KFC, Wendy's, Mayer's, Martin Luther Lutheran Church, Dunkin', Old National Bank, BP Shop, Norman Bridge Elementary School"
17031170400,10,10,"mobile_phone, car_repair, bar, fast_food, optician, rental, bicycle_rental, fire_station, bank, place_of_worship","T-Mobile, BJ's Auto Repair, The Brewery, Jimmy John's, America's Best Contacts & Eyeglasses, U-Haul, Oriole Ave & Irving Park Rd, Chicago Fire Department Engine Company 86, PNC Bank, Forest Preserve Bible Church"
17031170500,12,8,"bar, bar, bicycle_rental, bicycle_rental, hairdresser, car_repair, funeral_directors, place_of_worship, place_of_worship, fast_food, fast_food, school","Draft Bar, Old 41 Saloon, Pittsburgh Ave & Irving Park Rd, Panama Ave & Grace St, Angie's Hair Studio, Uno Auto Service, Rago Brothers Funeral Homes, Saint Michael Lutheran Church, Irvingwood - Acacia Presbyterian Church, Bob-O's Hot Dog's, Lonnie's Pizzeria, Canty Elementary School"
17031170600,5,4,"bank, community_centre, place_of_worship, bank, school","Belmont Bank & Trust, Saint Francis Borgia Parish Hall, Saint Francis Borgia Church, Fifth Third Bank, Saint Francis Borgia School"
17031170700,4,3,"bicycle_rental, bicycle_rental, deli, bar","Orange Ave & Addison St, Overhill Ave & Belmont Ave, Nottoli & Son, Club Belmont"
17031170800,20,15,"school, cafe, fast_food, dentist, hairdresser, music_school, clothes, bicycle_rental, bicycle_rental, school, fast_food, variety_store, bakery, restaurant, fast_food, fast_food, bank, place_of_worship, library, kindergarten","Benson Art Beat, La Capannina Coffee, Domino's, Tunes and Taps, Annabella, Oketo Ave & Addison St, Roscoe St & Harlem Ave, Dever Elementary School, Taco Burrito King, Dollar Tree, Pasta Fresh, BarTucci, McDonald's, Franksville, Huntington Bank, Leyden Baptist Church, Dunning Branch Library, Dever Early Childhood Center"
17031170900,5,3,"bicycle_rental, bank, fast_food, fast_food, bank","Oconto Ave & Belmont Ave, Wintrust Bank Montclare Branch, Luke's on Harlem, White Castle, Bank of America"
17031171000,18,11,"pub, bar, bakery, restaurant, bar, fast_food, bicycle_rental, bicycle_rental, fast_food, school, fuel, convenience, convenience, restaurant, supermarket, place_of_worship, place_of_worship, fast_food","BG's Lounge, Cafe Prague, Smakowski Bakery, Jibarito’s on Harlem, OverTime Sports Bar and Grill, Dunkin', Shabbona Park, Narragansett Ave & School Ave, Lucky Dawgs, Our Saviour Lutheran School, Shell, 7-Eleven, Shell, Bia's Cafe Marianao, La Tienda Michoacana, Our Saviour Lutheran Church, Saint Priscillas Church, Taco Bell"
17031171100,11,7,"ice_cream, cafe, bakery, cafe, sports, fast_food, place_of_worship, fast_food, fast_food, place_of_worship, school","Baskin-Robbins, Cakes & Beyond, Wiklanski’s Bakery, New Waves Cafe & Deli, Winter Globe Ski Shop, The Dog Stop, Belmont Evangelical Church, Dunkin', Dunkin', Watson Park Congregational Church, Chicago Academy Elementary/High School"
17031180100,13,11,"place_of_worship, variety_store, bakery, bicycle_rental, bicycle_rental, laundry, electronics, car_repair, place_of_worship, pharmacy, social_centre, school, bus_station","Grace Evangelical Free Church, Family Dollar, Il Giardino Del Dolce, Oak Park Ave & Wellington Ave, Sayre Ave & Diversey Ave, Belmont Laundry, Level 5 future of technology, Jiffy Lube, Saint Gregory's Armenian Apostolic Church, Walgreens, VFW Armed Forces Post 8322, Locke Elementary School, Diversey & Neva Terminal"
17031190100,17,13,"department_store, bakery, ice_cream, fast_food, mobile_phone, mobile_phone, fast_food, dentist, storage_rental, mobile_phone, clothes, ice_cream, social_facility, car_parts, pharmacy, supermarket, restaurant","Burlington, Mr Cake, Baskin-Robbins, Dunkin', Boost Mobile, T-Mobile, Papa John's, ABC Dental, W.F. Halls Self Storage, Total by Verizon, Discovery Clothing Company, La Michoacana, Belmont Village Senior Apartment, O'Reilly Auto Parts, Walgreens, Walmart Supercenter, Breakfast House"
17031190200,21,14,"place_of_worship, school, place_of_worship, restaurant, ice_cream, fast_food, mobile_phone, hairdresser, supermarket, laundry, convenience, car_repair, fuel, fire_station, fast_food, place_of_worship, place_of_worship, place_of_worship, pharmacy, supermarket, school","Holy Communion Lutheran Church, Northwestern Business College, Smyrna Korean Presbyterian Church, Sol de Mexico, Baskin-Robbins, Little Caesars, Metro by T-Mobile, High Dynasty Fade Barbershop, Centro Fresh Market, WaveMAX Laundry, Citgo, Jiffy Lube, Citgo, Chicago Fire Department Engine Company 7, Dunkin', Maplewood Bible Baptist Church, Jehovahs Witnesses Northwest Unit, Evangel Assembly of God Church, Walgreens, Cermak Fresh Market, Falconer Elementary School"
17031190300,23,16,"school, fast_food, place_of_worship, restaurant, bakery, cafe, bakery, bakery, bicycle_rental, ice_cream, restaurant, money_lender, money_transfer, variety_store, charity, restaurant, fast_food, place_of_worship, bureau_de_change, place_of_worship, convenience, community_centre, fuel","Austin Special Sheltered Work Center, Taco Burrito King, Ministerio Renacer, Central Gyros, Gorski’s Bakery, Tutti Frutti Coffee Shop, Zorba’s Pastry Shop, Laramie Bakery & Deli, Long Ave & Belmont Ave, Baskin-Robbins, La Authentica De Guerrero, OneMain Financial, Western Union, Family Dollar, The Salvation Army, Golden Nugget, Dunkin', Iglesia Crstiana de la Familia, Laramie Diversey Currency Exchange, Northwest Community Church, Clark's Pump-N-Shop, The Miracle Center, Clark"
17031190401,21,13,"pub, artwork, artwork, bicycle_rental, clinic, restaurant, fast_food, hairdresser, restaurant, fast_food, dentist, place_of_worship, hairdresser, clinic, supermarket, events_venue, place_of_worship, place_of_worship, variety_store, school, school","New Polonia Club, Mulligan Ave & Wellington Ave, PCC Community Wellness Center, Jasmine Rise, Little Caesars, La Piri Resturant & Taqueria, Wendy's, Rapha Dental Care, Polskie Centrum Chrześcijańskie, Leroy Avenue Barbers, Carnicerias Guanajuato, Tono Banquetes, Northwest Church of God, Marantha Baptist Church, Dollar Tree, Mary Lyon Elementary School, Steinmetz College Prep"
17031190402,21,15,"convenience, nightclub, bar, convenience, bicycle_rental, bicycle_rental, restaurant, fast_food, mobile_phone, mobile_phone, place_of_worship, supermarket, social_facility, laundry, fuel, variety_store, place_of_worship, bank, place_of_worship, school, school","7-Eleven, Stereo Nightclub, J & A Sports Bar, BP Shop, Mason Ave & Belmont Ave, Central Ave & Wellington Ave, El Capitan Snacks and Cafe, Wingstop, Boost Mobile, Total by Verizon, Christ Lutheran Church, Aldi, New Life Family Center, SpinXpress Laundry, BP, Dollar General, Saints Cyril and Methodius Polish National Catholic Church, U.S. Bank, Saint Ferdinand Roman Catholic Church, Saint Ferdinand School, Marvin Camras Children's Engineering Elementary School"
17031190601,17,10,"school, bicycle_rental, bicycle_rental, bakery, alcohol, bicycle_rental, restaurant, laundry, place_of_worship, place_of_worship, events_venue, laundry, ranger_station, place_of_worship, place_of_worship, bank, school","Socrates Greek-American Elementary School, Narragansett Ave & Wrightwood Ave, Meade Ave & Diversey Ave, Panaderia ""La Luna No. 2"", DJ Wine & Spirits, Narragansett & Wrightwood, Marco's Beef & Pizza, Express Coin Laundry, Saint Nicholas Albanian Orthodox Church, Lago Banquet Hall, The Blue Kangaroo Laundromat, Riis Park Security, Trinity Evangelical Lutheran Church, Holy Trinity Greek Orthodox Church, Bank of America, Belmont-Cragin Elementary School"
17031190602,14,12,"bakery, hairdresser, bicycle_rental, ice_cream, fast_food, ice_cream, car, school, pharmacy, supermarket, car_parts, place_of_worship, social_centre, fast_food","Happy Cake Bakery, JV Hair Design, Mango Ave & Diversey Ave, Baskin-Robbins, Dunkin', Baskin-Robbins, Quick Sales Corporation, St. James School, Walgreens, Tony's Fresh Market, AutoZone, Saint James Roman Catholic Church, Alliance of Polish Clubs in the USA, Dunkin'"
17031190701,10,7,"school, school, convenience, bicycle_rental, car_wash, bicycle_rental, social_facility, mobile_phone, fuel, school","Logan Day Care Center for Retarded Children, Tiny Tots Day Care Center, Shell, Central Ave & Parker Ave, Shell, Long Ave & Diversey Ave, Northwest Center, T-Mobile, Shell, Schubert Elementary School"
17031190702,13,12,"kindergarten, school, chalet, musical_instrument, bicycle_rental, bicycle_rental, fast_food, mobile_phone, money_transfer, bank, convenience, place_of_worship, fuel","Galewood Pre-School and Day Care Center, Listening Skills Training Center, Casa Maggie, La Voz Hispana, Lockwood Ave & Wrightwood Ave, Central Ave & Altgeld St, Sbarro, Cricket Wireless, Western Union, Bank of America, Citgo, Citgo"
17031190800,19,10,"cafe, cafe, bicycle_rental, restaurant, variety_store, restaurant, bicycle_rental, car, car, car, convenience, fuel, school, supermarket, place_of_worship, convenience, fuel, school, place_of_worship","Señor Pan Café, Somethin’ Sweet Donuts, Cicero Ave & Wrightwood Ave, Hangry's, Dollar Tree, Pozoleria El Mexicano, Lavergne Ave & Diversey Ave, Alpha Motors, Windy City Motors, Midtown Toyota, Shell, Shell, Grace School, Morelia Supermarket, Saint Genevieves Roman Catholic Church, Marathon, Marathon, Saint Genevieve School, Grace English Evangelical Lutheran Church"
17031190900,11,9,"variety_store, bicycle_rental, post_office, fast_food, mobile_phone, fast_food, social_facility, fast_food, supermarket, bank, cafe","Family Dollar, Kilpatrick Ave & Parker Ave, The UPS Store, Subway, Cricket Wireless, Domino's, Senior Suites of Kelyvn Park, McDonald's, Aldi, Chase, Starbucks"
17031191000,15,10,"bakery, bakery, fast_food, mobile_phone, cafe, mobile_phone, ice_cream, bank, doityourself, car_parts, fast_food, fast_food, fast_food, car_wash, garden_centre","Babushka Bakery, Sherwood Room, Subway, AT&T, Starbucks, T-Mobile, Baskin-Robbins, Chase, The Home Depot, Advance Auto Parts, McDonald's, Dunkin', KFC, Sudz Express Car Wash"
17031191100,21,16,"place_of_worship, coffee, bakery, ice_cream, bicycle_rental, bicycle_rental, pharmacy, car, place_of_worship, school, restaurant, bank, chemist, post_office, fuel, place_of_worship, place_of_worship, fast_food, car_parts, convenience, car_parts","Free Pentecostal Church of the Living God, Cafeteria Marianao, La Luna Bakery Panaderia, Baskin-Robbins, Lavergne Ave & Fullerton Ave, Lamon Ave & Armitage Ave, Walgreens, AutoBank, Iglesia Evangelica Emanuel, Lloyd Elementary School, Paisans Pizzeria, Old National Bank, Walgreens, Cragin Post Office, Amoco, Saint Pauls Evangelical Lutheran Church, Iglesia Misionera Bautista North Avenue, Dunkin', NAPA Auto Parts, Amoco, AutoZone"
17031191200,18,12,"courthouse, bicycle_rental, bicycle_rental, fast_food, fast_food, mobile_phone, fire_station, place_of_worship, variety_store, school, police, school, community_centre, school, clinic, bus_station, school, school","Cook County Circuit Court Branches 23 & 29, Long Ave & Belden Ave, Lockwood Ave & Grand Ave, Subway, Dunkin', Boost Mobile, Chicago Fire Department Engine Company 68, Saint Stanislaus Bishop and Martyr Catholic Church, Family Dollar, Saint Stanislaus School, Chicago Police Department 25th District Station, Northwest Middle School, Christopher House, Prosser Career Academy, Belmont Cragin Health Center, Grand & Latrobe Terminal, Hanson Park Elementary School, Dr. Jorge Prieto Math and Science Academy"
17031191301,13,8,"bakery, bakery, social_facility, bicycle_rental, school, convenience, fuel, place_of_worship, place_of_worship, bed, convenience, school, fuel","Cloverhill Bakeries, Las Delicias, Safer Foundation, Meade Ave & Fullerton Ave, Burbank Elementary School, Shell, Shell, Saint John Bosco Roman Catholic Church, Christian Congregation Church, Mattress Firm, BP Shop, CICS West Belden School, BP"
17031191302,8,6,"place_of_worship, bakery, bicycle_rental, bicycle_rental, bicycle_rental, fast_food, convenience, fuel","Freeman Evangelical Lutheran Church of Chicago, La Dulce Bakery, Parkside Ave & Armitage Ave, Fullerton Ave & Monitor Ave, Mason Ave & Grand Ave, McDonald's, Falcon, Falcon"
17031200100,10,9,"restaurant, bicycle_rental, convenience, car_wash, fuel, restaurant, money_transfer, optician, fast_food, school","Poncitlan Jalisco, Kenosha Ave & Wellington Ave, Citgo, Citgo, Citgo, Cozy Corner Diner & Pancake House, Check Cashers, Spex, Burger King, Barry Elementary School"
17031200200,18,11,"place_of_worship, restaurant, convenience, cafe, restaurant, bakery, bicycle_rental, convenience, bicycle_rental, place_of_worship, place_of_worship, clinic, variety_store, fuel, laundry, school, fuel, convenience","Kelvyn Park Presbyterian Church, La Cabaña de Don Luis #3, Martha's Food Market, Stewarts Private Blend Coffee, Tacotlan, Newly Weds Foods, Keystone Ave & Fullerton Ave, BP Shop, Kostner Ave & Wrightwood Ave, Maranatha - The House of God / La Casa de Dios, Saint Stephens Evangelical Lutheran Church, Oak Street Health - Hermosa Primary Care, Dollar Tree, BP, Blue Kangaroo Laundromat, Kelvyn Park High School, Citgo, Citgo"
17031200300,10,9,"hairdresser, money_transfer, bakery, antiques, car, bar, place_of_worship, convenience, place_of_worship, fuel","Nuevo Estilo, Bakery Chef, Beyond Grandma's House, Joseph Motors, The Levee, Kildare Avenue Baptist Church, Shell, Church of God, Shell"
17031200401,7,6,"bakery, bakery, bicycle_rental, restaurant, alcohol, jewelry, place_of_worship","La Central Bakery, Hermosa, Kilbourn Ave & Belden Ave, Googoo's Table, MKR Food & Liquor, Madrid Jewelry, Saint Timothy Evangelical Lutheran Church"
17031200402,17,12,"place_of_worship, place_of_worship, school, bakery, bar, bar, laundry, bicycle_rental, restaurant, community_centre, fuel, fast_food, place_of_worship, museum, place_of_worship, convenience, school","Church of God, Bible-Way Pentecostal Church, Prince of Peace Lutheran School, Guadalajara Bakery, Pipeworks Brewing, Uncle Mikes Sports Bar, Wash U Coin Laundry, Karlov Ave & Armitage Ave, El Azteca, Segundo Ruiz Belvis Cultural Centertr, Shell, Dunkin', Hermosa-Salem United Methodist Church, Walt Disney Birthplace House, Saint Paul Congregational Church, Shell, William Nixon Elementary School"
17031210100,45,28,"pub, bar, bank, video_games, variety_store, restaurant, restaurant, restaurant, alcohol, ice_cream, restaurant, bicycle_rental, internet_cafe, veterinary, restaurant, shoes, dentist, hairdresser_supply, shoes, mobile_phone, clothes, clothes, beauty, bicycle_rental, bicycle_rental, bicycle_rental, events_venue, theatre, cannabis, events_venue, fast_food, theatre, place_of_worship, convenience, fuel, convenience, fast_food, bakery, school, fire_station, department_store, fast_food, fast_food, fast_food, school","Kuma’s Corner - Belmont, Chief O’Neill’s Pub & Restaurant, BMO, GameStop, Dollar Tree, Dapper's East Family Restaurant, My Pollo, Parachute, Albany & Elston Liquor Store, Paleteria Arco Iris, Wherewithall, Troy St & Elston Ave, Ignite Gaming, MedVet Chicago, Eden, Famous Footwear, America's Best Dental Solutions, Sally Beauty, Fresh Kickz, T-Mobile, OshKosh B'gosh, Carter's, Magic Touch Nail Salon & Spa, Sacramento Ave & Addison St, Elston Ave & Henderson St, Albany Ave & Belmont Ave, Michelle’s Ballroom, Secret River Show, Bloc - Avondale, Sarabande Chicago, Little Caesars, Prop Thtr, Saint Stephen's Episcopal Church, Shell, Shell, Circle K, Burger King, Bulldog Bakery, Linne Elementary School, Chicago Fire Department Engine Company 106, Target, Cafe Tola, Honey Butter Fried Chicken, Panda Express, Saint Veronica School"
17031210400,15,7,"university, supermarket, storage_rental, studio, fuel, social_facility, convenience, social_facility, studio, studio, studio, studio, studio, studio, storage_rental","DeVry University, Cermak Fresh Market, CubeSmart, The Fields Studios, Citgo, St. Joseph Village of Chicago, Citgo, St. Joseph Village of Chicago, 9, 5, 4, 3, 2, 1, Extra Space Storage"
17031210501,26,17,"restaurant, restaurant, alcohol, greengrocer, deli, fast_food, car_parts, bank, fast_food, jewelry, hairdresser, bar, convenience, restaurant, cafe, ice_cream, car_wash, social_facility, fast_food, fuel, fast_food, bank, convenience, fast_food, school, school","Staropolska Restaurant, El Gallo Bravo #2, Danny's Liquors, Midtown Produce, Endy's Delicatessen, Wingstop, AutoZone, Chase, Subway, Fervale Jewelry Inc., Brothers Hair Salon, Bristol Lounge, Shell, Warlord, Magnifico Coffee, Baskin-Robbins, Shell, Northwest (Copernicus) Regional Senior Center, Burger King, Shell, Dunkin', Fifth Third Bank, 7-Eleven, Taco Bell, ASPIRA Business & Finance High School, ASPIRA Early College High School"
17031210502,18,13,"restaurant, coffee, deli, bar, bar, bar, convenience, bakery, supermarket, coffee, artwork, fire_station, alcohol, bank, bar, place_of_worship, supermarket, school","El Guanaco, Brew Brew Coffee Lounge, Kurowski Sausage Shop, Central Park Bar, Podlasie Club, Ski's Lounge, Supermercado Picino, Kurowski’s Sausage Shop, Adrian's Foods Market, Cafe Fenix, Pope John Paul II, Chicago Fire Department Engine Company 91, Binny's Beverage Depot, U.S. Bank, Regina & Joe Tap, Saint Hyacinth Roman Catholic Church, St. Hyacinth Catholic School"
17031210601,13,11,"bakery, restaurant, fast_food, childcare, dentist, beauty, restaurant, place_of_worship, arts_centre, pet_grooming, fast_food, bar, bus_station","Azucar Delights, Eat First, Subway, Millie’s House, Orthodontic Experts, Polished, Milli By Metric, Saint Nicholai United Church of Christ, Puerto Rican Arts Alliance, Barksville Dog Daycare and Boarding, Mic Duck's, Belmont Tavern, Belmont Transit Station"
17031210602,39,26,"place_of_worship, dentist, butcher, restaurant, laundry, restaurant, restaurant, bicycle_rental, arts_centre, restaurant, laundry, restaurant, jewelry, clinic, fast_food, shoes, ice_cream, beauty, cafe, bakery, restaurant, cafe, music, second_hand, bar, cafe, bar, artwork, cafe, books, charging_station, games, wine, freeshop, restaurant, place_of_worship, bank, clinic, school","Local Evangelico Avondale, Big Smile Dental, Carniceria La Mejor, Tacos Tequilas, Spin Cycle, The Spice, Giordano's Pizzeria, Central Park Ave & Elbridge Ave, Hairpin Arts Center, Friendship Chinese, Windy City Wash House, Spicy Taco, Aurelio's Diamante Jewelers, Kimball Medical Center, Little Clown Pizza, Camp/Us, Delicias, Savvy Coif, Kerelys Cuban Cafe & Pizzeria, Moonlight Vulture, La Celia Latin Kitchen, The Brewed Coffee, Bric-a-Brac Records, Vintage Frills, Mother's Ruin, Loaf Lounge, Consignment Lounge, Sipping Turtle Cafe, Skunk Cabbage Books, Prism Games, Deep Red Wine Merchant, Books4Cause, Taqueria El Ranchito, Full Gosepl First Church, Bank of America, DaVita Dialysis, Avondale-Logandale Elementary School"
17031210700,31,20,"bar, restaurant, car_parts, restaurant, bar, convenience, second_hand, cafe, bakery, restaurant, bicycle_rental, bar, music, restaurant, hairdresser, social_centre, car_repair, fast_food, car_wash, convenience, cafe, deli, greengrocer, laundry, fuel, hardware, fuel, convenience, childcare, convenience, fuel","Small Bar, EaThai, Julio's Auto Parts, Yusho, Reed's Local, Diversey Market, My Grandma's Attic, Four Letter Word, Carniceria Ruiz, JAM, Kedzie Ave & George St, Quality Time, Signal Records, Common Decency, Sam’s Cuts, Logan Avondale VFW Post, Gerber Collision & Glass, Dunkin', Shell, BP Shop, Caravanserai, TriBecca's Sandwich Shop, Carniceria Ruiz, Laundryland, BP, Henry Frerk Sons Inc., Shell, Little Bird Prep, Marathon, Shell"
17031210800,11,8,"supermarket, restaurant, bar, music, restaurant, bar, bicycle_rental, fast_food, restaurant, place_of_worship, school","Carniceria Guanajuato, Taqueria Traspasada, Clyde's, Bucket O'Blood, The Wolfhound Bar and Kitchen, DMen Tap, California Ave & Fletcher St, Popeyes, IHOP, Saint Francis Xavier Roman Catholic Church, Acero Fuentes School"
17031210900,29,18,"school, alcohol, hairdresser, clinic, restaurant, fast_food, locksmith, bar, cafe, bar, bar, bar, restaurant, fast_food, bicycle_rental, bicycle_rental, boat_rental, boat_rental, artwork, restaurant, car_repair, studio, place_of_worship, restaurant, events_venue, coffee, events_venue, restaurant, shoes","Concordia School, Beer Temple, Pete's Barber Shop, Illinois Bone & Joint Institute, Jaiyen Sushi & Noodle, Al's Beef, Chicago Locksmiths, Frank and Mary’s Tavern, The Avondale Coffee Club, The Beer Temple, Ludlow Liquors, Metropolitan Brewing Taproom, Barra Ñ, Dunkin', Rockwell St & Fletcher St, Elston Ave & George St, Wateriders Chicago, Chicago Electric Boat Company, Paku Paku Sushi, Auto Repair, Electrical Audio, Concordia Evangelical Lutheran Church, Golden Nugget, Rockwell on the River, Metropolis Coffee Company, Rockwell on the River, Soul & Smoke, Famolare Shores"
17031220300,14,11,"cafe, restaurant, second_hand, clothes, shoes, bar, restaurant, dry_cleaning, bar, bicycle, place_of_worship, place_of_worship, car_repair, school","Starbucks, Ravinia Brewing Co. - Chicago Taproom, Three Stars Resale Shop, Moooh Dulce, Air Gordons, Spilt Milk, Namaste Chicago, New Star Cleaners, La Licor Panamericana, Oscar Wastyn Cycles, St. Paul Coptic Orthodox Church, Bethel International Full Gospel Church, Midas, Brentano Elementary Math and Science Academy"
17031220400,40,21,"convenience, restaurant, bar, hairdresser, bicycle_rental, hairdresser, bicycle_rental, beauty, pawnbroker, car_repair, fast_food, car_wash, hairdresser, restaurant, bar, restaurant, bar, bar, restaurant, restaurant, restaurant, bar, restaurant, pharmacy, paint, fast_food, bar, restaurant, theatre, toys, chemist, storage_rental, clothes, place_of_worship, convenience, clinic, bank, place_of_worship, place_of_worship, fuel","7-Eleven, Masa Azul, The Whistler, Marin Hair, Richmond St & Diversey Ave, Barbara & Barbara, California Ave & Altgeld St, Logan Square Nail Salon, Cash America Pawn, Logan Square Auto Repair, Philly's Best, Yohel's Barber Shop, Restaurant Ecuador, Black Lion, NoodleBird, Estereo, Deadbolt Bar, The Whale, Paulie Gee's, La Victoria, The Native, Mi Tocaya Antojería, Walgreens, Sherwin-Williams, Taco Bell Cantina, Welcome Back Lounge, Souk, Logan Square Improv, Nakama Toys, Walgreens, Hollander Storage, Dos de Oro, New Community Covenant Church, BP Shop, California-Fullerton Medical Center, Wintrust, Iglesia Central Hispana de los Adventistas del Septimo Dia, Eleventh Church of Christ, Scientist, BP"
17031220500,72,33,"restaurant, restaurant, cafe, bar, restaurant, bar, clothes, alcohol, restaurant, books, cafe, toys, hairdresser, veterinary, restaurant, clothes, pet, hairdresser, fast_food, hairdresser, dentist, cafe, beauty, beauty, alcohol, theatre, restaurant, restaurant, restaurant, bar, cafe, restaurant, restaurant, bakery, restaurant, restaurant, bar, restaurant, restaurant, restaurant, bar, restaurant, tobacco, bicycle, bar, department_store, clinic, information, restaurant, ice_cream, ice_cream, restaurant, fast_food, cannabis, gift, tattoo, clothes, alcohol, repair, mobile_phone, veterinary, fast_food, restaurant, antiques, books, place_of_worship, childcare, art, attraction, childcare, library, farm","El Cid #2, Lula Cafe, New Wave Coffee, Roundhouse, Reno, Webster's Wine Bar, Mevyn, Logan Liquors, Azucar, Dark Tower Comics, Flipside Cafe, Play, Sparrow, Logan Square Animal Hospital, La Lunita, Wolfbait & B-Girls, Logan Square PetShoppe, The Bird's Nest, Banh Mi Spot, Art + Science, 1st Dental, Cellar Door Provisions, Spa DaBin, Asia Nails, Logan Square Auditorium, Bixi Beer, Taste of Havana, Pizza Lobo, Billy Sunday, Café Tola, Cellar Door Provisions, Daisies, Guatelinda Bakery, Same Day Cafe, The Crab Pad, The Owl, La Boulangerie, Longman & Eagle, The Duplex, Off Site Bar, Superkhana International, Smoke Station, Four Star Family Cyclery, Cara Cara Club, Target, Advocate Medical Group, Logan Square, Andros Taverna, Jeni's Splendid Ice Creams, Logan Vegan, Federales, Big Wig, Grasshopper Club, Pixie and the Boy, Next Level Tattoo, phayes, Your Happy Places, Ubreakifix, Verizon, Sploot Veterinary Care - Logan Square, Sweetgreen, KFire, Covet Oddities and Macabre Gallery, City Lit Books, Armitage Baptist Church, Diversey Day Care, Comfort Station, Illinois Centennial Monument, La Escualita Daycare, Logan Square Branch Library, Logan Square Farmer's Market"
17031220601,31,17,"restaurant, restaurant, restaurant, clinic, clinic, beauty, jewelry, clinic, alcohol, restaurant, beauty, second_hand, sports, restaurant, bar, restaurant, cafe, restaurant, gallery, pharmacy, childcare, place_of_worship, place_of_worship, chemist, childcare, sports, place_of_worship, car_repair, tyres, social_facility, restaurant","Dena Kitchen, El Rinconcito Cubano, El Pacifico, Garcia Medical Center, Neuro-Orthopedic Clinic, Joyeria Bahena, Fullerton-Kimball Medical Surgical Center, Moneil Food & Liquors, Jibaritos y Mas, Chez Francis Salon, Logan Square Resale Shop, Intersports, Casa Yari, Whirlaway Lounge, Flat & Point, MeLatte Coffee Shop, Raiz Kitchen & Sushi, M. LeBlanc, Walgreens, Kangaroo Korner Learning Center, First Lutheran Church of Logan Square, Temple of Kriya Yoga, Walgreens, A-Karrasel Child Care Center, Viking Ski & Snowboard Shop, Iglesia Adventista Logan Square, RV Tire Shop, Christopher House - Logan Square Family Resource Center, El Habanero"
17031220602,59,36,"bakery, convenience, music, jewelry, cinema, florist, bar, restaurant, cafe, clothes, clothes, arts_centre, convenience, fast_food, dry_cleaning, restaurant, shoes, greengrocer, laundry, beauty, optician, pet, optician, mobile_phone, beauty, jewelry, tobacco, childcare, bar, bicycle, supermarket, restaurant, bar, restaurant, restaurant, gallery, books, restaurant, fast_food, variety_store, dentist, restaurant, bakery, video_games, restaurant, fast_food, hairdresser, ice_cream, restaurant, community_centre, place_of_worship, arts_centre, place_of_worship, clinic, fast_food, place_of_worship, place_of_worship, bicycle_rental, bus_station","Cafe Con Leche, Red Star Liquor, Disco City #8, Torres-Omar Jewelry, Logan Theater, Fleur, The Harding Tavern, Choi's Chinese, Intelligentsia, Gap Factory, Shop 1021, Elastic Arts Foundation, J.J. Pepper's, Subway, Van Phat, Foot Locker, FoodSmart Urban Market, Superwash Coin Laundry, Penny Lane, Pearle Vision, Your Pet's Wellness, Tropical Optical, TCS Wireless, Look's Nails, Joyeria Moreira's, Roots, Stepping Stones, The Walk In Chicago, Boulevard Bikes, The Dill Pickle Food Co-op, Chiya Chai, Hopewell Brewing Company, RYUU Asian BBQ & Sushi, SABA Italian Bar + Kitchen, All Star Press, Uncharted Books, Mucho Gusto Barra + Cocina, Dunkin', Family Dollar, Modern Dental Logan Square, Don Bucio’s Taqueria, Wake N Bakery, Midlane Esports Gaming Lounge & Bar, Gorilla Sushi, Red Star Subs, The Gilded Lily, Baskin-Robbins, Puebla Restaurant, Chicago Democratic Socialists of America, The Church of Jesus Christ of Latter-day Saints, Aloft Circus Arts, Church of the Spirit, Logan Square Family Health Center, McDonald's, Grace United Methodist Church of Logan Square, Norwegian Lutheran Memorial Church, Kedzie Ave & Milwaukee Ave, Logan Square Bus Terminal"
17031220701,17,11,"doctors, variety_store, restaurant, restaurant, bakery, cafe, bakery, bakery, school, place_of_worship, social_facility, music, supermarket, supermarket, dentist, variety_store, school","Crystal Optical, Jaber Dollar Store, Raymond's Tacos, Vito & Angelo Pizzeria, Carniceria Jimenez, Pan Artesanal, La Perla Tapatia Bakery, Latin American Bakery, Our Lady of Grace Church, Infant Welfare Society of Chicago, Saki, Plaza Jiminez, Carniceria Jimenez, Family Dollar, Our Lady of Grace School"
17031220702,28,24,"bicycle_rental, pub, greengrocer, funeral_directors, department_store, pet, florist, convenience, beauty, car_wash, hardware, restaurant, cafe, pharmacy, bakery, events_venue, school, convenience, supermarket, storage_rental, chemist, restaurant, fuel, place_of_worship, childcare, studio, studio, studio","Kosciuszko Park, Bialystok Pub, Milwaukee Fresh Market, Diversey Funeral Home, Ross, Petco, Exfolia Botanical, Rosie's Food Mart, Beauty & Soul, Mobil, Studio 41, El Cubanito, Necessary & Sufficient Coffee, CVS Pharmacy, Sugar Moon, Night City, Logan Square Elementary School, Mobil Mart, Aldi, Public Storage, CVS Pharmacy, Golden Nugget Pancake House, Mobil, Logan Square Zendo, Little Einsteins, 8, 7, 6"
17031220901,7,7,"convenience, restaurant, nightclub, tyres, clinic, place_of_worship, school","Familia Foods, Juanita's Puerto Rican Cuisine, Las Vegas Nightclub, Luis & Son, Prius Medical Center, Iglesia Asamblea de Dios Roca de Salvacion, Funston Elementary School"
17031220902,34,24,"florist, ice_cream, restaurant, fast_food, bakery, clothes, confectionery, clothes, hairdresser, variety_store, kindergarten, variety_store, greengrocer, convenience, art, restaurant, restaurant, restaurant, restaurant, convenience, fuel, place_of_worship, place_of_worship, place_of_worship, school, hotel, car_repair, dentist, clinic, hardware, social_facility, laundry, supermarket, school","Celeste's Flower Shop, Palateria Monarca, Burrito Joint, Pozoleria Iguala #1, Marie's Bakery, Ecuador Fashion, Dulce Landia, Fantasticos Tuxedo Rental, Lina's Beauty Salon, Dollar Day Plus, Peachtree Nursery and Preschool, Blue Island Variety Discount Center, Dona Maris Carniceria y Fruteria, Lyndale Foods, Agent Gallery, The Little Pickle, L’ Patron Tacos, Gabriela’s Carnitas, Omarcito's Latin Cafe, Shell, Shell, Iglesia De Dios (Israelita), Jehova El Buen Pastor Evangelical Church, Chicago Baptist Church Of Logan Square, Jehovah School, Fullerton Hotel, Centro Medico, Yu Hardware, Aspira, J&S Landromat Lavanderia, Tony's Fresh Market, Mozart Elementary School"
17031221000,12,9,"tobacco, bar, dojo, restaurant, art, restaurant, coffee, supermarket, restaurant, restaurant, herbalist, alcohol","Tobacco Land, The Double Urban Tavern, Ultimate Kicks Tae Kwon Do, Cafeteria Marcela's, Beauty & Brawn Art Gallery & Think Space, Park & Field, Cafeteria Marcelas, Rico Fresh Market, Wyler Road, Festa Pizzeria, Botanica El Gran Poder Divino, La Caridad"
17031221100,33,20,"restaurant, cafe, bar, bicycle_rental, clothes, musical_instrument, pawnbroker, car_wash, car_repair, car_rental, beauty, alcohol, bar, restaurant, clinic, doctors, restaurant, restaurant, bar, cafe, restaurant, restaurant, restaurant, car_rental, place_of_worship, convenience, supermarket, place_of_worship, bar, place_of_worship, laundry, arts_centre, car_parts","Soul del Sur, Cafe Bella, The Burlington, Kedzie Ave & Palmer Ct, Rocky + Luella, Shake Shop, Chicago Superpawn, Windy City Hand Car Wash, Fasttrack Auto Center, Avis, Vishu Food & Liquor, Acapulco Night Club, Monster Ramen, Logan Square Medical & Aesthetic Center, Presence Medical Group, Punta Cana Restaurant, El Heredero, The Moonlighter, Caribella, Penumbra Restaurant & Wine Bar, Taqueria El Heredero, The Moonlighter, Budget, Saint Paraskeva Petka Church, Super Mercado Brisa Foods, Armitage Produce, Kimball Avenue Evangelical Congregational Church, Rosa's Lounge, Adidam Midwest Center, Scrub-A-Dub, Charnel House, AutoZone"
17031221200,19,12,"ice_cream, convenience, restaurant, restaurant, pharmacy, social_facility, cafe, artwork, artwork, cafe, place_of_worship, information, place_of_worship, school, dry_cleaning, convenience, fuel, place_of_worship, school","Miko's Italian Ice, Tropicuba, Dante's Pizzeria, Cheng Chopsticks, Walgreens, WIC Food Center, Sip of Hope, Helping Hand, Logan Collective, Old Holy Resurrection Serbian Orthodox Church, Palmer Sqaure, Saints Peter and Paul Romanian Greek-Catholic Church, Darwin Elementary School, All Pro Cleaners, Amoco, Amoco, Celestial Vision, Saint Sylvester School"
17031221300,60,25,"bar, fast_food, fast_food, bar, hairdresser, pub, alcohol, cafe, restaurant, cafe, bar, restaurant, restaurant, bar, convenience, fast_food, dentist, post_office, restaurant, bicycle_rental, pub, restaurant, bar, cafe, clothes, dentist, dry_cleaning, tobacco, convenience, beverages, convenience, restaurant, bar, bar, restaurant, restaurant, pub, cafe, cannabis, bicycle_rental, tattoo, tattoo, gift, convenience, restaurant, convenience, restaurant, bank, place_of_worship, camera, social_facility, restaurant, place_of_worship, school, police, convenience, bar, bank, bar, fuel","Logan 11 Bar & Kitchen, Rosati's, Subway, Cole's Bar, Hairitics... Dye For Your Beliefs, The StopAlong, Vas Foremost Liquors, Gaslight Coffee Roasters, Taqueria Moran, Cafe Mustache, Township, Sultan's Market, Osteria Langhe, Easy Does It, 7-Eleven, Papa John's, Advantage Dental, The UPS Store, China Fast Wok, Humboldt Blvd & Armitage Ave, Red Lion Grill, SFR, The Heavy Feather, DAS, Felt, Brite Dental, Smart Cleaners, Vaperite Smoke Shop, Supermercade Barrera, Owen + Alchemy, El Condor, Super Jalapeno Grill, Emporium - Logan Square, Slippery Slope, The Spice Room, Daisies, Middle Brow Bungalow, La Colombe Coffee Roasters, MOCA (Modern Cannabis), Milwaukee Ave & Fullerton Ave, Logan Square Tattoo, Fundamental Body Piercing Company, Steel Petal Press, Exotic Snack Guys, Akahoshi Ramen, South Loop Market, Three Wheels, PNC Bank, Humboldt Park United Methodist Church, Dodd Camera, New Moms, Parson's Chicken & Fish, Saint Sylvester's Church, St. Sylvester's School & Hall, Chicago Police Department 14th District, Shell, Chicago Distilling Company, Liberty Bank, Emporium Logan Square, Shell"
17031221400,58,37,"bank, bicycle_rental, bicycle_rental, dry_cleaning, cafe, pub, restaurant, restaurant, clothes, bicycle_rental, convenience, fast_food, restaurant, bar, bar, restaurant, alcohol, coffee, bar, restaurant, pub, ice_cream, artwork, fast_food, restaurant, laundry, pet, cheese, hairdresser, doityourself, paint, dojo, jewelry, books, gift, dentist, doctors, theatre, pet_grooming, musical_instrument, art, ice_cream, esoteric, fire_station, fast_food, bicycle, restaurant, fast_food, bank, restaurant, variety_store, restaurant, post_office, hairdresser, school, school, second_hand, bicycle_rental","Citibank, California Ave & Milwaukee Ave, Stave St & Armitage Ave, Mandy's Cleaners, Bang Bang Pie Shop, Innjoy, El Ñandú, Deborincuba Restaurant, Mia Mora, California Ave & Francis Pl, California Foodmart, Little Mel's, Serai, Navigator Taproom, Golden Teardrops, Lonesome Rose, Los Artistas, Bang Bang Pie & Biscuits, Bob Inn, Table, Donkey and Stick, Pilot Project Brewing, Pretty Cool Ice Cream, Greetings from Chicago Mural, Dunkin', Sushi Taku, Bubbleland, Jules Pet Shop, Beautiful Rind, Logan Square Barbershop, Ace Hardware, Benjamin Moore, Vianna Brothers Brazilian Jiu Jitsu, Fausto’s Jewelry, Open Books, Logan Arch, Apple Dental Care, Innovative Primary Care, The Lincoln Lodge, Squeaky Bea's, Evolution Music, Galerie Fledermaus, Baskin-Robbins, De Duallé, Chicago Fire Department Engine Company 43, Turbo Tacos, The Bike Lane, Taqueria Los Comales #11, Wendy's, Chase, Dimo's Pizza, Dollar Tree, Cozy Corner Diner, Roberto Clemente Post Office, Joe's Barber Shop, Chase Elementary School, Goethe Elementary School, Village Discount Outlet"
17031221500,31,17,"place_of_worship, bicycle_rental, bicycle_rental, restaurant, alcohol, bar, restaurant, hairdresser, fast_food, fast_food, restaurant, bar, restaurant, cafe, restaurant, bar, hairdresser, laundry, dry_cleaning, hairdresser, convenience, hardware, pharmacy, theatre, supermarket, place_of_worship, bank, convenience, fuel, fast_food, bank","Antioch Church of God Mountain Assembly, Milwaukee Ave & Rockwell St, Campbell Ave & Fullerton Ave, Birrieria Estilo Jalisco, Danny's Liquors, Tap Room, Sakura, Who's Next, Papa Ray's Pizza & Wings, Dunkin', Ramen Wasabi, O’s Tap, Sazon Cubano, Stay Café, Palilgu, Bad Habit, Little Broken Things, Mighty Clean Coin Laundry, Chee Cleaners, Lucy's Hair Salon, Family Food & Beer, WISCO Welding Industrial Supply, Walgreens, Concord Music Hall, Agora Market, Immanuel Lutheran Church, PNC Bank, Old Style Gas Station, Domino's, PNC Bank"
17031221600,25,13,"bar, cafe, fast_food, restaurant, houseware, bar, bakery, bakery, restaurant, hairdresser, restaurant, restaurant, cafe, fast_food, esoteric, restaurant, restaurant, restaurant, dentist, convenience, fuel, cafe, guest_house, school, fast_food","The Gallery Cabaret, Ipsento, Las Asadas, Quesadilla la Reina del Sur, Eskell, The Corner Bar, Brasil Legal Cafe, GBD Cakes and Sweets, The Bento Box, Definition Barbershop, Chef's Special, Manchamanteles, Allez Café, Onions & Cilantro, Sideshow Gallery, Arturo's Tacos, Los Fuentes, The Art of Chicken, NK Family Dental, BP Shop, BP, Red June, Ray's Bucktown Bed & Breakfast, Pulaski International School, Subway"
17031222200,36,22,"books, cafe, bar, bicycle_rental, restaurant, optician, bar, sports, video, restaurant, restaurant, cafe, restaurant, bicycle, cannabis, educational_supply, beauty, car_rental, clothes;stationary, bicycle, atm, hairdresser, music, cafe, music_school, artwork, cafe, information, information, artwork, car_repair, restaurant, car_repair, bar, fast_food, fast_food","Challengers Comics, Starbucks, Floyd's Pub, Western Ave & Winnebago Ave, Cafe Laguardia, Sight Optical, Red & White Wine Bar, Uprise, Odd Obsession, Silom 12, Le Café Station Grill, Ipsento 606, The StopAlong, BFF Bikes, Chicago Teacher, Karen Marie Salon, Enterprise, Bow & Arrow, Earth Rider Cycling, Bank of America, Black River Barbershop, Terror Vision, Starbucks, Bucktown Music, thrd, Delgado's, Irazu, Remedy, McDonald's, Sam's Red Hots"
17031222500,10,8,"post_office, restaurant, restaurant, bar, fuel, convenience, convenience, place_of_worship, supermarket, school","Dos Urban Cantina, Ugo's, Still Life by Solemn Oath, BP, BP Shop, El Yunque, Liberal Catholic Church of Saint Francis, FoodSmart, Yates Elementary School"
17031222600,10,7,"bicycle, fast_food, pawnbroker, fast_food, cannabis, bar, fast_food, fast_food, restaurant, bicycle_rental","Vern and Sonny’s, Garden Grill, Taco Nazo Express, Ivy Hall Dispensary - Logan Square, Babe's Sports Bar, Subway, Wingstop, Logan Eats, Albany Ave & Bloomingdale Ave"
17031222700,24,11,"bar, restaurant, restaurant, bicycle_rental, restaurant, bakery, clothes, fashion_accessories, viewpoint, restaurant, museum, cafe, bar, restaurant, artwork, artwork, artwork, artwork, artwork, artwork, artwork, artwork, social_facility, restaurant","Best Intentions, Scofflaw, Sink|Swim, Armitage Ave & Spaulding Ave, La Bomba, La Estrella, Tusk, Busy Beaver Button Co., Central Observatory, Giant, Busy Beaver Button Museum, Damn Fine Coffee Bar, Go Tavern and Liquors, Tacos Loteria, Birds Watching, Graffiti Garden, Graffiti Garden, Graffiti Garden, Graffiti Garden, Graffiti Garden, Graffiti Garden, Envision Unlimited Westtown Training Center, Los Gamas Tortilleria y Restaurante"
17031222800,13,7,"bakery, viewpoint, artwork, information, information, artwork, artwork, artwork, artwork, money_transfer, laundry, bakery, fast_food","La Canasta Bakery, St.Louis Overlook, Graffiti Garden, Graffiti Garden, Graffiti Garden, Graffiti Garden, Western Union, H.T. Laundromat, Panaderia La Canasta, Jack's Hot Dog"
17031222900,12,11,"bicycle, bar, viewpoint, convenience, bicycle_rental, farm, fast_food, car_repair, convenience, bakery, school, social_facility","Armitage Bike Shop, Weegee's Lounge, City Food Mart, Central Park Ave & Bloomingdale Ave, Four Star Mushrooms, Fast Food Place, Servicio Martinez, Armitage Food, Xocoatl, Marine Leadership Academy"
17031230100,8,7,"bar, laundry, information, information, place_of_worship, convenience, library, fuel","Humble Bar & Lounge, Spincycle, La Casa Del Carpintero, BP Shop, Humboldt Park Branch Library, BP"
17031230200,10,10,"restaurant, pastry, arts_centre, pet, place_of_worship, cafe, theatre, art, gallery, school","Zoku Sushi, Roeser's Bakery, Kimball Arts Center, For Dogs Sake, Chùa Liên Hoa Temple, Dayglow, House of Belonging, The WasteShed Chicago, Adds Donna, Stowe Elementary School"
17031230300,3,3,"bar, convenience, fuel","Steve’s Sports Bar & Lounge, Speedway, Speedway"
17031230400,12,12,"bar, bakery, alcohol, bicycle_rental, pharmacy, social_facility, fire_station, bank, place_of_worship, car_wash, supermarket, chemist","La Lena Restaurant, North Pulaski Fresh Market, Eddie & Sons Food & Liquor, Springfield Ave & North Ave, Walgreens, Youth Service Project, Chicago Fire Department Engine Company 76, Old National Bank, Hauge Evangelical Lutheran Church, R & S Car Wash, North Pulaksi Fresh Market, Walgreens"
17031230500,16,11,"supermarket, social_facility, library, department_store, department_store, cafe, fast_food, mobile_phone, bank, place_of_worship, place_of_worship, place_of_worship, fast_food, bank, storage_rental, school","Carnicerias Jimenez, Trina Davila Community Services Center, North Pulaski Branch Library, Cook Brothers, Burlington, Tasa Coffee Roasters, Wingstop, Boost Mobile, Chase, Saint Stephens United Church of Christ, Saint Marks Evangelical Lutheran Church, First General Baptist Church, McDonald's, Bank of America, Safeguard Self Storage, North-Grand High School"
17031230600,16,13,"kindergarten, variety_store, pawnbroker, bicycle_rental, place_of_worship, fast_food, charity, storage_rental, variety_store, supermarket, doityourself, school, clinic, school, fast_food, post_depot","Incarnation Head Start Center, Family Dollar, Cash America Pawn, Kildare Ave & North Ave, Incarnation Lutheran Church, Jimmy's Red Hots, The Salvation Army, Extra Space Storage, Dollar Tree, Aldi, Menards, Nobel Elementary School, North Kostner Health Clinic, West Park STEAM Academy, Taco Bell, Amazon SIL4"
17031230700,23,11,"place_of_worship, place_of_worship, school, place_of_worship, place_of_worship, post_office, bicycle, fast_food, bicycle_rental, bakery, mobile_phone, place_of_worship, convenience, place_of_worship, place_of_worship, school, fuel, fuel, place_of_worship, place_of_worship, school, social_facility, convenience","Church of Christ, Church of God, Maternity of the Blessed Virgin Mary School, Youth Center Church of God in Christ, Templo Voces Espiritules, USPS Finance Station ""K"", International Bike Shop, Dunkin', Hamlin Ave & Grand Ave, Central Bakery, Total by Verizon, First Congregational Church of Chicago, Citgo, Evangelical Christian Church, Bethel Lutheran Church, Bethel Lutheran School, BP, Citgo, Northwest Missionary Baptist Church, Maternity of the Blessed Virgin Mary Roman Catholic Church, Cameron Elementary School, North & Pulaski Apartments, BP Shop"
17031230800,6,6,"bicycle_rental, greengrocer, car_parts, clinic, place_of_worship, school","Central Park Ave & North Ave, Rio Grande Fruit Market, O'Reilly Auto Parts, Howard Brown Health at La Casa Norte, New Life Covenant Church, Pablo Casals School"
17031230900,27,18,"kindergarten, place_of_worship, restaurant, ice_cream, mobile_phone, convenience, fast_food, variety_store, alcohol, tobacco, restaurant, fast_food, beauty, bank, pastry, fast_food, mobile_phone, money_lender, pawnbroker, restaurant, bakery, clinic, place_of_worship, fast_food, place_of_worship, place_of_worship, school","Luis Munoz Marin Primary Center, North Avenue Baptist Church, La Encantada, Baskin-Robbins, Cricket Wireless, Dollar Market Plus, Dunkin', Family Dollar, Foremost Liquors, North Tobacco & Convenience, La Monarca Michoacana, Little Caesars, Magic Touch Nails, PNC Bank, San Juan Bakery, Subway, T-Mobile, Currency Exchange, ArePA George, Not Just Cookies Wholesale Bakery, University of Illinois Mile Square Health Center - Humboldt Park, Telefurerza Diaria Church, McDonald's, Simon Peter Lutheran Church, Church of God, Lowell Elementary School"
17031231100,3,3,"supermarket, car_parts, clinic","Central Park Fresh Market, AutoZone, Fresenius Kidney Care"
17031231200,20,11,"place_of_worship, place_of_worship, place_of_worship, place_of_worship, kindergarten, place_of_worship, bicycle_rental, restaurant, furniture, bicycle_rental, money_transfer, community_centre, place_of_worship, bureau_de_change, place_of_worship, convenience, fuel, convenience, fuel, car_wash","Walker Memorial Church of God in Christ, New Light Missionary Baptist Church, Seven Star Missionary Baptist Church, All Nation Pentecostal House of Prayer, Terry Town Nursery School and Kindergarten, Mission of Our Lady of the Angels, Central Park & Augusta Blvd, Tha Wing Lounge, Zolly's Recyclable Furniture, Harding Ave & Division St, Western Union, Mary L. Greenwood Community Center, Solid Rock Pentecostal Church, Pulaski & Chicago Currency Exchange, Lutheran Family Mission, Shell Shop, Shell, SNK Fuels, SNK Fuels, SNK Fuels"
17031231500,26,15,"place_of_worship, convenience, clinic, car_repair, bicycle_rental, convenience, convenience, mobile_phone, alcohol, bicycle_rental, restaurant, hairdresser, wholesale, place_of_worship, convenience, social_facility, place_of_worship, place_of_worship, fast_food, place_of_worship, place_of_worship, school, fuel, school, hospital, clinic","Living Christ Missionary Baptist Church, Ha-Grocery Food Mart, PCC Clinic at The Boulevard, Snowman Auto, Central Park Ave & Ohio St, Mi Lindo San Jose Grocery Store, Flash Food Mart, Boost Mobile, Sunrise Food & Liquor, Harding Ave & Chicago Ave, The Salchipapa House, Natural Hair Therapy Salon, Stock 'n Save, First Divine Providence Church, Citgo, Senior Suites of West Humboldt Park, Good News Community Baptist Church, New Vision Non Denominational Church, Burger King, Union Missionary Baptist Church, Mount Ebenezer Baptist Church, Rowe-Clark Math & Science Academy, Citgo, Laura S. Ward Elementary School, Garfield Park Behavioral Hospital, DaVita Dialysis"
17031240200,11,9,"school, convenience, viewpoint, cafe, dentist, information, information, restaurant, bar, childcare, school","Annunciation School, Bucktown Market, Gallery Cafe, Dente Complete Dentistry, The Hat, Backstory Tavern, Burr Elementary School"
17031240300,49,21,"bar, restaurant, cafe, clothes, cosmetics, restaurant, viewpoint, cannabis, clothes, restaurant, restaurant, clothes, shoes, restaurant, restaurant, mobile_phone, watches, fast_food, clothes, sports, clothes, clothes, cosmetics, clothes, clothes, car_repair, cafe, cafe, restaurant, bicycle_rental, information, information, bank, fast_food, clothes, clothes, artwork, information, information, alcohol, cafe, bag, clothes, fast_food, cafe, dry_cleaning, books, restaurant, clothes","Lincoln Tavern, Club Lucky, Sarima Cafe, RSVP Gallery, Lush, Presidio, THC by Chitiva Wicker Park Bucktown, Akira Men, Amaru, Pasta Bowl, Akira Chicago, Tom's, Enso Sushi & Bar, Dimo's Pizza, AT&T, Shinola, Potbelly, Lululemon, Finish Line, Belly Dance Maternity, Diptyque, Aesop, Steven Alan, Joe's, Damen Auto Repair, Goddess and Grocer, Toms Roasting Co, etta, Damen Ave & Wabansia Ave, Chase, Salt Burgers + Fries, Seraphine, Big Bud Press, Liquor Park, Tap Tea, BAGGU, Club Monaco, Chipotle, Mindy's Hot Chocolate, Express Cleaners, Quimby's, Pierogi Kitchen"
17031240500,31,23,"place_of_worship, school, bicycle_rental, alcohol, dry_cleaning, greengrocer, beauty, restaurant, bank, bar, bakery, dry_cleaning, mobile_phone, post_office, bed, bicycle, cafe, ice_cream, information, information, information, information, bar, pet, clinic, cannabis, fast_food, clinic, fast_food, fast_food, convenience","Church of the Comforter, Puerto Rican High School, Milwaukee Ave & Wabansia Ave, Garfield's Beverage Express, Go Grocer, Pink Nail Spa, Thai Lagoon, First Merit, The Royal Palms Shuffleboard Club, Bake, Advanced Cleaners, Verizon, The UPS Store, Mattress Firm, Stellar Cycleworks, Cafe Robey, Baskin-Robbins, Valedor, Kriser's Natural Pet, Physicians Immediate Care, Elevated Minds, Dunkin', Northwestern Medicine Bucktown, Small Cheval, Chipotle, Circle K"
17031240600,24,19,"place_of_worship, place_of_worship, bicycle_rental, atm, furniture, art, car_parts, fast_food, video_games, dentist, convenience, information, information, information, information, restaurant, place_of_worship, paint, fuel, laundry, clinic, pharmacy, car_wash, social_facility","Our Lady of Algona Catholic Church, Samaria Evangelical Church, Campbell Ave & North Ave, Chase, An Orange Moon, Tom Robinson Gallery, O'Reilly Auto Parts, Subway, GameStop, Dental Magic, Shell, Wolf & Company, Corinth Baptist Church, Sherwin-Williams, Shell, Angelo Medical Clinic, Walgreens, Chicago Community Counseling Center"
17031240700,8,7,"alcohol, bicycle_rental, pharmacy, information, information, place_of_worship, school, college","Tip Top Liquor, California Ave & North Ave, AllCareX Discount Pharmacy, Iglesia Azianza Christiana y Misionera Hispana, Moos Elementary School, Humboldt Park Vocational Education Center"
17031240800,14,7,"place_of_worship, restaurant, viewpoint, restaurant, restaurant, information, cafe, artwork, information, information, information, information, place_of_worship, fast_food","Saint Lukes United Church of Christ, El Nuevo Borinquen, Humboldt Haus, Yacht 57, Humboldt Park, Etheria Cafe, Yellow Brick Road, Palestine Christian Temple, Burger King"
17031240900,20,12,"bar, bicycle_rental, artwork, bicycle_rental, museum, cafe, restaurant, cafe, bar, dentist, artwork, hospital, fuel, artwork, artwork, artwork, convenience, clinic, social_facility, artwork","California Clipper, California Ave & Division St, Home (Miner & Child), Troy St & North Ave, National Museum of Puerto Rican Arts & Culture, The Boathouse Cafe, Diana’s Food & Restaurant, Spinning J, The Hi-Lo, Sonrisa Family Dental, World's Fair Bison, Humboldt Park Health, Mobil, Alexander Von Humboldt Monument, Fritz Reuter Monument, Leif Ericsson Monument, Mobil Mart, Humboldt Park Health Wellness Center, 65th Infantry Regiment ""Borinqueneers"" Veterans Housing, Paseo Bourica Gateway Flags"
17031241000,11,8,"place_of_worship, place_of_worship, place_of_worship, fast_food, bar, cafe, department_store, restaurant, place_of_worship, supermarket, school","Rockwell Baptist Church, Central Spanish Baptist Church, Saint Fidelis Roman Catholic Church, Best Submarine #2, Boulevard Sports Lounge, Señor Pan Cafe, LCM Dollar, 1492 Cuban Fusion, Mount Gilead Missionary Baptist Church, Cermak Produce, Erie Elementary Charter School"
17031241100,25,16,"alcohol, restaurant, restaurant, pub, tattoo, restaurant, electronics, furniture, restaurant, restaurant, restaurant, cafe, garden_centre, information, beauty, hairdresser, fire_station, place_of_worship, clinic, restaurant, restaurant, place_of_worship, alcohol, car_parts, artwork","Boriken, Rangoli, So Gong Dong, West On North, Chicago True Blue Tattoo, Barbaro Taqueria, L&L Appliance Mart, North Avenue Collection, Bulerias Tapas Bar, Cup & Spoon, Nellie’s, Drink Happy Thoughts, The Succulent City, Chrome Beauty Lounge, Luquillo's Barbershop, Chicago Fire Department Engine Company 57, Sure Foundation Missionary Baptist Church, Erie Family Health Center, New China Restaurant, Guerrero's Tacos and Pizza, Saint George Belarusian Orthodox Church, La Junqueña, AutoZone, Paseo Bourica Gateway Flags"
17031241200,20,11,"place_of_worship, bicycle_rental, restaurant, bureau_de_change, restaurant, artwork, cafe, information, restaurant, restaurant, restaurant, childcare, school, clinic, place_of_worship, school, school, place_of_worship, school, hospital","Miracle Healing Temple, Claremont Ave & Hirsch St, Handlebar, Check Express, Chengdu Bistro, Sun Rey Cafe, Izakaya Shinya, Indian Paradise, Bon Bon Sandwiches, The Nook, Roberto Clemente Community Academy, Saint Aloysius Roman Catholic Church, Jose de Diego Community Academy, Josephinum Academy of the Sacred Heart, Saint Paul Evangelical Lutheran Church, Sabin Magnet Dual Language School, Saint Elizabeth Hospital"
17031241300,8,6,"bicycle_rental, restaurant, cafe, restaurant, convenience, toys, cafe, place_of_worship","Leavitt St & North Ave, Enoteca Roma Ristorante, Letizia's Natural Bakery, Folklore, Wicker Park Bodega, Building Blocks Toy Store, Purple Llama, Wicker Park Lutheran Church"
17031241400,138,38,"place_of_worship, public_bath, restaurant, restaurant, bicycle_rental, restaurant, clothes, bicycle_rental, bicycle_rental, bakery, pub, restaurant, cafe, restaurant, restaurant, artwork, restaurant, cafe, bar, music, restaurant, restaurant, restaurant, optician, bar, books, restaurant, second_hand, clothes, music, clothes, bar, clothes, clothes, clothes, shoes, bar, clothes, second_hand, optician, restaurant, dry_cleaning, restaurant, dry_cleaning, alcohol, restaurant, beauty, restaurant, beauty, dry_cleaning, fast_food, fast_food, dentist, restaurant, clothes, restaurant, dry_cleaning, tobacco, tyres, restaurant, restaurant, tobacco, restaurant, fast_food, restaurant, restaurant, department_store, restaurant, coffee, clothes, alcohol, bar, cafe, cafe, bar, restaurant, restaurant, bar, cafe, restaurant, mobile_phone, shoes, restaurant, bank, hairdresser, cafe, ice_cream, cafe, restaurant, fast_food, restaurant, information, books, cannabis, candles, restaurant, restaurant, dry_cleaning, shoes, restaurant, clothes, restaurant, clothes, tattoo, beauty, clothes, restaurant, pub, cafe, bakery, ice_cream, restaurant, fast_food, restaurant, cafe, clinic, massage, hairdresser, cafe, cafe, bicycle_rental, ice_cream, cafe, bank, school, restaurant, pub, pharmacy, bar, restaurant, restaurant, kindergarten, restaurant, fast_food, nightclub, bar, restaurant, school","Rehoboth Christian Church, Red Square, Sultan's Market, Milk and Honey Cafe, Damen Ave & Pierce Ave, Brü Chicago, Mildblend Supply Co., Paulina St & Division St, Damen Ave & Division St, Alliance Bakery, Nick’s Beer Garden, The Bongo Room, La Colombe Coffee Roasters, The Wormhole Coffee, Antique Taco, Charles Gustavus Wicker, Dove's Luncheonette, Stan's Donuts & Coffee, Blue Line Lounge & Grill, Shuga Records, Mirella's Tavern, Mirai Sushi, El Bagel Cafe, D/V Optical, Bangers & Lace, Myopic Books, Taxim, 2nd STREET, Carhartt, The Exchange, Una Mae's, Little Olive Lounge, Levi's, Free People, Buffalo Exchange, Endless Supply, The Standard, Belmont Army, The Ark, Forsite Optical, The Tamale Spaceship, Craft Pizza, Wicker Park Cleaners, D&D Liquors, Lou Malnati's Pizzeria, Wicked Nails, 5411 Empanadas - Wicker Park, Asia Nails, U.S. Cleaners, Flash Taco, Underdog, Lilac Tiger, Trillium, Fame Cleaners, SmokeTimes, Tire Shop, Phodega, Via Carducci, Genie Smoke Shop, BIG & little’s Restaurant, Café Istanbul, Urbanbelly, Paulie Gee's, Target, Bonchon Chicken, Caffe Gelato, Iridium, Garfield's Beverage Company, Easy Bar, Hot Shots Cafe, Red Square Cafe And Lounge, The Revel Room, Sushi Taku, Elia, Zakopane, Kanela Breakfast Club, Komorebi Sushi, Cricket Wireless, Yes Shoes, Tortello, Belmont Bank & Trust, The Grooming Lounge, Philz Coffee, Kurimu, Typica Cafe, Meraki Room, Jimmy John's, Seoul Taco, 826CHI, Spark'd Dispensary, Black Luxe Candle Co., The Coach House by Wazwan, Bourbon On Division, Pure Cleaners, Supreme, Tacombi, Adidas Originals, rumi Middle Eastern Grill, Free People, Metamorph Tattoo studios, Mojo Spa, store B vintage, CAVA, The Perch Kitchen and Tap, Foxtrot Market, Tous les Jours, The Original Rainbow Cone, Little Wok, Cheba Hut ""Toasted"" Subs, Daebak Korean BBQ, Colectivo Coffee, Midwest Express Clinic, Massage Envy, Foxtrot Market, Kung Fu Tea, Damen Ave / Wicker Park Ave, Van Leeuwen Ice Cream, Discourse Coffee Workshop, Byline Bank, Pritzker Elementary School, Bigsuda, Emporium Arcade Bar, Walgreens, Phyllis' Musical Inn, Parlor Pizza Bar, Cumin, Guidepost Montessori, Big Star, Bodega Bay Chicago, Subterranean, Estelle's, Chop Shop"
17031241500,102,44,"post_office, restaurant, florist, restaurant, supermarket, bicycle_rental, e-cigarette, theatre, restaurant, music, hifi, shoes, shoes, shoes, clothes, clothes, optician, ice_cream, houseware, clothes, clothes, bakery, pawnbroker, restaurant, art, restaurant, clothes, clothes, clothes, jewelry, fast_food, beauty, art, laundry, wine, bank, music, doityourself, restaurant, bakery, furniture, bar, restaurant, cafe, cafe, restaurant, pastry, restaurant, bar, bar, bar, mobile_phone, shoes, fast_food, bicycle_rental, laundry, beauty, information, pub, beauty, restaurant, beauty, hairdresser, fast_food, cafe, fast_food, clinic, fashion_accessories, fast_food, hairdresser, doctors, theatre, ice_cream, clothes, clothes, clothes, ice_cream, bank, clothes, cafe, copyshop, fast_food, bar, hairdresser, restaurant, place_of_worship, bar, clothes, car_repair, restaurant, restaurant, veterinary, optician, fast_food, pet, party, storage_rental, fast_food, dentist, cosmetics, mobile_phone, restaurant","Wicker Park Post Office, Piece Brewery & Pizzeria, Asrai Garden, Lucia’s Gourmet Italian Cuisine, Jewel-Osco, Wood St & Milwaukee Ave, Level Vape, The Den, Seoul Stick, Reckless Records, Decibel Audio, Dr. Martens, Steve Madden, Saint Alfred, G-Star Raw, Crossroads Trading Co., Urban Eyecare, Red Mango, Goldblatt Sewing Machines, Vintage Underground, Ragstock, Artemio's Bakery, Cash America Pawn, Nori, Jackson Junge Gallery, Oiistar, Transit Tees, Futurgarb, Kokorokoko, Fausto's Jewelry, Falafel & Grill, Salon M-Oka, David Leonardis Gallery, Liquor Park, Chase, Ave N Guitars, Lowe's, Paradise Park, Brobagel, Milwaukee Furniture, Dorian’s, En Hakkore 2.0, Volumes Bookcafe, Haven Lounge, Schwa, Insomnia Cookies, The Delta, The Flat Iron, Whiskey Business, No Bones Beach Club, Verizon, Foot Locker, Dunkin', Paulina St & North Ave, Coin Laundry, Epoch Salon, Louie's Pub, H Med Spa, Sunshine Daydream, The Ordinary, Fringe / A Salon, Taco Bell, Uni Uni Bubble Tea, Devil Dawgs Wicker Park, Kindbody (formerly Vios), Topdrawer, Sweetgreen, Great Clips, Innovative Primary Care, The Comedy Clubhouse, Baskin-Robbins, Past Studies, Demolition Collective, Round Two, Jeni's Splendid Ice Creams, Wells Fargo, Abercrombie & Fitch, Oro Chocolate & Coffee, Copy Max, Harold's Chicken Shack, Davenport's, Floyd's 99 Barbershop, Ina Mae Tavern & Packaged Goods, First Bethlehem Evangelical Lutheran Church, Swig, Urban Outfitters, Bloom Plant Based Kitchen, Hollywood Grill, America's Best Contacts & Eyeglasses, Potbelly, Pet Supplies Plus, Halloween Hallway Costume Store, Extra Space Storage, Subway, Urban Smiles Dental, Ulta Beauty, T-Mobile, Iron Age Korean Steakhouse"
17031241600,23,14,"bicycle_rental, convenience, sports, restaurant, restaurant, fast_food, ice_cream, restaurant, wigs, dry_cleaning, school, sports, bank, fast_food, fuel, convenience, restaurant, car_repair, school, car, school, hotel, restaurant","Ashland Ave & Blackhawk St, Green Arch Food Mart, City Sports, Caspian Kabab Fine Persian Cuisine, Seadog Sushi Bar, Kung FU Pizza Slices, Vaca's Creamery, Dr. Bird's Jamaican Patty Shack, Wigs & Plus, Division Cleaners, Near North Montessori School, Espace Running & Trail, Fifth Third Bank, Burger King, Shell, Shell, Arandas Tires & Rims, Rowe Elementary School, Fletcher Jones Audi, Rudy Lozano Bilingual & International Center Elementary School, Hyatt Place Chicago / Wicker Park, Mott St"
17031242000,49,23,"school, school, bicycle_rental, restaurant, bar, restaurant, cafe, restaurant, veterinary, books, alcohol, restaurant, bakery, art, hostel, cafe, bar, restaurant, cafe, cafe, bakery, restaurant, restaurant, restaurant, restaurant, optician, dentist, paint, gallery, fast_food, cafe, ice_cream, dry_cleaning, restaurant, theatre, clothes, restaurant, tattoo, restaurant, fire_station, restaurant, restaurant, place_of_worship, restaurant, theatre, restaurant, bar, school, school","Holy Trinity High School, Oak Therapeutic School, Noble St & Milwaukee Ave, Taqueria Traspasada, Lush Wine & Spirits, Opart Thai House Restaurant, Mano Modern Cafe, Usagi Ya, Wicker Park Veterinary Clinic, Occult Bookstore, Crater Food & Liquor, Kin Sushi & Thai Cuisine, Lovely Bake Shop, 1112 Gallery, Alexandra's place, Arabia Café & Hookah Lounge, Beauty Bar, Flo, Healthy and Simple, Standing Passengers, Sweet Delights, Temporis, Kimchi Pop, La Calavera Chicago, Jeong, Pearle Vision, East Village Dental, C.G. Floor Finishes and Paint Supply, Young Chicago Authors, Popeyes, Engine Coffee, La Flor Michoacana 3, Chicago Cleaners, La Condesa, Vittum Theater, Dovetail, Un Amor, Insight Studios Tattoo, Milly’s in the Pan, Chicago Fire Department Engine Company 30, El Barco Mariscos, The Frontier, Holy Trinity Catholic Church, Lawn Craft Hamburger, Chopin Theatre, Podhalanka, The Chipp Inn, Rowe Lower School, Noble Street College Prep High School"
17031242100,37,20,"bicycle_rental, bakery, restaurant, bank, alcohol, bar, fast_food, restaurant, hostel, cafe, pub, beauty, bar, bar, greengrocer, cafe, cafe, bar, restaurant, restaurant, car_repair, optician, cafe, bicycle_rental, restaurant, gallery, bar, restaurant, convenience, music, restaurant, car_repair, restaurant, place_of_worship, fast_food, police, school","Ashland Ave & Augusta Blvd, Hoosier Mama Pie Company, Bordel, PNC Bank, Division Street Liquors, Gold Star Bar, La Pasadita, Alegrias Seafood Chicago, Holiday Jones, Starbucks, Anthem, Ruby Room, Forbidden Root Restaurant & Brewery, Beatnik, Garden Gourmet Grocery, Starfruit Cafe, Tropikava, Loop Tavern, Mariscos La Costa, 5411 Empanadas - Division, Chicago Auto Repair Service Inc., Coco Ice Cream, Wood St & Augusta Blvd, Koko's Mediterranean, Patron Gallery, Rite Liquors, Little Victories, Frutería y Carnicería San José, Dusty Groove, Hiro Izakaya, Augusta & Paulina Auto Repair, Pizza Metro, Saint George Orthodox Cathedral, Wendy's, Cook County Sheriff's Central Warrants Division, Wells Community Academy High School"
17031242200,30,19,"bar, bar, clothes, florist, restaurant, pub, tobacco, hairdresser, restaurant, restaurant, restaurant, bicycle, bar, restaurant, bakery, restaurant, restaurant, bar, artwork, bicycle_rental, dry_cleaning, ice_cream, optician, cafe, houseware, restaurant, bakery, fuel, convenience, school","Nilda's Place, Innertown Pub, Penelope's, Cattails, The Boil Seafood, Mac's American Food & Drink, Wicker Park Tobbaconist, Winchester Club, Shawarma Garden, Roots Handmade Pizza, West Town Bakery & Diner, Comrade Cycles, High Dive, Homestead on the Roof, Pierre’s Bakery, Sabroso! Mexican Grill, Tai Nang, Ola’s Liquor, Shit Fountain, Honore St & Division St, Cleaners On Division, Black Dog Gelato, Village Eyecare, Altar Cafe, Altar Home, Kasama, Bear Stewart Corporation, Shell, Shell, LaSalle II Magnet School"
17031242300,36,14,"place_of_worship, place_of_worship, place_of_worship, bar, bar, restaurant, pub, pub, restaurant, pub, bar, restaurant, restaurant, restaurant, bakery, restaurant, restaurant, cafe, bicycle_rental, restaurant, pet, fast_food, second_hand, restaurant, fashion_accessories, post_office, restaurant, restaurant, cafe, place_of_worship, place_of_worship, pub, place_of_worship, bank, restaurant, school","Hoyne Avenue Wesleyan Church, New Hope Bible Church, San Marco United Presbyterian Church, J&M Tap, Rainbo Club, Thai Village, Innjoy, The Fifty/50, Whadda Jerk, Pub Royale, Queen Mary Tavern, Sunrise Cafe, Clever Rabbit, A Tavola, Ann’s Bakery, Silli Kori, Takito Kitchen, Kanela Breakfast Club, Damen Ave & Thomas St (Augusta Blvd), Lao Peng You 老朋友, Doggy Style Pet Shop, Dunkin', CEA Estate Sale Finds & Consignments, World Nutrition, Mulberry & Me, The UPS Store, Janik's Cafe, Greek Corner, Plenty Goods Cafe, Thai Buddhist Temple, Holy Trinity Orthodox Cathedral, Fatpour Tap Works, Saint Stephen King of Hungary Roman Catholic Church, PNC Bank, Takie Outit, Ruth Bader Ginsburg Elementary School"
17031242400,45,29,"school, language_school, laundry, music, bar, bar, restaurant, bar, cafe, restaurant, bar, bar, deli, bicycle_rental, bicycle_rental, music_school, e-cigarette, hairdresser, events_venue, convenience, hairdresser, fast_food, clinic, mobile_phone, antiques, dry_cleaning, restaurant, beauty, hairdresser, dentist, florist, art, gift, hospital, place_of_worship, place_of_worship, fast_food, place_of_worship, museum, bank, fast_food, fuel, convenience, school, school","Saint Mary of Nazareth Hospital School of Nursing, School of Ukrainian Studies, Village Laundry, Wild Prairie Vinyl & Vintage Clothing, Stella's Tap, Blind Robin, Joey G's Mac 'N Cheese, EZ Inn, Old Lviv, Salsa Picante, Stella’s Sports Bar, The Empty Bottle, Rich’s Deli, Leavitt St & Division St, Western Ave & Walton St, Saint Nicholas School of the Arts, Blaze Chicago, Charisma Hair Studio, Create Your Space Studio, Amish & Healthy Foods, Rare Bird Beauties Studio, Dunkin', Specialized Forensic Unit PC, Cricket Wireless, Olive Jewel Vintage & Antiques, Village Laundry Dry Cleaners, Pizza Friendly Pizza, BadazzNailzz Salon, Infinite Beauty Salon, 32 & U Dental, InFlorEscence, Regards,, ДЕЛЬТА, Saint Mary of Nazareth Hospital, Saint Nicholas Ukrainian Catholic Cathedral, Saint Volodymyr Ukrainian Orthodox Cathedral, Fatso's Last Stand, Saint Helen Catholic Church, Ukrainian Institute of Modern Art, Selfreliance Federal Credit Union, Burger King, Shell, Shell, Українська Католицька Школа Святого Миколая;Saint Nicholas Cathedral School, Saint Helen's School"
17031242500,32,20,"school, supermarket, bicycle, restaurant, convenience, bicycle, bicycle_rental, restaurant, bar, clothes, musical_instrument, hairdresser, musical_instrument, restaurant, bar, restaurant, marketplace, studio, medical_supply, restaurant, doctors, restaurant, veterinary, massage, beauty, massage, tailor, gallery, bank, bank, school, school","Saint Mark Headstart Center, Municipal Market, Ciclo Urbano, Shokolad, Puerto Rico Food and Liquors, West Town Bikes, Western Ave & Division St, Boeufhaus, Sportsman's Club, Squasht Boutique, Tommy's Guitars and Trading Post, Connection Salon, M&S Organs, The Chicago Teachers’ Lounge & Eatery, The Beetle Bar and Grill, Papa’s Cache Sabroso, Mercado del Pueblo, Ukrainian Independent Radio, Total Home Health, Los 3 Compadres de Guerrero, Dr. Barbara Klempel M.D., Do-Over Diner, Village West Veterinary, SL Spa Angelic, Golden Dream Spa, Varvara, Patient Info, Fifth Third Bank, Fifth Third Bank, Acero Santiago Elementary School, Chopin Elementary School"
17031242600,26,19,"place_of_worship, driving_school, cafe, bar, alcohol, laundry, restaurant, restaurant, cafe, garden_centre, restaurant, car_wash, car_repair, convenience, bicycle_rental, variety_store, artwork, money_transfer, houseware, fast_food, beauty, variety_store, restaurant, school, place_of_worship, school","Free Lance Deliverance Church, Borenquen Driving School, Cafe Marie-Jeanne, Archie's, Yauco Food & Liquors, Bubbleland, Flying Saucer, Aztec Dave's Cantina, Café Colao, Adams & Son Gardens, Taco Firme, Glitz Car Wash, M&R Auto Body, Tabb's Food & Liquor, California Ave & Cortez St, Rotating Market, Dr. Pedro Albizu Campos, Western Union, Humboldt House, Lucy’s Fried Chicken & Burgers, Refilleri, Family Dollar, La Bruquena, Dr. Pedro Albizu Campos High School, Holy Protection Ukrainian Orthodox Cathedral, Chicago High School for the Arts"
17031242700,6,5,"atm, tattoo, bar, fast_food, fast_food, library","Brown Brothers Tattoo, Rootstock Wine & Beer Bar, Steingold's, Lola's Coney Island, Read / Write Library"
17031242800,19,14,"car, cafe, cafe, cafe, bicycle_rental, bicycle_rental, convenience, pet, coffee, doctors, doctors, pharmacy, storage_rental, beauty, coffee, artwork, chemist, social_facility, place_of_worship","Chicago Motors Inc, Blend Cafe, Dark Matter Coffee - The Mothership, Star Lounge Coffee Bar, Artesian Ave & Hubbard St, Smith Park, Farmer's Pride Produce, Liz's Pet Shop, Electric Lady Lab, Dr J. Tymouch, MD Pain Management, Thorek Family Practice, CVS Pharmacy, Midway Moving & Storage, Blush Electrolysis & Skincare, CVS Pharmacy, American Ukrainian Youth Association Inc, Holy Rosary Catholic Church"
17031242900,21,13,"place_of_worship, school, alcohol, restaurant, animal_boarding, place_of_worship, restaurant, restaurant, bar, bicycle_rental, community_centre, museum, artwork, artwork, artwork, veterinary, car_wash, car, place_of_worship, school, car","Mision Bautista Northwest, Holy Rosary School, Grand & Western Liquors, Chavas Tacos El Original, Pack Life, The Painted Door, Fiore Delicatessen, Tryzub Ukrainian Kitchen, Mr Brown’s Lounge, Leavitt St & Chicago Ave, Ukrainian Cultural Center, Ukrainian National Museum, Ellis Veterinary Clinic, Grand Oakley Car Wash, 655 Car Center, Saints Volodymyr and Olha Catholic Church, Mitchell Elementary School, Metropolitan Automan Inc"
17031243000,19,14,"bicycle_rental, deli, restaurant, restaurant, bar, restaurant, funeral_directors, pawnbroker, cafe, restaurant, events_venue, dentist, hairdresser, doctors, bicycle, fast_food, bar, supermarket, fast_food","Damen Ave & Chicago Ave, Kasia's Deli, All Together Now!, Dicey's Pizza & Beer Tavern, Tuman’s Tap and Grill, Ben's Grill, Muzyka Funeral House, West Town Jewelry & Loan, Starbucks, Hummus Grill, Present Company, Milktooth Pediatric Dentistry, Gold Chair, SPS Family Care S.C., Pedal to the People, Odge's, Friends of Friends, Mariano's Fresh Market, McDonald's"
17031243100,28,21,"school, bicycle_rental, bakery, restaurant, garden_centre, bar, florist, restaurant, cafe, restaurant, restaurant, restaurant, events_venue, studio, spa, computer, books, gift, furniture, antiques, gallery, convenience, childcare, childcare, restaurant, school, bank, clinic","Lake Shore Seventh Day Adventist School, Damen Ave & Grand Ave, Big Delicious Planet Canteen, Doña Naty's Tacos, Sprout Home, Damen Tavern, Flowers for Dreams, Taco Pros, Prequel, Dell’s Rooster, Cleos, Soule to Soule, The Hive on Hubbard, Product Productions, Spa Social, Go Technology Group Inc, Passages Wine and Books, Paperish Mess, Dail M for Modern, Urban Remains, SECRIST / BEACH, La Cuencanita, iLearn Center, Kid City, Breakfast House, Talcott Elementary School, Verve, Fresenius Kidney Care"
17031243200,36,17,"school, bar, restaurant, bicycle_rental, cafe, restaurant, restaurant, bar, restaurant, restaurant, cafe, restaurant, hairdresser, clothes, greengrocer, gallery, gallery, bicycle_rental, bicycle_rental, fast_food, gallery, bakery, restaurant, restaurant, social_facility, restaurant, restaurant, bar, car_repair, library, childcare, community_centre, restaurant, social_centre, school, fast_food","Esperanza Elementary School, Output Lounge & Sports Bar, Tortorice's Pizza, Ashland Ave & Chicago Ave, Pickwick Coffee, JJ Thai Street Food, Yuzu Sushi + Robata Grill, On Tour Brewing, Brasero, Sabroso! Mexican Grill, HERO Coffee Bar, Omakase Shoji, Volume Hair Salon, Alcala's Western Wear, Epic Spices, Western Exhibitions, Rhona Hoffman Gallery, Wood St & Chicago Ave, Wood St & Hubbard St, Naty's Pizza, Marianne Ibrahim Gallery, Publican Quality Bakery, Chicago Empanada Mama, West Town Satellite Senior Center, Uncle Mike's Place, Bartoli’s Pizza, Everything, Carson Tire Service, West Town Branch Library, John & Mary Madden Center, Erie Neighborhood House, El Taco Veloz, Esperanza Community Services, Modern Relish"
17031243300,23,14,"convenience, bicycle_rental, restaurant, bar, variety_store, variety_store, restaurant, gallery, clothes, restaurant, interior_decoration, fast_food, convenience, fuel, place_of_worship, car_repair, car_repair, place_of_worship, laundry, school, convenience, fuel, school","Green Grocer, Ashland Ave & Grand Ave, Cafe Central, District Brew Yards, Family Dollar, Jerusalem Home Decor, Spicy Fingers Seafood Kitchen, Povos, Pep Club Vintage, Lillie's Q, Urban Source, Ramirez Fast Food, Citgo, Citgo, Apostolic Assembly of the Faith in Christ Jesus, Gateway Auto Service & Repair, Orlando Auto Glass & Trim, Holy Innocents Catholic Church, Yo Yo Coin Laundromat, Otis Elementary School, Shell, Shell, Golder College Prep"
17031243400,29,16,"bicycle_rental, restaurant, bar, restaurant, bar, bakery, cafe, restaurant, pub, fast_food, restaurant, cafe, restaurant, restaurant, furniture, bakery, books, car_repair, restaurant, beauty, dry_cleaning, restaurant, fast_food, restaurant, bank, place_of_worship, social_facility, school, school","Ogden Ave & Race Ave, Taqueria El Jardin, Diego, The Breakfast Club & Grill, Tavern El Chubasco, Amy Beck Cake Design, Move Along Coffee, Tempesta Market, The Irish Nobleman, Vinnie’s Sub Shop, Noble Thai, Starbucks, Elina's, Salerno's Pizza at Chicago, Carefully Picked, Brownie Points Bakery, Semicolon Books, Ogden Automotive, Pizz’Amici, The Wispy Brow, Grand Cleaners, Coalfire, Burger Baron, Mart Anthony's, Byline Bank, Santa Maria Addolorata Catholic Church, Erie Neighborhood House, Ogden International High School, Rauner College Prep"
17031243500,51,29,"bicycle_rental, bicycle_rental, deli, bakery, convenience, cafe, restaurant, cafe, restaurant, restaurant, frame, alcohol, restaurant, bakery, bar, restaurant, events_venue, bar, restaurant, cafe, convenience, clothes, car_repair, bar, restaurant, place_of_worship, restaurant, florist, restaurant, gallery, supermarket, hairdresser, restaurant, car_wash, dentist, fast_food, fast_food, shoes, furniture, wine, restaurant, fast_food, restaurant, bar, fire_station, bank, museum, pharmacy, events_venue, artwork, school","Milwaukee Ave & Grand Ave, Carpenter St & Huron St, Bari, D'Amato's Bakery, 7-Eleven, Big Shoulders Coffee, Jerk Jamaican Barbecue, Starbucks, Piccolo Sogno, Mister Tiger, April 7s Custom Framing, BWS, Butterfly Sushi Bar & Thai Cuisine, D’Amato’s Wholesale Bakery, The Matchbox, Oggi Trattoria, City Hall, The Dandy Crown, Stax Cafe, Contrast Coffee, Blue Bell Mart, BLVDier, Erie LaSalle Body Shop, Tiki Tiki at the Silver Palm, Recess, City Church Chicago, Eggholic, Steve's Flower Market, Jordyn's Soul Cafe, A very Serious Gallery, Gangnam Market, 4 elements, TABÚ, WeWash, Gleam Dental Studio, Pie-Eyed Pizzeria, Subway, Erica Maya Dance Shoes, South Loop Loft, Grand Cru, Bocadillo Market, Zayna Mediterranean Grill, Tsukiji Sushi Sake Bar, The Aberdeen Tap, Chicago Fire Department Engine Company 14, U.S. Bank, Intuit: The Center for Intuitive and Outsider Art, CVS Pharmacy, Galleria Marchetti, Flame Of The Millennium, Bennett Day School"
17031250200,6,5,"rental, storage_rental, fast_food, fast_food, car_parts, car_wash","U-Haul, U-Haul, Church's Chicken, Burger King, O'Reilly Auto Parts, Buddy Bear Car Wash"
17031250300,8,7,"school, place_of_worship, mobile_phone, money_lender, place_of_worship, fast_food, cinema, variety_store","Kiddie Play School, Faith Restoration Miracle Church, T-Mobile, PLS, Rock of Salvation Church, Popeyes, AMC Showplace Galewood 14, Dollar General"
17031250400,19,11,"school, place_of_worship, bakery, mobile_phone, mobile_phone, bicycle_rental, bicycle_rental, bicycle_rental, bicycle_rental, bar, fast_food, library, place_of_worship, fast_food, fast_food, school, convenience, fuel, bus_station","Bethany School, Bethel Temple Assembly of God Church, Today’s Temptation, Metro by T-Mobile, Boost Mobile, Menard Ave & North Ave, Major Ave & Bloomingdale Ave, Narragansett Ave & McLean Ave, Mango Ave & North Ave, Carolyn’s Zodiac Lounge, White Castle, North Austin Branch Library, Bethany Lutheran Church, KFC, Dunkin', Lovett Elementary School, BP Shop, BP, North Avenue & Narragansett Terminal"
17031250500,30,20,"bank, convenience, restaurant, money_lender, fast_food, mobile_phone, fast_food, bicycle_rental, bicycle_rental, deli, pharmacy, dry_cleaning, cafe, fast_food, doctors, place_of_worship, storage_rental, place_of_worship, paint, bank, chemist, funeral_directors, social_centre, place_of_worship, restaurant, bank, school, storage_rental, cafe, clinic","Old Second National Bank, 7-Eleven, Jet's Pizza, Check Into Cash, Sarpino's Pizzeria, Boost Mobile, Taco Burrito King, North Ave & New England Ave, Bloomingdale Ave & Harlem Ave, Serrelli's Finer Foods, CVS Pharmacy, CD One Price Cleaners, Starbucks, Charleys Philly Steaks, Midwest Orthopaedics at Rush, Galewood Community Church, CubeSmart, Redeemer Church, Sherwin-Williams, Fifth Third Bank, CVS Pharmacy, Salerno’s Galewood Chapel, Knights of Columbus Council, Lutheran Church of the Good Shepherd, Elbrus, Bank of America, Sayre Language Academy, Public Storage, Starbucks, Rush North & Harlem"
17031250600,16,9,"school, place_of_worship, place_of_worship, place_of_worship, mobile_phone, bicycle_rental, bicycle_rental, ice_cream, place_of_worship, pharmacy, fast_food, convenience, place_of_worship, place_of_worship, car_parts, school","Saint Angela School, Little Rock Missionary Baptist Church, New Greater Saint James Missionary Baptist Church, Grace Deliverance Tabernacle Church, Boost Mobile, Menard Ave & Division St, Mango Ave & North Ave, Baskin-Robbins, North Austin United Methodist Church, Walgreens, Dunkin', North Austin Lutheran Church, Kingdom Builders Ministries International, AutoZone, Young Elementary School"
17031250700,16,10,"place_of_worship, place_of_worship, bakery, mobile_phone, supermarket, bicycle_rental, convenience, fuel, place_of_worship, school, place_of_worship, place_of_worship, place_of_worship, place_of_worship, variety_store, cafe","Church of Christ, Pine Avenue United Church, Southshore Bakery, Boost Mobile, Save-A-Lot, Long Ave & North Ave, Super Fuel, Trinity Evangelical Lutheran Church, Christ School, Christ English Evangelical Lutheran Church, Pleasant Valley Baptist Church, Jehovahs Witnesses - West Unit, Hamlett Isom CME Church, Dollar Tree, PTCI"
17031250800,23,18,"place_of_worship, supermarket, bakery, convenience, department_store, clothes, optician, nutrition_supplements, video_games, fast_food, bicycle_rental, bicycle_rental, variety_store, school, storage_rental, department_store, shoes, cafe, bank, fast_food, fuel, fast_food, fuel","Saint Peter Canisius Church, Food 4 Less, Biondillo Bakery, BP Shop, Ross, Rainbow, America's Best Contacts & Eyeglasses, GNC, GameStop, Subway, Leamington Ave & Hirsch St, Lawler Ave & North Ave, Five Below, Leslie Lewis Elementary School, Extra Space Storage, Forman Mills, Sketchers Outlet, Starbucks, BMO, McDonald's, BP, Wendy's, Food 4 Less"
17031251000,14,9,"place_of_worship, place_of_worship, artwork, convenience, car_wash, bicycle_rental, clinic, fuel, convenience, fuel, convenience, library, fuel, school","Redeem Tabernacle Church of God in Christ, Way of Holiness Church of God in Christ, Our King, Citgo, Mobil, Lamon Ave & Chicago Ave, Austin Health Center of Cook County, Citgo, Mobil Mart, Mobil, Marathon, West Chicago Avenue Branch Library, Marathon, Ronald E. McNair Elementary School"
17031251100,18,10,"place_of_worship, place_of_worship, place_of_worship, place_of_worship, mobile_phone, mobile_phone, artwork, bicycle_rental, bicycle_rental, social_facility, fire_station, fuel, fuel, variety_store, convenience, place_of_worship, place_of_worship, post_office","Old Ship of Zion Missionary Baptist Church, Original Rising Star Missionary Baptist Church, New Mount Zion Offspring Missionary Baptist Church, Spiritual Rock Missionary Baptist Church, Boost Mobile, Boost Mobile, Pyxis, Augusta Blvd & Laramie Ave, Lavergne Ave & Division St, Bethel New Life, Chicago Fire Department Engine Company 117, Citgo, GoLo, Dollar Tree, Citgo, Our Lady Help of Christians Roman Catholic Church, High Mountain Missionary Baptist Church, Robert LeFlore Jr Post Office"
17031251200,15,8,"school, place_of_worship, place_of_worship, variety_store, bicycle_rental, variety_store, police, bicycle_rental, cafe, place_of_worship, convenience, variety_store, place_of_worship, fuel, school","Austin Career Education Center, New Miracle Temple Church of God in Christ, Northside Church of God in Christ, Family Dollar, Central Ave & Chicago Ave, Family Dollar, Cook County Sheriff's Police Substation, Pine Ave & Division St, Urban Essentials Coffee Café, Pine Avenue United Church, Marathon, Dollar General, Jordan Temple Baptist Church, Marathon, Hay Community Academy"
17031251300,21,9,"school, place_of_worship, place_of_worship, place_of_worship, place_of_worship, place_of_worship, place_of_worship, place_of_worship, place_of_worship, bicycle_rental, coffee, fast_food, mobile_phone, community_centre, events_venue, place_of_worship, place_of_worship, place_of_worship, school, bus_station, bus_station","Saint Pauls School, Jordan River Missionary Baptist Church, The Old Rugged Cross Missionary Baptist Church, True Gospel Missionary Baptist Church, Truevine Baptist Church, Sunny Mount Zion Missionary Baptist Church, Austin Messiah Lutheran Church, Spirtual Israel Church, Saint Paul Evangelical Lutheran Church, Austin Blvd & Chicago Ave, Bitoys Bistro, Subway, Boost Mobile, Sankofa Center at AAABNA, L May Creations Event Space, Christ Tabernacle Missionary Baptist Church of Austin, Healing Center Church of God in Christ, Bethel Evangelical Lutheran Church, Brunson Elementary School, Chicago & Austin Terminal, Division & Austin Terminal"
17031251400,24,11,"place_of_worship, place_of_worship, place_of_worship, place_of_worship, place_of_worship, place_of_worship, place_of_worship, mobile_phone, confectionery, supermarket, cafe, library, community_centre, fire_station, place_of_worship, place_of_worship, place_of_worship, place_of_worship, place_of_worship, fast_food, place_of_worship, school, bicycle_rental, bicycle_rental","Saint Rome Missionary Baptist Church, Saint Luke Missionary Baptist Church, Greater First Baptist Missionary Baptist Church, Goodway Church of God in Christ, Circle Evangelical Free Church, Highway of Holiness Pentecostal Church, Unity of Love Church, Boost Mobile, Bitoy's SweeTreats, Forty Acres Fresh Market, New Sound Cafe, Henry W. Austin Branch Library, Austin Town Hall, Chicago Fire Department Engine Company 96, Gammon United Methodist Church, Saint Martin's Episcopal Church, Greater Holy Temple Church of God in Christ, Inspirational Deliverance Center Church of God in Christ, Christ Unity Church, Church's Chicken, Chicago West Bible Church, Frederick Douglass Academy High School, Central Ave & Lake St, Austin Blvd & Lake St"
17031251500,19,7,"place_of_worship, school, school, place_of_worship, place_of_worship, bicycle_rental, bicycle_rental, fast_food, ice_cream, school, place_of_worship, place_of_worship, place_of_worship, place_of_worship, convenience, place_of_worship, fast_food, school, fuel","Gods Holy Ghost Missionary Baptist Church, Community Lutheran School, Austin Special School and Sheltered Work Center, Austin Church of the Nazarene, Mount Calvary Church of God in Christ, Laramie Ave & Kinzie St, Latrobe Ave & Chicago Ave, Subway, Baskin-Robbins, Moving Everest Charter School, New Greater True Light MB Church, Chicago First Church of Nazarene ""Lighthouse"", Paradise Missionary Baptist Church, Austin Baptist United Church of Christ, Marathon, Community Lutheran Church, Dunkin', Howe Elementary School, Marathon"
17031251600,10,4,"place_of_worship, place_of_worship, place_of_worship, place_of_worship, place_of_worship, place_of_worship, place_of_worship, bakery, fast_food, community_centre","Progressive Solid Rock Missionary Baptist Church, Holy City Church of God in Christ, Old Path Church of God in Christ, Unity Church of God and Christ, True Macedonia Missionary Baptist Church, Temple of Spiritual Truth, Progressive True-Vine MB Church, Schweet Cheesecake, McDonald's, By The Hand Club for Kids"
17031251700,10,3,"place_of_worship, place_of_worship, place_of_worship, place_of_worship, place_of_worship, place_of_worship, tyres, place_of_worship, school, school","Christian Home Missionary Baptist Church, Greater Christian Light Missionary Baptist Church, Universal Missionary Baptist Church, True Faith Missionary Baptist Church, Christian Faith Missionary Baptist Church, Saint Andrews Missionary Baptist Church, Alvaro’s Tire Shop, Greater Holy Temple Ministries, Nash Elementary School, KIPP Academy School"
17031251800,26,10,"school, place_of_worship, place_of_worship, place_of_worship, place_of_worship, place_of_worship, place_of_worship, place_of_worship, place_of_worship, place_of_worship, place_of_worship, bicycle_rental, mobile_phone, social_facility, convenience, place_of_worship, place_of_worship, place_of_worship, fuel, place_of_worship, storage_rental, place_of_worship, school, community_centre, college, bicycle_rental","Saint Thomas School, Christian Union Missionary Baptist Church, Greater New Mount Olivet Missionary Baptist Church, Gods All Nations Pentecostal Church, Christian Service Center, Saint John Church of God in Christ, Saint Jude Church of God in Christ, Holy Mission Church of God in Christ, One Way Apostolic Church of God, West End Baptist Church, Unity Fellowship Baptist Church, Kenton Ave & Madison St, Boost Mobile, Primo Center, Mobil Mart, New Evangelical Church, Home of Life Missionary Baptist Church, Mt Carmel Holiness Church, Mobil, One Lord One Faith Missionary Baptist Church, StorageMart, Saint Thomas Aquinas Roman Catholic Church, Spencer Technology Academy, The Peace Corner Youth Center, Malcolm X College Westside Learning Center, Cicero Ave & Lake St"
17031251900,8,6,"place_of_worship, car_parts, place_of_worship, pharmacy, restaurant, place_of_worship, clinic, school","Soul Saving Missionary Baptist Church, AutoZone, Kingdom Missionary Baptist Church, Walgreens, MacArthur's Restaurant, Most Worshipful William V. Banks Grand Lodge, PCC Austin Family Health Center, Austin Community Academy High School"
17031252000,17,10,"school, school, school, place_of_worship, place_of_worship, place_of_worship, bicycle_rental, bar, mobile_phone, funeral_directors, fast_food, place_of_worship, social_facility, place_of_worship, childcare, school, bus_station","Catalyst Circle Rock Charter School, Austin School of Beauty Culture, Miriam Daniels School, Lily of the Valley Baptist Church, Rock of Our Salvation Church, Circle Urban Ministries, Austin Blvd & Madison St, Winners Sports Bar & Grill, Boost Mobile, Smith & Thomas Funeral Home, Terry's Place, Austin United Presbyterian Church, Senior Suites Of Austin, Third Unitarian Church, Little Folks Cottage Inc, Duke Ellington Elementary School, Madison & Austin Terminal"
17031252101,9,6,"place_of_worship, place_of_worship, fast_food, bar, fast_food, police, school, bus_station, bus_station","Bethel Green Missionary Baptist Church, Bethlehem Unity Missionary Baptist Church, Uncle Remus, Ted’s Place, Subway, Chicago Police Department 15th District Station, DePriest Elementary School, Harrison & Central Terminal, Jackson & Austin Terminal"
17031252102,22,13,"school, place_of_worship, place_of_worship, place_of_worship, social_facility, bicycle_rental, bicycle_rental, bicycle_rental, bicycle_rental, mobile_phone, rental, convenience, fire_station, variety_store, place_of_worship, place_of_worship, fuel, bank, place_of_worship, place_of_worship, supermarket, post_office","CAM Academy, New Saint Matthews Missionary Baptist Church, Saint Jude Spiritual Church, Risen Valley Mission Church of God in Christ, Winnie Evans Senior Citizens Drop In Center, Central Ave & Madison St, Central Ave & Harrison St, Laramie Ave & Madison St, Laramie Ave & Gladys Ave, Metro by T-Mobile, U-Haul, BP Shop, Chicago Fire Department Engine Company 113, Family Dollar, Friendship Baptist Church, Kingdom Hall of Jehovahs Witnesses, BP, U.S. Bank, Bethel Apostolic Church, Emmaus Lutheran Church, Leamington Foods, Milton R. Brunson Post Office"
17031252201,14,9,"school, music_school, restaurant, school, place_of_worship, community_centre, community_centre, fuel, convenience, car_parts, place_of_worship, fast_food, school, school","Chicago Jesuit Academy, Earl Bedford School of Music, The Licking, Christ the King Jesuit College Prep, Mandell United Methodist Church, Austin Satellite Senior Center, BUILD, Gulf, Gulf, Advance Auto Parts, Truth & Deliverance International Ministries, McDonald's, George W. Leland Elementary School"
17031252202,13,6,"place_of_worship, place_of_worship, place_of_worship, place_of_worship, place_of_worship, place_of_worship, bicycle_rental, mobile_phone, convenience, fuel, convenience, fuel, fast_food","Isaiah Mission Baptist Church, Goodhope Church of God in Christ, New Home Baptist Church, New Precious Grove Missionary Baptist Church, Knee Way Pentecostal Church of God in Christ, Greater New Birth Church of God in Christ, Cicero Ave & Quincy St, Metro by T-Mobile, 76, Falcon, Falcon Food Mart, 76, Whale Fish and Chicken"
17031260100,9,8,"convenience, shoes, bank, shoes, mobile_phone, clothes, money_transfer, fuel, car_wash","Mobil Mart, Foot Locker, BMO, Kids Foot Locker, Metro by T-Mobile, DTLR, Western Union, Mobil, Mobil"
17031260200,12,10,"bicycle_rental, bank, tool_library, convenience, furniture, fire_station, community_centre, place_of_worship, bank, shoes, school, bicycle_rental","Karlov Ave & Madison St, U.S. Bank, The Chicago Tool Library, Pulaski & Lake Food Mart, West Town Liquidators, Chicago Fire Department Engine Company 95, Off The Street Club, Keystone Baptist Church, Chase, Snipes, Tilton Elementary School, Pulaski Rd & Lake St"
17031260300,8,5,"school, place_of_worship, events_venue, post_office, place_of_worship, place_of_worship, place_of_worship, bicycle_rental","Bethel Lutheran School, Greater Mount Nebo Baptist Church, Bare Copper, Mary Alice Henry Post Office, Bethel Lutheran Church, New Mount Pilgrim Missionary Baptist Church, Saint Barnabas Episcopal Church, Kostner Ave & Lake St"
17031260400,5,4,"bar, fuel, place_of_worship, place_of_worship, convenience","Brick’s Sports Bar & Grill, Exxon, Church of Christ, Corinthians Temple Church of God in Christ, Tiger Mart"
17031260500,10,7,"place_of_worship, place_of_worship, bicycle_rental, music, fuel, place_of_worship, hardware, place_of_worship, school, convenience","Church of Living God, Sunrise Baptist Church, Kostner Ave & Adams St, Out of the Past Records, BP, Greater Saint Johns Missionary Baptist Church, King's Hardware, Ruth Memorial Missionary Baptist Church, Hefferan Elementary School, BP Shop"
17031260600,3,2,"community_centre, place_of_worship, place_of_worship","Sankofa Village Wellness Center, Saint Michael Baptist Church, Alpha and Omega Missionary Baptist Church"
17031260700,12,10,"school, place_of_worship, beauty, bicycle_rental, clinic, restaurant, clothes, shoes, place_of_worship, place_of_worship, supermarket, fast_food","Debbies School of Beauty Culture, Pentecostal House of Prayer, Star Nails, Pulaski Rd & Congress Pkwy, Westside Community Triage & Wellness Center, Taste Buds, Rainbow, Foot Locker, Garfield Park Baptist Church, St. Michael MB Church, Save-A-Lot, Jerk Taco Man"
17031260800,8,7,"place_of_worship, place_of_worship, convenience, clothes, fuel, fast_food, library, school","Olivet United Methodist Church, New Morning Star Missionary Baptist Church, Citgo, DTLR, Citgo, White Castle, Henry E. Legler Regional Library, Genevieve Melody Elementary School"
17031260900,3,1,"place_of_worship, place_of_worship, place_of_worship","Greater Star Missionary Baptist Church, Greater Rock Missionary Baptist Church, Independence Boulevard Seventh Day Adventist Church"
17031261000,8,3,"place_of_worship, place_of_worship, place_of_worship, place_of_worship, place_of_worship, rental, school, school","Saint Rest Number 2 Missionary Baptist Church, The King David Baptist Church, First Corinthians Missionary Baptist Church, Prince of Peace Church of God in Christ, Sweet Kingdom Baptist Church, U-Haul, Webster Elementary School, Sumner Elementary School"
17031270500,5,4,"convenience, information, fuel, school, school","BP Shop, Garfield Park, BP, Gregory Elementary School, Leif Ericson Scholastic Academy"
17031271200,15,8,"school, place_of_worship, place_of_worship, school, mobile_phone, kindergarten, bicycle_rental, place_of_worship, variety_store, place_of_worship, place_of_worship, convenience, fuel, school, school","Saint Philip Basilica High School, The Tree of Life Church of Christ, Emanuel Church of God in Christ, Our Lady of Sorrows School, Boost Mobile, Dorie Miller Child Parent Center, Troy St & Jackson Blvd, Shiloh Missionary Baptist Church, Family Dollar, Walls Memorial Christian Methodist Episcopal Church, Our Lady of Sorrows Basilica, Marathon, Marathon, Jensen Elementary Scholastic Academy"
17031271300,4,3,"bicycle_rental, place_of_worship, school, school","Kedzie Ave & Jackson Blvd, Monroe Street Church of Christ, Faraday Elementary School, Marshall Metro High School"
17031271400,6,5,"bicycle_rental, place_of_worship, place_of_worship, clinic, school, hospital","Central Park Blvd & 5th Ave, People's Church of the Harvest, First Church of the Brethren, Fresenius Kidney Care, Providence Saint Mel High School, RML Specialty Hospital"
17031271500,1,1,place_of_worship,Spirit of Truth Church
17031271800,12,5,"place_of_worship, place_of_worship, school, place_of_worship, place_of_worship, arts_centre, clothes, bicycle_rental, place_of_worship, place_of_worship, place_of_worship, school","Mars Hill Missionary Baptist Church, Greater Mount Zion Baptist Church, Saint Francis Cabrini Learning Center, Holy Temple True Church of Christ, Zion Travelers Missionary Baptist Church, Art West Chicago, Fort Maner, Sacramento Blvd & Polk St, Pleasant Grove Baptist Church, The Holy Trinity Baptist Church, Saint Francis Cabrini Roman Catholic Church, Manley High School"
17031280100,152,46,"bar, gift, artwork, clinic, fast_food, cannabis, bicycle_rental, bicycle_rental, pub, cafe, fast_food, bar, cafe, atm, fast_food, restaurant, jewelry, pastry, fast_food, newsagent, atm, fast_food, books, restaurant, restaurant, fast_food, cafe, bar, restaurant, fast_food, restaurant, bar, restaurant, bar, restaurant, restaurant, restaurant, restaurant, restaurant, hotel, cafe, bar, restaurant, restaurant, restaurant, restaurant, restaurant, fast_food, cafe, bakery, restaurant, restaurant, bar, restaurant, convenience, restaurant, bicycle_rental, fast_food, hotel, fast_food, fast_food, fast_food, bar, fast_food, bank, cafe, restaurant, dentist, restaurant, restaurant, restaurant, restaurant, hairdresser, restaurant, dry_cleaning, beauty, ferry_terminal, fast_food, restaurant, massage, bicycle_rental, post_office, post_office, dry_cleaning, dry_cleaning, restaurant, fast_food, fast_food, antiques, alcohol, beauty, atm, car, frame, bicycle, car_repair, restaurant, bicycle, bicycle_rental, bicycle_rental, convenience, restaurant, fast_food, restaurant, fast_food, restaurant, restaurant, fast_food, bicycle_rental, fast_food, bakery, restaurant, fast_food, deli, pet, fast_food, cafe, restaurant, artwork, museum, locksmith, fast_food, pastry, fast_food, fast_food, restaurant, restaurant, information, e-cigarette, supermarket, bank, storage_rental, pub, fast_food, restaurant, taxi, taxi, artwork, taxi, bicycle_rental, mall, cafe, food_court, pub, beauty, hairdresser, ticket, chemist, alcohol, bicycle_rental, bicycle_rental, marketplace","Haymarket Pub & Brewery, The Boeing Store, Batcolumn, Family Planning Associates, Jimmy John's, Mint Ventures, Clinton St & Lake St, Clinton St & Madison St, New Line Tavern, Starbucks, Panda Express, Chicago News Room, Starbucks, Bank of America, Jimmy John's, Yolk, Arts & Artisians, Mrs. Fields, Jamba, Hudson News, Subway, Open Books, Sepia, avec, Aloha Pokē Co, Vanille Patisserie, CH Distillery, Saigon Sisters, Sarpino's Pizzeria, Tanoshii, Esco, Oriole, Moneygun, SUNNYGUN, Gibsons Italia, La Josie, Proxi, Slightly Toasted, Hampton Inn Chicago West Loop Fulton Market Area, Starbucks, Porter Kitchen & Deck, Omakase Yume, Market Creations, Alla Vita, Boxcar Betty’s, Carnivale, Cinnabon, Doughnut Vault - Canal St., Steffens Cafe & Bakery, Taste222, Wishbone, Madison Tavern, Mako, 7-Eleven, ROOP, Desplaines St & Randolph St, Dunkin', Homewood Suites West Loop Fulton Market Area, Taco Bell, Popeyes, Halsted Street Deli, Kumiko, Benj Yehuda, Chase, Starbucks, Trino, Presidential Dental Associates, Asadito, TenGoku Aburiya, Bonyeon, Taqueria Mexicana, Old Town Barbershop, Jinsei Motto, Ogilvie / Union (West Loop), Potbelly, The Outpost Mexican Eatery, Massage Evolved, Desplaines St / Randolph St, The UPS Store, FedEx Office, Shiny Cleaners, Kinzie Cleaners, Blue Agave, Great Steak, Dunkin', Primitive, West Loop Wine & Spirits, eyelashworks, McLaren, Supreme Frame, Peregrine Bicycle Studio, Fulton-Desplaines Garage, Polombia, Mox Multisport, Halsted St & Lake St, Halsted St & Fulton St, Suarez Market, Clinton St Smoked Meats, Retro Pizza, Lito's Empanadas, Suarez Brothers Fry Shack & Bar, Saigon Sisters, K Kitchen, Mochinut, Halsted St & Court Pl, Buen Apetito, Vertige, Panlasa, Cubano Bros, Bill's Olive Oil, Barking Spot Bakery, Firenze, B.I. Tea & Dim Sum, Blue Spot Sushi, Museum of Broadcast Communications, The Professional Locksmith, Thimi’s Empanadas, Fresco Delicioso, Klay Oven Kitchen, Paiges, Bell Heirs BBQ, Righteous Kitchen, Information, Morgan Smoke & Vape, Whole Foods Market, Bank of America, East Bank Storage Company, Jefferson Tap & Grille, Dunkin', Small Cheval - Riverside, Constellation, Canal St & Madison St, MetraMarket, Cupitol, Chicago French Market, Ovie Bar & Grill, Spackle Nail Solon, Great Clips, Metra, CVS Pharmacy, The Booze Caboose, Clinton St / Madison St, Clinton St & Washington Blvd, Box Shops by Related"
17031280400,12,10,"bicycle_rental, pub, bakery, bar, bar, cafe, trade, artwork, tyres, school, bakery, place_of_worship","Ashland Ave & Lake St, Goose Island Brewery, Cake Sweet Food Chicago, Finch Beer Co, Great Central Brewing Company, Intelligentsia Roasting Works & Offices, Viking Electric, Cassidy Tire, Rudolph Elementary Learning Center, Le Petit Sucre, Gospel Temple Missionary Baptist Church"
17031280800,13,11,"pawnbroker, beauty, mobile_phone, hairdresser, restaurant, second_hand, gallery, restaurant, place_of_worship, post_office, community_centre, school, school","Chicago Pawners & Jewelers, Western Beauty Supply, Elite Wireless Partners, Madison Street Barbers, Moon’s Sandwich Shop, Solé Resale Boutique, Legendary Art Gallery, Golden Dragon, Jackson Boulevard Christian Church, Nancy B. Jefferson Post Office, Phoenix Military Academy"
17031280900,9,7,"supermarket, fast_food, beauty, restaurant, mobile_phone, bank, fast_food, bicycle_rental, fast_food","Pete's Market, Subway, Magic Nails Spa, Chan's King Wok, Metro by T-Mobile, Chase, Domino's, Western Ave & Monroe St, Wendy's"
17031281900,105,37,"university, fast_food, bank, bank, fast_food, bank, university, cafe, artwork, fast_food, bicycle_rental, bicycle_rental, fast_food, restaurant, restaurant, bar, restaurant, restaurant, restaurant, fast_food, restaurant, restaurant, restaurant, bar, restaurant, cafe, bicycle_rental, bar, fast_food, bar, cafe, fast_food, bicycle_rental, restaurant, fast_food, newsagent, newsagent, cafe, fast_food, confectionery, fast_food, fast_food, fast_food, atm, ticket, ticket, information, car_rental, fast_food, car, bank, clinic, charging_station, artwork, bakery, restaurant, restaurant, restaurant, convenience, kindergarten, fast_food, fast_food, supermarket, convenience, dry_cleaning, beauty, clinic, dentist, hairdresser, dry_cleaning, restaurant, fast_food, hairdresser, fast_food, bank, mobile_phone, massage, fast_food, post_office, cafe, clinic, restaurant, bar, restaurant, kindergarten, restaurant, artwork, cafe, place_of_worship, hotel, chemist, restaurant, fire_station, restaurant, school, supermarket, museum, police, newsagent, university, taxi, bicycle_rental, charging_station, bicycle_rental, bus_station","Chicago-Kent College of Law, Jimmy John's, Chase, Chase, Chipotle, Fifth Third Bank, IIT Stuart School of Business, Corner Bakery, Gráinne, Dunkin', Canal St & Adams St, Jefferson St & Monroe St, Potbelly, 9 Muses Bar & Grill, Meli Cafe, Spectrum Bar and Grill, IDOF - I Dream of Falafel, Blaze Pizza, Beggars Pizza, Five Guys, Naf Naf Grill, Philly‘s Best, Arturo Express, Chicago Union Station Metropolitan Lounge, Xi'an Cuisine, Swadesi Cafe, Canal St & Jackson Blvd, The Junction, Pret A Manger, Little Toasted, Dark Matter Coffee - Meddle, Potbelly, Desplaines St & Jackson Blvd, Rye Deli, Jersey Mike's Subs, News Now, News Now, Starbucks, Robinson's, Nuts on Clark, Jamba, Dunkin', Chick-fil-A, Metra Ticket Passenger Sevice, Amtrak Tickets Passenger Services, Car Rentals, Auntie Anne's, Porsche, BMO, Midwest Express Clinic, Copper Moon, Paris Baguette, Sang's Kitchen, Izakaya Yume, So Gong Dong Tofu & Korean BBQ, 7-Eleven, The Goddard School, Panera Bread, Burger King, Metro Spice Mart, Circle K, Capitol Cleaners, spavia, Physicians Immediate Care, The Chicago Dental Studio, Refined Barbershop, Paramount Cleaners, Market Creations, Byrd's Hot Chicken, Great Clips, DosBros Fresh Mexican Grill, Chase, AT&T, The NOW, Subway, The UPS Store, Peet's Coffee, Ankle N Foot Centers, Mammoth Poke & Ramen, AfterBar, Canal Street Eatery & Market, Bright Horizons, Just Salads, Moka & Co, Old Saint Patrick's Church, Crowne Plaza Chicago West Loop, Walgreens, Taco Lulú, Chicago Fire Department Engine Company 5, Lou Mitchell's Restaurant, Frances Xavier Warde School, H Mart, National Hellenic Museum, Amtrak Police Department, News Now, Clinton St & Jackson Blvd, Blink, Canal St & Madison St, Union Station Transit Center"
17031282700,7,6,"place_of_worship, bicycle_rental, bicycle_rental, convenience, fast_food, school, car","Precious Blood Roman Catholic Church, Western Ave & Fillmore St, Western Ave & Congress Pkwy, KFC, Precious Blood School"
17031282800,5,4,"bar, restaurant, fast_food, coffee, fast_food","The Slide Bar, Bacci Pizzeria, Damenzo's Pizza, Muse Coffee Studio, White Castle"
17031283100,33,13,"restaurant, bar, restaurant, restaurant, restaurant, restaurant, fast_food, convenience, hardware, restaurant, restaurant, restaurant, childcare, restaurant, cafe, fast_food, alcohol, artwork, convenience, restaurant, restaurant, restaurant, fast_food, bar, bar, fast_food, post_office, cafe, restaurant, fast_food, bakery, hotel, school","Adda Indian Cuisine, Hawkeye’s Bar & Grill, Pompei, Porto’s Peri Peri, The Rosebud, Onimaki, The Patio, Campus Market, Chiarugi Hardware, Mr. Greek Gyros, Yummy Thai, Kimura Japanese Cuisine, Taylor Tots, Tuk Tuk Indian Street Food, Living Water Tea House, Potbelly, Taylor Wine And Spirits, Joe DiMaggio, 7-Eleven, De Pasada, Taylor’s Tacos, Stax Cafe, Jersey Mike's Subs, Vintage Bar, The Embassy, Chilango Mexican Street Food, Shipping & Beyond, OverLay Cafe, Conte Di Savolia, Taco Bell, Tous les Jours, The Neighborhood Hotel - Little Italy, STEM Magnet Academy"
17031283200,16,10,"bar, restaurant, bicycle_rental, restaurant, restaurant, cafe, restaurant, restaurant, pastry, bakery, gift, restaurant, restaurant, bank, museum, library","Taylor Street Tap, Peanut Park Trattoria, Throop St & Taylor St, Sweet Maple Cafe, Hana, Gathers Tea Bar, Bar 10 Doors, MiMi's Craft Kitchen, Insomnia Cookies, Scafuri Bakery & Cafe, Edible Arrangements, Azul 18, MK Noodle, Old Second National Bank, National Public Housing Museum, Little Italy Branch Library"
17031283800,5,5,"bicycle_rental, artwork, social_facility, fire_station, school","Morgan St & 14th Pl, Mural on Morgan, SOS Children's Villages of Illinois, Chicago Fire Department Engine Company 18, Smyth Elementary School"
17031290900,27,7,"place_of_worship, place_of_worship, place_of_worship, place_of_worship, place_of_worship, place_of_worship, place_of_worship, place_of_worship, place_of_worship, school, place_of_worship, place_of_worship, place_of_worship, place_of_worship, place_of_worship, place_of_worship, coffee, bicycle_rental, social_facility, place_of_worship, place_of_worship, childcare, place_of_worship, place_of_worship, place_of_worship, bicycle, school","Christ New Hope Missionary Baptist Church, Mount Moriah Missionary Baptist Church, Greater New Mount Zion Missionary Baptist Church, Greater Jasper Stone Missionary Baptist Church, Kingdom Restoration Christian Center, Threeway Missionary Baptist Church, Mount Calvary Missionary Baptist Church, Commonwealth Baptist Church, Greater Christian Light Baptist Church, Alexanders Beauty School, Jehovahs Witnesses Lawndale Unit, Saint James Church of God in Christ, Healing Temple of God, Holy Family Spiritual Temple, Way of Truth Church of God in Christ, Zion Temple Church of God and Christ, Bleu Mocha Cafe, Tripp Ave & 15th St, BBF Family Services, Kedvale New Mount Zion Baptist Church, Greater New Saint James Missionary Baptist Church, Our Lady of Lourdes Child Development Center, Our Lady of Lourdes Roman Catholic Church, Grace Memorial Baptist Church, Greater Mt. Calvary M.B.Church, YMEN Bike Box, Hughes Elementary School"
17031291200,10,5,"place_of_worship, place_of_worship, place_of_worship, place_of_worship, ice_cream, place_of_worship, fast_food, pharmacy, school, fast_food","Mount Ebenezer Baptist Church, Carey Tercentenary African Methodist Episcopal Church, Greater Faith Temple Church of God in Christ, House of Prayer Church of God in Christ, Baskin-Robbins, Mount Hebron Baptist Church, Popeyes, Walgreens, Lawndale Community Academy, Dunkin'"
17031291600,24,1,"studio, studio, studio, studio, studio, studio, studio, studio, studio, studio, studio, studio, studio, studio, studio, studio, studio, studio, studio, studio, studio, studio, studio, studio","Cinespace Main South Studio Building, Stage 43, Stage 32, Stage 42, Stage 34, Stage 33, Stage 40, Stage 47, Stage 41, Stage 39, Stage 36, Stage 35, Stage 44, Stage 31, Stage 30, Stage 29, Stage 37, Stage 38, Stage 51, Stage 50, Stage 49, Stage 48, Stage 46, Stage 45"
17031292200,6,3,"place_of_worship, place_of_worship, place_of_worship, cafe, place_of_worship, school","Greater Progressive Missionary Baptist Church, All Souls Church of God in Christ, Israel of Gods Church, Green Tomato Cafe, Ogden Avenue Church of Christ, Dvorak Elementary School"
17031292400,22,14,"place_of_worship, place_of_worship, place_of_worship, place_of_worship, pharmacy, school, fast_food, mobile_phone, clinic, clinic, clinic, clinic, bicycle_rental, hairdresser, attraction, information, clinic, restaurant, social_facility, fire_station, school, bus_station","Beverly Temple Church of God and Christ, Gospel Mission Pentecostal Church, Greater Whitestone Missionary Baptist Church, Lawndale Community Church, Lawndale Christian Health Center Pharmacy, KIPP Ascend Middle School, Subway, Boost Mobile, LCHC Eye Clinic, LCHC Belle Whaley, LCHC at the Gallery, Lawndale Christian Health Center Immediate Care, Pulaski Rd & 21st St, Principle Barbers, Castle Car Wash, Route 66, Lawndale Christian Health Center Main Clinic, Lou Malnati's Pizzeria, Ogden Family Community Resource Center, Chicago Fire Department Engine Company 38, William Penn Elementary School, Pulaski Pink Line Station"
17031292500,13,8,"place_of_worship, place_of_worship, place_of_worship, place_of_worship, copyshop, restaurant, place_of_worship, place_of_worship, storage_rental, convenience, school, fuel, social_facility","Asia Missionary Baptist Church, New Testament Missionary Baptist Church, Saint Paul African Methodist Episcopal Church, Saint Titus Baptist Church, The Goodie Shop, New Pine Valley Restaurant, Greater Mount Pleasant Missionary Baptist Church, First Baptist Church, Public Storage, 76, Mason Elementary School, 76, Montclare Supportive Living Community"
17031300500,11,11,"bakery, mobile_phone, atm, hardware, bicycle_rental, clinic, car_parts, dentist, clothes, bank, fast_food","Bombon, Metro by T-Mobile, Bank of America, Selected Hardwood Flooring And Supply Co., Harding Ave & 26th St, DaVita Dialysis, Advance Auto Parts, Sonrisa Family Dental, Rainbow, Self-Help Federal Credit Union, Burger King"
17031300600,22,14,"place_of_worship, place_of_worship, variety_store, bicycle_rental, bakery, bakery, bar, bicycle_rental, bar, bank, mobile_phone, bicycle, alcohol, convenience, clinic, theatre, optician, school, place_of_worship, place_of_worship, place_of_worship, place_of_worship","All Nations Church of God, Holy Rock Healing Temple, Family Dollar, Millard Ave & 26th St, BomBon Cafe, El Nopal Bakery, Jacaranda, Central Park Ave & 24th St, Osito's Tap, Byline Bank, Boost Mobile, Sanchez Bike Repair, Moreno's Liquors, La Moreliana, ACCESS Centro Médico, Theatre Y, Cárdenas Elementary School, Greater Zion Hill Missionary Baptist Church, Lawndale Church of Christ, Millard Avenue Baptist Church, Lawndale Mennonite Church"
17031300700,4,4,"mobile_phone, hardware, bank, place_of_worship","Metro by T-Mobile, Allende Hardware & Plumbing, PNC Bank, Millard Congregational Church"
17031300800,8,7,"bicycle_rental, bank, mobile_phone, clinic, place_of_worship, fast_food, school, bank","Kedzie Ave & 24th St, Wintrust Bank - Little Village, T-Mobile, ACCESS Centro Médico San Rafael, John Huss United Methodist Church, Dunkin', Farragut Career Academy, Old National Bank"
17031300900,17,9,"school, place_of_worship, school, place_of_worship, restaurant, restaurant, school, restaurant, bakery, bakery, tobacco, fast_food, place_of_worship, school, library, fire_station, artwork","Our Lady of Tepeyac High School, First Peaceful Missionary Baptist Church, Saint Ludmilla School, Saint Ludmillas Roman Catholic Church, Taqueria El Milagro, La Chapatta Grocery, Saint Roman School, Manolo's Tamales, Heatlhy Choice Bakery, Tortilleria El Milagro, Good Vibes, Panda Express, Our Lady of Tepeyac Parish, Kanoon Magnet School, Little Village Branch Library, Chicago Fire Department Engine Company 109, Little Village Arch"
17031301100,7,6,"school, place_of_worship, cafe, bicycle_rental, fast_food, artwork, school","Assumption School, Assumption Roman Catholic Church, Bueno Days, Sacramento Ave & 25th St, Popeyes, Jacques Marquette Monument, Spry Elementary School"
17031301200,15,9,"school, bicycle_rental, mobile_phone, bicycle_rental, place_of_worship, place_of_worship, fast_food, fast_food, bank, place_of_worship, doityourself, fast_food, car_parts, social_facility, school","Saint Marks School, California Ave & 23rd Pl, T-Mobile, Rockwell St & Cermak Rd, Holy Corinthians Baptist Church, Saint Roman Roman Catholic Church, Burger King, Little Caesars, Pan American Bank, Douglas Park Evangelical Covenant Church, A-Z Ace Hardware, Subway, O'Reilly Auto Parts, Saint Roman School"
17031301600,7,6,"school, place_of_worship, place_of_worship, florist, social_centre, bank, supermarket","Saint Agnes of Bohemia School, Saint Agnes of Bohemia Roman Chatholic Church, Village Gospel Center, Jesse's Flowers & Balloons, Casa Sor Juana, Bank of America, Supermercado La Chiquita"
17031301701,13,10,"bakery, sports, mobile_phone, restaurant, place_of_worship, place_of_worship, social_facility, supermarket, social_centre, mobile_phone, restaurant, bank, school","Panaderia Coral, Prosper Skate Shop, AT&T, Las Carnitas Uruapan, Saint Nikola Serbian Orthodox Church, Little Village Baptist Chapel, Enlace Chicago, Supermercado La Chiquita, American Legion Miguel Perez, Jr. Post 1017, Cricket Wireless, La Justica, Fifth Third Bank, Little Village Academy"
17031301702,8,7,"bicycle_rental, restaurant, arts_centre, school, convenience, fuel, place_of_worship, school","Lawndale Ave & 30th St, El Faro, Yollocalli Arts Reach, Gary Elementary School, Mobil Mart, Mobil, Saints Peter and Paul Catholic Church, Ortiz de Domínguez Elementary School"
17031301801,11,8,"place_of_worship, hairdresser, mobile_phone, bicycle_rental, artwork, place_of_worship, fast_food, school, school, social_facility, school","Church of God, Gente Bella Beauty Salon Inc, Boost Mobile, Kildare Ave & 26th St, Good Shepherd Roman Catholic Church, McDonald's, Good Shepherd School, Corkery Elementary School, El Valor Carlos Cantu Children & Family Center, Emiliano Zapata Academy"
17031301802,14,11,"place_of_worship, bar, bakery, bakery, fast_food, fuel, social_facility, convenience, clinic, bank, mobile_phone, fast_food, place_of_worship, school","Restoration of the Primitive Christian Church the Light of the World, La Cueva, Nuevo Leon Bakery, Panaderia Los Gallos, Domino's, BP, Erie Neighborhood House, BP Shop, Dr. Jorge Prieto Health Center, Citibank, Boost Mobile, Subway, Epiphany Roman Catholic Church, Epiphany School"
17031301803,8,6,"school, bicycle_rental, fire_station, restaurant, place_of_worship, place_of_worship, library, school","Grace School, Tripp Ave & 31st St, Chicago Fire Department Engine Company 99, Home Run Inn Pizzeria, Iglesia La Santa Trinidad, Saint Andrew-Crawford United Church of Christ, John Toman Branch Library, Eli Whitney Elementary School"
17031310200,17,12,"bar, cafe, bicycle_rental, bar, bar, arts_centre, arts_centre, art, museum, events_venue, place_of_worship, pub, events_venue, place_of_worship, convenience, fuel, school","Skylark, Kristoffer’s Cafe & Bakery, Halsted St & 18th St, Del Toro, Jack’s Place, Strewn, Art of Imagination, Gucha Gucha, Children's Museum of Art and Social Justice, Cermak Hall, Providence of God Roman Catholic Church, Pleasant House Pub, Radius Chicago, King David Missionary Baptist Church, Shell, Shell"
17031310300,19,16,"school, bicycle_rental, fast_food, bar, restaurant, gallery, chocolate, art, beauty, cafe, dentist, dry_cleaning, laundry, bicycle, restaurant, bank, clinic, fast_food, school","Pros Arts Studio, Halsted St & 21st St, Dia De Los Tamales, Moody Tongue Brewing Company, Yvolina’s Tamales, Chicago Art Department, Chocolat, Woman Made Gallery, JaKaylaMadeBeauty, La Malinche Coffee & Tea House, Pilsen Smiles, Village Cleaners, The Village Wash, Cycle Bike Shop, Cerdito Muerto, Byline Bank, Alivio Medical Center, David's Grill, Walsh Elementary School"
17031310400,8,7,"bicycle_rental, bar, pub, cafe, florist, cafe, locksmith, school","Morgan St & 18th St, Simone’s, Monochrome Brewing, Workwell Food and Beverage, Zins Flower Shop, Woke Soul Coffee, 24/7 Speedy Locksmith Chicago, Jungman Elementary School"
17031310500,9,5,"alcohol, restaurant, restaurant, cafe, restaurant, bicycle_rental, restaurant, events_venue, restaurant","Amador Liquors, Penelope's Vegan Taqueria, HaiSous Vietnamese Kitchen, Step Down Café, Don Pedro Carnitas, May St & Cullerton St, Pilsen Yards, May St. Cafe, Steak 'n Egger"
17031310600,75,34,"cafe, cafe, bicycle_rental, bicycle_rental, bicycle_rental, sewing, second_hand, restaurant, supermarket, fast_food, fast_food, restaurant, pub, restaurant, bar, second_hand, optician, gallery, restaurant, restaurant, bakery, bakery, restaurant, restaurant, bar, bakery, bar, bar, bakery, restaurant, restaurant, restaurant, restaurant, chocolate, appliance, hardware, artwork, books, bar, gift, restaurant, restaurant, restaurant, fast_food, restaurant, bank, artwork, clothes, art, antiques, interior_decoration, restaurant, hairdresser, cafe, tattoo, clothes, community_centre, school, school, bicycle, place_of_worship, school, place_of_worship, bakery, events_venue, fast_food, theatre, money_transfer, ice_cream, library, place_of_worship, fast_food, school, fast_food, school","Efebina's, Cafe Jumping Bean, Racine Ave & 18th St, Laflin St & Cullerton St, Blue Island Ave & 18th St, Mr. G's Sewing Machine Shop, Knee Deep Vintage, Mariscos San Pedro, La Casa del Pueblo, La Casa del Pueblo Taqueria, Taqueria El Milagro, La Vaca Margarita Bar, Alulu Brewery & Pub, Quesabirria Jalisco, Harbee Liquor & Tavern, Very Best Vintage, Big City Optical, Prospectus Art Gallery, Azul 18, Rubi’s Tacos, Don Churro, El Milagro Tortilla, Frida Room, The Tonk, Punch House, The Spoke & Bird Bakehouse, Twisted Cantina, The Green Room Tap, Panaderia Del Refugio, Takumi Ramen, Taquieria Atotonilco, La Esperanza, Tamale Lady, Sleep Walk Chocolateria, Felix Appliances, Alvarez Hardware, Rudy Lozano, Pilsen Community Books, Giant Penny Whistle, MASHALLAH, Bobijoa, Golden Gai Sushi & Bar, La Luna, Memo's Hot Dogs, Coyotes, Wintrust Bank, Declaration of Immigration Mural, Everything, Vault Gallerie x The Mural Movement, Cementerio del Arte, Mestizo, Craft Burger, a.salon, A Cup of Joe Coffeehouse, Hammerhead Tattoo, Some Like Us, Casa Michoacán, Saint Procopius Elementary School, Irv's Bike Shop, Holy Trinity Croatian Catholic Church, Benito Juárez Community Academy, Bethel Family Chicago, Bittersweet Pastry Shop, A. P. O, Pollo Express, Thalia Hall, Currency Exchange, La Michoacana, Rudy Lozano Branch Library, Saint Procopius Church, McDonald's, Manuel Pérez Jr. Elementary School, Dunkin', Pilsen Community Academy"
17031310700,26,8,"school, doctors, restaurant, restaurant, restaurant, alcohol, restaurant, restaurant, artwork, artwork, artwork, artwork, artwork, artwork, artwork, artwork, artwork, artwork, artwork, artwork, artwork, restaurant, restaurant, convenience, place_of_worship, post_office","Saint Pius School, Pilsen Community Health Center Lower West, Cantón Regio, Taqueria Los Comales 3, Rice and Noodles, Evan St. Liquors, Pl-zen, El Berrinches Restaurant, Venustiano Carranza, José María Pino Suárez, Emiliano Zapata, Aquiles Serdán, Cuauhtémoc, Miguel Hidalgo y Costilla, José María Morelos y Pavón, Ignacio Zaragoza, Josefa Ortiz de Domínguez, Vicente Guerrero, Julián Carrillo, Francisco Madero, Álvaro Obregón, Banh Mi City, Cecina Grill, Tortilleria Sabinas, Saint Pius Church, Cesar E. Chavez Post Office"
17031310800,47,26,"place_of_worship, place_of_worship, bicycle_rental, dentist, music, restaurant, ice_cream, coffee, restaurant, cafe, fast_food, craft, restaurant, bar, restaurant, cafe, cafe, bakery, fast_food, bank, deli, hairdresser, bank, clothes, hairdresser, arts_centre, dentist, gift, cafe, supermarket, convenience, cafe, bank, gallery, restaurant, place_of_worship, laundry, car_wash, fuel, bakery, variety_store, convenience, fuel, school, bank, school, school","Iglesia Casa de Dias, Shrine of Saint Jude Thaddeus, Paulina St & 18th St, Orthodontic Experts, Pinwheel Records, Taqueria El Mezquite, El Sabor De Mexico, Brew Brew Coffee & Tea, Sabas Vega, Cafe Mestizo, The Jibarito Stop, Artesanias D'Mexico, 5 Rabanitos Restaurante and Taqueria, Caminos De Michoacan Bar, Carnitas Uruapan Restaurant, INTERSECT, Xurro, Panaderia El Acambaro, Dunkin', Associated Bank, Urban Treez, Peluqueria Nuevo Mexico, Ashland State Bank, Yami's Fashion, Rockit Barbershop, Pilsen Arts Community House, Dental Sunshine Chicago, AngMir - Hecho con Cariño, Jay's Bubble Tea Cafe, La Providencia, BP Shop, Monsivais Cafe, Bank of America, Pilsen Art House, Novel Pizza Cafe, Saint Vitus Roman Catholic Church, John's Lavanderia, BP, BP, Panadería Nuevo Leon, Family Dollar, Midwest, Midwest, Cooper Elementary School, Fifth Third Bank, Acero Bartolomé de las Casas Elementary School"
17031310900,15,11,"place_of_worship, school, bicycle_rental, fast_food, fast_food, sports, bar, cafe, artwork, fast_food, museum, fire_station, school, school, social_facility","Cermak Baptist Church, Gads Hill Center Social Settlement, Damen Ave & Cullerton St, Parkview Diner, Pizza Nova, Ochoa Sporting Goods, The Barrel, L Cafecito Jumping Bean, Emiliano Zapata, Rosca, National Museum of Mexican Art, Chicago Fire Department Engine Company, Jose Orozco Community Academy"
17031320100,250,57,"theatre, stationery, fast_food, fast_food, pharmacy, fast_food, cafe, department_store, supermarket, chemist, artwork, artwork, pharmacy, bank, artwork, artwork, restaurant, restaurant, restaurant, supermarket, cafe, bicycle_rental, bicycle_rental, bicycle_rental, bicycle_rental, atm, restaurant, convenience, atm, bicycle_rental, fast_food, pub, chemist, restaurant, fast_food, chocolate, clothes, restaurant, convenience, restaurant, optician, fast_food, fast_food, fast_food, clothes, bank, books, fast_food, gift, bakery, fast_food, cafe, restaurant, bank, college, clothes, department_store, jewelry, jewelry, jewelry, fast_food, jewelry, pub, jewelry, jewelry, fast_food, fast_food, restaurant, cafe, art, information, cafe, artwork, museum, restaurant, bank, hotel, department_store, bar, bicycle_rental, bicycle_rental, kindergarten, restaurant, restaurant, museum, clinic, hearing_aids, ticket, restaurant, cafe, cafe, bar, watches, restaurant, restaurant, restaurant, gallery, restaurant, bar, restaurant, coffee, fast_food, cafe, restaurant, bar, cafe, cafe, restaurant, bar, cafe, bar, bar, bar, bar, bar, restaurant, fast_food, restaurant, cafe, restaurant, restaurant, museum, ticket, charging_station, restaurant, restaurant, ferry_terminal, ferry_terminal, ferry_terminal, artwork, medical_supply, fast_food, studio, bar, ferry_terminal, ferry_terminal, artwork, boat_rental, ferry_terminal, ferry_terminal, clothes, dentist, art, museum, fast_food, fast_food, fast_food, restaurant, artwork, artwork, artwork, books, cannabis, artwork, restaurant, restaurant, doctors, cafe, newsagent, fast_food, clothes, restaurant, gift, restaurant, ticket, restaurant, cafe, pharmacy, fast_food, cafe, cafe, restaurant, convenience, fast_food, fast_food, fast_food, kiosk, florist, fast_food, fast_food, fast_food, fast_food, fast_food, dentist, bar, artwork, artwork, restaurant, doctors, restaurant, fast_food, cafe, restaurant, bar, nutrition_supplements, restaurant, restaurant, dentist, jewelry, watches, clinic, dancing_school, clothes, fast_food, picnic_site, arts_centre, hotel, picnic_site, attraction, hotel, department_store, theatre, theatre, artwork, hotel, hotel, place_of_worship, hotel, hotel, hotel, hotel, clothes, hotel, hotel, hotel, fire_station, hotel, mall, bicycle, theatre, information, hotel, hotel, attraction, picnic_site, picnic_site, hotel, picnic_site, hotel, cafe, ticket, picnic_site, college, bicycle_rental, marketplace, school, marketplace, bicycle_rental, picnic_site, bicycle_rental","Storefront Theater, Staples, McDonald's, Jimmy John's, Walgreens, Garrett Popcorn Shops, Intelligentsia Coffee, Burlington, Mariano's Fresh Market, Walgreens, Interconnected, Interconnected, CVS Pharmacy, PNC Bank, Market Creations, Wildberry Pancakes and Cafe, Eggy's, Bockwinkel's, Starbucks, Michigan Ave & Lake St, Michigan Ave & Washington St, State St & Randolph St, Stetson Ave & South Water St, Fifth Third Bank, Mammoth Poke & Ramen, 7-Eleven, Chase, Michigan Ave & Madison St, Raising Cane's, Elephant & Castle, CVS Pharmacy, Sweetwater, Jimmy John's, Fannie May, Chicago Sports & Novelty, Hoyt's, 7-Eleven, Emerald Loop, Level Optical, Billy Goat Tavern, Dunkin', Subway, Loft, Chase, Beck's Book Store, Chipotle, I Love Chicago, Sugar Bliss Cake Boutique, Subway, Pittsfield Cafe, Oasis Cafe, U.S. Bank, Cortiva Institute, Ann Taylor, TJ Maxx, New York Jewelers, Prudential Jewelers, Chicago Landmark Diamond Center, Dunkin', Fiancee Jewelry, The Row Tavern, Mon Ami Jewelers, Luo M. Jewelers, Chipotle, Chick-fil-A, State and Lake Chicago Tavern, Caffè Café, Art & Artisans, Chicago Visitors Information Center, Starbucks, Cow, McCormick Bridgehouse & Chicago River Museum, The Park Grill, Citibank, The River Hotel, Ross, LH Rooftop, Field Blvd & South Water St, Columbus Dr & Randolph St, Bright Horizons, Remington’s, Ryo Sushi, American Writers Museum, Michigan Avenue Immediate/Primary Care (MAICOH), Sonik Hearing Care Services, Millennium Station, O'Brien's, Nutella Cafe, Garrett Popcorn, Toro, Jewels of Chicago, Wow Bao, Land & Lake Kitchen, Perilla Steakhouse, Expo 72, About Last Knife, Bridges Lobby Grill at London House, Brown Bag Seafood, Caffè RōM, Au Bon Pain, Bake For Me, Blackwood BBQ - Illinois Center, Commons Club, Corner Bakery, Drunken Bean, Giordano's Pizzeria, Infield’s, Stan's Donuts & Coffee, ROOF on theWit, Tavern at the Park, THE BAR, Two Zero Three, Tavern Club at 333, Miss Ricky’s, Egg Tuck, The Living Room, Market Chicago, MingHin Cuisine, Ocean Prime, Chicago Architecture Center, Chicago First Lady, Tesla Supercharger, Frontera Fresco, Beat Kitchen, Chicago's First Lady 2, Chicago's First Lady 1, Mercury Tours 1, Weather Station, Supply Clinic - Medical & Dental Supplies Online, Popeyes, WFLD, Island Party Hut, Floating Tiki Bar, Tiki Pontoons, Allium, Urban Kayaks, Chicago's First Lady 3, Mercury Tours 2, Lids, Chicago Dental Boutique, Buddy, Museum of Illusions, Panda Express, Taco Bell Cantina, The Halal Guys, Fons, Irv Kupcinet, We Will Chicago, Christian Science Reading Room, CBD Kratom, 150, Morton's The Steakhouse, Venteux Brasserie, Forward, Starbucks, Subway, ChiBoys, Chiya Chai, Colores Mexicanos, Feed Your Head, Mercury Chicago's Skyline Cruiseline, Taco Rio, Starbucks, Walgreens, Five Guys, Starbucks, Starbucks, Nando's, Circle K, Dunkin', Dunkin', Chicago Kernel, Millennium News & Views, City Scents, Millennium Dogs, Taco Fresco, Subway, Burger King, Sbarro, Strobel Dentistry, The Northman Beer & Cider Garden, You Are on Potawatomi Land, The Radiance of Being, Roti, Kraff Eye Institute, Chicago Brewhouse, Sweetgreen, Dollop Coffee Co., The Palm Restaurant, Amuse, GNC, SeoulSpice, Tre Dita, Post Family Dental In The Loop, Pia's Gems, I & M Watch Repair & Jewelry, Planned Parenthood - Loop Health Center, Joffrey Ballet, Teranz Boutique, Lizzano, Chicago Cultural Center, Radisson Blu Aqua Hotel, Chicago, Swissotel Chicago, Macy's, Chicago Theatre, Jay Pritzker Pavilion, Cloud Gate, Fairmont Hotel Chicago, The Wit Hotel, Seventeenth Church of Christ Scientist, Virgin Hotels Chicago, The Royal Sonesta Chicago Downtown, Club Quarters Hotel, Wacker at Michigan, Hampton Inn Chicago Downtown/North Loop, Primark, Pendry Chicago, Hotel Monaco, Arlo Chicago, Chicago Fire Department Engine Company 13, Manilow Suites at Millennium Park Plaza, Millennium Station/Pedway, McDonald's Cycle Center, Joan W. and Irving B. Harris Theater for Music and Dance, Northwest Exelon Pavilion / Millennium Park Information Center, Hyatt Regency Chicago, Hilton Garden Inn Chicago / North Loop, City Mini Golf, Picnic Grove B, Picnic Grove C, London House Chicago, citizenM Chicago, Coco Bar, City Mini Golf, Harold Washington College, Wabash Ave & Wacker Pl, Food Trucks, GEMS World Academy, Community Marketplace, Lake Shore Dr & Monroe St, Millennium Park"
17031320400,223,52,"fast_food, pharmacy, books, restaurant, school, artwork, atm, information, restaurant, restaurant, department_store, books, fast_food, bicycle_rental, restaurant, fast_food, arts_centre, convenience, optician, jewelry, bank, fast_food, music, artwork, artwork, artwork, artwork, fast_food, cafe, fast_food, post_office, cafe, bar, jewelry, restaurant, information, restaurant, restaurant, cafe, restaurant, gift, bicycle_rental, attraction, artwork, artwork, artwork, artwork, financial, jewelry, atm, restaurant, cafe, confectionery, tobacco, pub, bakery, restaurant, restaurant, bar, doctors, cafe, restaurant, bar, restaurant, theatre, restaurant, bakery, restaurant, fast_food, shoes, books, artwork, artwork, artwork, artwork, artwork, fast_food, artwork, camera, fast_food, ice_cream, fast_food, pharmacy, fast_food, fast_food, fast_food, cafe, convenience, artwork, clothes, fast_food, restaurant, artwork, artwork, artwork, artwork, artwork, restaurant, restaurant, restaurant, fast_food, restaurant, restaurant, artwork, tobacco, fast_food, cafe, library, fabric, beauty, restaurant, bank, bar, bank, jewelry, newsagent, fast_food, gallery, bank, museum, bank, restaurant, information, restaurant, fast_food, cafe, restaurant, fast_food, fast_food, restaurant, restaurant, ferry_terminal, ferry_terminal, ferry_terminal, ferry_terminal, cafe, cafe, beauty, artwork, artwork, artwork, artwork, artwork, artwork, artwork, hairdresser, restaurant, ticket, jewelry, artwork, artwork, artwork, ice_cream, cafe, cafe, restaurant, bar, gift, restaurant, repair, information, information, restaurant, coffee, cafe, post_office, restaurant, courthouse, information, information, cafe, restaurant, convenience, museum, college, university, university, gallery, hotel, theatre, hotel, hostel, hotel, jewelry, hotel, place_of_worship, hotel, ice_cream, theatre, artwork, artwork, artwork, artwork, artwork, artwork, artwork, artwork, artwork, fast_food, cafe, artwork, artwork, gallery, theatre, theatre, library, attraction, theatre, art, street_vendor, taxi, university, cafe, bicycle_rental, artwork, theatre, bicycle_rental, gallery, gallery, gallery, gallery, gallery, art","Jollibee, CVS Pharmacy, Barnes & Noble, Pizano's Pizza & Pasta, National College of Education Urban Campus, Lilies, Historical Route 66 Starting Place, Terzo Piano, Miller’s Pub, Target, Graham Crackers Comics, Potbelly, Michigan Ave & Jackson Blvd, Freshii, Jimmy's Gyros & Grill, Bert Green Fine Art, 7-Eleven, America's Best Contacts & Eyeglasses, Windy City Diamonds, Huntington Bank, Panda Express, Reckless Records, Reading Cones, Sir Georg Solti Bust, Flying Dragon, Large Interior Form, Shake Shack, Starbucks, Chipotle, The UPS Store, Starbucks, Lobby Bar at Palmer House, Reuven Gitter Jewelers, Cafecito, Begin Historic Route 66, Acanto, The Gage, Goddess and the Baker, Brightwok Kitchen, Bye Bye Chicago, Buckingham Fountain, Begin Route 66, Midwest Diamond Buyers Chicago IL, LaRon Jewelers, Chiya Chai, Corner Bakery, Kilwins, Iwan Ries, 2Twenty2 Tavern, Art Institute’s Gardens, BienMeSabe Venezuelan Arepa Bar, Cafe Moderno, Drawing Room, Linda Marino PhD, Fairgrounds Coffee and Tea, Flat Top Grill, Game Room, El Greco's Burritos, Studebaker Theater, Poke Poké, Sugar Bliss Patisserie, Fontano's Pizza and Subs, Jimmy John's, Journeys, The Dial Boomshop, Magma, Cubi VII, Relish Chicago Hot Dogs, Magdalene, Central Camera, Dunkin', Baskin-Robbins, Potbelly, CVS Pharmacy, Dunkin', Panda Express, Wingstop, Hanabusa, 7-Eleven, Hector Guimard Metro entrance, Lids, Dunkin', Cindy’s, Hot Woks Cool Sushi, Exchequer Restaurant & Pub, BIBIBOP Asian Grill, Just Salad, Beatrix Market, Maharaj Indian Grill, In Celebration of the 200th Anniversary of the Founding of the Republic, Mythical Smokes, Rosati's, Starbucks, John M. Flaxman Library, Fabric, Nail Studio, Naf Naf Grill, Bank of America, Adamus Lounge, Bank of America, Diamonds on Wabash, Chick-fil-A, Iarca, Citibank, Pritzker Military Museum & Library, Wintrust, Kong Dog, Blaze Pizza, Epic Burger, Gong Cha, Industry Ales, Subway, Dunkin', Roti Mediterranean, IDOF, Buckingham Fountain, Monroe Harbor Tender Service, Monroe Harbor Tender Service, Monroe Harbor Tender Service, Barnes & Noble Cafe, Vivi Bubble Tea, Nails Spa On State, Paul Chambers Salon, Osaka Sushi & Fresh Fruit Smoothies, Shoreline Water Taxi, Ethan Lord Jewelers, Amorino, Crave Coffee, TE'AMO Boba Bar, Rafael Restaurant, Congress Lounge, Kpop Nara, Russian Tea Time, America's Watches, Van Buren Street Station RTA Information Board, Van Buren Street Station RTA Information Board, Momento, Happy Monday, Sugary Chicago, FedEx Office, Umi Sushi, Chicago Immigration Court, Historical Route 66 End Point, Route 66, Broadway Café, The Ives, Chitown Food & Deli, The Art Institute of Chicago, School of The Art Institute of Chicago, DePaul University – Loop Campus, Roosevelt University, Arts of the Greek, Roman, Byzantine Worlds, University Club of Chicago, Symphony Center, Congress Plaza Hotel, HI Chicago, Chicago Athletic Association Hotel, Jewelers Building, The Palmer House Hilton, Downtown Islamic Center, Silversmith Hotel Chicago Downtown, Bobtail Ice Cream & Coffee, James C. Petrillo Music Shell, Equestrian Indians (The Spearman), Lion “in an attitude of defiance”, Equestrian Indians (The Bowman), Lion ""on the prowl"", Dove Girl, Turtle Boy, Fisher Boy, Crane Girl, Chicago Stock Exchange Arch, Queen's Landing Concession, Fountain Cafe, Hedgerow, Untitled, Arts of the Americas, Rubloff Auditorium, Fullerton Hall, Ryerson & Burnham Libraries, Paris Metro Entryway (Metra), Modern Shop, Food Trucks, National Louis University, HERO Coffee Bar, Wabash Ave & Adams St, Auditorium Theatre, Michigan Ave & Ida B Wells Dr, Alsdorf Gallaries, Special Exibitions, Contemporary, Film and Media, Sculpture Court, Museum Shop"
17031320600,95,41,"restaurant, ferry_terminal, fast_food, library, cafe, fast_food, restaurant, cafe, supermarket, restaurant, chemist, atm, hairdresser, pet, convenience, bicycle_rental, cafe, artwork, bicycle, museum, restaurant, bicycle_rental, restaurant, convenience, convenience, restaurant, beauty, cafe, alcohol, bar, cafe, restaurant, bar, restaurant, cafe, restaurant, restaurant, artwork, restaurant, fast_food, ice_cream, hotel, clinic, hotel, atm, restaurant, fast_food, childcare, beauty, tattoo, veterinary, beauty, fast_food, gift, cannabis, gallery, restaurant, massage, artwork, fast_food, restaurant, post_office, cafe, restaurant, bank, bank, fast_food, fast_food, fast_food, storage_rental, restaurant, fast_food, pastry, fast_food, information, massage, artwork, college, hotel, hotel, storage_rental, events_venue, hotel, theatre, nightclub, power_tools, hotel, theatre, artwork, ticket, university, taxi, hotel, bicycle_rental, fast_food","Eleven City Diner, Museum Campus, Jimmy John's, Columbia College Chicago Library, Molly’s Cupcakes, Five Guys, Lou Malnati's Pizzeria, Sweet Bean, Trader Joe's, Yolk - South Loop, Walgreens, Chase, Hair Cuttery, Kriser's, 7-Eleven, Indiana Ave & Roosevelt Rd, Peet's Coffee, Aaron Ward Montgomery Bust, Golas & Sons Bike Shop, The Museum of Contemporary Photography, Burger Bar Chicago - South Loop, Michigan Ave & 8th St, Honeyberry Cafe, Astoria Marketplace, Burnham Mart, Taco Madre, Paradise Unisex Spa, LaSalle Cafe Luna, Warehouse Liquors, 720 South Bar & Grill, Herb N’ Kitchen, Himalayan Restaurant, Kitty O’Shea’s, Lowcountry South Loop, Market By The Blackstone, Mercat a la Planxa, Niu B, Art of Pizza, Dunkin', Baskin-Robbins, Homewood Suites by Hilton - Chicago Downtown South Loop, Physicians Immediate Care, Hilton Garden Inn Chicago Downtown South Loop, Jet's Pizza, Chipotle, A Child’s Space, Lillian Dion, Code of Conduct, Burnham Park Animal Hospital, J’s Blossom Nail Spa, Devil Dawgs, Kpop Nara, Grasshopper Club, Glass Curtain Gallery, Shang Noodle, The Now, Conrad Hilton, Burger Alley, Thai Spoon and Sushi, FedEx Office, Le Petit Cafe, Grant Park Bistro, New City Bank, Chase, Subway, Paris Baguette, Tilly Bagel Shop, Extra Space Storage, Lao Sze Chuan, Harold's Chicken Shack, Insomnia Cookies, Elements Massage, Agora, Columbia College Chicago, Travelodge Chicago, The Blackstone, Autograph Collection, U-Stor-It, Hilton Conference Hall, Best Western Grant Park Hotel, Merle Reskin Theatre, Buddy Guy's Legends, Hilti, Le Méridien Essex, Getz Theater, John Alexander Logan Monument, Shoreline Water Taxi, East West University, Chicago Hilton & Towers, Wabash Ave & 9th St, Dunkin'"
17031330100,180,53,"artwork, artwork, artwork, information, fast_food, ice_cream, fast_food, bicycle_rental, bicycle_rental, bicycle_rental, atm, bicycle_rental, bicycle_rental, restaurant, artwork, artwork, artwork, artwork, viewpoint, social_facility, cafe, viewpoint, artwork, artwork, dentist, bicycle_rental, bicycle_rental, bar, place_of_worship, restaurant, restaurant, bar, bar, bar, bar, bar, cafe, restaurant, bar, restaurant, bar, fast_food, bicycle_rental, viewpoint, cafe, attraction, attraction, attraction, attraction, attraction, artwork, bus_station, bus_station, taxi, fast_food, fast_food, cafe, bus_station, artwork, cafe, restaurant, restaurant, information, biergarten, gallery, artwork, artwork, restaurant, information, clinic, artwork, clothes, place_of_worship, beauty, shoes, convenience, fast_food, beauty, fast_food, dry_cleaning, restaurant, convenience, fast_food, convenience, artwork, fast_food, viewpoint, information, telecommunication, fast_food, veterinary, pub, restaurant, restaurant, restaurant, dentist, restaurant, restaurant, restaurant, restaurant, musical_instrument, convenience, beauty, dentist, hairdresser, dry_cleaning, cannabis, dry_cleaning, restaurant, restaurant, supermarket, supermarket, restaurant, animal_boarding, post_office, fast_food, hairdresser, beauty, dentist, doctors, cafe, dentist, museum, conference_centre, aquarium, exhibition_centre, museum, planetarium, theatre, attraction, conference_centre, supermarket, museum, place_of_worship, convenience, fuel, conference_centre, theatre, museum, fast_food, artwork, post_office, place_of_worship, music_school, hotel, restaurant, place_of_worship, fast_food, place_of_worship, fast_food, police, social_facility, car_wash, clinic, guest_house, information, car_repair, hotel, car_repair, fast_food, bank, bank, kindergarten, theatre, aquarium, artwork, events_venue, ticket, ticket, conference_centre, conference_centre, kindergarten, restaurant, food_court, kindergarten, school, theatre, bicycle_rental, bicycle_rental, car_wash","Big Beaver Totem Pole, Daphne 1, Culture Earth and Earth's Moon, Dunkin', Baskin-Robbins, Subway, Field Museum, Calumet Ave & 18th St, Wabash Ave & Roosevelt Rd, PNC Bank, Michigan Ave & 14th St, Michigan Ave & 18th St, Crave Cafe and Lounge, America's Courtyard, Spiral Galaxy, Man with Fish, Olmec Head, Willie Dixon's Blues Heaven Foundation, The Spoke & Bird, Brachiosaurus Replica, American Doughboy, Brighter Dental of South Loop, Burnham Harbor, Shedd Aquarium, Vice District Taproom, FAME Center, Oliver's, Flo & Santos, Reggie’s Trainwreck Rooftop Deck, Reggies Music Joint, The Bureau Bar, Victory Tap Chicago, Weather Mark Tavern, Little Branch Cafe, Kai Sushi, M Lounge, Showroom Food Hall, Woven + Bound Restaurant, Papa John's, Calumet Ave & 21st St, Soundings Cafe, Dolphin, Beluga, Sea Lion, Sea Otter, Penguins, Geography Earth, Soldier Field Pick-up/Drop-off, McCormick Place North Pick-up/Drop-off, McDonald's, Connie's Pizza, 22nd Street Cafe, McCormick Place South Pick-up/Drop-off, Daphne 2, Momentum Coffee, Giordano's Pizzeria, Pizano's Pizza, Field Museum Map, Boat Drinks, South Asia Institute, George Halas, Walter Payton, La Cantina Bar & Grill, RUSH South Loop, Sue the Dinosaur, Maddie's Closet, Awaken Chicago, Girlfriend's Spa, Unique Shoe, L'Africa L'afrique Market, Kim and Carlo‘s Chicago Style Hot Dog Store, Bella Mia, Fruitful Delight Smoothie & Juice Bar, Cleaners, AO Hawaiian Hideout, South Loop Market, Jimmy John's, McCormick Market, Mending Wall, Shark's Fish & Chicken, GFiber, Harold's Chicken Shack, Metropolitan Veterinary Clinic, The Staley, Casa Tulum, Brulee, Southern Chicago, DentArt Chicago, Il Culaccino, Chicago Oyster House, Sumi Japanese Restaurant, Nepal House, PianoForte Chicago, Alfa Foods, LA Tan, Dentologie, Andy's Hair Studio, June 1250 Cleaners, Chi'Tiva, Four Seasons Dry Cleaners & Tailoring, Chicago Waffles, Mikami, Go Grocer, Go Grocer, Siam Thai Eatery, Pups Pet Club, The UPS Store, Pure Green, Urban Hair, Orlando Salon, Dental Group Of Chicago, Weissbluth Pediatrican, Overflow Coffee, Sloop Dental, Glessner House Museum, McCormick Place Convention Center, Shedd Aquarium, McCormick Place, Field Museum, Adler Planetarium, Huntington Bank Pavilion at Northerly Island, Doane Observatory, McCormick Place Lakeside Center, Jewel-Osco, Henry B. Clarke House, Old Saint Mary's Church, Pride, BP, McCormick Place South Building, Reggies Music Joint, Chess Studio, White Castle, Jane Addams Memorial (Helping Hands), 22nd Street Post Office, Second Presbyterian Church, Sherwood Music School, Hotel BnB, The Chicago Firehouse Restaurant, Gospel Way Bible Church, Uncle Joe’s Rum Bar & Grill, Soka Gakkai International Buddhist Center, Dunkin', Cook County Sheriff's Police Substation, Senior Suites Central Station, BP, Saint Agnes Health Center, Wheeler Mansion, Northerly Island Visitor Center, Firestone, Marriott Marquis, Goodyear, Museum Campus Cafe, First American Bank, Lakeside Bank, KinderCare, Phelps Theater, Rice Amplitheater & Abbott Oceanarium, Man Enters The Cosmos, McCormick Place North Building, Grand Concourse, The Goddard School, Soundings café, Bubble Net Food Court, Old St. Mary's School, Arie Crown Theater, Adler Planetarium, Wabash Ave & 16th St"
17031330200,21,10,"bicycle_rental, artwork, artwork, restaurant, restaurant, bank, fast_food, artwork, artwork, restaurant, car_parts, restaurant, fast_food, boat_rental, artwork, school, bank, police, supermarket, school, school","State St & 19th St, Stone Talk, Justice Laura C. Liu, Tapas Valencia, My Place, Chase, Sarpino's Pizzeria, Leonard M. Louie, Burger Point, Douglas Truck Parts, Cafe Bionda, Subway, REI Co-op Kayak Rentals at Ping Tom Memorial Park, Return of the Yellow Cranes, South Loop Elementary School, PNC Bank, Chicago Police Department 1st District, Mariano's Fresh Market, Daystar Academy, Perspectives Rodney D. Joslin High School"
17031340300,6,5,"restaurant, bicycle_rental, bicycle_rental, fast_food, social_facility, school","Franco’s Ristorante, Shields Ave & 28th Pl, Shields Ave & 31st St, Carbon Mexican Grill, Long Life Apartments, James Ward Elementary School"
17031340400,16,10,"place_of_worship, place_of_worship, place_of_worship, supermarket, restaurant, bakery, restaurant, cafe, rental, restaurant, restaurant, fishing, fast_food, storage_rental, school, school","Saint Jerome's Croatian Catholic Church, Santa Lucia Catholic Church, Santa Maria Roman Catholic Church, Fat Lee Supermarket, Furama Restaurant, Dim Dim, Lawrence Fish Market Chinatown, Joy Cafe, U-Haul, Dragon Bowl, Grand Palace, Wentworth Bait Shop, Ferro's, U-Haul, Saint Jerome School, Santa Lucia School"
17031340500,12,9,"place_of_worship, school, bakery, bar, bar, restaurant, bar, bicycle_rental, ticket, ticket, convenience, fuel","Liberty Union Baptist Church, Sisters of Notre Dame School, Biscotti’s Galore and More, ChiSox Bar & Grill, Cork and Kerry at the Park, Stix n Brix Wood Fired Pizza, Turtles Bar and Grill, Wentworth Ave & 33rd St, Shell, Shell"
17031340600,11,6,"bicycle_rental, ticket, ticket, ticket, ticket, bar, bar, artwork, school, place_of_worship, artwork","Wentworth Ave & 35th St, Miler High Life Sky Lounge, Garenteed Rate Club, James R. Thompson, Air Force Academy High School, Progressive Baptist Church"
17031350100,2,2,"bicycle_rental, artwork",MLK Jr Dr & 29th St
17031350400,4,4,"bicycle_rental, school, place_of_worship, hotel","State St & 29th St, John B. Drake Elementary School, Allen Temple African Methodist Episcopal Church, Wyndham Chicago McCormick Hotel"
17031351000,23,14,"supermarket, bicycle_rental, bicycle_rental, ice_cream, fast_food, post_office, clothes, fast_food, mobile_phone, fast_food, bicycle_rental, information, restaurant, fast_food, beauty, artwork, place_of_worship, school, fast_food, place_of_worship, bar, fast_food, restaurant","Jewel-Osco, Fort Dearborn Dr & 31st St, Rhodes Ave & 32nd St, Baskin-Robbins, Wingstop, The UPS Store, Rainbow, Taco Bell, AT&T, Dunkin', Lake Park Ave & 35th St, Home Run Inn Pizzeria, Threading Zone, La Ronda Parkata, Olivet Baptist Church, Olivet Baptist Church Day Care Center, White Castle, Sixth Grace United Presbyterian Church, Culver's"
17031351100,5,3,"bank, school, supermarket, bank, school","Self-Help Federal Credit Union, James R. Doolittle Elementary School, Mariano's Fresh Market, CIBC Bank USA, Urban Prep Charter Academy for Young Men"
17031351400,12,10,"artwork, social_facility, alcohol, artwork, library, restaurant, bank, place_of_worship, clinic, social_facility, arts_centre, school","The Renaissance Collaborative, Rothschild Liquors, Bronzeville Renaissance Mural, Chicago Bee Branch Library, Chicago Rib House, Providence Bank & Trust, Indiana Avenue Pentecostal Church of God, Near South Health Center, Matthew House, South Side Community Art Center (SSCAC), Perspectives/IIT Math & Science Academy"
17031351500,4,4,"fast_food, cafe, bank, copyshop","Jimmy John's, Starbucks, PNC Bank, FedEx Office"
17031360200,3,2,"place_of_worship, community_centre, community_centre","West Point Baptist Church, Arts & Recreation Center at Ellis Park, Oakwood Center"
17031380100,14,7,"bicycle_rental, cafe, cafe, restaurant, bicycle, place_of_worship, place_of_worship, place_of_worship, place_of_worship, place_of_worship, university, school, school, school","Cottage Grove Ave & Oakwood Blvd, Ain’t She Sweet Cafe, Sip & Savor, Cleo's Southern Cuisine, Small Shop Cycles & Service, Holy Angels Catholic Church, Blackwell-Israel Samuel A.M.E. Zion Church, South Central Church of Christ, Monumental Baptist Church, Jacob H. Carruthers Center for Inner City Studies, Holy Angels Catholic School, Former Holy Angels School, James Farmer Jr. Elementary School"
17031380200,6,6,"social_facility, place_of_worship, car_wash, variety_store, fuel, convenience","WIC Grocery, Morning Star Baptist Church, BP, Dollar General, BP, BP Shop"
17031380500,2,2,"bicycle_rental, school","State St & Pershing Rd, Bronzeville Classical School"
17031380700,7,3,"fast_food, place_of_worship, place_of_worship, place_of_worship, place_of_worship, place_of_worship, school","Bronzeville Wingz, First Church of Deliverance, St. Paul Church of God in Christ, Church of The Living God CWFF, Al Sadiq Mosque, United House of Prayer for All People"
17031381200,12,8,"bicycle_rental, cafe, bar, gallery, artwork, artwork, artwork, artwork, place_of_worship, place_of_worship, bank, theatre","MLK Jr Dr & 47th St, Spoken Word Cafe, Renaissance Bronzeville, Gallery Guichard, Mayor Harold Washington, Second Faith Temple, Liberty Baptish Church, GN Bank, Harold Washington Cultural Center"
17031381400,16,12,"restaurant, bakery, artwork, artwork, fast_food, artwork, artwork, bicycle_rental, clothes, shoes, library, place_of_worship, events_venue, place_of_worship, convenience, fuel","Dirty Tiff's Cafe, Pookie Crack Cakes, Tony's Carryout, Wabash Ave & 49th St, Dress Code Clothing, Shoe Avenue, George C. Hall Branch Library, Cathedral Missionary Baptist Church, Charles A. Hayes Family Investment Center, Progressive Community Church, BP Shop, BP"
17031381500,10,10,"alcohol, cafe, ice_cream, hairdresser, convenience, supermarket, fast_food, beauty, butcher, place_of_worship","200 Cut Rate Liquors, Sip & Savor, Shawn Michelle's Homemade Ice Cream, Africa Hair Braiding, Adom African Market, Kennedy Fish & Chicken, Baby Beauty Bar, Parker House Sausage Company, Omega Missionary Baptist Church"
17031381700,2,2,"clinic, school","DaVita Dialysis Woodlawn, Beethoven Elementary School"
17031381800,21,11,"school, restaurant, bicycle_rental, fast_food, cafe, artwork, artwork, school, school, furniture, pawnbroker, place_of_worship, place_of_worship, place_of_worship, social_facility, place_of_worship, place_of_worship, school, school, school, marketplace","Corpus Christi School, Friistyle, Calumet Ave & 51st St, The Hot Dog Box, Southside Grinds Coffee Co., Walter Dyett, Kobe Bryant Memorial, Bronzeville Scholastic Institute, Daniel Hale Williams Preparatory School of Medicine, Glam Furniture, United Loan Co., Greater Mount Moriah Baptist Church, Saint Luke United Methodist Church, Forrestville Hyde Park Congregation of Jehovah Witnesses, Fred C. Matthews III Senior Housing, Corpus Christi Roman Catholic Church, Greater King David M.B. Church, Educare Chicago, DuSable High School Campus, Boxville"
17031381900,8,6,"artwork, clinic, information, place_of_worship, place_of_worship, place_of_worship, pharmacy, hospital","George Washington Memorial, John Sengstacke Health Center, Washington Park, McGee Temple, First Tabernacle Community Church, Old Friendship MBC, Outpatient Pharmacy, Provident Hospital of Cook County"
17031390100,25,16,"fast_food, pharmacy, department_store, alcohol, restaurant, dry_cleaning, paint, fast_food, fast_food, bank, ice_cream, restaurant, fast_food, artwork, chemist, fast_food, beauty, fast_food, dry_cleaning, hairdresser_supply, laundry, fast_food, beauty, supermarket, place_of_worship","Italian Fiesta Pizzeria, Walgreens, Ross, Binny's Beverage Depot, The Original Pancake House, Kenwood Cleaners, Sherwin-Williams, Subway, Dunkin', Citibank, Baskin-Robbins, Beggars Pizza, Charleys Philly Steaks, Walgreens, JJ Fish & Chicken, Eyebrow Threading Studio, Fung's Chop Suey, Spotless Solutions, Beauty Supply, Your Neighborhood Laundromat, Taco Pro's, Hyde Park Nail Salon, One Stop Foods, Masjid Al-Faatir"
17031390200,13,9,"bicycle_rental, arts_centre, cafe, artwork, bicycle_rental, convenience, restaurant, artwork, place_of_worship, place_of_worship, fuel, school, place_of_worship","Greenwood Ave & 47th St, Little Black Pearl Art Gallery, Carver 47 Cafe, Gwendolyn Brooks: The Oracle of Bronzeville, Woodlawn Ave & Lake Park Ave, BP Shop, Gorée Cuisine, Carver 47, St. Ambrose Catholic Church, Kenwood United Church of Christ, BP, Ariel Community Academy, Pleasant Gift Missionary Baptist Church"
17031390300,17,11,"bicycle_rental, fast_food, fast_food, convenience, restaurant, restaurant, beauty, beauty, clinic, school, social_facility, variety_store, social_facility, post_office, fast_food, place_of_worship, place_of_worship","Cottage Grove Ave & 43rd St, Mr. Captain Hook, Just Turkey Grill, Tony's Stop & Save, Surf's Up Bronzeville, De Rice, Egyptian Style, Queen Noir, UChicago Medicine Kenwood, King College Prep, Centers For New Horizons: Effie Ellis Center, Family Dollar, Kenwood Village, Henry W. McGee Post Office, Popeyes, Hyde Park Seventh-day Adventist Church, Church of God"
17031390400,12,10,"information, artwork, hairdresser, artwork, hairdresser, furniture, fast_food, school, place_of_worship, community_centre, bank, car_parts","Washington Park, Another Barber Shop, Blessed Hands Hair Studio, Everyhome Furniture, Red Snapper, Reavis Elementary School, First Baptist Church of Chicago, Operation PUSH Community House, BMO, O'Reilly Auto Parts"
17031390500,2,2,"place_of_worship, school","KAM Isaiah Israel Temple, Israel School"
17031390600,4,3,"bicycle_rental, books, school, school","Dorchester Ave & 49th St, Call & Response, Shoesmith Elementary School, Ancona School"
17031390700,12,11,"bicycle_rental, artwork, cafe, arts_centre, convenience, place_of_worship, library, school, fuel, hotel, bus_station, bicycle_rental","Blackstone Ave & Hyde Park Blvd, Ecstasy, Almendro Cafe, Hyde Park Art Center, BP Shop, St. Paul and the Redeemer Church, Blackstone Memorial Library, Kenwood Academy, BP, Chicago Lake Shore Hotel, Lake Park & 47th Street Terminal, Lake Park Ave & 47th St"
17031400300,18,10,"bicycle_rental, artwork, bicycle_rental, bicycle_rental, clinic, museum, artwork, museum, place_of_worship, fuel, place_of_worship, convenience, fast_food, fuel, social_facility, place_of_worship, school, convenience","Prairie Ave & Garfield Blvd, Gotthold Ephraim Lessing, DuSable Museum, MLK Jr Dr & 56th St, Washington Park Children's Free Health Clinic, DuSable Black History Museum and Education Center, Fountain of Time, African American Firefighters Museum, Greater Bethesda Baptist Church, Super Save, Hopeful Missionary Baptist Church, McDonald's, Amstar, Chicago Youth Programs, Holy Trinity Missionary Baptist Church, Burke Elementary School"
17031400400,13,9,"community_centre, arts_centre, bar, gift, fast_food, information, artwork, artwork, artwork, convenience, place_of_worship, place_of_worship, arts_centre","A Listening Space, Green Line Performing Arts Center, Odyssey II, L1, Harold's Chicken Shack, Washington Park, Garfield Food Mart, Church of the Good Shepherd, Saint Augustines Cathedral, Washington Park Arts Incubator"
17031400500,14,7,"social_facility, artwork, restaurant, place_of_worship, social_centre, place_of_worship, place_of_worship, place_of_worship, place_of_worship, place_of_worship, place_of_worship, fast_food, school, social_facility","K.L.E.O. Community Family Life Center, Keep Loving Each Other, The Park Bar and Grill, Jubilee Christian Methodist Episcopal Church, American Legion Hall George L. Giles Post, Prayer Garden Church of God in Christ, Greater Metropolitan Baptist Church, Holy Spiritual Temple II, Gorham United Methodist Church, Holy Cross Temple, Coppin Memorial African Methodist Episcopal Church, Burger King, Carter School of Excellence"
17031400800,6,3,"place_of_worship, bicycle_rental, place_of_worship, place_of_worship, place_of_worship, school","Christian Love Baptist Church, Wabash Ave & 59th St, Saint Anselm Catholic Church, Saint Edmund's Episcopal Church, Full Gospel Pentecostal Church, CICS Washington Park School"
17031410100,26,18,"supermarket, bicycle_rental, department_store, restaurant, bar, hairdresser, restaurant, bank, fast_food, hairdresser, car_wash, hairdresser, beauty, gift, hairdresser_supply, dentist, fast_food, cafe, beauty, hairdresser, cafe, place_of_worship, place_of_worship, fuel, convenience, school","Whole Foods Market, Cornell Ave & Hyde Park Blvd, Marshalls, 14 Parish, The Hyde, Hyde Park Barber Studio, Uncle Joe's Jerk Chicken, PNC Bank, Krispy Krunchy Chicken, Chickie Curls Studio, BP, Max & Co Hair Designs, Nikki Nails, Edible Arrangements, Viking General Merchandise, Smile Studio Chicago, Domino's, Love & Light Cafe, Milan Laser Hair Removal, Ossama's Hair Design, Sweet Drip Dessert Cafe, Hyde Park Christian Reformed Church, Congregation Rodfei Zedek, BP, BP Shop, Akiba Schechter Jewish Day School"
17031410500,3,3,"clinic, school, social_facility","Friend Health Cottage Grove Clinic, Kozminski Community Academy, Ronald McDonald House"
17031410600,17,15,"bar, cafe, restaurant, restaurant, bicycle_rental, cafe, theatre, atm, pet, clothes, supermarket, hairdresser, dry_cleaning, artwork, place_of_worship, fire_station, university","Woodlawn Tap, Starbucks, Nile Restaurant, Saucy Porka, Ellis Ave & 53rd St, Definition Theatre, Sprocket & Stone, Kayra Imports, Valley of Jordan, Page Too Hair Design, Ivory #3 Cleaners, Yes And, The Church of Jesus Christ of Latter-day Saints, Chicago Fire Department Engine Company 60, Lutheran School of Theology"
17031410700,38,20,"fast_food, greengrocer, bicycle_rental, bicycle_rental, fast_food, bank, restaurant, alcohol, department_store, restaurant, bank, restaurant, fast_food, bakery, bakery, restaurant, optician, restaurant, restaurant, restaurant, restaurant, restaurant, restaurant, fast_food, arts_centre, telecommunication, hairdresser, money_transfer, dentist, restaurant, fast_food, art, place_of_worship, pharmacy, community_centre, school, school, music","Small Cheval, Hyde Park Produce, Kimbark Ave & 53rd St, Woodlawn Ave & 55th St, Harold's Chicken Shack, Chase, Cedars Mediterranean Kitchen, A&S Beverages, Target, 5 Rabanitos, BankFinancial, Sitdown Cafe and Sushi Bar, Wingstop, Arifa’s Kitchen, Cafe 53, Litehouse, Pearle Vision, Nicky's Chinese Food, Can't Believe It's Not Meat, Nathan's Chicago Style and Taste of Jamaica, Eto'o Modern Asian Cuisine, Shinju Sushi, Jet's Pizza, Taco Bell, 4th Ward, Xfinity, Marimarshe' 2.0 Salon & Suites, Western Union, Comfort Dental Studio, Jerk Yard, Fruve Xpress Juicery, Kilimanjaro International Inc., Saint Thomas the Apostle Catholic Church, CVS Pharmacy, Hyde Park Neighborhood Club, Saint Thomas the Apostle Grade School, Philip Murray Language Academy, Hyde Park Records"
17031410800,74,35,"post_office, bakery, pharmacy, restaurant, fast_food, restaurant, cafe, theatre, bank, restaurant, restaurant, restaurant, variety_store, bank, fast_food, restaurant, tobacco, artwork, doityourself, restaurant, pharmacy, restaurant, fast_food, bar, attraction, hairdresser, supermarket, bank, fast_food, ice_cream, fast_food, cafe, cafe, clothes, fast_food, restaurant, fast_food, atm, shoes, toys, mobile_phone, fast_food, fast_food, pet_grooming, restaurant, hairdresser, post_office, beauty, interior_decoration, atm, cafe, massage, restaurant, pastry, dry_cleaning, bank, frame, restaurant, restaurant, ice_cream, restaurant, bar, dentist, clothes, place_of_worship, books, place_of_worship, clothes, fast_food, cinema, hotel, restaurant, mall, hotel","Lake Park Post Office, La Boulangerie & Co, Walgreens, Pizza Capri, Five Guys, Valois, Starbucks, The Promontory, Fifth Third Bank, Nando's, Rajun Cajun, Chant, Jeffery Dollar Store, Bank of America, Potbelly, Bob's Pizza, Hyde Park Cigars, jenitor, Elston Ace Hardware, Mahari, Katsaros Pharmacy, Virtue, Deep Purpl, Mesler Kitchen | Bar | Lounge, Obama Kissing Rock, Hyde Park Hair Salon, Trader Joe's, Hyde Park Bank, Dunkin', Baskin-Robbins, Subway, Capital One Café, Philz Coffee, Silver Room, Sweetgreen, Ascione Bistro, Chipotle, Wesley's Shoe Corral, toys et cetera, T-Mobile, Papa John's, Roti, A Paw Place, Strings Ramen, Yehia & Co Hair Designs, The UPS Store, Happy Nails, Recycled Modern Hyde Park, Hyde Park Bank, Stan's Donuts & Coffee, Bettye O Day Spa, Red Snapper, Strugglebeard Bakery, Hyde Park Cleaners, Vicinity Credit Union, The Great Frame Up, Jordyn's Soul Cafe, Ja' Grill, Kilwins, Daisy's Po-Boy and Tavern, Cantina Rosa, Smile Design Studio Of Hyde Park LLC, Fashion Geek, St. Makarios Orthodox Mission, Barnes & Noble, United Church of Hyde Park, Akira, McDonald's, Harper Theater, Sophy Hotel, Giordano's Pizzeria, Hyde Park Shopping Center, Hyatt Place Chicago-South/University Medical Center"
17031410900,12,10,"restaurant, restaurant, cafe, bar, bar, beauty, craft, convenience, dentist, clothes, artwork, university","Litehouse Whole Food Grill, Tacos El Pastor 53, Sip & Savor, Falcon Inn, The Cove Lounge, Black Beauty Collective, Fiber Friends Studio, Quick Snacks, Manus Dental, Gilda Designer Thrift Boutique, Academic Conference Center - Catholic Theological Union"
17031411000,49,22,"bicycle_rental, bicycle_rental, supermarket, restaurant, restaurant, restaurant, variety_store, deli, information, viewpoint, bicycle_rental, florist, restaurant, books, cafe, artwork, gift, ticket, gift, restaurant, restaurant, bicycle_rental, attraction, information, locksmith, information, atm, information, cafe, viewpoint, cinema, picnic_site, picnic_site, picnic_site, picnic_site, picnic_site, picnic_site, dry_cleaning, museum, attraction, social_facility, books, museum, school, school, information, bicycle_rental, artwork, museum","Shore Dr & 55th St, Lake Park Ave & 56th St, Open Produce, The Snail, Dawn A.M. Eatery, Kikuya Japanese Restaurant, Cornell Dollar Plus, Morry's Deli, Garden of the Phoenix, Harper Ave & 59th St, Cornell Florist, Siam Thai Cuisine, First Aid Comics, Belly Up, Mother Peace, Admissions, Thai 55, Huaraches Mexican Restaurant, Hyde Park Blvd & 55th St, U-505 Submarine, Security Shop, Stan's Donuts & Coffee, Giant Dome Theater, Jackson Park - Grove 9, Jackson Park - Grove 10, Jackson Park - Grove 8, Jackson Park - Grove 7, Jackson Park - Grove 6B, Jackson Park - Grove 6A, Griffin Museum of Science and Industry, Japanese Garden, Montgomery Place, Powell's Books Chicago, Hyde Park Historical Society Museum, Bret Harte Elementary School, University of Chicago Laboratory School Early Childhood Campus, Meuseum of Science and Industry, Museum of Science & Industry, Sky Landing, Obama Presidential Center Museum"
17031411100,17,12,"restaurant, restaurant, hairdresser, information, dry_cleaning, hairdresser, bicycle, clinic, wine, restaurant, atm, fast_food, animal_boarding, convenience, fast_food, dry_cleaning, bicycle_rental","Maravilla's, Salonica, 57th Street Hair Salon, Jackson Park, Vogue Cleaners, University Hair Stylists, Tamago, Howard Brown Health, 57th Street Wines, B'Gabs Goodies, Jimmy John's, Hyde Bark Dog Walking and Pet Care, Harper Foods, Subway, The Golden Touch, Blackstone Ave & 59th St"
17031411200,18,13,"cinema, books, cafe, restaurant, bakery, books, hairdresser, bank, post_office, cafe, bar, restaurant, atm, attraction, place_of_worship, school, school, restaurant","Max Palevsky Cinema, 57th Street Books, TrueNorth Cafe, Noodles Etc, Medici Bakery, Seminary Co-op Bookstore, Hair Design International, Hyde Park Bank, FedEx Office, Plein Air Cafe, The University of Chicago Pub, Seoul Taco, Frederick C. Robie House, 57th Street Meeting of Friends, William H. Ray Elementary School, University of Chicago Laboratory School, Medici on 57th"
17031420100,20,10,"artwork, bicycle_rental, viewpoint, bicycle_rental, pub, viewpoint, viewpoint, viewpoint, viewpoint, viewpoint, viewpoint, viewpoint, restaurant, viewpoint, picnic_site, picnic_site, theatre, library, school, community_centre","Flock, 63rd Street Beach, Cornell Dr & Hayes Dr, Reggies On The Beach, Leon's Bar-B-Q & Grill, Jackson Park - Grove 19B, Jackson Park - Grove 19A, The Elie Wiesel Auditorium, Obama Presidential Center Chicago Public Library, Hyde Park Academy High School, Barack Obama Presidential Center"
17031420200,11,10,"bicycle, cafe, restaurant, marketplace, restaurant, library, school, place_of_worship, social_facility, conference_centre, hotel","Blackstone Bicycle Works, Build Coffee, Truth Be Told, 61st Street Farmers Market, BARDAVID, Center for Research Libraries, Carnegie Elementary School, Cornerstone Baptist Church, Parkshore Estates, Rubenstein Forum, The Study at the University of Chicago"
17031420300,8,6,"library, convenience, bicycle_rental, fast_food, fast_food, information, place_of_worship, place_of_worship","D'Angelo Law Library, Midway Market, Ellis Ave & 60th St, Arley D. Cathey Dining Commons, Woodlawn Dining Commons, Christ Church Chicago, Woodlawn Baptist Church"
17031420400,19,15,"charging_station, school, school, police, restaurant, bakery, post_office, restaurant, library, bicycle_rental, car_wash, theatre, community_centre, convenience, laundry, fuel, school, social_facility, social_facility","ChargePoint, Hyde Park Day School, Sonia Shankman Orthogenic School, University of Chicago Police Department, Daley's Restaurant, Chloe’s Sweets & Treats, The UPS Store, Conscious Plates, The Social Work Library, Drexel Ave & 60th St, Mobil, Logan Center for the Arts, Harriet Harris Community Center, Mobil Mart, Rainbow Brite Laundromat, Mobil, AKArama Foundation Inc Community Service Center"
17031420500,11,7,"bicycle_rental, artwork, artwork, artwork, artwork, post_office, school, place_of_worship, clinic, place_of_worship, supermarket","Cottage Grove Ave & 63rd St, Wonder of Woodlawn, Black Panther, Jackson Park Post Office, John Fiske Elementary School, Freedom Temple Church of God in Christ, Friend Health Clinic, Langley Avenue Church of God, Jewel-Osco"
17031420600,8,6,"cafe, bicycle_rental, convenience, restaurant, convenience, artwork, place_of_worship, place_of_worship","Greenline Coffee, Eberhart Ave & 61st St, New Food Mart, 2 Potz & A Pan Eatery, Woodlawn Neighborhood Market, Stop The Violence Chicago, Kindest United House of Prayer, Saint Philips Lutheran Church"
17031420700,21,14,"fast_food, convenience, mobile_phone, money_transfer, fire_station, community_centre, social_facility, place_of_worship, library, convenience, supermarket, place_of_worship, place_of_worship, car_parts, place_of_worship, place_of_worship, dry_cleaning, motel, school, place_of_worship, social_facility","Baba's Halal, Tony's Dollar Store, Boost Mobile, 63rd and King Currency Exchange, Chicago Fire Department Engine Company 47, Edward G. Irvin Center, YWCA Laura Parks and Mildred Francis Center, Vineyard Spiritual Temple, Bessie Coleman Branch Library, D Train Food Mart, Woodlawn Fresh Market, St. Peter Word Church, Vernon Baptist Church, AutoZone, Living Hope Church, Woodlawn African Methodist Episcopal Church, Tailorite Complete Clothing Care, Best Motel, Emmett Louis Till Math and Science Academy, Lincoln Memorial Congregational United Church of Christ"
17031420800,13,11,"bar, events_venue, bicycle_rental, variety_store, department_store, fast_food, mobile_phone, community_centre, school, supermarket, events_venue, place_of_worship, place_of_worship","McKie's DJ Lounge, Grand Ballroom, Cottage Grove Ave & 67th St, Family Dollar, City Sports, Subway, Metro by T-Mobile, Chicago Alliance Against Racist and Political Oppression, Wadsworth Elementary School, Aldi, The Green Living Room, Cosmopolitan Church Of Prayer, South Side Gospel Church"
17031421200,10,6,"place_of_worship, place_of_worship, artwork, convenience, convenience, fuel, storage_rental, place_of_worship, police, fuel","Church of God, Prince of Peace Apostolic Church, Clark's Pump-N-Shop, Citgo, Citgo, StorageMart, Martin Temple AME Zion Church, Chicago Police Department 3rd District, Clark"
17031430101,10,8,"shoes, shoes, mobile_phone, bar, fast_food, convenience, cosmetics, convenience, fuel, school","J-BEES, Shoe! Time, Boost Mobile, Jeffery Pub, Dunkin', South Shore Pantry, The Scentuary, BP Shop, BP, O'Keeffe Elementary School"
17031430102,15,10,"restaurant, restaurant, artwork, artwork, hairdresser, bicycle_rental, bakery, picnic_site, community_centre, events_venue, police, theatre, theatre, events_venue, events_venue","House of Bing, Surf's Up, Mr. Big, BlammO, Mena's Hair Design, South Shore Dr & 71st St, Give Me Some Sugah, South Shore Picnic Grove, South Shore Cultural Center, Studio 2226, Chicago Police Department Mounted Unit Horse Stables, South Shore Paul Robeson Outdoor Theatre, South Shore Paul Robeson Theatre, South Shore Solarium, South Shore Dining Room"
17031430200,21,14,"fast_food, convenience, convenience, restaurant, restaurant, bicycle_rental, ice_cream, rental, school, storage_rental, social_facility, social_facility, social_facility, childcare, fuel, convenience, fast_food, fuel, place_of_worship, veterinary, kindergarten","Shark's Fish and Chicken, Big Salem's Food Market, Mobil Mart, The Slab Bar-B-Que, Taste of Chicago, Jeffery Blvd & 71st St, Baskin-Robbins, U-Haul, Parkside Community Academy, U-Haul, WIC Food and Nutrition Center, ABJ Community Services, Good Shepherd Manor, DJ Brooks Child Development Center, Shell, Shell, Dunkin', Mobil, Bryn Mawr Community Church, Hyde Park Animal Hospital, Children's Developmental Institute"
17031430300,17,12,"bicycle_rental, fast_food, mobile_phone, beauty, beauty, fast_food, restaurant, hairdresser, beauty, fast_food, laundry, school, pharmacy, place_of_worship, museum, place_of_worship, car_repair","Stony Island Ave & 71st St, Subway, Boost Mobile, Top 10 Nail and Spa, Beautiful Sistera Nail Spa, See Thru Chinese Kitchen, Fisherman's Island, Da Cuttin' Image, Rose Beauty, JJ Fish, Stony Laundry, South Shore Fine Arts Academy, Walgreens, Family of Faith, Stony Island Arts Bank, Celestial Church of Christ, Pit Stop 500"
17031430400,27,15,"supermarket, bar, restaurant, convenience, mobile_phone, fast_food, beauty, restaurant, place_of_worship, place_of_worship, place_of_worship, restaurant, car_repair, place_of_worship, variety_store, fast_food, car_parts, variety_store, fast_food, supermarket, place_of_worship, car_repair, fast_food, fuel, school, bank, social_facility","Zees Supermarket Plus, Club Escape, The Foodie’s Spot, BP Shop, Boost Mobile, Harold's Chicken Shack, 777 nails, Vegan Now 2 Go, New Testament Memorial Baptist Church, The Lord's Way Missionary Baptist Church, Haven of Prayer and Praise Church, Chuckies Grill, Melbar Import Car, Fidelity Life Full Baptist Church, Dollar General, Church's Chicken, Advance Auto Parts, Dollar Tree, Burger King, Save-A-Lot, Christ Temple Community Church, Car-X, Popeyes, BP, James Madison Elementary School, PNC Bank, Eden South Shore"
17031430500,13,12,"copyshop, restaurant, clothes, restaurant, mobile_phone, dry_cleaning, convenience, hairdresser, social_facility, community_centre, cafe, bank, place_of_worship","It's Major, Italian Fiesta, Chez Vouz, Good Foods Health Center, Metro by T-Mobile, City Cleaners, Jordan Valley Food, Izi African Hair Braiding, Maranatha Community Youth Center, Don Nash Community Center, Starbucks, Bank of America, South Shore Bible Baptist Church"
17031430600,23,14,"bicycle, hairdresser, restaurant, fast_food, hairdresser, hairdresser, hairdresser, tattoo, dry_cleaning, restaurant, restaurant, furniture, fast_food, fast_food, bank, mobile_phone, clothes, shoes, supermarket, place_of_worship, place_of_worship, place_of_worship, school","Bicycle Clinic, Salon Exhale, Ming's Chop Suey, Hoagy House, B Selfish, Guyse Salon of Beauty, Dubose Barber Shop, Tattoo World Studio, Quality First Cleaners, Ta'golazo, Magal Restaurant, Rent-A-Center, Subway, Domino's, Chase, Cricket Wireless, DTLR, Snipes, Local Market Foods, Christian Fellowship Missionary Baptist Church, The Old Landmark Church of God Holiness in Christ, Saint Philip Neri Roman Catholic Church, Saint Phillip Neri School"
17031430700,16,14,"cafe, bar, hairdresser, fast_food, hairdresser, computer, dry_cleaning, bakery, cafe, restaurant, nursing_home, clinic, kindergarten, trade, place_of_worship, school","Chef Sara's Cafe, Tom's, Haley's African Hair Braiding, Kennedy Fish and Chicken, Hair 4 U Salon, CBI Computer, Cleaner Quality One Hour, Bot Bakery, South Shore Brew, Majani, Renaissance at South Shore, University of Chicago Outpatient Senior Health Center, Ada S. McKinley, Ersula Howard Child Care Center, South Shore Plumbing and Heating, Saint Luke's Missionary Baptist Church, Robert A. Black Magnet Elementary School"
17031430800,6,6,"convenience, doityourself, childcare, fuel, place_of_worship, school","Citgo, Metro Hardware, Kenyatta's Day Care and Learning Center, Citgo, All Nations Worship Assembly, Edward A. Bouchet Math & Science Academy"
17031430900,11,8,"car_repair, attraction, school, university, place_of_worship, place_of_worship, fast_food, fuel, place_of_worship, convenience, school","Midas, Michelle Obama's Childhood Home, Clara Muhammad Elementary School, Muhammad University of Islam, Mosque Maryam, The New Jerusalem Evangelistic Church, KFC, Exxon, South Shore United Methodist Church, Mobil Mart"
17031431200,12,9,"prep_school, bicycle_rental, bicycle_rental, funeral_directors, fuel, variety_store, convenience, convenience, restaurant, place_of_worship, school, fuel","Second Chance Tutoring, Yates Blvd & 75th St, Jeffery Blvd & 76th St, Cage Memorial Chapel Funeral & Cremation Services, Inc., All Star, Family Dollar, Taste Jamaica, Our Lady of Peace Roman Catholic Church, Our Lady of Peace School, Fuel Star"
17031431301,9,6,"variety_store, hardware, bicycle_rental, clinic, place_of_worship, place_of_worship, place_of_worship, place_of_worship, school","Family Dollar, Midwest True Value Hardware, Phillips Ave & 79th St, Fresenius Kidney Care, Excellent Way Church of God in Christ, Labor of Love Apostolic Church, Mountain of the Lord World Wide Ministries, Faith Chapel Deliverance Center, Bradwell Elementary School"
17031431302,21,13,"restaurant, place_of_worship, greengrocer, events_venue, mobile_phone, fast_food, social_facility, place_of_worship, convenience, community_centre, place_of_worship, fuel, post_office, fire_station, place_of_worship, place_of_worship, fast_food, place_of_worship, library, social_facility, social_facility","L&G Restaurant, McKenzie Mission Chicago, Healthy Food Hub, The Quarry Event Center, Metro by T-Mobile, Imani's Original, South Central Community Services: South Shore Campus, Free Salvation M.B. Church, Citgo, Rebecca K. Crown Youth Center, Windsor Park Evangelical Lutheran Church, Citgo, Charles A. Hayes Post Office, Chicago Fire Department Engine Company 126, Greater Metropolitan Church of Christ, South Shore Community Church, Rainbow Beach Sub Shop, Israel of God Church, South Shore Branch Library"
17031431400,10,5,"convenience, bicycle_rental, bicycle_rental, place_of_worship, social_facility, place_of_worship, school, place_of_worship, school, school","El Barakah Supermarket, South Shore Dr & 74th St, Rainbow Beach, Saint Margaret's Episcopal Church, Grand Regency Of South Shore, New Spiritual Light Baptist Church, Saint Bride's School, Saint Bride Roman Catholic Church, Adam Clayton Powell, Jr. Paideia Academy, Excel Academy of South Shore"
17031440101,11,9,"place_of_worship, alcohol, convenience, bakery, bakery, florist, bicycle_rental, convenience, mobile_phone, car_parts, bank","Christian Love Christian Church, Dady Mart Food & Liquor, Food Town, Tony’s Original Steak & Gyros, West Indies Bakery, Majestic Florist, Greenwood Ave & 79th St, Paradise Grocery, Boost Mobile, AutoZone, Providence Bank"
17031440102,26,18,"bakery, variety_store, hardware, bicycle_rental, bicycle_rental, storage_rental, shoes, clothes, mobile_phone, mobile_phone, dry_cleaning, fast_food, dentist, dentist, dentist, money_lender, place_of_worship, car_parts, place_of_worship, mobile_phone, convenience, restaurant, variety_store, place_of_worship, school, fuel","Dat Donut, Dollar Tree, Aranoff True Value Hardware, Cottage Grove Ave & 83rd St, Ellis Ave & 83rd St, Extra Space Storage, Foot Locker, Rainbow, Boost Mobile, Cricket Wireless, Tailorite Complete Clothing Care, Domino's, Robin L. Ferguson DDS, Chicago Dental Dream Team, Dr. Yetta McCullom, Harvey Memorial Community Church, Advance Auto Parts, Saint Stephen's Evangelical Lutheran Church, Metro by T-Mobile, Pepe's Mexican Restaurant, Dollar General, Arthur Ashe Elementary School, Falcon Fuel"
17031440201,6,5,"place_of_worship, bicycle_rental, convenience, place_of_worship, library, fuel","First Cumberland Presbyterian Church, Vernon Ave & 79th St, Chatham Fields Lutheran Church, Whitney M. Young Jr. Branch Library, Amstar"
17031440202,23,15,"restaurant, restaurant, clothes, clothes, mobile_phone, clothes, fast_food, bank, pharmacy, shoes, ice_cream, money_transfer, fast_food, bar, car_wash, place_of_worship, chemist, social_facility, place_of_worship, place_of_worship, school, school, fast_food","City Life, Reggio's Pizza, Nike, America's Kids, AT&T, DTLR, Subway, Chase, Walgreens, Kids Foot Locker, Baskin-Robbins, Western Union, Church's Chicken, Red Pepper's Masquerade, Quality Car Wash, Chatham-Bethlehem United Presbyterian Church, Walgreens, Senior Suites of Chatham, Come and See Missionary Baptist Church, Saint Mark United Methodist Church, Pirie Elementary School, Dixon Elementary School, Dunkin'"
17031440300,28,12,"school, childcare, school, bicycle_rental, bicycle_rental, bicycle_rental, bicycle_rental, artwork, fast_food, fast_food, place_of_worship, place_of_worship, convenience, fire_station, cafe, place_of_worship, place_of_worship, place_of_worship, convenience, fuel, variety_store, place_of_worship, place_of_worship, restaurant, fast_food, place_of_worship, place_of_worship, school","Chatham Montessori School, Crickets Child and Infant Daycare Center, Saint Clotildes School, Wabash Ave & 83rd St, Wabash Ave & 87th St, State St & 79th St, MLK Jr Dr & 83rd St, Mahalia Jackson, Subway, Burger King, Chatham-Avalon Church of Christ, Shell, Chicago Fire Department Engine Company 122, Mather’s More Than a Cafe, Salvation Church of God, Saint James Evangelical Lutheran Church, Goshen SDA Church, Shell, Shell, Family Dollar, Saint Clotilde's Roman Catholic Church, Crerar Memorial Presbyterian Church, Pepe's Mexican Restaurant, McDonald's, Jehovahs Witnesses Avalon Park Unit, Ephphatha Lutheran Church of the Deaf, Neil Elementary School"
17031440600,8,6,"fast_food, school, fast_food, convenience, place_of_worship, fuel, fuel, bank","Harold's Chicken Shack, McDade Classical Elementary School, McDonald's, BP Shop, Saint Luke's Pentecostal Church, Shell, BP, ISF Bank"
17031440700,6,5,"bank, fuel, confectionery, bank, place_of_worship, bar","Self-Help Federal Credit Union, Phillips 66, Garrett's Popcorn, PNC Bank, New Bethlehem #4 MB Church, Licorice Lounge"
17031440800,10,9,"place_of_worship, childcare, bicycle_rental, place_of_worship, alcohol, social_facility, fire_station, fuel, convenience, fast_food","Bethlehem Star Missionary Baptist Church, The Children Village, Dauphin Ave & 87th St, Faith Temple House of God by Christ, Foremost Liquors, Burnside Community Services Center, Chicago Fire Department Engine Company 82, Citgo, Citgo, Fatburger"
17031440900,14,5,"school, place_of_worship, place_of_worship, place_of_worship, childcare, place_of_worship, place_of_worship, bicycle_rental, school, motel, place_of_worship, place_of_worship, place_of_worship, place_of_worship","Saint Joachims School, New Faith Missionary Baptist Church, Good Temple Missionary Baptist Church, Burnside Community Baptist Church, Chesterfield Tom Thumb Day Care Center and Kindergarten School, Christ Temple Pentecostal Church, New Mount Zion Missionary Baptist Church, Eberhart Ave & 91st St, Burnside Scholastic Academy, Admiral Motel, Vincent United Methodist Church, Saint Basil Catholic Mission, Spiral Temple of Truth, Evangelistic Crusaders Church of God in Christ"
17031450300,30,15,"place_of_worship, place_of_worship, driving_school, fast_food, bicycle_rental, bicycle_rental, bicycle_rental, bicycle_rental, fast_food, mobile_phone, pharmacy, school, car_repair, place_of_worship, place_of_worship, place_of_worship, fast_food, chemist, fire_station, place_of_worship, events_venue, motel, place_of_worship, storage_rental, fuel, fast_food, storage_rental, storage_rental, school, convenience","Blessed Trinity Temple of Divine Science, Bible Deliverance Temple, Midway Driving School, That's a Burger, Stony Island Ave & South Chicago Ave, South Chicago Ave & Elliott Ave, South Chicago Ave & 83rd St, Clyde Ave & 87th St, Subway, Boost Mobile, Walgreens, Daisy Bates Academy of Social Justice, Goodyear, Gods House of All Nations, Zion Lutheran Church, Southlawn United Methodist Church, Wendy's, Walgreens, Chicago Fire Department Engine Company 72, Church of Christ Stony Island, Dr. John L. Connor Fellowship Hall, South Shore Motel, Faith Tabernacle Baptist Church, Public Storage, BP, Carl's Red Hots, CubeSmart, CubeSmart, Chicago Vocational High School, BP Shop"
17031460100,19,9,"artwork, bicycle_rental, fast_food, bicycle_rental, artwork, cafe, mobile_phone, artwork, restaurant, school, place_of_worship, place_of_worship, restaurant, place_of_worship, place_of_worship, school, place_of_worship, school, bus_station","Tribute to the Past, Exchange Ave & 79th St, Little Caesars, Steelworkers Park, Urban Luxe Café, Boost Mobile, Rocky's Pancake House, Camelot Academy, Lighthouse Missionary Baptist Church, Eglise Haitienne De La Grace, Pepe's Mexican Restaurant, Saint Michael the Archangel Catholic Church, Christ Bible Church, EPIC Academy, Grace Apostolic Church, Saint Michael High School, 79th Street & Lake Shore Drive Terminal"
17031460200,10,9,"place_of_worship, bicycle_rental, car_wash, convenience, place_of_worship, car_repair, restaurant, school, fuel, social_facility","Cornerstone Church of Chicago, Commercial Ave & 83rd St, Citgo, Citgo, Morning Star Bible Baptist Church, Cabrales Auto Repair Service, El Jacalito, New Sullivan Elementary School, Citgo"
17031460301,7,6,"school, place_of_worship, doityourself, fast_food, cannabis, supermarket, school","Cosmetologist Educational Institute, End Time Full Gospel Church, Hyman's Ace Hardware, Maya's Pizza, Mission Illinois, Cecy's Molino De Masa, Great Lakes Academy"
17031460302,11,4,"place_of_worship, place_of_worship, place_of_worship, place_of_worship, variety_store, place_of_worship, place_of_worship, place_of_worship, place_of_worship, supermarket, school","Gospel Way Covenant Church, Jesus Christ House of Prayer, New Grace Emmanuel Community Church, Higher Love Ministries, Dollar General, Greene African Methodist Episcopal Church, Kingdom Hall of Jehovahs Witnesses, Tabor Christian Church, Restoration Tabernacle Church, Save-A-Lot, Niños Heroes Community Academy"
17031460400,8,4,"place_of_worship, place_of_worship, bicycle_rental, place_of_worship, fast_food, fast_food, place_of_worship, school","Mount Helm Missionary Baptist Church, Zion Temple Church of Christ, Phillips Ave & 83rd St, Unity Center of Truth, Subway, McDonald's, New Nazareth Missionary Baptist Church, Coles Elementary School"
17031460500,25,9,"place_of_worship, school, place_of_worship, cafe, car_repair, car_repair, convenience, social_facility, theatre, place_of_worship, place_of_worship, place_of_worship, place_of_worship, place_of_worship, car_repair, place_of_worship, place_of_worship, place_of_worship, fuel, place_of_worship, school, place_of_worship, hospital, social_facility, school","Greater Mount Pleasant Missionary Baptist Church, Oxford Community Center for Academics, Paxton Avenue Church of Christ, Heritage Cafe, Meineke, MAACO, Citgo, Southeast (Atlas) Regional Senior Center, Avalon Regal Theater, First Unity Cathedral, Church of Living Faith, Haven of Rest Missionary Baptist Church, King of Glory Tabernacle Church of God in Christ, Jiffy Lube, Colony All Nation Pentecostal Church, Saint John Church Temple, Calvary Baptist Church of Chicago, Citgo, Saint Thomas Lutheran Church, Horace Mann Elementary School, The Calvary Baptist Church, South Shore Hospital"
17031460600,10,5,"school, school, place_of_worship, place_of_worship, bicycle_rental, school, place_of_worship, convenience, fuel, school","Saint Bronislava School, Saint Joseph School, Saint Joseph Catholic Church, Saint Bronislava Catholic Church, Marquette Ave & 89th St, Bowen High School, Gabaon Baptist Church, Amstar"
17031460700,19,16,"place_of_worship, bakery, alcohol, artwork, money_transfer, mobile_phone, restaurant, restaurant, funeral_directors, place_of_worship, car_parts, community_centre, hairdresser, restaurant, clothes, ice_cream, cafe, school, bicycle_rental","Ecclesia Word Center, Maxi Bakery, D&O Food and Liquors, Western Union, Metro by T-Mobile, Birrieria Ocotlan, El Progreso, Hudson Funeral Home, Immaculate Conception Roman Catholic Church, AutoZone, Centro Comunitario Juan Diego, Esperanza Salon De Belleza, Cocula Restraunt, D'Light Boutique, La Michoacana Del Sur, Dulce's Café, Immaculate Conception School, Baltimore Ave & 87th St"
17031461000,43,28,"artwork, fast_food, fast_food, laundry, ice_cream, bank, mobile_phone, optician, clothes, jewelry, sports, fast_food, dentist, beauty, atm, bicycle_rental, artwork, pharmacy, mobile_phone, restaurant, fire_station, variety_store, childcare, supermarket, bank, community_centre, social_facility, bar, place_of_worship, place_of_worship, beauty, mobile_phone, chemist, fast_food, bank, place_of_worship, restaurant, car_wash, clinic, college, social_facility, social_facility, social_facility","The Mural @ 91st & Commercial, Dunkin', Subway, South Chicago Coin Laundry, Baskin-Robbins, Chase, Cricket Wireless, Tropical Optical, Venus Fashions, B M Jewelry, City Sports, Attock Submarine, Family Dental Care, Gel Nails, Fifth Third Bank, Houston Ave & 92nd St, Vietnam Veteran's Memorial Mural, Walgreens, Metro by T-Mobile, A Town Wings, Chicago Fire Department Engine Company 46, Family Dollar, Shining Star Child Development, 1st Choice Market, Fifth Third Bank, The Salud Center, El Valor Ray Gonzalez Children & Family Center, Loncar Chico, Pilgrim Baptist Church, Church of God, Hair World, Boost Mobile, Walgreens, McDonald's, Peoples Bank, Iglesia De Dios Pentecostal, Roma's, M & A Hand Car Wash, South Chicago Health Center, Olive Harvey College South Chicago Learning Center, Victory Centre of South Chicago"
17031470100,13,6,"storage_rental, clinic, bicycle_rental, university, school, storage_rental, place_of_worship, place_of_worship, place_of_worship, place_of_worship, place_of_worship, school, place_of_worship","Extra Space Storage, Fresenius Kidney Care, Greenwood Ave & 91st St, University of Illinois Extension - Cook County Office, Harold Washington Elementary School, Metro Self Storage, Wallace Temple, Hosea Temple Church, Kingdom Hall of Jehova Witness, Tree of Life Missionary Baptist Church, Upright MB Church, Our Lady of Hungary School, Saint Mark Church of God in Christ"
17031480100,11,7,"school, clinic, bicycle_rental, ice_cream, fast_food, books, fast_food, fast_food, fast_food, fast_food, dancing_school","Crickets Child Day Care Center, DaVita Dialysis, East End Ave & 87th St, Baskin-Robbins, WingStreet, Underground Bookstore, Harold's Chicken Shack, Checkers, Dunkin', Pizza Hut Delivery, Mayfair Academy of Fine Arts"
17031480200,12,9,"place_of_worship, mobile_phone, restaurant, fast_food, money_lender, fast_food, bed, pharmacy, chemist, fast_food, supermarket, fast_food","Free Salvation Missionary Baptist Church, T-Mobile, Grand Chinese Kitchen, Subway, Americash Loans, Wingstop, Mattress Firm, CVS Pharmacy, CVS Pharmacy, McDonald's, Pete's Produce, Popeyes"
17031480300,11,8,"school, place_of_worship, place_of_worship, place_of_worship, motel, bar, paint, bicycle_rental, car_parts, car_repair, school","Saint Ailbe School, Saint Ailbes Roman Catholic Church, Spiritual Love Missionary Baptist Church, South Side Baptist Church, Skyway Motel, Family Den, Sherwin-Williams, Stony Island Ave & 90th St, O'Reilly Auto Parts, C&T Auto Services, Mary E. McDowell Elementary School"
17031480400,18,11,"convenience, bicycle_rental, car_parts, place_of_worship, fuel, motel, clinic, clinic, place_of_worship, place_of_worship, school, school, school, hospital, museum, social_facility, school, school","Citgo, Yates Blvd & 93rd St, AutoZone, Christ Apostolic Church, Citgo, Stony Island Motel, Bethany Lutheran Church, Fireball Faith Church, Warren Elementary School, Hoyne Elementary School, Amelia Earhart Elementary School, Advocate Trinity Hospital, Bronzeville Children's Museum, Montclare Senior Residences of Calumet Heights, Robert A. Black Elementary School, Davis Development Center"
17031480500,16,11,"place_of_worship, place_of_worship, community_centre, car_parts, place_of_worship, tyres, car_repair, car_repair, clinic, bank, tyres, paint, dry_cleaning, post_office, place_of_worship, social_facility","First Day Christian Community Church, Christ Universal Church, Chicago Youth Centers - Calumet Heights, Standard Auto Parts, Power Circle Congregation, RCB Tire Shop, Pely's Auto Repair, Firestone, Fresenius Kidney Care, U.S. Bank, R.C.B Tire Shop, Benjamin Moore, Dry Clean Direct, South Chicago Post Office, Compassion Baptist Church, Chicago Youth Centers - Calumet Heights"
17031490300,5,3,"fast_food, place_of_worship, fast_food, fast_food, school","Burger King, Wesley United Methodist Church, Wendy's, Popeyes, Gillespie Elementary School"
17031490400,4,2,"convenience, fuel, convenience, fuel","BP Shop, BP, Citgo, Citgo"
17031490500,9,8,"bicycle_rental, bicycle_rental, artwork, police, university, social_facility, storage_rental, library, school","State St & 95th St, Chicago State University, Chicago State University Police Department, Chicago State University, Abbott Park Senior Center, U-Haul, Gwendolyn Brooks Library, Harlan Community Academy High School"
17031490600,6,4,"school, place_of_worship, place_of_worship, bus_station, money_transfer, place_of_worship","Saint Thaddeus School, Christ Temple Missionary Baptist Church, Grace Temple Church of God Established in Christ, 95th/Dan Ryan - South Terminal, Western Union, Saint Thaddeus Church"
17031490700,6,5,"place_of_worship, place_of_worship, fast_food, convenience, variety_store, fuel","Holy Miracle Church, Mount Calvary Interdenominational Church, Jimmy's Best, Mobil Mart, Dollar General, Mobil"
17031490800,24,12,"school, place_of_worship, ice_cream, bank, car_parts, variety_store, restaurant, mobile_phone, place_of_worship, place_of_worship, mobile_phone, place_of_worship, fast_food, fast_food, fast_food, mobile_phone, fast_food, fast_food, convenience, place_of_worship, fuel, school, artwork, artwork","Hephzibah Christian Academy, Saint John De La Salle Roman Catholic Church, Baskin-Robbins, Chase, AutoZone, Family Dollar, Sammy's Breakfast, Boost Mobile, Emmanuel Reformed Church, Kingdom Hall of Jehovah's Witnesses (Rosemoor), Metro by T-Mobile, Pullman Presbyterian Church, Church's Chicken, Burger King, Subway, T-Mobile, Dunkin', Popeyes, Citgo, Damascus Baptist Church, Citgo, Bennett Elementary School"
17031490901,19,8,"school, place_of_worship, place_of_worship, school, place_of_worship, place_of_worship, place_of_worship, books, place_of_worship, variety_store, post_office, place_of_worship, money_transfer, place_of_worship, place_of_worship, place_of_worship, library, school, artwork","All Saints School, New Saint John Missionary Baptist Church Number 2, Galilee Missionary Baptist Church, Debbies School of Beauty Culture, Beacon Holy Nazarene Church, Church of Today, Holy Mount Zion Pentecostal Church, Burst Into Books, All Saints Catholic Church, Dollar General, Roseland Post Office, Roseland Christian Ministries Center, Western Union, Christ Bible Center, Saint George and Matthias Episcopal Church, Zion Lutheran Church, Pullman Branch Library, Gwendolyn Brooks Preparatory Academy"
17031490902,23,9,"place_of_worship, place_of_worship, place_of_worship, place_of_worship, place_of_worship, place_of_worship, school, place_of_worship, social_facility, bicycle_rental, bicycle_rental, bicycle_rental, fast_food, pharmacy, place_of_worship, place_of_worship, place_of_worship, variety_store, fast_food, social_facility, school, fuel, convenience","Pullman Christian Reformed Church, Apostolic Assembly of the Lord Jesus Christ, Evangelist Jerry Smith Crusade Memorial Church of God in Christ, New Covenant Church of God in Christ, Community Bible Teaching Pentecostal Church, Roseland Faith Temple Church of God in Christ, Park Vernon Learning Academy, Trinity All Nations Church, Roseland Senior Center, Dauphin Ave & 103rd St, Indiana Ave & 103rd St, Vernon Ave & 107th St, A.P. Deli, Walgreens, Lilydale Progressive Missionary Baptist Church, Brown Temple Mission Church, Pullman Presbyterian Church, Dollar Tree, White Castle, Roseland Place Senior Apartments, Cullen Elementary School, 76, 76"
17031491000,17,9,"school, place_of_worship, place_of_worship, place_of_worship, bicycle_rental, bicycle_rental, fast_food, clinic, fire_station, place_of_worship, place_of_worship, fuel, motel, school, school, school, convenience","Kwame Nkrumah Academy, Mary Magdalene Missionary Baptist Church, Bethel House of Prayer, First General Assembly Church, Wentworth Ave & 111th St, Wentworth Ave & 104th St, Subway, Fresenius Kidney Care, Chicago Fire Department Engine Company 93, International Deliverance Center Church of God in Christ, Christian Missionary Baptist Church, Citgo, Royal Motel, Roseland Christian School, Mildred Lavizzo Elementary School, Langston Hughes Elementary School, Citgo"
17031491100,20,10,"place_of_worship, place_of_worship, mobile_phone, mobile_phone, bicycle_rental, place_of_worship, artwork, grocery, money_transfer, place_of_worship, bank, place_of_worship, convenience, fuel, money_transfer, fuel, convenience, school, place_of_worship, place_of_worship","Mount Ebal Missionary Baptist Church, Ambassadors for Christ Church of God in Christ, Boost Mobile, Metro by T-Mobile, Halsted St & 104th St, Logos Baptist Assembly, Blak's Corner Store, Western Union, The Way of Holiness Mission, United Bank, Emerald Avenue Church of God, Citgo, Citgo, 111th & Halsted Currency Exchange, Citgo, Citgo, Dunne Elementary School, Bellevue Baptist Church, Allen Metropolitan Christian Methodist Episcopal Church"
17031491200,9,6,"childcare, artwork, school, school, car_repair, place_of_worship, fast_food, place_of_worship, place_of_worship","Me & You Learning Academy, Alex Haley Academy, Fenger High School, Car-X, Sheldon Heights Church of Christ, McDonald's, Church of God in Christ State Temple, Lilydale First Baptist Church"
17031491300,11,4,"school, place_of_worship, place_of_worship, place_of_worship, place_of_worship, place_of_worship, place_of_worship, place_of_worship, place_of_worship, fuel, hospital","Saint Nicholas School, Pure in Heart Missionary Baptist Church, Christian Covenant Baptist Church, Roseland Bible Church, Roseland Free Christian Center, Tabernacle of Zion of the Apostolic Faith, Roseland Presbyterian Church, Starlight Saint James Missionary Baptist Church, Christ Temple Cathedral Church of Christ Holiness, Super Save, Roseland Community Hospital"
17031491400,37,15,"school, place_of_worship, place_of_worship, school, place_of_worship, place_of_worship, place_of_worship, place_of_worship, place_of_worship, school, school, convenience, variety_store, bicycle_rental, bicycle_rental, place_of_worship, fire_station, fast_food, place_of_worship, restaurant, car_parts, place_of_worship, bank, bakery, place_of_worship, place_of_worship, place_of_worship, place_of_worship, place_of_worship, clinic, place_of_worship, funeral_directors, pharmacy, school, artwork, artwork, artwork","Holy Rosary School, United Bibleway Community Missionary Baptist Church, Greater New Jerusalem Missionary Baptist Church, Martin Luther Educational Center, Kingdom Hall of Jehovahs Witnesses, Jehovahs Witnesses Roseland Unit, Greater House of God, House of Inspiration Church of God in Christ, Mosque of Umar, Selans Beauty School, Saint Willibrords School, Kensington Korner, Family Dollar, Michigan Ave & 114th St, MLK Jr Dr & 111th St, Saint Willibrords Roman Catholic Church, Chicago Fire Department Engine Company 62, Baba's Steak & Lemonade, First Corinthians Baptist Church, Pepe's Mexican Restaurant, O'Reilly Auto Parts, Greater Tabernacle Missionary Baptist Church, Self-Help Federal Credit Union, Old Fashioned Donuts, Holy Rosary Roman Catholic Church, The First Roseland Baptist Church, Reformation Lutheran Church, Kingdom Word Church Chicago, Paradise Temple Church of God in Christ, Roseland Public Health Center, Evangelism Outreach Ministries Full Gospel Pentecostal Church, Paradise Garden Funeral Home, Roseland Pharmacy, Curtis Elementary School"
17031500100,11,7,"storage_rental, bicycle_rental, bicycle_rental, artwork, fast_food, place_of_worship, place_of_worship, place_of_worship, college, school, school","Public Storage, Greenwood Ave & 97th St, Olive Harvey College, The Love Juice, New Hope Christian Missionary Baptist Church, Outreach Missionary Baptist Church, Grove Heights Baptist Church, Olive-Harvey College, Schmid Elementary School, Wendell Smith Elementary School"
17031500200,26,19,"information, department_store, fast_food, restaurant, bicycle_rental, bicycle_rental, bicycle_rental, artwork, clothes, fast_food, fast_food, pharmacy, garden_centre, variety_store, charging_station, bank, museum, convenience, place_of_worship, fuel, school, school, supermarket, post_depot, post_depot, fast_food","National Park Service Pullman Visitor Center, Ross, Potbelly, Lexington Betty Smoke House, Doty Ave & 111th St, Woodlawn Ave & 103rd St, Maryland Ave & 104th St, DTLR, Wingstop, Subway, Walmart Pharmacy, Walmart Garden Center, Dollar Tree, Tesla Supercharger, U.S. Bank, A. Philip Randolph Pullman Porter Museum, Citgo, Christ Community Church, Citgo, Corliss High School, Edgar Allan Poe Classical School, Walmart Supercenter, Amazon DC / SCJ DC, Amazon Logistics - DLN4 Chicago, Culver's"
17031500300,26,18,"cafe, car_repair, courthouse, bicycle_rental, car_wash, artwork, cafe, artwork, police, museum, social_facility, cafe, car_repair, bookmaker, fast_food, place_of_worship, tyres, veterinary, convenience, convenience, fuel, fuel, place_of_worship, school, clinic, fast_food","Cal Harbor Restaurant & Lounge, One Stop Auto, Cook County Municipal Court, Cottage Grove Ave & 111th Pl, Shell, Pullman Club Coffee Shop, Chicago Police Department 5th District, Historic Pullman Foundation Exhibit Hall, Illinois DHS Family Community Resource Center in Cook County - Roseland, The Pullman Cafe, Auto Driveaway, Club Hawthorne Off-Track Betting, McDonald's, House of Hope, Wentworth Tire Service, Kragness Animal Hospital, Citgo, Shell, Shell, Pullman Citgo, Greenstone United Methodist Church, Pullman Elementary School, Chicago Family Health Center, Chick-fil-A"
17031510100,19,14,"bar, bicycle_rental, ice_cream, fuel, convenience, place_of_worship, restaurant, social_facility, car_parts, bar, hairdresser, alcohol, supermarket, restaurant, restaurant, childcare, place_of_worship, school, school","Jovial Club, Commercial Ave & 100th St, La Original Michoacana, Citgo, Citgo, Sacred Heart Croatian Catholic Church, Calumet Fisheries, Institute of Women Today, Commercial Auto Supply, Frank's Tap & Grill, Chanty & Mom Hair Studio, Lopez Liquors, La Feria Groceries, Mariscos El Malecon, Taquería Picazo, Mari's Bumble Bee Academy, Debretsion Medhanealem Ethiopian Orthodox Tewahedo Church, John L. Marsh Elementary School, Sacred Heart School"
17031510200,13,7,"ice_cream, bicycle_rental, fast_food, fast_food, restaurant, place_of_worship, clinic, place_of_worship, car_wash, place_of_worship, place_of_worship, fast_food, clinic","Baskin-Robbins, Bradley Park, Subway, Heinie's Shrimp House, L & G, Saint Kevin Roman Catholic Church, Fresenius Kidney Care, D.C. Coleman Temple African Methodist Episcopal Church, National Pride Car Wash, Redemption Way Church of God, South Spanish Congregation of Jehovah's Witnesses, Dunkin', DaVita Dialysis"
17031510300,43,20,"school, school, supermarket, variety_store, convenience, department_store, optician, bicycle_rental, bicycle_rental, fast_food, bank, mobile_phone, mobile_phone, fast_food, shoes, bank, restaurant, clothes, fast_food, money_transfer, clothes, convenience, fast_food, fuel, bank, fuel, bureau_de_change, fast_food, variety_store, supermarket, place_of_worship, place_of_worship, place_of_worship, place_of_worship, fast_food, car_wash, variety_store, place_of_worship, library, fast_food, school, car_wash, bus_station","Our Lady School, Fellowship Christian Academy, Jewel-Osco, Family Dollar, Marathon, dd's Discounts, America's Best Contacts & Eyeglasses, Constance Ave & 95th St, Oglesby Ave & 100th St, Subway, Chase, T-Mobile, Boost Mobile, Little Caesars, Snipes, Huntington Bank, BJ's Market & Bakery, DTLR, Domino's, Western Union, Ashley Stewart, Circle K, KFC, Marathon, Bank of America, Shell, 95th & Jeffrey Currency Exchange, McDonald's, Dollar Tree, Aldi, Our Lady Gate of Heaven Roman Catholic Church, Great Morning View Missionary Church, Manor Community Church, New Mount Olive Missionary Baptist Church, White Castle, Marathon, Dollar General, Mount Sinai Deliverance Missionary Baptist Church, Jeffery Manor Branch Library, Burger King, Burnham Elementary School, Buddy Bear Car Wash, 103rd Street & Stony Island Garage Terminal"
17031520100,23,14,"artwork, post_office, pawnbroker, bicycle_rental, bicycle_rental, restaurant, bakery, beauty, fast_food, car_repair, fast_food, restaurant, place_of_worship, police, car_repair, restaurant, car_parts, supermarket, supermarket, school, school, school, car_parts","Sims Metal Management Mural, The UPS Store, Big Pawn, Calumet Park, Ewing Ave & Burnham Greenway, Avy's Pizza, Gerardo's Bakery, Lucha's Beauty Shop, Skyway Doghouse, Gornick's Auto Rebuilders, KFC, Route 66 Pizza, St. Francis de Sales Parish, Chicago Police/Cook County Helicopter Task Force, Jara's Auto Rebuilders, El Quetzal, ABH Sound & Security, Lilly's Supermarket, Aldi, Saint Francis de Sales High School, Saint Francis De Sales Grade School, Douglas Taylor Elementary School, O'Reilly Auto Parts"
17031520200,15,12,"place_of_worship, artwork, laundry, furniture, convenience, place_of_worship, childcare, religion, place_of_worship, place_of_worship, hairdresser, florist, restaurant, funeral_directors, school","Mighty God Tabernacle, Pride Of East Side, A & G Laundromat, Jalisco Furniture, Super Leon, Iglesia del Pacto Evangelico, Restoring the Seed Childcare, Mirna's Gift Shop, East Side Full Gospel Church, Saint George Catholic Church, New York Barber Shop, Sandela's Flower Shop, Tamales Y Restaurant Costa Grande, Griesel Jimenéz Stodden Funeral Home, Saint George School"
17031520300,31,21,"bar, bar, money_transfer, beauty, florist, clothes, childcare, pharmacy, supermarket, restaurant, travel_agency, place_of_worship, bank, place_of_worship, bar, restaurant, fast_food, place_of_worship, car_repair, supermarket, social_centre, clinic, mobile_phone, place_of_worship, supermarket, chemist, alcohol, post_office, restaurant, restaurant, car_parts","Small World Inn Bar & Grill, O’Hara’s Tavern, Western Union, Nail Art, East Side Florist, Ocampo Western Wear, Shining Star Child Development, Walgreens, La Flor, Nicky'z Gyros, U. P. Travel & Income Tax Agency, East Side Bible Church, U.S. Bank, Calvary Baptist Church, Riverfront Saloon Inc, Los Tres Amigos 2, Gina's Chicken, East Side Baptist Church, East Side Muffler Shop, El Tapatio, American Legion Hall Illiana Chapter, Chicago Family Health Center, Metro by T-Mobile, Christian Fellowship Flock, La Cienega Super Food, Walgreens, Banner Liquors, Chicago Post Office Station W, Gorditas Loli's, Leon's Barbeque Zone, AutoZone"
17031520400,38,22,"bakery, bar, fast_food, restaurant, ice_cream, hairdresser, mobile_phone, restaurant, hairdresser, mobile_phone, pet_grooming, beauty, bicycle_rental, pharmacy, alcohol, cafe, hairdresser, restaurant, fire_station, place_of_worship, place_of_worship, place_of_worship, laundry, ice_cream, beauty, fast_food, bank, convenience, storage_rental, fast_food, library, school, school, beauty, fast_food, mobile_phone, fast_food, variety_store","La Florencia Bakery, Crow Bar Inc, Waldo Cooney's Pizza, El Charro De San Francisco, Paleteria Lindo Michoacan, VIP Cutz, T-Mobile, New Hot Wok, ACE Fadezz Barbershop, Boost Mobile, Uncle Paws Grooming Salon, Martha's Salon, Burnham Greenway & 105th St, Cornerstone Pharmacy, Ewing Liquor, Colibrí Coffee, The Trim Barbershop, Birrieria Ocotlan, Chicago Fire Department Engine Company 74, Community Christian Church of Chicago, Community Christian Church Annex, Word Evangelistic Church, Blue Kangaroo Coin Laundry, La Michoacana Premium, Eastside Beauty Salon, Burger King, Old National Bank, 7-Eleven, iStorage, McDonald's, Vodak-East Side Branch Library, Gallistel Language Academy, Edward Sadlowski Elementary School, Urmi Salon And Spa, Subway, Metro by T-Mobile, Pizza Hut Delivery, Family Dollar"
17031520500,10,8,"bakery, bicycle_rental, social_centre, dojo, place_of_worship, bank, school, school, place_of_worship, clinic","Poopsies Pastry, Burnham Greenway & 112th St, Knights of Columbus Trinity Council, Champyon Taekwondo USA Inc., Serbian Saint Simeon Mirotociv Orthodox Church, Byline Bank, Jane Addams Elementary School, Annunciata School, Our Lady Of Nazareth Catholic Church, Mohana Medical Center"
17031520600,5,4,"bicycle_rental, school, funeral_directors, place_of_worship, school","Ave L & 114th St, George Washington High School, Elmwood Funeral Chapel, East Side United Methodist Church, George Washington Elementary School"
17031530100,17,8,"school, school, school, place_of_worship, place_of_worship, place_of_worship, place_of_worship, bicycle_rental, social_facility, fuel, convenience, place_of_worship, hardware, place_of_worship, place_of_worship, supermarket, place_of_worship","CICS Prairie School, Saint Salomeas School, Saint Louis School, Bethel Apostolic Faith Church, Pilgrim Church of God in Christ, Sound of Praise Evangelistic Center, Saint Peters Spiritual Church of Faith, Michigan Ave & 118th St, Roseland Senior Housing Center, Citgo, Citgo, Saint Salomea Catholic Church, Plaza True Value Hardware, St. John Missionary Baptist Church, Saint Anthony Catholic Church, Farmfoods, Crown of Life M.B. Church"
17031530200,19,11,"school, school, place_of_worship, fast_food, mobile_phone, ice_cream, bicycle_rental, bank, social_facility, convenience, fast_food, place_of_worship, place_of_worship, fast_food, place_of_worship, place_of_worship, social_centre, fast_food, fuel","Assumption Blessed Virgin Mary-Saint Catherine of Genoa School, Saint Catherine School, Holy Trinity Community Church, Subway, Cricket Wireless, Baskin-Robbins, Eggleston Ave & 115th St, Chase, Community Assistance Programs, Mobil Mart, Dunkin', Reeds Temple Church of God in Christ, Saint Catherine of Genoa Roman Catholic Church, Sharks Fish & Chicken, Greater Zion Chapel, West Pullman Church of God, Major Charles L. Hunt VFW Post 2024, Wendy's, Mobil"
17031530300,20,15,"supermarket, mobile_phone, convenience, bicycle_rental, clothes, bicycle_rental, community_centre, school, pharmacy, money_lender, place_of_worship, place_of_worship, place_of_worship, place_of_worship, library, fuel, car_parts, school, social_facility, fire_station","Aldi, Metro by T-Mobile, Citgo, Major Taylor Trail & 115th St, DTLR, Racine Ave & 115th St, Ray and Joan Kroc Community Center, Whistler Elementary School, Walgreens, Speedy Cash Loans, Maple Park United Methodist Church, Lutheran Church of the Holy Spirit, Greater Pleasant Green Baptist Church, Mount Zion Baptist Church, West Pullman Branch Library, Citgo, AutoZone, Higgins Community Academy, Ray & Joan Kroc Community Center, Chicago Fire Department Engine Company 115"
17031530400,7,5,"variety_store, clothes, money_transfer, place_of_worship, money_transfer, school, school","Family Dollar, Citi Trends, Western Union, Christ Universal Temple, 119th & Halsted Currency Exchange, Edward White Career Academy, Johnnie Colemon Academy"
17031530501,19,5,"place_of_worship, place_of_worship, place_of_worship, school, school, place_of_worship, place_of_worship, place_of_worship, place_of_worship, bar, bicycle_rental, bicycle_rental, place_of_worship, place_of_worship, fire_station, place_of_worship, place_of_worship, place_of_worship, place_of_worship","House of Prayer Missionary Baptist Church, Greater Canaan Missionary Baptist Church, Zion Missionary Baptist Church, Bunnyland Developmental Day Care Center, Assumption School, Children Giving Light To A Dark World Spirtual Church, House of Prayer Temple Church of God in Christ, Home Mission Pentecostal Tabernacle Church, Hyde Park African Methodist Episcopal Church, The Spot Social Hour, Halsted St & 119th St, Halsted St & 123rd St, Aimwell Missionary Baptist Church, Assumption Catholic Church, Chicago Fire Department Engine Company 75, Christian Reformed Apostolic Church, Greater Canaan Baptist Church, Christ Fellowship Church, New Vision of Faith Ministries"
17031530502,7,6,"car_repair, bicycle_rental, school, fuel, place_of_worship, place_of_worship, convenience","Dupe's Auto Enterprises, State St & 123rd St, Jesse Owens Community Academy, BP, Saint Peter's Church of God and Christ, Christ Everlasting Missionary Baptist Church, BP Shop"
17031530503,10,6,"bicycle_rental, artwork, bicycle_rental, bicycle_rental, place_of_worship, variety_store, fast_food, place_of_worship, school, school","Major Taylor Trail & 124th St, Marshall Major Taylor, Stewart Ave & 123rd St, Parnell Ave & 127th St, Saints Peter and Paul Catholic Church, Dollar General, Harold's Chicken Shack, Foster Park Church of Christ, Ronald Brown Academy, Ralph H. Metcalfe Community Academy"
17031530600,8,4,"place_of_worship, convenience, alcohol, bicycle_rental, place_of_worship, place_of_worship, place_of_worship, place_of_worship","Jesus the House of Prayer of the Lord Jesus Christ, Karkar Food, J&B Liquors, State St & 127th St, Greater New Mount Eagle Baptist Church, Labourers For Christ Ministries, Progressive Missionary Baptist Church, Gods House of Prayer"
17031540101,21,10,"school, school, library, childcare, bicycle_rental, bicycle_rental, artwork, community_centre, place_of_worship, funeral_directors, place_of_worship, school, place_of_worship, place_of_worship, place_of_worship, place_of_worship, picnic_site, school, laundry, laundry, school","Wheatley Child-Parent Education Center, Saint Mary's School, Altgeld Branch Library, Altgeld Gardens, Indiana Ave & 133rd St, Prairie Boat, Altgeld Gardens Community Center, Our Lady of the Gardens Roman Catholic Church, Higgins Funeral Home (Heavenly Angels), Mount Olive Missionary Baptist Church, CICS Lloyd Bond School, Peter The Rock Church, Lively Stone Church of God in Christ, Jehovahs Witnesses Altgeld Gardens Unit, Altgeld Gardens Seventh Day Adventist Church, Beaubien Woods Picnic Shelter Grove 1, W.E.B. Du Bois Elementary School, Altgeld Gardens Laundry Building, Altgeld Gardens Laundry Building, Carver Elementary School"
17031540102,9,7,"bicycle_rental, supermarket, convenience, stripclub, place_of_worship, school, school, laundry, laundry","Eberhart Ave & 131st St, Roserach Farms, Smily's Convenience Store, The Factory, United Church of Altgeld Gardens, Carver Military Academy, Aldridge Elementary School, Altgeld Gardens Laundry Building, Altgeld Gardens Laundry Building"
17031550100,56,29,"variety_store, supermarket, department_store, picnic_site, bar, fast_food, beauty, place_of_worship, hairdresser, bicycle_rental, bicycle_rental, pharmacy, ice_cream, school, school, fire_station, post_office, bar, place_of_worship, bar, restaurant, supermarket, bank, mobile_phone, ice_cream, social_centre, restaurant, veterinary, bank, supermarket, community_centre, restaurant, bar, restaurant, funeral_directors, car_repair, bar, hardware, car, restaurant, bar, restaurant, place_of_worship, fast_food, place_of_worship, place_of_worship, social_facility, library, information, fire_station, bank, fast_food, chemist, place_of_worship, school, fast_food","Dollar Tree, Pete's Market, TJ Maxx, Eggers Grove Picnic Grove 2, South Shore Inn, Subway, Love Nails, Saint Columba Roman Catholic Church, Supreme Cuts Barber Studio, Ave O & 118th St, Ave O & 134th St, Walgreens, Baskin-Robbins, Saint Florian School, Henry Clay Elementary School, Chicago Fire Department Engine Comany 97, Hegewisch Post Office, Club 81 Too, Trinity Lutheran Church, Steve's Lounge, Doreen's Pizzeria, Eric's Food Market, First Savings Bank of Hegewisch, Boost Mobile, Paleteria Jamay, American Legion Hall Post 272, Taquaria el Taquin, Seven Seas Pet Care Center, Old Second National Bank, Baltimore Food & Liquor, Hegewisch Community Center, China Garden, Wendol's, Los Cantaritos, Frank F. Opyt Funeral Home, Leon's Complete Auto Repair, Uncle Bobby's, Aniol's True Value Hardware, 10th Ward Auto Sales, Pudgy's Pizza, Old Time Tap, Gorditas Adrian's, Assumption Greek Orthodox Church, Burger King, Hegewisch United Methodist Church, Saint Hedwig Church, Senior Suites of Hegewisch, Hegewisch Branch Library, Visitors Center, Chicago Fire Department Engine Company 104, First Savings Bank of Hegewisch, Wendy's, Walgreens, Saint Florian Catholic Church, Saint Columba School, Dunkin'"
17031550200,8,6,"bicycle_rental, bicycle_rental, bicycle_rental, school, place_of_worship, restaurant, variety_store, car_repair","Torrence Ave & 126th Pl, Commercial Ave & 130th St, Hegewisch South Shore Line Station, Virgil Grissom Elementary School, Lebanon Lutheran Church, Chicago Pita Kitchen, Family Dollar, Cabrales Auto Repair"
17031560100,5,5,"social_facility, convenience, fuel, fast_food, motel","The Claridge at Cicero, Mobil Mart, Mobil, Dunkin', Cicero Motel"
17031560200,10,9,"convenience, bicycle_rental, place_of_worship, fuel, community_centre, school, pawnbroker, car_parts, school, fast_food","BP Shop, Lavergne Ave & 46th St, LeClaire M.B. Church, BP, The Salvation Army Midway Citadel Corps Community Center, Hearst Elementary School, Cash America Pawn, AutoZone, Academy for Global Citizenship, Taco Bell"
17031560300,15,9,"school, place_of_worship, place_of_worship, car_parts, bicycle_rental, fast_food, fuel, car_parts, social_facility, variety_store, fast_food, convenience, place_of_worship, school, school","Our Lady of the Snows School, Iglesia Menonita Cristiana, Our Lady of the Snows, O'Reilly Auto Parts, Lawler Ave & 50th St, McDonald's, Shell, NAPA Auto Parts, Midway Pointe Senior Living, Family Dollar, Popeyes, Shell, Our Lady of the Snows Rectory, Edwards Center For Young Learners"
17031560400,12,10,"car_repair, fast_food, beauty, car_wash, cafe, storage_rental, fuel, events_venue, convenience, convenience, fuel, social_facility","Lara Auto Service 2, Subway, e'Nails, Starbucks, U-Haul, BP, Los Amantes Banquet Hall, BP Shop, Tiger Mart, Exxon, Cicero Senior Lofts"
17031560700,21,18,"hairdresser, mobile_phone, ice_cream, florist, cafe, car_repair, beauty, bank, supermarket, place_of_worship, convenience, pub, fuel, fast_food, bank, restaurant, social_centre, chemist, school, school, school","Supercuts, Metro by T-Mobile, La Michoacana Gourmet, Cafe Two07, A-OK Automotive Collison Center, K's Nails, Archer Bank, Shop & Save Market, Saint Camillus Roman Catholic Church, Mobil Mart, Sammy’s, Mobil, Wendy's, Chase, Orion Restaurant, Rhine VFW Post 2729, Walgreens, Saint Camillus School, Mark Twain Elementary School"
17031560800,33,23,"school, place_of_worship, bakery, convenience, fast_food, bar, dentist, mobile_phone, tyres, fast_food, artwork, variety_store, post_office, atm, clothes, artwork, artwork, restaurant, car_repair, paint, fast_food, place_of_worship, supermarket, funeral_directors, restaurant, place_of_worship, bank, bank, library, ice_cream, place_of_worship, school, storage_rental","Gloria Dei School, Gloria Dei Evangelical Lutheran Church, Racine Bakery, 7-Eleven, Subway, Stan’s Corner & Helen’s Kitchen, Alta Dental, T-Mobile, Bridgestone, Wingstop, American Eagle, Family Dollar, The UPS Store, Bank of America, Peaches Boutique, American Eagle, American Eagle, Bree Thai, Firestone, Sherwin-Williams, KFC, Risen Savior Assembly Church, Jewel-Osco, Parkside Chapel, Home Run Inn Pizzeria, Bethel Reformed Church, Huntington Bank, Bank of America, Garfield Ridge Branch Library, Andy's Frozen Custard, Saint Jane de Chantal Roman Catholic Church, Saint Jane de Chantal School, Midway Storage"
17031560900,26,17,"school, cafe, bar, restaurant, fast_food, fast_food, fast_food, restaurant, fast_food, fast_food, bank, car_repair, place_of_worship, fast_food, restaurant, pub, doityourself, fast_food, pharmacy, events_venue, school, fuel, convenience, car_wash, bus_station, motel","Saint Daniel School, A Cup of Joe, Lawlor's Bar, Ash GastroPub, Domino's, Big 4 Chop Suey, Subway, Healthy Substance, McDonald's, Triano's Pizza, Archer Heights Credit Union, Jiffy Lube, Saint Daniel the Prophet Roman Catholic Church, Dunkin', Lindys Chili, El Patron, Southwest Ace Hardware, Taco Bell, Walgreens, Banquets at the Mayor's Mansion, Byrne Elementary School, Shell, Shell, Jet Brite Car Wash, Archer & Neva Terminal, Rainbow Motel"
17031561000,27,18,"bar, bakery, convenience, fast_food, ice_cream, fast_food, mobile_phone, hairdresser, mobile_phone, gift, veterinary, place_of_worship, bicycle, convenience, fast_food, fuel, clinic, supermarket, chocolate, fast_food, fast_food, fast_food, social_centre, bakery, clinic, social_facility, bank","Tom’s Tap, Oak Mill Bakery, BP Shop, Little Caesars, Baskin-Robbins, Taco Burrito King, T-Mobile, Great Clips, Boost Mobile, Midway Crystals, Abbot Animal Hospital, Garfield Ridge Baptist Church, Carmen's Bicycles, 7-Eleven, The Shrimp Shack, BP, MacNeal Healt Care Center, Aldi, Fannie May, Dunkin', Potbelly, Beefy's, American Legion, Post 735, Argo-Summit, Weber's Bakery, Nordica Medical Center, Senior Suites Garfield Ridge, Byline Bank"
17031561100,8,6,"school, school, artwork, school, fire_station, bakery, place_of_worship, bank","Kinzie Elementary School, Kennedy High School, CPD Officer Ella French, Chicago Fire Department Engine Company 32, Pticek’s & Son Bakery, Garfield Ridge Presbyterian Church, Huntington Bank"
17031570100,15,13,"bicycle_rental, optician, pharmacy, charging_station, bar, chemist, convenience, fuel, bank, supermarket, department_store, supermarket, car_parts, bank, fast_food","Springfield Ave & 47th St, Visionworks, Walgreens, Tesla Supercharger, The Apartment Lounge, Walgreens, Shell, Shell, First American Bank, Pete's Market, Target, Aldi, Advance Auto Parts, Chase, Dunkin'"
17031570200,33,22,"bakery, bakery, social_facility, pet, shoes, cosmetics, department_store, department_store, craft, bicycle_rental, fast_food, mobile_phone, fast_food, fast_food, mobile_phone, fashion_accessories, beauty, bed, school, school, school, storage_rental, fire_station, doityourself, fast_food, storage_rental, bank, convenience, laundry, mobile_phone, fuel, fast_food, car_wash","Winfar Foods, La Central Bakery, Greater Chicago Food Depository, PetSmart, Shoe Carnival, Ulta Beauty, Marshalls, Ross, Michaels, Pulaski Rd & Ann Lurie Pl, Wingstop, Cricket Wireless, Subway, Pizza Hut Delivery, AT&T, claire's, European Wax Center, Mattress Firm, Acero SPC Daniel Zizumbo Elementary School, Acero PFC Omar E. Torres Elementary School, Acero Major Hector P. García M.D. High School, Public Storage, Chicago Fire Department Engine Company 34, Lowe's, Burger King, Extra Space Storage, United Credit Union, BP Shop, The Blue Kanagaroo Laundromat, T-Mobile, BP, Wendy's, BP"
17031570300,22,14,"restaurant, bar, bar, cafe, bar, bicycle_rental, bicycle_rental, hairdresser, bicycle_rental, fast_food, fast_food, convenience, place_of_worship, place_of_worship, bank, fuel, library, bank, school, school, bureau_de_change, car_parts","Birrieria Zaragoza, Chicago Sports Bar & Grill, Illinois Bar & Grill On 47th, Pastel! Cakes and More, Watra Night Club, Kenneth Ave & 50th St, Kildare Ave & 47th St, Made Barber Lounge, Kilbourn Ave & 49th St, Mr. Submarine, Domino's, Citgo, Midway Church of God, Saint Richard Catholic Church, PNC Bank, Citgo, Archer Heights Branch Library, Self-Help Federal Credit Union, Edwards Elementary School, Saint Richard School, 47th & Pulaski Currency Exchange, AutoZone"
17031570400,11,10,"hotel, ice_cream, car_wash, tyres, fuel, place_of_worship, car_repair, social_centre, school, school, convenience","Carlton Inn Midway, De Colores, BP, Archer Premier Tire Shop, BP, Saint Bruno's Roman Catholic Church, Valvoline, Polish Highlanders Alliance, Curie Metropolitan High School, Saint Bruno School, BP Shop"
17031570500,4,4,"place_of_worship, bicycle_rental, car_rental, bus_station","Beautiful Saviour Evangelical Lutheran Church, Pulaski Rd & 51st St, Hertz, Pulaski Orange Line Station"
17031580100,24,13,"restaurant, bakery, mobile_phone, laundry, bicycle_rental, bicycle_rental, department_store, veterinary, place_of_worship, fuel, convenience, mobile_phone, car_wash, fuel, fuel, convenience, fuel, convenience, place_of_worship, school, school, fast_food, fast_food, school","Tio Luis, Poppie’s Bakeshop, AT&T, Hart's Coin Laundry, Rockwell St & Archer Ave, California Ave & 36th St, Ross, Brighton Park Animal Hospital, Saint Joseph & Saint Anne Catholic Church, Citgo, Citgo, Metro by T-Mobile, Road Ranger, GoLo, Road Ranger, Road Ranger, Our Lady of Fatima Church, Brighton Park Elementary School, Burroughs Elementary School, McDonald's, Wendy's, Acero: Sandra Cisneros Elementary School"
17031580200,7,6,"bar, bakery, restaurant, car_wash, convenience, fuel, fuel","Mario & Sandra’s, La-Concha, Taqueria La Iguanita, Thorntons, Thorntons"
17031580300,4,4,"convenience, school, fuel, bus_station","Citgo, Calmeca Academy of Fine Arts and Dual Language, Citgo, 36th Street & Kedzie Terminal"
17031580400,17,12,"restaurant, bar, bar, cannabis, mobile_phone, dentist, dentist, fast_food, fast_food, car, restaurant, bank, laundry, chemist, bakery, school, bank","Coco Club, MaddAnthonys Bar & Grill, Michael’s Sport Lounge, Maribis of Chicago, T-Mobile, Forever Dental, Premiere Family Dental- Archer, Popeyes, Dunkin', Carfect, Leon's BBQ, Byline Bank, Speed Queen, Walgreens, Le Paris Bakery, Columbia Explorers Academy, Brighton Park Community Bank"
17031580501,15,12,"hairdresser, bicycle_rental, restaurant, fire_station, car_parts, place_of_worship, convenience, fuel, place_of_worship, supermarket, money_lender, school, bank, school, school","Maria’s Beauty Salon, Pershing Rd & Sacramento Ave, D'Nuez, Chicago Fire Department Engine Company 65, AutoZone, Brighton Park Presbyterian Church, Clark's Pump-N-Shop, Clark, Saint Pancratius Roman Catholic Church, La Gloria Supermarket, PLS, Nathan S. Davis Elementary School, Huntington Bank, Kelly High School"
17031580502,16,11,"school, school, school, variety_store, bakery, community_centre, childcare, convenience, bicycle_rental, clothes, library, place_of_worship, place_of_worship, school, school, mobile_phone","Peace Lutheran School, Franciscan Sisters School, Holy Martyrs School, Dollar Tree, Monterrey Bakery, Gads Hill Center, Brighton Park Early Learning Center, La Bodeguita Beto’s Produce, Archer Ave & 43rd St, Zemsky's, Brighton Park Branch Library, Peace Lutheran Church, Five Holy Martyrs Church, Gunsaulus Scholastic Academy, Boost Mobile"
17031580600,17,12,"tobacco, bicycle_rental, convenience, mobile_phone, fast_food, information, information, florist, ice_cream, bicycle_rental, mobile_phone, fast_food, place_of_worship, supermarket, fuel, school, school","Kush Smoke and Tobacco, Fairfield Ave & 44th St, BP Shop, T-Mobile, Subway, Diamond Florist, Baskin-Robbins, Rockwell St & Archer Ave, Total by Verizon, Dunkin', Immaculate Conception Roman Catholic Church, Supermercado El Guero, BP, Shields Elementary School, Acero Brighton Park School"
17031580700,7,5,"bar, laundry, bar, restaurant, restaurant, car_wash, place_of_worship","Xavier Players Club, Su Nueva Lavanderia, Confessions, El Pescador, Naples Pizza, Buddy Bear Car Wash, Grace Community Church"
17031580800,5,5,"school, bakery, restaurant, second_hand, bank","Little Peoples Nursery School, La Central Bakery, Tacos De Canasta, Village Discount Outlet, Huntington Bank"
17031590500,14,9,"bicycle_rental, bicycle_rental, bicycle_rental, bicycle, place_of_worship, variety_store, place_of_worship, place_of_worship, supermarket, fast_food, social_facility, fast_food, kindergarten, bus_station","Leavitt St & Archer Ave, Archer Ave & 37th St, Damen Ave & Pershing Rd, Pilsen Bike Shop, Bethany Baptist Church, Family Dollar, Saint Maurice Roman Catholic Church, McKinley Park United Methodist Church, Jewel-Osco, KFC, Dunkin', Velma Thomas Early Childhood Center, 35th/Archer Orange Line Station"
17031590600,8,6,"school, convenience, fuel, place_of_worship, library, school, bank, school","Longfellow School, Shell, Shell, Saint Andrew Lutheran Church, McKinley Park Branch Library, Nathanael Greene Elementary School, Byline Bank, Saint Andrew's School"
17031590700,14,10,"school, bakery, pub, bicycle_rental, bicycle_rental, place_of_worship, storage_rental, place_of_worship, cafe, school, convenience, fuel, school, post_depot","Felician Sisters School, Kristoffer’s Cakes, Marz Community Brewing, Ashland Ave & Pershing Rd, Wood St & 35th St, Our Lady of Good Counsel Roman Catholic Church, Public Storage, Saints Peter and Paul Roman Catholic Church, Iron Café, Evergreen Academy Middle School, Shell, Shell, Namaste Charter School, Amazon DXH5 Delivery Station"
17031600400,17,13,"place_of_worship, school, bicycle_rental, bicycle_rental, bakery, restaurant, massage, car_repair, fast_food, ice_cream, restaurant, bicycle_rental, supermarket, convenience, social_facility, fuel, school","Victory Bible Church, Special Religious Education Division (SPRED), Emerald Ave & 28th St, Emerald Ave & 31st St, Impallaria Bakery & Deli, Taipei Cafe, Tokyo Spa, Tony's Auto Center, Punky's, Runaway Cow, Uncle Zhang Chinese Cusine, Wallace St & 28th St, Cermak Fresh Market, BP Shop, Senior Suites of Bridgeport, BP"
17031600600,9,8,"bar, restaurant, bicycle_rental, restaurant, coffee, car_repair, fire_station, bank, school","Maria's Packaged Goods & Community Bar, Kimski, Loomis St & Archer Ave, 3LP, Ctrl Z Coffee, Alex & A Auto Repair, Chicago Fire Department Engine Company 28, People's Bank, Holden Elementary School"
17031600700,5,5,"bar, bakery, florist, social_facility, restaurant","Bridgeport Inn, Fat Peach Bakery, Chicago Flower Exchange, Archer Avenue Senior Residences, The Duck Inn"
17031600900,30,18,"school, school, school, school, cafe, bicycle_rental, bank, deli, restaurant, events_venue, laundry, art, restaurant, beauty, restaurant, laundry, school, police, place_of_worship, place_of_worship, place_of_worship, guest_house, place_of_worship, social_centre, community_centre, bar, cafe, mobile_phone, school, monastery","Saint Mary Perpetual Help High School, Bridgeport Academy West, Immaculate Conception School, Saint Mary of Perpetual Help Elementary School, Bridgeport Coffeehouse, Morgan St & 31st St, Pulaski Savings Bank, Nonna Soluri’s Italian Deli, Zaytune Mediterranean Grill, Co-Prosperity Sphere, Hoofprint Chicago, With U, Salon Hydrate, Cowabunga Pizza Pies, Bridgeport Express Laundromat, Armour Elementary School, Chicago Police Department 9th District, Ling Shen Ching Tze Temple, Saint Mary of Perpetual Help Roman Catholic Church, Monastery of the Holy Cross, Benedictine Bed and Breakfast, Holy Cross Lutheran Church, Bridgeport VFW Post 5079, Wilson Community Center, Bernice's Tavern, Starbucks, AT&T"
17031610300,34,20,"bar, bicycle_rental, convenience, variety_store, clothes, mobile_phone, mobile_phone, fast_food, fast_food, mobile_phone, department_store, ice_cream, clothes, fast_food, place_of_worship, fast_food, fuel, restaurant, marketplace, bank, fast_food, mobile_phone, doityourself, fast_food, fuel, convenience, fuel, fire_station, school, fast_food, fuel, car_parts, money_transfer, garden_centre","Stanley’s, Marshfield Ave & 44th St, Citgo, Dollar Tree, Rainbow, Boost Mobile, Cricket Wireless, Subway, Subway, Cricket Wireless, Forman Mills, Baskin-Robbins, DTLR, Burger King, New Life Community Church, Church's Chicken, Citgo, Pizza Hut, Swap-O-Rama, Bank of America, Dunkin', Metro by T-Mobile, The Home Depot, Taco Bell, BP, BP Shop, BP, Chicago Fire Department Special Operations Section, Augustin Lara Academy, McDonald's, Food 4 Less, Advance Auto Parts, Western Union"
17031610400,6,5,"pharmacy, convenience, place_of_worship, variety_store, school, school","Walgreens, 47th Dollar Food Mart, Inc, Holy Cross Catholic Church, Dollar General, Holy Cross School, William H. Seward Communication Arts Academy"
17031610800,3,3,"pub, fast_food, car_repair","Kelly's Tavern, Takito Grill, City Tire and Auto Repair"
17031611000,6,5,"bicycle_rental, beauty, mobile_phone, fast_food, pharmacy, fast_food","Halsted St & 47th Pl, CT Nails, Boost Mobile, S2 Express Grill, Walgreens, Dunkin'"
17031611100,2,2,"bicycle_rental, community_centre","Elizabeth St & 47th St, Back of the Yards Park Fieldhouse"
17031611200,10,7,"bicycle_rental, clothes, shoes, bank, restaurant, clothes, school, social_facility, school, social_facility","Ashland Ave & 50th St, Rainbow, Foot Locker, Chase, Tom's Place Pancake House, Midwest Ink Bros, Hamline Elementary School, Su Casa, Richards Career Academy"
17031611300,10,6,"clinic, cafe, place_of_worship, supermarket, bank, place_of_worship, place_of_worship, place_of_worship, school, school","FFHC-Ashland, Back of the Yards Coffeehouse, Spiritual Rock M.B. Church, Supermercado El Gurero, Citibank, Saint Joseph's Catholic Church, Apostolic House of Prayer, New Life Seventh Day Adventist Church, Chavez Multi-Cultural Academy, The Peace and Education Coalition Alternative High School"
17031611400,9,6,"greengrocer, artwork, bakery, place_of_worship, place_of_worship, school, school, fast_food, school","Fruteria Favela, Paul Cornell, Benitez Bakery, Spiritual Wholistic Ministries of Love and Faith, Saint Michael the Archangel Catholic Church, Hedges Elementary School, Richard J. Daley Academy, Checkers, Saint Michael the Archangel Catholic School"
17031611500,13,10,"library, coffee, restaurant, bicycle_rental, bicycle_rental, fuel, convenience, social_facility, place_of_worship, school, school, school, bus_station","Back of the Yards Branch Library, Back of The Yards Coffeehouse and Roastery, Birrieria y Taqueria El Arandas, Western Blvd & 48th Pl, Hoyne Ave & 47th St, Amstar, Aperion Care International, Saint Mary's Byzantine Catholic Church, Back of the Yards College Preparatory High School, Saint Rose Center, Saint Mary's School, Western Orange Line Station"
17031611600,4,3,"bicycle_rental, bicycle_rental, convenience, fuel","Seeley Ave & Garfield Blvd, Damen Ave & 51st St, Citgo, Citgo"
17031611700,4,3,"school, convenience, fuel, school","Mays School, Clark's Pump-N-Shop, Clark, CICS Basil School"
17031611800,2,2,"school, car_parts","Fulton Elementary School, O'Reilly Auto Parts"
17031611900,10,7,"bicycle_rental, bicycle_rental, clinic, artwork, fast_food, car_parts, library, clinic, school, school","Racine Ave & Garfield Blvd, Throop St & 52nd St, ACCESS Ashland Family Health Center, Sherman American History Series, Dunkin', AutoZone, Sherman Park Branch Library, Access Center For Discovery And Learning, Libby Elementary School, Peace & Education Coalition Alternative High School"
17031612000,1,1,school,Sherman School of Excellence
17031612100,3,3,"place_of_worship, social_facility, school","Liberty Temple Church of God in Christ, Westhaven Homes, Visitation School"
17031620100,15,10,"variety_store, beauty, fast_food, hairdresser_supply, clothes, video_games, restaurant, nutrition_supplements, bank, restaurant, restaurant, restaurant, fast_food, motel, fast_food","Dollar Tree, Lux Nail Studio, Subway, Sally Beauty, Discovery Clothing Company, GameStop, El Taconazo, GNC, Chase, Giordano's Pizzeria, Red Lobster, Restaurante Cocula, McDonald's, Midway Inn, Burger King"
17031620200,21,15,"supermarket, supermarket, fast_food, mobile_phone, bank, bakery, car_repair, bicycle_rental, bicycle_rental, marketplace, mobile_phone, hairdresser_supply, pawnbroker, ice_cream, clinic, fast_food, convenience, fast_food, car_wash, fuel, fast_food","Jewel-Osco, Cermak Fresh Market, Chipotle, Metro by T-Mobile, Peoples Bank, Le Paris Bakery, Car-X, Komensky Ave & 55th St, Kildare Ave & 55th St, Super Mall, Metro by T-Mobile, CosmoProf, Casa de Empeno, La Michoacana Premium, Greater Lawn Health Center, KFC, Citgo, Dunkin', Citgo, Citgo, Taco Bell"
17031620300,16,9,"bakery, bar, bar, convenience, pharmacy, convenience, convenience, fuel, place_of_worship, fuel, school, school, school, chemist, place_of_worship, supermarket","BomBon Cafe, Sloppy Joes Dive Inn Spirits & Music, West 55th Street, Circle K, Walgreens, 7-Eleven, BP Shop, BP, Christian Fellowship Church, Shell, Pasteur Elementary School, Sor Juana Elementary School, Saint Turibius School, Walgreens, Saint Turibius Roman Catholic Church, Pete's Market"
17031620400,11,11,"cafe, hairdresser, clinic, fast_food, money_transfer, childcare, bureau_de_change, school, fuel, convenience, place_of_worship","Razpachos Neveria, Glenna's Hair Salon, UI Health 55th & Pulaski Health Collaborative, Pizza Nova, Western Union, Los Pequenos Angelitos Day Care, 55th & Pulaski Currency Exchange, Peck Elementary School, Mobil, Mobil Mart, Divine Word Polish National Catholic Church"
17031630100,7,5,"fire_station, convenience, convenience, fuel, fuel, school, fast_food","Chicago Fire Department Engine Company 123, Clark's Pump-N-Shop, GoLo, Clark, Horizon Science Academy (Southwest Chicago), Dunkin'"
17031630200,13,10,"place_of_worship, bar, bakery, place_of_worship, restaurant, hairdresser, place_of_worship, laundry, convenience, school, variety_store, convenience, fuel","First Christian Charismatic Church La Nueva Uncion, El Plan, Grecias Bakery, Iglesia del Evangelio de Cristo, El Publano, International, Iglesia Christina Alcance Victoria, Christopher Elementary School, Family Dollar, Citgo, Citgo"
17031630300,23,15,"supermarket, bakery, post_office, car_parts, department_store, variety_store, restaurant, bicycle_rental, hairdresser, convenience, restaurant, restaurant, convenience, hairdresser, restaurant, clinic, dentist, school, place_of_worship, school, post_depot, school, place_of_worship","Aldi, Don Pan Bakery, Elsdon Post Office, AutoZone, TJ Maxx, Family Dollar, Chuck E. Cheese, St. Louis Ave & Norman Bobbins Pl, Chic Hair Studio, Rosa's Tamales, Jesse's Place, Cup Board Food & Liquors, Reyna's Salon Unisex, Outpatient Recovery Services, Sawyer Elementary School, Elsdon United Methodist Church, Eric Solorio Academy High School, Amazon DIL3, Irene C. Hernandez Middle School"
17031630400,7,5,"bakery, bicycle_rental, convenience, fuel, convenience, chemist, fuel","La France Bakery, Kedzie Ave & 52nd St, Clark's Pump-N-Shop, Clark, Walgreens, AllStar"
17031630500,22,14,"kindergarten, fast_food, mobile_phone, bicycle_rental, bicycle_rental, money_transfer, mobile_phone, hairdresser, convenience, money_lender, school, place_of_worship, bank, place_of_worship, museum, convenience, place_of_worship, variety_store, place_of_worship, fuel, school, school","Teddy Bear Pre-School, Subway, Boost Mobile, Artesian Ave & 55th St, Campbell Ave & 51st St, Western Union, Tecnophone, Chavez Unisex, Nightingale Elementary School, Saint Peter and Paul Russian Orthodox Church, Peoples Bank, Saint Simon Catholic Church, Fire Museum of Greater Chicago, Marathon, Tabor Lutheran Church, Dollar Tree, St. Clare of Montefalco Catholic Church, Marathon, Saint Clare Catholic School, Acero Rufino Tamayo Elementary School"
17031630800,17,10,"bakery, restaurant, mobile_phone, mobile_phone, video_games, fast_food, fast_food, bicycle_rental, bicycle_rental, mobile_phone, information, restaurant, fast_food, fast_food, library, bank, cafe","La Baguette Bakery, Carnitas Uruapan Restaurant, T-Mobile, T-Mobile, GameStop, Subway, Wingstop, Richmond St & 59th St, Kedzie Ave & 57th St, Metro by T-Mobile, 5 Estrellas Restaurant, Wendy's, McDonald's, Gage Park Branch Library, Bank of America, Starbucks"
17031630900,13,8,"school, childcare, laundry, restaurant, beauty, school, restaurant, supermarket, social_facility, place_of_worship, school, social_facility, school","Saint Gall School, Creative Kids Daycare Center, Su Nueva Lavanderia, Taqueria La Hacienda, Monarcas Academy, Taquería Atotonilco, Pete's Market, Senior Suites Of Gage Park, Saint Gall Catholic Church, Socorro Sandoval Elementary School"
17031640100,14,12,"cafe, mobile_phone, bar, fast_food, food_court, restaurant, artwork, convenience, atm, newsagent, community_centre, fast_food, fast_food, fuel","Fuel Bar, Xtreme Mobile, Mr C’s Midway Bar, Nuts on Clark, Reilly's Daughter, Flight Forms, BP Shop, Departure News, St Mary's Parish Center, White Castle, AV Anthony's, BP"
17031640300,15,9,"place_of_worship, bakery, cafe, bakery, cafe, restaurant, bank, pharmacy, ice_cream, hardware, bank, bank, school, place_of_worship, school","Messiah Lutheran Church, Acapulco Bakery, Karolinka Club, La Petite Pastry, Xurro, New Warsaw 🇵🇱, Chicago Firefighters Credit Union, Walgreens, La Michoacana, Clear Ridge True Value Hardware, Chicago Patrolmen's Federal Credit Union, Byline Bank, Hale Elementary School, Saint Symphorosa's Roman Catholic Church, Saint Symphorosa School"
17031640400,5,5,"charity, supermarket, convenience, kindergarten, storage_rental","The Salvation Army, Fair Share Foods, 7-Eleven, Dore Early Childhood Center, Public Storage"
17031640500,8,7,"restaurant, library, events_venue, place_of_worship, school, kindergarten, school, bus_station","Stunod's Pizzeria, Clearing Branch Library, Juanitas Restaurant Banquet Hall, Saint Rene Roman Catholic Church, Saint Rene School, Blair Early Childhood Center, John C. Dore Elementary School, Narragansett & 63rd Place Terminal"
17031640600,14,10,"place_of_worship, school, bar, car_parts, mobile_phone, place_of_worship, variety_store, place_of_worship, fast_food, car_parts, convenience, mobile_phone, clinic, bank","Baptist Revival Center, Wesleyan Missionary Academy, The Twisted Shamrock, ASM Auto Parts, Boost Mobile, Wesleyan Missionary Church, Family Dollar, Clearing United Methodist Church, Dunkin', Carquest, 7-Eleven, Metro by T-Mobile, Fresenius Kidney Care, BMO"
17031640700,11,7,"fast_food, mobile_phone, school, restaurant, car_repair, fast_food, fast_food, restaurant, flight_school, school, bank","Subway, Boost Mobile, Robert L. Grimes Elementary School, Giordano's Pizzeria, Valvoline, Burger King, McDonald's, Lou Malnati's Pizzeria, Aviation Professionals Incorporated, John Hancock High School, Fifth Third Bank"
17031640800,8,5,"artwork, butcher, restaurant, variety_store, fast_food, fast_food, fast_food, fast_food","Giant Cow, Winston's Sausages, Top View Restaurant, Continental Sales “Lots 4 Less”, Dunkin', Taco Bell, Panda Express, Culver's"
17031650100,16,12,"cafe, bicycle_rental, bicycle_rental, jewelry, mobile_phone, school, school, fire_station, cafe, convenience, car_repair, bank, bank, place_of_worship, car_parts, fuel","Los Pekes Ice Cream & Coffee, Hamlin Ave & 62nd Pl, Pulaski Rd & 60th St, Sergio V Jewelry, Metro by T-Mobile, Hubbard High School, Saint Nicolas School, Chicago Fire Department Engine Company 88, BP Shop, Valvoline, Bank of America, Marquette Bank, Saint Nicolas School, Advance Auto Parts, BP"
17031650200,16,13,"convenience, beauty, artwork, mobile_phone, bicycle_rental, restaurant, events_venue, restaurant, dentist, school, social_centre, convenience, place_of_worship, car_parts, library, place_of_worship","7-Eleven, Audiffred Salon, Eye Can See Now, Boost Mobile, Kostner Ave & 63rd St, Tamales Rebe, Midway Catering & Banquet Hall, Mariscos La Diabla Restaurant, Avila Dental, Richardson Middle School, American Legion Clearing Post 600, 7-Eleven, Good Shepherd Lutheran Church, AutoZone, West Lawn Branch Library, Calvary Lutheran Church"
17031650301,17,15,"bakery, fast_food, mobile_phone, bicycle_rental, laundry, place_of_worship, supermarket, car_repair, variety_store, museum, school, bank, place_of_worship, school, fuel, convenience, social_facility","La Fiesta Bakery, Subway, T-Mobile, Tripp Ave & 65th St, Wash Smart Lavanderia, Saint Mary Star of the Sea Church, Save-A-Lot, Auto Repair Classroom, Family Dollar, Balzekas Museum of Lithuanian Culture, Lee Elementary School, BMO, West Lawn Free Methodist Church, Saint Mary School, Marathon, Marathon"
17031650302,10,9,"school, bicycle_rental, pharmacy, bank, place_of_worship, restaurant, convenience, fuel, chemist, restaurant","Teddy Bear Pre-School #3, Central Park Ave & 66th St, CVS Pharmacy, Republic Bank of Chicago, Iglesia De La Santa Cruz, Palermo's of 63rd Pizza and Restaurant, Phillips 66, Phillips 66, CVS Pharmacy, Paisans Pizzeria"
17031650400,11,9,"bakery, bicycle_rental, ice_cream, pharmacy, place_of_worship, fast_food, car_repair, fast_food, chemist, school, school","Jessica’s Bakery, Springfield Ave & 71st St, Baskin-Robbins, Walgreens, Trinity Baptist Church of Chicago, McDonald's, Jiffy Lube, Dunkin', Walgreens, Hurley Elementary School, Queen of the Universe School"
17031650500,38,23,"restaurant, cafe, bakery, cafe, convenience, fast_food, mobile_phone, department_store, fast_food, restaurant, fast_food, shoes, bed, department_store, variety_store, clothes, clothes, shoes, department_store, variety_store, restaurant, mobile_phone, clinic, second_hand, bicycle_rental, bicycle_rental, college, post_office, hotel, cinema, mall, fast_food, fuel, car_parts, fast_food, social_facility, fast_food, school","Birrieria De La Torre, Sweet Honey Tea, Lady Di’s Bakery, O’s Donuts and Cafe, BP Shop, Little Caesars, Boost Mobile, JCPenney, Chipotle, IHOP, Potbelly, Foot Locker, Mattress Firm, Marshalls, Five Below, Old Navy, Citi Trends, Famous Footwear, Ross, Dollar Tree, Buffet City, Metro by T-Mobile, DaVita Dialysis, Family Thrift Store, Pulaski Rd & 75th St, Pulaski Rd & 68th St, Richard J. Daley College, Southwest Carrier Annex, Holiday Inn LXG Midway Airport, AMC Ford City 14, Ford City Mall, Wendy's, BP, O'Reilly Auto Parts, Burger King, ICH-1, Chick-fil-A, Mariano Azuela Elementary School"
17031660301,8,5,"bakery, beauty, fuel, convenience, convenience, fuel, variety_store, variety_store","Del Real Bakery, Royalty Spa, Amstar, Marathon, Marathon, Family Dollar, Dollar General"
17031660302,18,12,"place_of_worship, place_of_worship, bakery, mobile_phone, ice_cream, information, car_repair, car_repair, tobacco, social_facility, convenience, fast_food, mobile_phone, place_of_worship, convenience, fuel, post_office, social_facility","Church of the Christ Light, Rumanian Pentecostal Assembly, Luna’s Bakery, Boost Mobile, Baskin-Robbins, Nunez Auto Repair Shop, Ramirez Auto Parts & Repair, Tobacco 5 Stars, Sothwest Regional Senior Center, Citgo, Dunkin', Cricket Wireless, Grace United Church of Christ, 7-Eleven, Citgo, Chicago Lawn Post Office"
17031660400,18,13,"school, kindergarten, grocery, bicycle_rental, bicycle_rental, rental, mobile_phone, place_of_worship, storage_rental, bank, car_repair, place_of_worship, place_of_worship, police, library, social_facility, social_facility, school","Nazareth School, Southwest Cooperative Pre-School, La Hacienda, Spaulding Ave & 63rd St, St. Louis Ave & 59th St, U-Haul, Boost Mobile, Nazareth Evangelical Lutheran Church, U-Haul, Citibank, Collision Revision, Saint Elizabeth's Episcopal Church, Chicago Lawn Presbyterian Church, Chicago Police Department 8th District, Chicago Lawn Branch Library"
17031660500,15,11,"school, bakery, bicycle_rental, bicycle_rental, atm, school, convenience, fuel, supermarket, fast_food, place_of_worship, bank, place_of_worship, fast_food, bus_station","Magic Mirror Learning Center, La Chiquita Bakery, Homan Ave & 65th St, Kedzie Ave & 66th Pl, Eberhart Elementary School, BP Shop, BP, Rio Valley Market, Burger King, Chicago Lawn United Methodist Church, U.S. Bank, Thomas Memorial Congregational Church, Dunkin', Kedzie & 63rd Place Terminal"
17031660600,19,15,"place_of_worship, place_of_worship, kindergarten, restaurant, bakery, restaurant, arts_centre, bicycle_rental, pharmacy, community_centre, fuel, chemist, place_of_worship, convenience, bank, car_parts, variety_store, convenience, school","First Southern Baptist Church, Marquette Park Presbyterian Church, Merry Go Round Nursery School, Tacos Villa, Torres Bakery, Papa T's, IMAN Beloved Community Ceramics Studio, Rockwell St & 63rd St, Walgreens, IMAN Community Center, Gas Center, Walgreens, Hope Lutheran Church, Marquette Bank, AutoZone, Family Dollar"
17031660700,10,8,"driving_school, fire_station, place_of_worship, fast_food, car, variety_store, fast_food, car, school, social_facility","Nationwide Trucking School, Chicago Fire Department Engine Company 101, Abundant Life Missionary Baptist Church, McDonald's, Kingdom Chevrolet, Dollar General, Church's Chicken, Metro Ford, Claremont Academy"
17031660800,10,6,"bicycle_rental, place_of_worship, place_of_worship, convenience, school, convenience, fuel, car, car, fuel","Artesian Ave & Marquette Rd, Beth Shalom B’nai Zaken Ethiopian Hebrew Congregation, Lithuanian Evangelical Lutheran Church, Mobil Mart, Marquette Elementary School, Shell, Shell, Kingdom Chevrolet, Mobil"
17031660900,20,8,"artwork, artwork, bicycle_rental, information, information, information, bicycle_rental, bicycle_rental, bicycle_rental, school, place_of_worship, car_parts, place_of_worship, school, school, hospital, school, school, social_facility, school","MLK Living Memorial, California Ave & Marquette Rd, Kedzie Ave & Redfield Dr, St. Louis Ave & 71st St, California Ave & 71st St, McKay Elementary School, Nativity of the Blessed Virgin Mary Church, Advance Auto Parts, Saint Adrian Roman Catholic Church, Catalyst Maria School, Nativity School, Holy Cross Hospital, Saint Adrian School, Saint Adrian's School, Tarkington Elementary School"
17031661000,24,12,"place_of_worship, place_of_worship, place_of_worship, arts_centre, bicycle_rental, place_of_worship, mobile_phone, fast_food, car, fast_food, car, pharmacy, car_repair, fast_food, convenience, fast_food, car, place_of_worship, fuel, driving_school, social_facility, fast_food, convenience, fuel","Holy Healing Temple Church, Temple of Faith Church, Calvary Hill Baptist Church, Ephraim Bajar Cultural Center, Artesian Ave & 71st St, The Victory Missionary Baptist Church, Aiden Team Wireless, Harold’s Chicken Shack, Western Avenue Nissan, White Castle, Toyota on Western, Walgreens, Midas, Western Tacos, The Adding Mart, Popeyes, South Chicago Dodge Chrysler Jeep, Second Mount Calvary Missionary Baptist Church, Citgo, Chicago Truck Driving School, Senior Suites Of Marquette Village, Wendy's, The Roux, The Roux"
17031661100,4,4,"place_of_worship, bicycle_rental, convenience, fuel","Grace Christian Ministries, Kedzie Ave & 73rd St, Filling Station, Falcon Fuel"
17031670100,5,4,"place_of_worship, place_of_worship, information, convenience, fuel","Stone Temple Church of God in Christ, Samuel Temple Church of God in Christ, Sherman Park, Marathon, Marathon"
17031670200,4,4,"place_of_worship, bicycle_rental, convenience, fuel","New Way Mission Church, Ashland Ave & Garfield Blvd, Amstar"
17031670300,6,5,"place_of_worship, bicycle_rental, fast_food, mobile_phone, alcohol, place_of_worship","Kingdom of Christ Baptist Church, Marshfield Ave & 59th St, Subway, Metro by T-Mobile, D&A Food & Liquor, Julia Gay Memorial United Methodist Church"
17031670400,2,2,"school, farm","Henderson Elementary School, Growing Home Farm Stand"
17031670500,3,3,"bicycle_rental, car_parts, school","Damen Ave & 59th St, Robbin's, Earle Elementary School"
17031670600,7,2,"place_of_worship, place_of_worship, place_of_worship, place_of_worship, place_of_worship, place_of_worship, school","Cannon Temple Missionary Baptist Church, Shining Light Baptist Church, Shield of Faith Baptist Church, Bread of Life Missionary Baptist Church, New Ninevea Missionary Baptist Temple, Goodhope Baptist Church, Lindblom Technical High School"
17031670700,12,7,"school, school, place_of_worship, school, mobile_phone, mobile_phone, variety_store, place_of_worship, place_of_worship, fuel, money_transfer, convenience","Assumption School, Charles Harrison Mason Bible College, Christ Temple Apostolic Church, Philadelphia Church of God in Christ School, Boost Mobile, Family Dollar, Philadelphia Church of God in Christ, Assumption Blessed Virgin Mary Roman Catholic Church, Clark, Western Union, Clark's Pump-N-Shop"
17031670800,11,8,"school, place_of_worship, place_of_worship, convenience, clothes, mobile_phone, fire_station, fuel, place_of_worship, police, school","Saint Raphael School, Apostolic Faith Temple, Spirit of Love Missionary Baptist Church, Citgo, Englewood Branded, Metro by T-Mobile, Chicago Fire Department Engine Company 116, Citgo, Trinity Baptist Church, Chicago Police Department 7th District"
17031670900,10,3,"place_of_worship, place_of_worship, place_of_worship, social_facility, place_of_worship, place_of_worship, school, place_of_worship, place_of_worship, school","New Mount Sinai Missionary Baptist Church, Mount Sinai Missionary Baptist Church, Bethel Tabernacle, IMAN Food and Wellness Center, St. John EMBC Church, Hope Presbyterian Church, Bottles to Books, Mount Carmel Christian Methodist Episcopal Church, Greater Saint John African Methodist Episcopal Church, Anna R. Langford Community Academy"
17031671100,7,5,"place_of_worship, bicycle_rental, post_office, place_of_worship, place_of_worship, school, bus_station","Strangers Home Missionary Baptist Church, Ashland Ave & 66th St, Ogden Park Post Office, Revival Tabernacle, Beautiful Zion Baptist Church, Providence Englewood Charter School, Ashland/63rd Green Line Station"
17031671200,14,6,"place_of_worship, place_of_worship, place_of_worship, place_of_worship, place_of_worship, place_of_worship, place_of_worship, bicycle_rental, artwork, fast_food, place_of_worship, library, social_facility, place_of_worship","Saint John Evangelist Missionary Baptist Church, Little Saint Matthews Baptist Church, Faith Tabernacle Baptist Church, Christ Haven Center, Rainbow Church of Faith, Unity Tabernacle Church, Spirit of Truth Church, Ashland Ave & 63rd St, Abraham Lincoln, McDonald's, New Hope Congregational Church of God and Christ, West Englewood Library, Mitzi Friedheim Englewood Child + Family Center, Nazarene All Nations Church"
17031671300,7,2,"school, place_of_worship, place_of_worship, place_of_worship, place_of_worship, place_of_worship, place_of_worship","Golgotha School, New Salem Missionary Baptist Church, Church of Jesus Christ, Golgotha Lutheran Church, Community Vinegard Missionary Baptist Church, Saint Justin Martyr Catholic Church, Messiah Lutheran Church"
17031671400,8,4,"convenience, place_of_worship, fuel, place_of_worship, convenience, fuel, place_of_worship, school","Citgo, West Englewood United Methodist Church, Marathon, New St. Paul C.O.G.I.C. Church, Marathon, Citgo, First New Bethany Missionary Baptist Church, O'Toole Elementary School"
17031671500,21,10,"school, place_of_worship, convenience, fast_food, mobile_phone, shoes, bank, fast_food, place_of_worship, place_of_worship, place_of_worship, fuel, place_of_worship, variety_store, bank, supermarket, fuel, convenience, school, fuel, school","Benedict the African School, Greater Pisidia Missionary Baptist Church, Clark's Pump-N-Shop, Subway, Boost Mobile, Foot Locker, Chase, JJ Fish & Chicken, Living Hope Missionary Baptist Church, Peoples Church of God in Christ, Hopewell Missionary Baptist Church, Clark, Family Dollar, Bank of America, Food 4 Less, Midwest, Sir Miles Davis Academy, Food 4 Less, Montessori School of Englewood"
17031671600,11,4,"place_of_worship, place_of_worship, place_of_worship, convenience, fuel, social_facility, place_of_worship, place_of_worship, place_of_worship, place_of_worship, place_of_worship","Prince of Peace Missionary Baptist Church, Greater Rock of Ages Missionary Baptist Church, Church of God, BP Shop, BP, Wheeler House Senior Residence, New Birth Church of God in Christ, The Lebanon Baptist Church, Laflin Gospel Chapel, Prayer Tower Church of God in Christ, Atonement Evangelical Lutheran Church"
17031671800,6,1,"place_of_worship, place_of_worship, place_of_worship, place_of_worship, place_of_worship, place_of_worship","Back to God Christian Reformed Church, Rayfield Missionary Baptist Church, New Hope Spiritual Church, Original Church of God, Rose Of Light MB Church, Second Birth Missionary Baptist Church"
17031671900,10,7,"place_of_worship, place_of_worship, bicycle_rental, furniture, fuel, place_of_worship, convenience, place_of_worship, car_parts, fast_food","Beulah Land Church of God in Christ, First Mennonite Church, Ashland Ave & 74th St, Top Home Furniture, Falcon Fuel, Freedom Temple Church of God In Christ, Falcon Mart, West Seventy Fourth Street Church of Christ, AutoZone, Dunkin'"
17031672000,12,6,"place_of_worship, place_of_worship, place_of_worship, kindergarten, place_of_worship, place_of_worship, variety_store, bicycle_rental, place_of_worship, school, school, bus_station","New Third Heaven Missionary Baptist Church, Faith of Truth Missionary Baptist Church, Boosters for Christ Revival Center, Childrens Hour Pre-School Center, True Church of Christ Devine, New Hope Inspirational Baptist Church, Family Dollar, Damen Ave & 74th St, Stir Up The Gifts Ministries Church, Asa Philip Randolph Elementary School, Southside Occupational Academy High School, 74th Street & Damen Terminal"
17031680500,5,2,"place_of_worship, bicycle_rental, place_of_worship, place_of_worship, place_of_worship","Greater New Mount Zion Missionary Baptist Church, Elizabeth St & 59th St, Holy Rock Church & Outreach Ministries, Full Gospel Evangelistic Church, Christian Faith Fellowship Church"
17031680600,13,5,"bicycle_rental, bicycle_rental, cafe, hairdresser, second_hand, place_of_worship, place_of_worship, place_of_worship, place_of_worship, place_of_worship, place_of_worship, place_of_worship, place_of_worship","Racine Ave & 61st St, Carpenter St & 63rd St, Momentum Coffee, Powell’s Barbershop, Marie|Wesley, Survival Awakening Church of Holiness, Saint Mary's Missionary Baptist Church, Silver Cloud Missionary Baptist Church, Rejecte Stone MB Church, New Greater Love Pentecostal Church, Englewood Church of God, Sunrise Missionary Baptist Church, New Jerusalem Pentecostal Church"
17031680900,33,18,"school, bicycle_rental, bicycle_rental, clinic, convenience, fast_food, fast_food, atm, artwork, artwork, convenience, pharmacy, variety_store, car_parts, fuel, social_facility, place_of_worship, place_of_worship, place_of_worship, post_office, fuel, place_of_worship, supermarket, clinic, place_of_worship, place_of_worship, chemist, school, school, college, school, hospital, place_of_worship","Saint Benedict School, Stewart Ave & 63rd Street, Halsted St & 63rd St, Howard Brown Health 63rd Street, Citgo, Subway, Dunkin', Englewood Junction, SNKFuels, Walgreens, Family Dollar, O'Reilly Auto Parts, SNK Fuels, Chicago Englwood Senior Satellite Center, Union Tabernacle Baptist Church, Full Gospel Church, Canaan Baptist Church, Englewood Post Office, Citgo, Big Zion Missionary Baptist Church, Aldi, Englewood Health Center, Englewood United Methodist Church, Greater Mount Vernon Baptist Church, Walgreens, Johnson College Prep, Benjamin Mays Elementary School, Kennedy-King College, Kershaw Elementary School, Saint Bernard Hospital, Saint Benedict the African Roman Catholic Church"
17031681000,16,13,"bank, bicycle_rental, atm, hardware, fast_food, community_centre, place_of_worship, convenience, money_transfer, clothes, place_of_worship, place_of_worship, fuel, school, social_facility, social_facility","U.S. Bank, Racine Ave & 65th St, Englewood Hardware & Paint, White Castle, The Center of Englewood, Manuel Memorial Missionary Baptist Church, Citgo, 63rd & Morgan Currency Exchange, Rainbow, Christ United Methodist Church, Saint Stephens Lutheran Church, Citgo, Bass Elementary School, Montclare Englewood"
17031681100,25,10,"place_of_worship, place_of_worship, place_of_worship, school, place_of_worship, place_of_worship, place_of_worship, place_of_worship, place_of_worship, childcare, place_of_worship, bicycle_rental, bicycle_rental, cafe, clinic, place_of_worship, place_of_worship, place_of_worship, place_of_worship, place_of_worship, social_facility, community_centre, school, fuel, convenience","New Era Missionary Baptist Church, Blooming Rose Deliverance Church, New Bethlehem Missionary Baptist Church, Sacred Heart School, Holy Trinity Non-Sectarian Temple, Holy Nazarene Tabernacle, Ogden Park Congregation of Jehovahs Witnesses, Unity Church of God in Christ, Zion City Missionary Baptist Church, Southtown Day Care Center, Solid Rock Missionary Bapist Church, May St & 69th St, Halsted St & 69th St, Kusanya Cafe, Englewood Health Center of Cook County, Green Grove Missionary Baptist Church, True Church House of Prayer to all Nations, Burning Bush Missionary Baptist Church, Second Temple Church of Christ Holiness, Harris Temple Church of God and Christ, Englewood Community Services, Adele and Robert Stern Red Shield Center, Bond Elementary School, Citgo, Citgo"
17031681200,16,6,"place_of_worship, place_of_worship, place_of_worship, place_of_worship, bicycle_rental, dentist, fast_food, clinic, place_of_worship, place_of_worship, place_of_worship, place_of_worship, school, school, place_of_worship, school","Mount Carmel Ridge Missionary Baptist Church, Hope Bible Church, Missionary Church of God in Christ, Christian Hope New Testament Church, Eggleston Ave & 69th St, Beloved Community Family Wellness Center - Dental Clinic, Checkers, Beloved Community Family Wellness Center, Zion Temple Baptist Church, Rising Star Missionary Baptist Church, True Vine Missionary Baptist Church, Antioch Baptist Church South, Englewood STEM High School, Dr. Martin Luther King, Jr Academy of Social Justice, Saint Paul Missionary Baptist Church, Parker Community Academy"
17031681300,4,3,"bicycle_rental, place_of_worship, fire_station, place_of_worship","Halsted St & 73rd St, Cluster Baptist Church, Chicago Fire Department Engine Company 54, New Mount Olivet Baptist Church"
17031681400,13,6,"place_of_worship, bicycle, convenience, convenience, place_of_worship, fuel, place_of_worship, place_of_worship, place_of_worship, hardware, place_of_worship, school, school","Mount Elim Missionary Baptist Church, John's Hardware & Bicycle Shop, Shell, Not Far From A Dollar, Holy Latter Rain Pentecostal Church, Shell, Spirit of Faith Missionary Baptist Church, Faith Temple Church of God in Christ, Mount Hebron Baptist Church, John's Hardware & Bicycle Shop, Holy Miracle Pentecostal Fellowship Church, Stagg Elementary School, Excel Academy of Englewood"
17031690300,6,4,"place_of_worship, bicycle_rental, fast_food, place_of_worship, bus_station, fast_food","Greater Mount Tabor Baptist Church, Perry Ave & 69th St, McDonald's, Calvary Light Pentecostal Church, 69th Street Red Line Station, Dunkin'"
17031690400,19,7,"school, place_of_worship, place_of_worship, place_of_worship, place_of_worship, place_of_worship, school, kindergarten, convenience, convenience, mobile_phone, childcare, place_of_worship, fuel, place_of_worship, fuel, school, convenience, fuel","Shiloh Academy, Prayer Band General Assembly, Evening Star Baptist Church, Bethel Temple, Lamb of God Church, Mount Olive Church of God in Christ, Chicago Academy, Shiloh Nursery, BP Shop, Mobil Mart, Metro by T-Mobile, Child's World Academic Inc., Shiloh Seventh Day Adventist Church, BP, Park Manor Congregational Church, Mobil, Brownell Elementary School, 76, 76"
17031690500,7,5,"place_of_worship, place_of_worship, bicycle_rental, storage_rental, place_of_worship, school, car_wash","Grace Fellowship Baptist Church, Celestial Church of Christ, Rhodes Ave & 71st St, StorageMart, Kelly United Methodist Church, Park Manor Elementary School, Buddy Bear Car Wash"
17031690900,10,4,"place_of_worship, place_of_worship, place_of_worship, ticket, bakery, place_of_worship, place_of_worship, place_of_worship, place_of_worship, school","Greater Bethel Missionary Baptist Church, Rising Sun Spiritual Church, Emmanuel Community Church, Pinkie April Snow Enterprises, Firehouse Bakery & Grill, New Beginnings in Christ Ministries, Park Manor Christian Church, Saint Mark African Methodist Episcopal Zion Church, Saint Lawrence Church of God and Christ, Tanner Elementary School"
17031691000,31,14,"place_of_worship, restaurant, supermarket, supermarket, convenience, bicycle_rental, bicycle_rental, attraction, artwork, ice_cream, fast_food, variety_store, place_of_worship, place_of_worship, place_of_worship, convenience, place_of_worship, bakery, place_of_worship, convenience, place_of_worship, community_centre, place_of_worship, fast_food, fuel, school, supermarket, fuel, convenience, fuel, school","Divine Church of Prayer, Smoke Signals BBQ, M & H Market, Shop-N-Save, Grand Palace, Calumet Ave & 71st St, Michigan Ave & 71st St, Al Capone's House, Baskin-Robbins, Subway, Family Dollar, Saint James Missionary Baptist Church, First Progressive Church of Christ, Marathon, Salem Lutheran Church, Brown Sugar Bakery, Cathedral of Love Missionary Baptist Church, Citgo, Saint Columbanus Church, Saint Columbanus Church Social Center, Martin Temple African Methodist Episcopal Zion Church, Dunkin', Marathon, Saint Columbanus School, Aldi, Shell, Shell, Citgo, Deneen Elementary School"
17031691100,14,10,"place_of_worship, place_of_worship, school, alcohol, atm, artwork, fast_food, convenience, money_transfer, place_of_worship, convenience, social_facility, place_of_worship, fuel","Perlie Gates Missionary Baptist Church, Cathedral Temple of Divine Love, Saint Carthage School, Stewart Liquors, Vincennes Currency Exchange Bitcoin ATM, Haire's Gulf Shrimp, Aladdin's Food, Western Union, Greater Salem Baptist Church, Maria Shelter, Saint Carthage Roman Catholic Church, Falcon"
17031691200,18,10,"place_of_worship, place_of_worship, place_of_worship, bicycle_rental, variety_store, department_store, convenience, fast_food, fast_food, place_of_worship, fast_food, place_of_worship, fuel, fast_food, place_of_worship, social_facility, school, bus_station","Christs Temple Church of God in Christ Baptist Church, All Nations Pentecostal Church, Holy Temple Evangelistic Church of God in Christ, Vincennes Ave & 75th St, Family Dollar, Forman Mills, Citgo, Fred & Jack's, Church's Chicken, Faith United Methodist Church, Popeyes, Pleasant Green MB Church, Citgo, McDonald's, Mount Hermon Missionary Baptist Church, SOS Children's Village, Harvard Elementary School, 79th Street & Perry Terminal"
17031691300,19,10,"bar, bicycle_rental, convenience, school, pharmacy, fuel, fuel, car_wash, restaurant, bank, place_of_worship, fuel, fuel, convenience, restaurant, restaurant, place_of_worship, convenience, convenience","Frances' Cocktail Lounge, State St & 76th St, Shell, Ruggles Elementary School, Walgreens, BP, Mobil, Mobil, Jerk Taco Man, Providence Bank & Trust, Carter Temple Christian Methodist Episcopal Church, Shell, Marathon, Marathon, Soul Veg City, Lem's Bar-B-Q, Grace and Glory Gospel Chapel, Mobil Mart, BP Shop"
17031691400,22,13,"place_of_worship, place_of_worship, childcare, dojo, childcare, bar, bar, bar, bicycle_rental, bicycle_rental, fast_food, fast_food, fast_food, variety_store, funeral_directors, fuel, post_depot, art, school, place_of_worship, convenience, place_of_worship","First Christian Community Baptist Church, Israel Methodist Community Church, Angel Land Nursery School, Tanksons Martial Arts Academy, Topsy Turby Nursery and Kindergarten, Murphy's Lounge, Randy's Lounge, President’s Lounge, Vernon Ave & 75th St, Evans Ave & 75th St, Old Chicago Pizza Company, Harold's Chicken Shack, Burger King, Family Dollar, Leak and Sons Funeral Home, Amstar, Grand Crossing Post Office Annex, The Woodshop, Saint Dorothy School, Saint Dorothy Church, Quick Stop Gas & Mini Mart, New Covenant MB Church"
17031691500,24,13,"place_of_worship, place_of_worship, place_of_worship, hotel, nightclub, atm, bicycle_rental, fast_food, money_transfer, money_transfer, place_of_worship, place_of_worship, school, fuel, convenience, post_office, place_of_worship, motel, place_of_worship, place_of_worship, money_transfer, hardware, place_of_worship, school","Holy Covenant Non-Denominational Church, Holy Stranger Home Church, Moorish Science Temple of America, East of the Ryan, East of the Ryan, Cottage Grove Ave & 78th St, Harold's Chicken Shack, Western Union, MoneyGram, Grace Eden Baptist Church, Saint Francis De Paula Catholic Church, Saint Francis School, Falcon Fuel, Falcon Fuel, Grand Crossing Post Office, Ingleside-Whitfield United Methodist Church, Empire Motel, Vernon Park Church of God, Helen Durhams Temple, 75th & Cottage Currency Exchange, Acme Lumber & Building Supply, New Life Covenant Church, Hirsch Metropolitan High School"
17031700100,19,12,"fast_food, storage_rental, atm, bicycle_rental, storage_rental, fast_food, convenience, vehicle_inspection, place_of_worship, fuel, chemist, car, fast_food, fuel, convenience, school, school, school, bus_station","Shark's Fish & Chicken, Public Storage, Western Ave & 79th St, Metro Self Storage, Burger King, Citgo, State Of Illinois Auto Inspection, Monument Of Faith Church, Citgo, CVS Pharmacy, Car Credit 7600, McDonald's, Marathon, Marathon, Sarah E. Goode STEM Academy, St. Rita of Cascia High School, Lionel Hampton Fine & Performing Arts School, 79th Street & Western Terminal"
17031700200,10,9,"mobile_phone, atm, bank, motel, fast_food, car_parts, fire_station, place_of_worship, variety_store, bank","Boost Mobile, Chase, Saratoga Motel, Arby's, O'Reilly Auto Parts, Chicago Fire Department Engine Company 64, First Christian Church of Chicago, Dollar Tree, Republic Bank of Chicago"
17031700301,21,15,"furniture, clothes, party, car_rental, car_rental, fast_food, video_games, fast_food, fast_food, mobile_phone, clothes, ice_cream, school, place_of_worship, fast_food, car_parts, convenience, fuel, library, school, doityourself","Aaron's, Catherines, Party City, Avis, Budget, Little Caesars, GameStop, Subway, Wingstop, Metro by T-Mobile, Avenue, Baskin-Robbins, Adlai E. Stevenson Elementary School, Saint Bede the Venerable Church, Dunkin', AutoZone, Citgo, Citgo, Scottsdale Branch Library, Saint Bede School, Lowe's"
17031700302,16,10,"money_transfer, bicycle_rental, bicycle_rental, bicycle_rental, place_of_worship, place_of_worship, supermarket, motel, pharmacy, laundry, variety_store, restaurant, place_of_worship, school, place_of_worship, school","Western Union, Pulaski Rd & 84th St, Kildare Ave & 85th St, Scottsdale Park, Hometown Christian Church Disciplines of Christ, Aldi, Aloha Motel, CVS Pharmacy, Smart Wash, Family Dollar, Angie's, Saint Peter's Evangelical Lutheran Church, Golgotha Early Childhood Center, Golgotha Lutheran Church, Durkin Park Elementary School"
17031700401,24,12,"school, bar, convenience, car_wash, car_repair, bicycle_rental, bicycle_rental, bicycle_rental, social_facility, school, place_of_worship, place_of_worship, post_office, fuel, convenience, bakery, fire_station, convenience, fuel, school, school, school, fuel, school","Southwest School of Business, Smoke Filled Room, Citgo, Mobil, Caliber Collision, Kedzie Ave & 83rd St, Springfield Ave & 80th St, Columbus Ave & 79th St, New Foundation Of Hope Inc, Dawes Elementary School, Ashburn Lutheran Church, Ashburn Baptist Church, Ashburn Post Office, Citgo, Mobil Mart, D&D’s Place, Chicago Fire Department Engine Company 15, Citgo, Citgo, Bogan High School, Owen Scholastic Academy, Ashburn Community Area Academy, Mobil, Ashburn Lutheran School"
17031700402,19,12,"restaurant, fast_food, ice_cream, fast_food, mobile_phone, ice_cream, bicycle_rental, supermarket, clothes, place_of_worship, place_of_worship, fast_food, fast_food, restaurant, restaurant, bank, library, social_facility, car_wash","Vito & Nick's Pizzeria, Dunkin', Baskin-Robbins, Subway, Metro by T-Mobile, Baskin-Robbins, Columbus Ave & 83rd Pl, Pete's Market, DTLR, Masjid Al Muhajireen, Ashburn United Methodist Church, Dunkin', McDonald's, Lawrence's Fish & Shrimp, Chicago's Chicken Coop, Chase, Wrightwood-Ashburn Branch Library, Buddy Bear Car Wash"
17031700501,20,11,"convenience, fast_food, place_of_worship, bicycle_rental, place_of_worship, place_of_worship, place_of_worship, car_parts, fuel, social_facility, picnic_site, picnic_site, school, place_of_worship, social_facility, variety_store, fast_food, fast_food, clinic, school","Citgo, Subway, Liberty Temple, Western Ave & 81st St, Kingdom Hall of Jehovah's Witnesses, Gethsemane Evangelical Lutheran Church, Calvary Covenant Church, AutoZone, Citgo, BRIA of Forest Edge, Dan Ryan Woods North Picnic Shelter Grove 15, Dan Ryan Woods North Picnic Shelter Grove 16, Rosenwald Elementary School, Saint Thomas More Roman Catholic Church, Wrightwood Senior Apartments, Dollar Tree, Taco Bell, Dunkin', DaVita Dialysis, CICS Wrightwood School"
17031700502,18,6,"picnic_site, picnic_site, picnic_site, picnic_site, picnic_site, picnic_site, bicycle_rental, bicycle_rental, clinic, social_facility, picnic_site, information, picnic_site, picnic_site, picnic_site, picnic_site, picnic_site, school","Dan Ryan Woods East Picnic Grove 13, Dan Ryan Woods East Picnic Grove 14, Dan Ryan Woods East Picnic Grove 9, Dan Ryan Woods West Picnic Grove 6, Dan Ryan Woods West Picnic Grove 7, Dan Ryan Woods West Picnic Grove 8, Francisco Ave & 85th St, Dan Ryan Woods & 83rd St, Union Health Service, Vet Center, Dan Ryan Woods West Picnic Shelter Grove 5, Dan Ryan Woods Visitor Center, Dan Ryan Woods Central Picnic Shelter Grove 4, Dan Ryan Woods Central Picnic Shelter Grove 3, Dan Ryan Woods Central Picnic Shelter Grove 2, Dan Ryan Woods East Picnic Shelter Grove 10, Dan Ryan Woods Central Picnic Shelter Grove 1, Carroll Elementary School"
17031710100,5,5,"bakery, bicycle_rental, clinic, social_facility, place_of_worship","Salaam Restaurant and Bakery, Halsted St & 78th St, Auburn-Gresham VA Outpatient Clinic, St Leo's Residence for Veterans, Greater Bethlehem Missionary Baptist Church"
17031710200,11,7,"place_of_worship, artwork, place_of_worship, place_of_worship, convenience, fast_food, place_of_worship, place_of_worship, library, fuel, school","Revealing Missionary Baptist Church, Thurgood Marshall, First Corinthian Baptist Church, Christian Hope Missionary Baptist Church, Popeyes, Saint Peters Holiness Missionary Baptist Church, Southside Worship Center, Thurgood Marshall Branch Library, Falcon, Oglesby Elementary School"
17031710300,12,5,"place_of_worship, place_of_worship, place_of_worship, place_of_worship, place_of_worship, music_school, childcare, place_of_worship, place_of_worship, fast_food, place_of_worship, supermarket","Shining Star Missionary Baptist Church, Little Mount of Hope Missionary Baptist Church, Chicago Assembly Hall of Jehovah's Witnesses, Evangelical Church of God in Christ, Jehovahs Witnesses South Unit, Portias Piano Methods School, Zion Hill Day Care Center School, Zion Hill Missionary Baptist Church, Sweet Holy Spirit Missionary Baptist Church, White Castle, Grace-Calvary United Methodist Church, Walmart Neighborhood Market"
17031710400,19,8,"place_of_worship, kindergarten, place_of_worship, childcare, place_of_worship, place_of_worship, bicycle_rental, mobile_phone, bicycle_rental, place_of_worship, fast_food, fast_food, place_of_worship, variety_store, place_of_worship, place_of_worship, place_of_worship, school, fast_food","Theorem Missionary Baptist Church, Auburn-Gresham Preschool, Beulah Mission Full Gospel Church, Highland Day Care Center, Truth Bethesda Missionary Baptist Church, True Church of Holiness, Ashland Ave & 78th St, Cricket Wireless, Damen Ave & 77th St, Sion Temple, Dolphin's Fish & Chicken, Krispy's Chicken & Seafood, First Church of Love and Faith, Dollar Tree, Daniel Baptist Missionary Baptist Church, Evangelist Hope Church, True Believers Missionary Baptist Church, Clara Barton Elementary School, Burger King"
17031710500,22,12,"kindergarten, place_of_worship, place_of_worship, childcare, place_of_worship, place_of_worship, place_of_worship, bicycle_rental, fire_station, fuel, alcohol, supermarket, fast_food, convenience, variety_store, convenience, supermarket, fuel, fuel, school, convenience, school","Little Flower School, Second Mount Calvery Missionary Baptist Church, Apostolic Little Rock Church, Highland Educational Day Care Center, Holly Memorial Temple, Saint Michael Church, Second Mount Vernon Baptist Church, Damen Ave & 81st St, Chicago Fire Department Engine Company 129, Falcon Fuel, Rothschild Liquors, Dearborn Wholesale Grocers, Pepe's Mexican Restaurant, Citgo, Family Dollar, Village Food Mart, Marathon, Citgo, CICS Ralph Ellison High School, Shell, Scott Joplin Elementary School"
17031710600,3,3,"place_of_worship, variety_store, school","Christian Doctrine Baptist Church, Family Dollar, Cook Elementary School"
17031710700,19,10,"place_of_worship, place_of_worship, place_of_worship, kindergarten, place_of_worship, place_of_worship, place_of_worship, place_of_worship, place_of_worship, place_of_worship, artwork, pharmacy, restaurant, social_facility, chemist, school, place_of_worship, convenience, fuel","Pillars of Jerusalem Missionary Baptist Church, New Birth Strong Hope Missionary Baptist Church, Faith of Abraham Missionary Baptist Church, Childrens House Preschool, Everlasting Gospel Mission, Holiness is the Way Gospel Temple, North Wells Gospel Mission, Original Church of Jesus Christ, Faith Pentecostal Holiness Church, Faith Revival Center Church, Renaissance Park Sculpture, Walgreens, Dirty Birds Southern Kitchen, St. Sabina Elders Village Apartments, Walgreens, Saint Sabina School, Saint Sabina Roman Catholic Church, Citgo, Citgo"
17031710800,19,12,"place_of_worship, place_of_worship, place_of_worship, place_of_worship, social_facility, mobile_phone, bank, community_centre, cafe, social_facility, police, place_of_worship, variety_store, restaurant, convenience, variety_store, fuel, school, school","Kendrick Memorial Missionary Baptist Church, Community Faith Baptist Church, Original Glorious Apostolic Faith Church, Victory Apostolic Faith Church, Auburn Gresham Senior Satellite Center, Metro by T-Mobile, Bank of America, Englewood Community Service Center, Brewer Coffee & Custard, Senior Suites of Auburn Gresham, Chicago Police Department 6th District, Saint Matthew Evangelical Lutheran Church, Family Dollar, Dollar General, Amstar, Perspectives High School of Technology, Leo High School"
17031710900,8,7,"childcare, restaurant, fire_station, fuel, convenience, fuel, place_of_worship, bus_station","Auburn Park Day Care Center, Jamaican Jerk Villa, Chicago Fire Department Engine Company 73, GoLo, Falcon, Prayer Band of Faith Deliverance Church, Halsted & 79th Street Terminal"
17031711000,12,7,"place_of_worship, school, place_of_worship, cafe, bicycle_rental, place_of_worship, place_of_worship, convenience, place_of_worship, school, fuel, bus_station","Mount Zion Missionary Baptist Church, Lenas Artistic Beauty College, Love and Unity Prayer Chapel, Afro Joe's, Summit Ave & 86th St, New Faith Missionary Baptist Church, New Berea Missionary Baptist Church, BP Shop, Faith Evangelical Lutheran Church, Gresham Elementary School, BP, Racine & 87th Street Terminal"
17031711100,15,8,"place_of_worship, school, place_of_worship, place_of_worship, bicycle_rental, post_office, variety_store, convenience, place_of_worship, place_of_worship, fuel, fuel, fast_food, school, convenience","Evangelist Temple, L H Day School, Mount Helm Missionary Baptist Church, Mount Carmel Children of God Church, Loomis St & 84th St, Auburn Park Post Office, Family Dollar, Citgo, Beverly Congregational Jehovah Witnesses, Memorial Missionary Baptist Church, Phillips 66, Citgo, McDonald's, Cuffe Elementary School"
17031711200,16,9,"school, place_of_worship, place_of_worship, kindergarten, bicycle_rental, bicycle_rental, place_of_worship, car_rental, place_of_worship, convenience, fuel, fast_food, school, school, bus_station, school","Emmanuel Christian School, Emmanuel Baptist Church, Saint Mark Pentecostal Church of Holiness, Three Kittens Day Nursery and Kindergarten, Wood St & 84th St, Damen Ave & 87th St, New Nation Anoited Ministries, Enterprise, Greater Walters African Methodist Episcopal Zion Church, BP Shop, BP, Wendy's, Foster Park Elementary School, Damen & 87th Street Terminal, LEARN Hunter Perkins Campus"
17031711300,8,6,"school, place_of_worship, ice_cream, bicycle_rental, bank, place_of_worship, place_of_worship, fast_food","Saint Ethelreda School, Eightyseventh Street Church of Christ, Baskin-Robbins, Paulina St & 87th St, United Fidelity Bank, Saint Ethelreda Church, Christian Youth Missionary Baptist Church, Dunkin'"
17031711400,16,12,"place_of_worship, laundry, bicycle_rental, mobile_phone, rental, library, place_of_worship, convenience, supermarket, storage_rental, place_of_worship, place_of_worship, car_parts, school, fuel, school","Progressive Beulah Pentecostal Church, Mr. Bubbles Laundromat, Loomis St & 89th St, Boost Mobile, U-Haul, Brainerd Branch Library, Saint Kilian Roman Catholic Church, Marathon, Pete's Produce, U-Haul, Acme Missionary Baptist Church, Community of Christ, AutoZone, Mahalia Jackson Elementary School, Marathon, Saint Kilian School"
17031711500,2,2,"place_of_worship, school","Gresham United Methodist Church, Ryder Elementary School"
17031720100,28,17,"picnic_site, picnic_site, bakery, cafe, charity, fast_food, bank, bicycle_rental, printer_ink, clinic, place_of_worship, library, fire_station, fast_food, place_of_worship, fast_food, fast_food, variety_store, bank, bicycle, car, picnic_site, place_of_worship, school, school, place_of_worship, bank, bus_station","Dan Ryan South Picnic Grove 12, Dan Ryan Woods South Picnic Grove 14, Jimmy Jamm Sweet Potato Pies, Two Mile Coffee Bar. Co, Goodwill, Chipotle, Chase, Prospect Sq & 91st St, Essential Creations, Passport Health Evergreen Park Travel Clinic, Christ the King Roman Catholic Church, Beverly Branch Library, Chicago Fire Department Engine Company 121, Taco Bell, Saint Paul's Union Church, Top Notch Beefburgers, Rainbow Cone, Dollar Tree, Citibank, Beverly Bike & Ski, Evergreen Kia, Dan Ryan Woods South Picnic Shelter Grove 11, Church of the Holy Nativity, Kate S Kellogg Elementary School, Christ the King School, Bethlehem Lutheran Church, BMO, 87th Street & Western Terminal"
17031720200,19,9,"museum, cafe, cafe, bicycle_rental, cafe, artwork, restaurant, place_of_worship, place_of_worship, pharmacy, place_of_worship, fast_food, fast_food, place_of_worship, place_of_worship, place_of_worship, school, school, pharmacy","Vanderpoel Art Museum, Two Mile Coffee Bar, Munchiez, Walden Pkwy & 100th St, Afro Joe's Coffee & Tea, Sanders BBQ Supply Co, Trinity United Methodist Church, Beverly Unitarian Church, CVS Pharmacy, Saint Barnabas Roman Catholic Church, Burger King, McDonald's, Prayer Tabernacle Church of God in Christ, Saint Andrews-Cheney Memorial Reformed Episcopal Church, Bethany Union Church, Saint Barnabas School, Vanderpoel Magnet School, Walgreens"
17031720300,11,10,"school, mobile_phone, school, car_repair, events_venue, restaurant, clothes, clinic, fast_food, convenience, fuel","The Reading House, AT&T, Sutherland Elementary School, Car-X, The Vineyard, Barraco's Pizza, Andriana Furs, Wendy's, Shell, Shell"
17031720400,8,8,"bakery, cafe, bicycle_rental, place_of_worship, school, car_wash, fast_food, restaurant","Ain't She Sweet Cafe, AndySunflower Café, Western Ave & 101st St, Saint John Fisher Roman Catholic Church, Saint John Fisher School, Sparkle Express Car Wash, Janson's Drive-In, Fox's Pub"
17031720500,9,7,"bar, bar, convenience, community_centre, fuel, pub, coffee, convenience, place_of_worship","Barney Callaghan’s Pub, Sean’s Rhino Bar & Grill, BP Shop, Munroe Park Fieldhouse, BP, Horse Thief Hollow, Beverly Bakery & Cafe, 7-Eleven, Ridge Evangelical Lutheran Church"
17031720600,9,6,"bicycle_rental, artwork, fast_food, funeral_directors, place_of_worship, fast_food, fast_food, pharmacy, place_of_worship","Western Ave & 104th St, Dunkin', Donnellan Funeral Home, Beverly Evangelical Covenant Church, Buona, KFC, Walgreens, Saint John the Divine Lutheran Church"
17031720700,9,9,"fast_food, bicycle_rental, bank, museum, dry_cleaning, funeral_directors, cafe, fire_station, school","Subway, Vincennes Ave & 104th St, U.S. Bank, Ridge Historical Society, Heavenly Angels Funeral Home, Starbucks, Chicago Fire Department Engine Company 24, Barnard Elementary School"
17031730100,5,3,"place_of_worship, place_of_worship, bicycle_rental, place_of_worship, school","Greater Mount Bethel Missionary Baptist Church, Saint Matthew-Gordon African Methodist Episcopal Zion Church, Eggleston Ave & 92nd St, Trinity United Church of Christ, Kipling Elementary School"
17031730201,11,7,"place_of_worship, mobile_phone, bicycle_rental, bicycle_rental, variety_store, place_of_worship, bank, motel, place_of_worship, place_of_worship, school","School of Wisdom of Truth Class, Boost Mobile, Elizabeth St & 92nd St, Loomis St & 95th St, Dollar Tree, Beverly Hills Seventh Day Adventist Church, Old Second National Bank, New Budget Motel, Cross Temple Church of God in Christ, Shiloah Baptist Church, Fort Dearborn Elementary School"
17031730202,8,5,"place_of_worship, bicycle_rental, nursing_home, motel, place_of_worship, place_of_worship, school, school","New Calvary Missionary Baptist Church, Halsted St & 93rd St, Southpoint Nursing and Rehabilitation Center, Beverly Motel & Suites, New Covenant Coptic Temple, Baptist Church Without a Spot or Wrinkle, Oakdale Christian Academy, Evangelical Christian School"
17031730300,8,7,"kindergarten, place_of_worship, place_of_worship, bar, supermarket, convenience, fuel, variety_store","Lolly Pop Nursery School and Kindergarten, Southside Unity Center of Christianity, Stratford Revival Center Southside Move of God Church, Wild Blossom Meadery & Winery, Jewel-Osco, Amstar, Dollar General"
17031730400,19,12,"school, cafe, bicycle_rental, dentist, childcare, variety_store, place_of_worship, fast_food, fast_food, fast_food, fast_food, convenience, fuel, place_of_worship, school, school, car_wash, school, bus_station","Saint Margaret School, Poppin Dough, Vincennes Ave & 95th St, Sonrisa Family Dental, Daycare, Family Dollar, Saint Margaret of Scotland Catholic Church, Subway, Dunkin', Popeyes, McDonald's, Shell, Shell, Third Baptist Church, Wendell Green Elementary School, Chicago International Charter School Loomis-Longwood, Wacker Elementary School, Ashland & 95th Street Terminal"
17031730500,17,8,"school, place_of_worship, place_of_worship, place_of_worship, place_of_worship, bicycle_rental, gift, fuel, fuel, library, fast_food, place_of_worship, place_of_worship, place_of_worship, convenience, school, school","Saint Helena School, Prayers Warriors Missionary Baptist Church, House of God, Church of Christ, Gods House of Holiness in Christ, Halsted St & 96th St, Edible Arrangements, Super Save, Citgo, Carter G. Woodson Regional Library, Harold's Chicken Shack, Journey Church of Chicago, New Macedonia Baptist Church, Fernwood United Methodist Church, Citgo, Medgar Evers Elementary School, Fernwood Elementary School"
17031730600,18,10,"school, school, post_office, bicycle_rental, bicycle_rental, fast_food, place_of_worship, place_of_worship, motel, place_of_worship, place_of_worship, convenience, place_of_worship, fuel, clinic, place_of_worship, place_of_worship, social_facility","Marra Collins South Preparatory School, Collins South School, Chicago Post Office Finance Station H, Aberdeen St & 103rd St, Throop St & 99th St, KFC, Gospel Temple Missionary Baptist Church, The Powerhouse Church of Chicago, Motel 6 Chicago - Halsted, Holy Ghost Deliverance Temple, Jehovahs Witnesses Fernwood Unit, BP Shop, Zion Lutheran Church, BP, Fresenius Kidney Care, Little Zion Baptist Church, Trinity Evangelical Lutheran Church"
17031730700,19,13,"bicycle_rental, restaurant, fast_food, atm, artwork, money_transfer, money_transfer, convenience, clinic, variety_store, fuel, storage_rental, school, place_of_worship, school, place_of_worship, school, fuel, convenience","Aberdeen St & 106th St, Beggars Pizza, Subway, Bank of America, Western Union, 103rd & Halsted Currency Exchange, Citgo, DaVita Dialysis, Family Dollar, Citgo, Metro Self Storage, Percy L. Julian High School, Victory Cathedral Faith Church, Mount Vernon Elementary School, Messiah Baptist Church, Marcus Garvey Elementary School, Exxon, Tiger Mart"
17031740100,15,11,"supermarket, convenience, collector, fast_food, fast_food, fire_station, variety_store, bank, hardware, fast_food, fast_food, car_repair, bicycle, school, bank","Jewel-Osco, 7-Eleven, Alternate Reality Comics, Subway, Donut Dudes, Chicago Fire Department Engine Company 92, Dollar Tree, U.S. Bank, Chicago True Value Hardware, Popeyes, Pop's Italian Beef & Sausage, Jiffy Lube, Chicagoland Bicycle, Keller Regional Gifted Magnet School, CIBC"
17031740200,21,15,"school, bar, cafe, bicycle_rental, bicycle_rental, fast_food, pharmacy, dry_cleaning, variety_store, place_of_worship, convenience, fast_food, doityourself, place_of_worship, university, university, school, school, bank, social_facility, bus_station","Mercy Hall, Bar 106, Coffee Cats, 103rd St & Avers Ave, Kedzie Ave & 104th St, Subway, CVS Pharmacy, CD One Price Cleaners, Dollar Tree, McDonough Chapel, 7-Eleven, McDonald's, DeJay's Ace Hardware, Mount Greenwood Church of the Nazarene, Graham School of Management, Saint Xavier University, Brother Rice High School, Mother McAuley High School, Chicago Patrolmen's Federal Credit Union, Mercy Circle, Pulaski & 104th Street Terminal"
17031740300,17,11,"mobile_phone, fast_food, bicycle_rental, school, fast_food, convenience, fuel, place_of_worship, place_of_worship, fast_food, clinic, place_of_worship, library, place_of_worship, school, pharmacy, storage_rental","T-Mobile, Dunkin', Kedzie Ave & 110th St, Mount Greenwood Elementary School, La Papas, SNK Fuels, Elim Baptist Church, Saint Christina's Catholic Church, Burger King, Express Med Spa Chicago, Mount Greenwood Lutheran Church, Mount Greenwood Branch Library, Mount Greenwood United Methodist Church, Saint Cristina School, Walgreens, Extra Space Storage"
17031740400,14,10,"bakery, bicycle_rental, place_of_worship, car, bank, car_wash, clinic, post_office, school, place_of_worship, school, school, bus_station, bus_station","Dolly’s Delectables, Lawndale Ave & 111th St, Parkwood Baptist Church, McCarthy Ford, North Community Bank, Quick Suds Car Wash, DaVita Dialysis, Mount Greenwood Post Office, Cassell Elementary School, Mount Greenwood Reformed Church, Chicago High School for the Agricultural Sciences, Marist High School, 111th Street & Harding Terminal, 115th Street & Springfield Terminal"
17031750100,19,12,"cafe, clinic, artwork, artwork, cafe, bicycle_rental, convenience, fuel, fuel, supermarket, car_repair, place_of_worship, place_of_worship, fast_food, place_of_worship, music_school, place_of_worship, school, school","Jean’s Cafe, Seby Medical Center, Marshall Major Taylor, Erin's Cup, Vincennes Ave & 107th St, Citgo, Citgo, Save-A-Lot, Jiffy Lube, Greater Mount Eagle Baptist Church, New Hope Baptist Church, White Castle, Greater New Testament Missionary Baptist Church, West Point School of Music, Morgan Park Seventh Day Adventist Church, West Point School of Music, Children's Developmental Institute"
17031750200,14,7,"fast_food, fast_food, cafe, bicycle_rental, place_of_worship, library, bank, place_of_worship, place_of_worship, place_of_worship, cafe, place_of_worship, school, school","See Thru Chinese Kitchen, Milano's Pizza, Ellie’s Cafe, Hale Ave & 107th St, Morgan Park Presbyterian Church, George C. Walker Branch Library, PNC Bank, Morgan Park Christian Church, Church of the Mediator, Morgan Park United Methodist Church, Favia Cafe & Sweets Shop, Morgan Park Baptist Church of Chicago, Clissold Elementary School, Council Oak Montessori School"
17031750300,13,12,"restaurant, bar, fast_food, pub, fuel, convenience, florist, car_repair, place_of_worship, seafood, supermarket, restaurant, car_parts","Americanos, O'Rourkes Office, Waldo Cooney's Pizza, Open Outcry Brewing Company, Kean, Steuber Florist, Meineke, Religious Society of Friends, DiCola's Seafood, County Fair Foods, Home Run Inn Pizzeria, NAPA Auto Parts"
17031750400,9,9,"bicycle_rental, arts_centre, bank, fast_food, variety_store, place_of_worship, school, kindergarten, social_facility","Western Ave & 111th St, Beverly Art Center, U.S. Bank, Joey's Red Hots, Family Dollar, Saint Cajetan Roman Catholic Church, Saint Cajetan School, Barbara Vick Early Childhood Center"
17031750500,48,27,"supermarket, supermarket, bar, bar, bakery, clothes, video_games, fast_food, clothes, department_store, variety_store, nutrition_supplements, fast_food, mobile_phone, fast_food, fast_food, bicycle_rental, clothes, clothes, telecommunication, department_store, convenience, pharmacy, shoes, place_of_worship, fuel, place_of_worship, social_facility, place_of_worship, bank, social_facility, post_office, chemist, social_facility, police, fire_station, place_of_worship, school, school, school, place_of_worship, place_of_worship, bank, restaurant, school, optician, variety_store, bus_station","Jewel-Osco, Fairplay Foods, Declan’s Irish Pub, Rucker Cigar Lounge, Laine’s Bake Shop, 111 West Boutique, GameStop, Wingstop, Old Navy, Forman Mills, Dollar Tree, GNC, Pizza Hut Delivery, T-Mobile, Subway, Panda Express, Homewood Ave & 115th St, DTLR, Rainbow, Xfinity, dd's Discounts, BP Shop, Walgreens, Snipes, Morgan Park Church of God, BP, Apostolic Pentecostal Church of Morgan Park, Mercy Home Girls Campus, Sacred Heart Church, First American Bank, Morgan Park Post Office, Walgreens, Smith Village, Chicago Police Department 22nd District, Chicago Fire Department Engine Company 120, Saint Walter's Roman Catholic Church, Saint Walter School, Morgan Park High School, Esmond Elementary School, The Church of Jesus Christ of Latter-day Saints, Morgan Park Pentecostal Church, Fifth Third Bank, Chili's, Morgan Park Academy, America's Best Contacts & Eyeglasses, Family Dollar, Western & 119th Street Terminal"
17031750600,15,6,"bicycle_rental, bicycle_rental, bicycle_rental, bicycle_rental, school, place_of_worship, place_of_worship, place_of_worship, place_of_worship, place_of_worship, place_of_worship, clinic, car_repair, fast_food, school","Ada St & 113th St, Halsted St & 111th St, Laflin St & 115th St, Major Taylor Trail & 111th St, Shoop Elementary School, Holy Name of Mary Catholic Church, New Morgan Park Church of God in Christ, Beth Eden Baptist Church, Holy Cross Episcopal Church, Mount Calvary Baptist Church, Arnett Chapel African Methodist Episcopal Church, Planned Parenthood - Roseland Health Center, Valvoline, Popeyes, Mount Calvary Christian Academy"
17031760801,7,6,"bank, artwork, restaurant, hotel, place_of_worship, hotel, bus_station","Old National Bank, Navat Restaurant, Chicago Marriott O'Hare, All Saints Cathedral, Renaissance Chicago O'Hare Suites, Cumberland Blue Line Station"
17031760802,20,12,"supermarket, picnic_site, picnic_site, picnic_site, picnic_site, picnic_site, bakery, attraction, post_office, grave_yard, information, information, place_of_worship, bank, picnic_site, picnic_site, school, fast_food, bus_station, bus_station","Jewel-Osco, Schiller Woods-West Grove #3, Schiller Woods-West Grove #5, Schiller Woods-West Grove #6, Schiller Woods-West Grove #7, Che Che Pin Qua Woods Grove #1, Sicilian Bakery, Schiller Woods Magic Water Pump, The UPS Store, Robinson Family Burial Ground;Indian Cemetery, Our Lady Mother of the Church Roman Catholic Church, Parkway Bank, Catherine Chevalier Woods Grove #1, Catherine Chevalier Woods Grove #3, Our Lady Mother of the Church School, McDonald's, Addison & Cumberland Terminal, Irving Park & Cumberland Terminal"
17031760803,7,7,"convenience, fast_food, bicycle_rental, place_of_worship, bank, picnic_site, school","7-Eleven, Plush Pup, Cumberland Ave & Catherine Ave, Saint Joseph Ukrainian Catholic Church, Selfreliance Federal Credit Union, Catherine Chevalier Woods Grove #2, Everett McKinley Dirksen Elementary School"
17031770602,2,2,"post_depot, bank","DHL, Alliant Credit Union"
17031770902,1,1,school,Pennoyer Elementary School
17031810400,8,5,"bar, restaurant, hotel, school, place_of_worship, restaurant, school, hotel","Bar Louie, Outback Steakhouse, SpringHill Suites Chicago O'Hare, St. Sava Academy, Holy Resurrection Serbian Orthodox Cathedral, Hooters, Saint Paul School, Holiday Inn Chicago O'Hare Area"
17031830500,18,7,"bicycle_rental, bicycle_rental, school, school, school, school, car_wash, place_of_worship, place_of_worship, studio, bakery, school, school, studio, studio, studio, studio, bus_station","Komensky Ave & 31st St, Harding Ave & 31st St, Social Justice High School, World Language High School, Multicultural Arts High School, Infinity High School, Jehovahs Witnesses Central Unit, The Church of Jesus Christ of Latter-day Saints, Cinespace Kedzie Studio Building, Le Paris Bakery, Little Village Lawndale High School Campus, Paul Simon Job Corps Center, Cinespace Film Studios Kedzie, Stage 1, Stage 2, Stage 3, 31st Street & Komensky Terminal"
17031830600,55,36,"school, bakery, restaurant, alcohol, beauty, paint, restaurant, restaurant, restaurant, bicycle_rental, bicycle_rental, pharmacy, fast_food, artwork, ice_cream, mobile_phone, laundry;dry_cleaning, bar, erotic, bar, nightclub, furniture, library, convenience, fast_food, freeshop, community_centre, car_rental, beauty, convenience, hairdresser, laundry, fast_food, car_repair, alcohol, erotic, variety_store, post_office, mobile_phone, dentist, hardware, fuel, place_of_worship, fuel, convenience, museum, clinic, storage_rental, mobile_phone, fast_food, restaurant, fast_food, police, school, bus_station","Lawrence Hall School for Boys, Smack Dab Bakery, Taqueria El Chorrito, Rogers Park Fine Wine and Spirits, Taste of Peru, El Pulpo Loco Restaurant, Denden Restaurant, Clark St & Schreiber Ave, Clark St & Columbia Ave, Walgreens, Subway, Jetty, Paleteria Las Delicias de Michoacán, Boost Mobile, Discount Laundry, Touche, Leather 64ten, Dino's Bar, Jackhammer, Marjen Furniture of Chicago, Gerber/Hart Library and Archives, Citgo, Burger Bite, Rogers Park Free Store, Chicago Industrial Arts and Design Center, U-Haul, Princess Nails, 2P's Smoke Shop, Hair Salon, Econo Coin Laundry, Vicky's Cafe, Clark Tire Service, Lian's Liquors & Grocery, Red Vault, Dollar Value Plus, Order Express, Total by Verizon, Dental 360, Clark-Devon Hardware, Citgo, Al-Madinah Islamic Center, Shell, Erika Food Mart, Leather Archives and Museum, Howard Brown Health Clark, Extra Space Storage, Metro by T-Mobile, Domino's, Sebastian’s Coffee and Bakery, McDonald's, Chicago Police Department 24th District, Sullivan High School, Clark & Arthur Terminal"
17031830700,64,29,"bicycle, school, school, place_of_worship, bank, fast_food, bicycle_rental, restaurant, department_store, restaurant, atm, restaurant, bar, bakery, bar, bicycle_rental, doityourself, fast_food, fast_food, ice_cream, restaurant, cafe, restaurant, fast_food, artwork, bank, restaurant, cafe, restaurant, alcohol, restaurant, fast_food, pharmacy, bureau_de_change, mobile_phone, restaurant, tattoo, mobile_phone, hairdresser, pawnbroker, restaurant, restaurant, restaurant, restaurant, alcohol, convenience, hairdresser, cafe, bureau_de_change, wigs, coffee, bar, money_transfer, restaurant, coffee, college, supermarket, place_of_worship, clinic, place_of_worship, bank, fast_food, fast_food, bicycle_rental","Broadway Bikes, Ecumenical Institute, Chicago Urban Skills Institute, Chicago Uptown Ministry, Old National Bank, Jimmy John's, Broadway & Wilson Ave, Agami, Target, Hing Wang, Huntington Bank, Cariño, Drink and Ink, My Chocolate Soul, 2Bears Tavern, Winthrop Ave & Lawrence Ave, Uptown Ace Hardware, Wingstop, Dunkin', Baskin-Robbins, Selam Ethiopian Kitchen, Downstate Donuts, In-On Thai, Subway, Eternal Silence, PNC Bank, Michuu Ethiopian Restaurant, Starbucks, Lucy's, Epic Wine & Spirits, A Pizza Pie, Gigio's Pizza, CVS Pharmacy, Broadway Montrose Currency Exchange, Green Star, Ragadan, Tattoo Factory, Metro by T-Mobile, 8505 Salon, Just Pawn, Nigerian Kitchen, Kimchi Pop, Taqueria Diamante, Iyanzé, Sky's Beverage Depot, Fine Food Mart, Spoil Me Hair Salon and Spa, Stan's Donuts & Coffee, CFSC Currency Exchange, Elim Wigs & Hair, Nabala Cafe, Baton Show Lounge, MoneyGram, B&Q Afro Roots, Queen Yemeni Coffee, Truman College, Aldi, Uptown Baptist Church, Chicago Women's Health Center, Buddhist Temple of Chicago, BMO, McDonald's, Sonic"
17031830800,38,20,"cafe, restaurant, restaurant, fast_food, convenience, fast_food, restaurant, pub, childcare, car_sharing, atm, pub, bicycle_rental, cafe, restaurant, bar, cafe, clothes, alcohol, alcohol, atm, pub, restaurant, information, information, restaurant, hairdresser, bakery, laundry, restaurant, gift, school, place_of_worship, place_of_worship, bank, school, fast_food, school","Starbucks, La Amistad, Bayan Ko Diner, Budacki's, Best Buy Food & Liquor, Subway, Bayan Ko, Platform 47, LFC*daycare, Farm Bar, Damen Ave & Leland Ave, Spoken Cafe, Wolcott Tap, La Boulangerie & Co, Hazel Apparel, Fountainhead Market, Bank of America, Cultivate by Forbidden Root, Pita Express, Anna's Thai Kitchen Restaurant, The Attractivators, Del Sur Bakery, Foremost Cleaners, Pollo Express, Celtica Gifts, McPherson Elementary School, Chùa Quang Minh, Chicago Northside Church of the Nazarene, Chase, Lycée Francais, LFC Cafeteria and Handcut foods, La salle d'SNT"
17031830900,87,45,"dojo, clinic, bicycle_rental, alcohol, restaurant, restaurant, restaurant, animal_boarding, dry_cleaning, fast_food, childcare, alcohol, restaurant, restaurant, shoes, fast_food, ice_cream, fast_food, mobile_phone, houseware, nutrition_supplements, mobile_phone, charging_station, restaurant, cafe, cafe, bar, fast_food, clinic, convenience, beauty, charging_station, charging_station, charging_station, charging_station, charging_station, charging_station, charging_station, bed, cafe, clinic, florist, restaurant, viewpoint, car, charging_station, hotel, supermarket, appliance, department_store, doityourself, pet, scuba_diving, fuel, bar, restaurant, place_of_worship, tiles, optician, car_repair, place_of_worship, music, car_repair, cinema, fast_food, fast_food, variety_store, storage_rental, craft, restaurant, car, school, fast_food, alcohol, garden_centre, variety_store, computer, optician, department_store, department_store, shoes, variety_store, fast_food, hairdresser_supply, optician, doctors, beauty","Hapkido and Karate School, Weissbluth Pediatrics, Logan Blvd & Elston Ave, Bucktown Food & Liquor, Wonder Chop Sushi & Chinese, Fullerton Restaurant, Estrella Negra, Zen Dogs Chicago Logan Square, Mister ""G"" Cleaners, Nashville Hot Chicken, Rainforest Pre-School & Infant Center, R&S Food & Liquors, Lee's Chop Suey, Boulevard Bistro, Skechers, Chipotle, Forever Yogurt, Potbelly, T-Mobile, HomeGoods, The Vitamin Shoppe, Verizon, Arbor, Cherubs, Chromium, Maplewood Brewery & Distillery, Panera Bread, Endeavor Health Orthopaedic & Spine Center - Chicago in Bucktown, Mobil Mart, European Wax Center, Tesla Destination Charger, Tesla Destination Charger, Tesla Destination Charger, Tesla Destination Charger, Tesla Destination Charger, ChargePoint, ChargePoint, Mattress Firm, Starbucks, DaVita Dialysis, Olivoflowers Boutique, Fry Like An Eagle, Drive Away Motors, Tesla Supercharger, The Hotel At Midtown, Fresh Thyme, Grand Appliance, Target, The Home Depot, PetSmart, Learn Scuba Chicago, Mobil, Logan Arcade, Fat Willy’s Rib Shack, Saint Andrew Romanian Orthodox Church, Tile Outlet, Aardvark Eyewear, Valvoline, Saint John Berchmans Parish, Logan Hardware, Pep Boys, Regal City North Stadium 14 IMAX & RPX, Burger King, Jim's Original, pOpshelf, Public Storage, Michaels, Il Girasole Trattoria, Fox Motors, St. John Berchmans School, Chick-fil-A, Binny's Beverage Depot, Five Below, Micro Center, Visionworks, Burlington, Ross, Shoe Carnival, Dollar Tree, Subway, Sally Beauty, America's Best Contacts & Eyeglasses, Milan Laser Hair Removal, Lee Nails"
17031831000,36,26,"florist, convenience, hostel, bicycle_rental, restaurant, sports, clothes, hostel, atm, bag, restaurant, beauty, artwork, supermarket, bicycle, bar, cafe, restaurant, bar, bakery, information, information, social_centre, books, clothes, cannabis, sports, information, information, library, fire_station, bakery, fast_food, pub, bank, school","Daffodils, Olivia's Market, Urban Holiday Lofts, Damen Ave & Cortland Ave, Lucky's Sandwich Co., Bandit Running, Apartment No. 9, IHSP Chicago Hostel, Chase, Flight 001, Sushi Para M, Trim, A Greater Perspective, Aldi, Trek, TRUCE, Rapha - Chicago, The Tankard, Rory Lake’s Karaoke Dreams, Olivia’s Market, AMVETS FDR Post 923, Barnes & Noble, Salomon, Ivy Hall Dispensary, Rapha, Bucktown-Wicker Park Branch Library, Chicago Fire Department  Engine Company 35, Mindy’s Bakery, Wingstop, Lottie's Pub, PNC Bank, Drummond Elementary School"
17031831100,73,36,"variety_store, supermarket, department_store, bar, fast_food, convenience, bar, bicycle, bicycle_rental, bicycle_rental, convenience, car_repair, fast_food, alcohol, pub, bar, fast_food, gallery, bar, bar, bar, bar, bakery, restaurant, convenience, convenience, car_parts, hairdresser, paint, clothes, trade, atm, atm, fast_food, pharmacy, laundry, fast_food, restaurant, fast_food, flooring, bureau_de_change, money_transfer, pharmacy, fuel, pharmacy, chemist, bank, chemist, laundry, supermarket, fuel, rental, fuel, convenience, supermarket, storage_rental, place_of_worship, variety_store, car, doityourself, supermarket, bank, school, school, school, university, restaurant, convenience, storage_rental, fast_food, bank, garden_centre, fuel","Five Below, Aldi, TJ Maxx, Revolution Brewing - Kedzie Brewery, Taqueria Mazamitla, 7-Eleven, Late Bar, Kozy's Cyclery, Avers Ave & Belmont Ave, Kimball Ave & Belmont Ave, 7-Eleven, Chipotle, Valumost Liquors, Edelweiss Tavern, Milano Cafe & Bar, Outdoor Grill, Night Club, Sleeping Village, Alice’s Lounge, Avondale Tap, Teddy Bear Lounge, Yo Yo Food Mfg, La Nonna, BP Shop, BP Shop, O'Reilly Auto Parts, Great Clips, Benjamin Moore, Discovery Clothing Company, Ferguson, PNC Bank, PNC Bank, Dunkin', CVS Pharmacy, Spin Xpress Laundry, Jimmy John's, CheSa's Bistro & Bar Chicago, Charleys Philly Steaks, Floor & Decor, Kedzie Elston Currency Exchange, Western Union, Walgreens, BP, CVS Pharmacy, Walgreens, Bank of America, Walgreens, J&M Coin Laundromat, Los Potrillos Food Market, BP, U-Haul, Marathon, Marathon, Joong Boo Market, The Lock Up, Saint Wenceslaus Roman Catholic Church, Family Dollar, The Home Depot, Jewel-Osco, Chase, Reilly Elementary School, Saint Wenceslaus School, Lorca Elementary School, Northeastern Illinois University - El Centro Campus, Olive Garden, Corner Market, CubeSmart, Portillo's, PNC Bank, Shell"
17031831200,17,13,"restaurant, mobile_phone, alcohol, bicycle_rental, ice_cream, mobile_phone, fast_food, beauty, variety_store, dentist, laundry, place_of_worship, place_of_worship, variety_store, supermarket, school, school","Rica Arepa, Boost Mobile, Pioneer Liquor, Lowell Ave & Armitage Ave, La Michoacana, Metro by T-Mobile, Subway, Lucky Nails, Dollar Island, Moneda Lavanderia, Highway of Holiness Bible Way Pentecostal Church, Saint Philomena Roman Catholic Church, Dollar Tree, Cermak Produce, McAuliffe Elementary School, Pritzker College Prep"
17031831300,9,8,"mobile_phone, convenience, bicycle_rental, pharmacy, events_venue, supermarket, chemist, convenience, fuel","Metro by T-Mobile, Kilpatrick Ave & Grand Ave, Walmart Pharmacy, El Mexico Moderno Ball Room, Walmart Supercenter, Walgreens, Shell, Shell"
17031831400,27,15,"school, place_of_worship, place_of_worship, bicycle_rental, fast_food, fast_food, mobile_phone, variety_store, mobile_phone, bicycle_rental, charging_station, convenience, car_wash, supermarket, car_parts, fast_food, place_of_worship, hospital, place_of_worship, social_facility, hospital, fuel, fuel, convenience, storage_rental, school, school","Plato School, New Mission Church of God in Christ, Saint Mary Church of God in Christ, Flournoy St & Cicero Ave, Subway, Little Caesars, T-Mobile, Family Dollar, Boost Mobile, Mayfield Ave & Roosevelt Rd, Tesla Supercharger, 76, Buddy Bear Car Wash, Aldi, Advance Auto Parts, McDonald's, Greek Orthodox Church of the Assumption, Loretto Hospital, Trinity United Methodist Church, Generations at Columbus Park, Hartgrove Behavioral Health System, 76, BP, BP Shop, Extra Space Storage, Michele Clark Magnet High School, George Rogers Clark Elementary School"
17031831500,57,29,"place_of_worship, school, department_store, department_store, hardware, clothes, party, fast_food, mobile_phone, nutrition_supplements, fast_food, hairdresser, restaurant, mobile_phone, mobile_phone, fast_food, fast_food, ice_cream, shoes, shoes, shoes, optician, clothes, sports, hairdresser_supply, variety_store, mobile_phone, video_games, fast_food, mobile_phone, supermarket, department_store, storage_rental, artwork, restaurant, restaurant, dentist, supermarket, copyshop, fire_station, place_of_worship, fast_food, supermarket, variety_store, supermarket, doityourself, bank, cafe, fast_food, place_of_worship, bank, alcohol, supermarket, department_store, library, school, fast_food","Mont Clare Gospel Church, ICCI Academy, Marshalls, Ross, Harbor Freight Tools, Rainbow, Party City, Papa John's, T-Mobile, GNC, Subway, Hair Cuttery, Buffalo Wild Wings, Boost Mobile, Cricket Wireless, Chipotle, Dunkin', Baskin-Robbins, Kids Foot Locker, Shoe Carnival, Foot Locker, America's Best Contacts & Eyeglasses, Avenue, Champs Sports, Sally Beauty, Five Below, Verizon, GameStop, Jimmy John's, AT&T, Farmers Best Market, dd's Discounts, Public Storage, Giant Radio Flyer Wagon, Meson Del Taco, Jerusalem Grill, International Dental Center, Al-Bayan Grocery, Clementi Printing Inc., Chicago Fire Department Engine Company 125, Word of Life Church of God, Burger King, Gordon Food Service Store, Dollar Tree, Jewel-Osco, Lowe's, Fifth Third Bank, Starbucks, McDonald's, Islamic Community Center of Illinois (ICCI), Republic Bank, Circle-G, Aldi, Target, West Belmont Branch Library, Acero Roberto Clemente School, Panda Express"
17031831600,43,27,"library, bar, bakery, bakery, bakery, bar, cafe, bar, bakery, hairdresser, bicycle_rental, bicycle_rental, florist, place_of_worship, fast_food, fast_food, social_facility, restaurant, car, car, car, car_repair, laundry, car_parts, car_parts, bakery, bank, car_repair, place_of_worship, furniture, place_of_worship, doityourself, childcare, clinic, convenience, storage_rental, school, hospital, bank, garden_centre, bus_station, car, car_wash","Galewood-Mont Clare Branch Library, Bistro Grand, Delipan Bakery, Eat Me Sweetheart Bakery, El Rincon Del Sabor, Eva’s Sports Bar, I Due Mondi, Jacqueline Lounge, Kolatek’s Bakery & Deli, The Goat Parlor, Nordica Ave & Medill Ave, Newcastle Ave & Belden Ave, Same Day Flower Delivery Chicago, Mont Clare Congregational Church, Taco Bell, Popeyes, The Montclare Senior Residences, Applebee's, McGrath City Mazda, McGrath City Honda, McGrath City Hyundai, Pep Boys, Speed Queen, O'Reilly Auto Parts, AutoZone, Reuter’s Bakery, Chase, Auto Repair, Mount Clare Baptist Church, The Room Place, Saint Williams Church, The Home Depot, Tots Land, Advanced Dermalogy & Urology Center, 7-Eleven, Extra Space Storage, Saint Williams School, Shriners Hospitals for Children, Hoyne Savings Bank, Grand & Nordica Terminal, Jet Brite Car Wash"
17031831700,27,19,"driving_school, beauty, mobile_phone, events_venue, car_repair, car_repair, shoes, convenience, department_store, department_store, rental, department_store, bank, bicycle_rental, beauty, department_store, fast_food, supermarket, storage_rental, fuel, car_wash, pet, bank, social_facility, fast_food, social_facility, cafe","Diesel Truck Driver Training School, Sunny Nails, Boost Mobile, Miracle Entertainment, Four Star Auto Mania, Portage Auto Parts, Famous Footwear, Shell, Ross, dd's Discounts, U-Haul, Marshalls, Huntington Bank, Cicero Ave & Grace St, Lee Nails, Target, Jeff's Red Hots, Jewel-Osco, U-Haul, Shell, Shell, PetSmart, Bank of America, The Kilpatrick Renaissance, Chipotle, The Clarendale, Starbucks"
17031831800,45,20,"school, school, restaurant, general, car_repair, bicycle_rental, bicycle_rental, coffee, coffee, cafe, cafe, bicycle_rental, restaurant, restaurant, bicycle, artwork, fast_food, bicycle_rental, cafe, fast_food, post_office, cafe, university, university, place_of_worship, library, library, fast_food, fast_food, bar, fast_food, convenience, place_of_worship, community_centre, fuel, place_of_worship, car_repair, convenience, fuel, library, studio, car_wash, school, school, school","North Park Elementary School, Telshe Yeshiva, Tre Kronor, The Sweden Shop, St. Louis Ave & Balmoral Ave, Kedzie Ave & Bryn Mawr Ave, Baba’s Coffee, Cafe Descartes, Java & Mug Cafe, Outdoor Cafe, Kedzie Ave & Foster Ave, Sheeba Mandi House, Ban Po Jung, Cog Cycles, Domino's, St. Louis Ave & Foster Ave, Cafe Descartes, NEIU Cafeteria, DHL Express Service Point Chicago, Shibam Coffee, North Park University, Northeastern Illinois University, First Temple of Universal Law Church, Albany Park Branch Library, Brandel Library, Charcoal Delights, McDonald's, Big Hill Bar & Grill, Subway, Shell, Holy Nation Presbyterian Church, Albany Park Community Center, Shell, North Park Covenant Church, Chicago Car Care, BP Shop, BP, Ronald Williams Library, WTTW Studios, Shell, Peterson Elementary School, Northside College Preparatory High School, Von Steuben Metropolitan High School"
17031831900,41,20,"school, fast_food, bicycle_rental, bicycle_rental, pub, restaurant, bar, bar, restaurant, bar, cafe, cafe, restaurant, florist, hairdresser, tobacco, alcohol, restaurant, ice_cream, ice_cream, artwork, artwork, artwork, artwork, artwork, dentist, car_repair, dentist, clothes, school, place_of_worship, fast_food, place_of_worship, butcher, clothes, fast_food, bank, clothes, place_of_worship, social_facility, bicycle_rental","Giannini Music Center, Potbelly, Lincoln Ave & Addison St, Lincoln Ave & Roscoe St, Corridor Brewery and Provisions, Cafe El Tapatio, Finley Dunnes Tavern, Avenue Tap and Kitchen, Southport Grocery & Cafe, Lange’s Lounge, Starbucks, Cafe Tola #3, Brown Bag Seafood Co., B Collective, Sine Qua Non, Puffs Smoke Shop, Pelly's Liquors, Churro Parlor, Jeni's Splendid Ice Creams, Baskin-Robbins, Smiles On Ashland, Reliable Auto Repair Center, In Smyle, Lululemon, Hamilton Elementary School, Zen Buddhist Temple, Dunkin', Cornelia Avenue Baptist Church, Paulina Meat Market, Anthropologie, Burrito House, PNC Bank, Gap, Saint Andrew Roman Catholic Church, Artis Senior Living of Lakeview, Southport Ave & Roscoe St"
17031832000,45,18,"place_of_worship, bar, atm, restaurant, bar, bar, restaurant, clothes, restaurant, cafe, bar, bar, bar, bar, ice_cream, fast_food, bar, convenience, fast_food, clothes, confectionery, cafe, fast_food, bank, fast_food, fast_food, clothes, restaurant, animal_boarding, car_repair, pastry, fast_food, cinema, pastry, artwork, artwork, bar, fast_food, restaurant, restaurant, hostel, convenience, clothes, fuel, fast_food","New Bethel Independent Christian Church, Wild Hare, PNC Bank, Old Crow Smokehouse, Vines on Clark, The Sandlot Wrigley, Cozy Noodles N' Rice, Baseballism, Stretch, Do-Rite Donuts & Chicken, Sluggers World Class Sports Bar, Stretch Bar & Grill, Tinker to Evers, Wrigleyville, Nola Pub, Forever Yogurt, Shake Shack, Santa Baby Bar, 7-Eleven, Chipotle, Lids, Kilwins, Starbucks, Taco Bell Cantina, Chase, Dunkin', Subway, Wrigleyville Sports, Diva, Camp Wiggles, I & C Auto Repair, Insomnia Cookies, Culver's, Alamo Drafthouse Cinema, Crumbl Cookies, Marraige Equality & Friar Mychal Judge, Barbara Jordan & Jose Sarria, Cubby Bear, Einstein Bros. Bagels, Zam Zam, Dimo's, Wrigley Hostel, Circle K, Sports World, Shell, Chick-fil-A"
17031832100,49,28,"place_of_worship, bicycle_rental, bicycle_rental, place_of_worship, bar, restaurant, restaurant, fast_food, bakery, video_games, fast_food, pawnbroker, fast_food, restaurant, beauty, restaurant, alcohol, restaurant, kindergarten, restaurant, beauty, beauty, window_blind, bed, hairdresser, hairdresser, clinic, alcohol, pet_grooming, beauty, convenience, arts_centre, tobacco, fast_food, storage_rental, restaurant, doityourself, pharmacy, bakery, fast_food, fast_food, social_facility, convenience, fuel, car_wash, chemist, clinic, school, supermarket","Northside Calvary Baptist Church, Broadway & Sheridan Rd, Sheridan Rd & Irving Park Rd, The Nigerian Islamic Center of Chicago, Wrigleyville North, Breakfast House, Tac Quick, Subway, Artemio's Bakery, GameStop, Dunkin', Cash America Pawn, Windy City Gyros, El Mariachi Tequila Bar & Grill, Van-T Nails, Amici - Chicago, Lakeside Food Wine & Spirits, Nano Ramen and Sushi, Wee Care Preschool, Asian Mix Cafe, Brows Threading, Spa Avenue, Regent Window Fashions, Futons-N-More, Sanchez Barber Shop, Holy Fade!, Vesper, Sheridan Liquor & Lounge, Paradise Pet Salon, RK Salon, Ricky’s Food Mart, Shine Bright In Life! Healing Arts Center, Wrigley Smoke & Style, DosBros Fresh Mexican Grill, Self-Storage 1, PR Italian Bistro, Lakeview Ace Hardware, Walgreens, Bakehouse Chicago, Jersey Mike's Subs, Byron's Hot Dogs, Nourishing Hope, TRIO, BP, Trio Car Wash, Walgreens, Broadway Youth Center, Greeley Elementary School, Alta Vista Foods"
17031832200,31,17,"cafe, bar, restaurant, restaurant, florist, bicycle_rental, bicycle_rental, bar, fast_food, restaurant, fast_food, bar, bar, hairdresser, bar, restaurant, restaurant, bar, bakery, restaurant, bicycle, restaurant, wine, clothes, place_of_worship, place_of_worship, school, convenience, car_wash, pub, fuel","Bucktown Beanery, Charleston, Jack & Ginger's, Le Bouchon, Pistil & Vine, Damen Ave & Charleston St, Leavitt St & Armitage Ave, Lemming’s Tavern, George's Hot Dogs, En Hakkore, Sarpino's Pizzeria, Burke’s Web Pub, Chicago Barbershop, Ed and Jean’s Tavern, The Royal Grocer & Co, The Bristol, The Map Room, Urban Icing, JuiceRx, BFF Bikes, Taqueria L'Patron, Door 24, The Moth, Covenant Presbyterian Church, Saint Hedwig Roman Catholic Church, CICS Bucktown, Express Car Wash, The Leavitt Street Inn & Tavern, Exxon"
17031832300,42,30,"cafe, restaurant, florist, bicycle_rental, alcohol, pub, restaurant, bicycle_rental, restaurant, bar, bar, bakery, cafe, dry_cleaning, bicycle_rental, car_wash, fast_food, restaurant, doityourself, antiques, trade, rental, fuel, alcohol, storage_rental, car, storage_rental, events_venue, electronics, department_store, bank, nightclub, fast_food, monastery, school, supermarket, place_of_worship, bar, car, convenience, kindergarten, animal_training","Little Beans, The Goddess and Grocer, Chicago Flower Company, Elston Ave & Cortland St, Polonia Food & Liquors, Bucktown Pub, Interurban Boathouse, Walsh Park, Coast Sushi Bar, Danny’s Tavern, Gigi’s Kitchen, Mariano’s Fresh Market, Vero Coffee & Gelato, Rinse, Winchester Ave & Elston Ct, Shell, Subway, Huaraches Mexican Restaurant, Rebuilding Exchange, Pagoda Red, Grainger, Budget, Shell, Vin Chicago, Public Storage, Howard Orloff - Volvo, Jaguar, Land Rover, Self-Storage 1, Windy City Fieldhouse, Best Buy, Kohl's, BMO, Green Dolphin Street, Popeyes, Saint Mary of the Angels Convent, Saint Mary of the Angels School, Mariano's Fresh Market, Saint Mary of the Angels, WhirlyBall, Shell, Bubbles Academy, Zoom Room Dog Training"
17031832400,25,14,"place_of_worship, bar, restaurant, convenience, alcohol, fast_food, cafe, cafe, cafe, ice_cream, cafe, bar, restaurant, cafe, restaurant, restaurant, ice_cream, mobile_phone, childcare, tyres, convenience, storage_rental, events_venue, kindergarten, fast_food","Fairfield Avenue Baptist Church, Green Eye Lounge, Belly Shack, Milwaukee Dollar Plus, Bucktown Food & Liquor, Subway, Caffè Umbria, Dark Matter Coffee - Electric Mud Coffee Bar, Katherine Anne Confections, Margie’s Candies, Snakes & Lattes, Life on Marz Community Cafe, Sweet Rice Thai Street Food, ARWA Yemeni Cafe, Kyōten, Kyōten Next Door, Ava's Italian Ice, Cricket Wireless, Tamazula Grocery, The Lock Up, The Joinery, Cortland Preschool, Redhot Ranch"
17031832500,106,47,"school, school, cafe, restaurant, restaurant, restaurant, bank, cinema, veterinary, dry_cleaning, convenience, restaurant, school, fast_food, dry_cleaning, post_office, beauty, restaurant, fast_food, clinic, massage, bicycle_rental, bicycle, bank, restaurant, restaurant, bar, cafe, fast_food, restaurant, bakery, bar, bar, bar, bar, bar, restaurant, fast_food, clothes, paint, hairdresser_supply, furniture, fast_food, dentist, pet, hairdresser, restaurant, bed, beauty, houseware, car_wash, bed, restaurant, dentist, pet, clinic, animal_boarding, second_hand, cafe, pet_grooming, shoe_repair, sports, car_wash, beauty, driving_school, florist, frame, massage, beauty, frame, antiques, fast_food, cafe, beauty, prep_school, beauty, dentist, optician, clinic, clinic, pet, charity, social_facility, clothes, charity, fast_food, place_of_worship, fast_food, car_repair, convenience, sports, fast_food, fast_food, cinema, convenience, storage_rental, car_repair, fast_food, furniture, social_facility, bar, fuel, kindergarten, party, sports, stationery","Thomas School, Sisters of Nazareth School, Starbucks, Centre Street Kitchen, Old Pueblo Cantina, Corner Kitchen, Chase, Regal Webster Place 11, Family Pet Animal Hospital, Corner Cleaners, 7-Eleven, Mo's, Saint Josephat School, Dunkin', Chicago's Discount Cleaner and Laundry, The UPS Store, Nail Fairy & Spa, Royal Highness Zhu, Jersey Mike's Subs, Immediate MD, Foot Smile Spa, Southport Ave & Clybourn Ave, Roll, Bank of America, Beck’s Chicago, Anor, Distilled Chicago, Floriole Cafe & Bakery, Wingstop, Pequod’s Pizzeria, Sweet Mandy B’s, The Arrogant Frog Bar, The Warehouse Bar & Pizzeria Chicago, Varsity Club, Whale Tale, Kibbitznest Books, Brews & Blarney, Rock Wrap & Roll, Chipotle, Men's Wearhouse, Sherwin-Williams, CosmoProf, Walter E. Smithe Furniture, Mr. Submarine, The Dental Practice of Lincoln Park, Petco, Regis, Noodles & Company, Mattress Firm, Palm Beach Tan, The Container Store, White Glove Car Wash, Tempur-Pedic, Sushi Payce, Pediatric Dental Care, Kriser's Natural Pet, Physician's Immediate Care, Wag Hotels, Cynthia's Consignment, The Cuptown, Animal Lovers Pet Salon, Clyborn Cobbler, Strings Attached, Auto Spa Chicago, LA Tan, Central Driving Academy, Bunches, Prints Unlimited Galleries, Fit Foot, Midcity Nails Salon, Chicago Center for the Print, Gift Home Decor & More, Good Eats, Tsaocaa, Threading Point, Huntington, Ette, Floss & Co. - Lincoln Park, MyEyeDr., Premier Allergy, Asthma & Sinus Care, Advocate Medical Group Outpatient Center, JustFoodForDogs, The Salvation Army, The Salvation Army Northside Adult Rehabilitation Center, Transcending Studios, The Salvation Army, McDonald's, Saint Josaphat Catholic Church, Potbelly, Midtown Auto Repair, 7-Eleven, Running Away Multisport, Wendy's, Burger King, Facets Multi-Media, BP Shop, Public Storage, Jiffy Lube, Fatso's Last Stand, Pottery Barn Kids, St. Mary's Home, Liars Club, BP, Crème de la Crème Learning Center of Lincoln Park, Spirit Halloween, PGA Tour Superstore, OfficeMax"
17031832600,110,50,"place_of_worship, place_of_worship, music_school, school, pub, furniture, bicycle_rental, clothes, electronics, bicycle_rental, supermarket, houseware, supermarket, bank, restaurant, restaurant, fast_food, restaurant, fast_food, pastry, hairdresser, dojo, cafe, restaurant, fast_food, bar, cosmetics, clothes, restaurant, bakery, bar, restaurant, restaurant, restaurant, cafe, fast_food, furniture, furniture, cosmetics, fast_food, restaurant, restaurant, hairdresser, post_office, storage_rental, restaurant, fast_food, second_hand, fast_food, optician, interior_decoration, frame, beauty, bank, fast_food, bed, bank, bed, beauty, bed, shoes, massage, clinic, cafe, stationery, beauty, dry_cleaning, beauty, dentist, chocolate, copyshop, pharmacy, beauty, kitchen, restaurant, storage_rental, mobile_phone, beauty, beauty, frame, carpet, hairdresser, clinic, tailor, jewelry, clinic, restaurant, restaurant, gallery, furniture, clinic, storage_rental, musical_instrument, hairdresser, furniture, car_repair, furniture, houseware, interior_decoration, restaurant, place_of_worship, mobile_phone, erotic, theatre, alcohol, chemist, furniture, convenience, theatre, fast_food","Mount Olive Missionary Baptist Church, Kingdom Hall of Jehovahs Witnesses Halsted Congregation, Old Town School of Folk Music, Saint Theresa School, Goose Island Brewpub, CB2, Sheffield Ave & Willow St, American Eagle Outfitters, Best Buy, Halsted St & Willow St, Aldi, HomeGoods, Trader Joe's, Old National Bank, Pasta Palazzo, Vinci, Pegasus Protein, Jaimito's Burritos, Subway, Nothing Bundt Cakes, Floyd's 99 Barbershop, Kensho Martial Arts, Ambrosia Café, Butcher & The Burger, Chicago Bagel Authority, Front Bar, Sephora, Lululemon, Stella Barra Pizzeria, Terry’s Toffee, Tripoli Tap, Willow Room, King Crab House, Tovala, Peet's Coffee, Epic Burger, west elm, Pottery Barn, Ulta Beauty, Burrito Beach, Summer House Santa Monica, Protein Bar & Kitchen, KidSnips Lincoln Park, The UPS Store, Extra Space Storage, Buffalo Wild Wings, Sweetgreen, McShane's Exchange, Potbelly, LensCrafters, Natuzzi Italia, Artist's Frame Service, Amazing Lash Studio, Chase, Dunkin', HassleLess Mattress, U.S. Bank, American Mattress, Heyday, Sleep Number, Red Wing, Massage Envy, Preferred Imaging, Starbucks, Paper Source, Wellness Foot Spa, Clybourn Cleaners, JJ Waxing & Threading, Pure Design Dentistry, Leonidas, Sir Speedy, CVS Pharmacy, Jesse Nail, Boca Cabinets, Ramen-San, Extra Space Storage, Verizon, Madison Reed, Nail House, Frame Chicago, Cozy Rugs, Wrath & Co, Ageless Men's Health, Ms Couture, Lincoln Park Gems, Hair Butterflies, D.P. Dough, Yaya Mas Greek Kuzina, gallery 1871, Jayson Home, Raden Wellness, The Lock Up, Steinway & Sons Pianos, Salon 1800, Blu Dot, Midas, Crate & Barrel, The Container Store, World Market, The Butcher & the Burger, Saint Teresa of Avila Roman Catholic Church, T-Mobile, Hustler Hollywood, Steppenwolf Theatre, Binny's Beverage Depot, CVS Pharmacy, Arhaus, 7-Eleven, Steppenwolf Ensemble Theatre, Roti Modern Mediterranean"
17031832900,14,9,"school, bicycle_rental, bar, bicycle_rental, dojo, information, artwork, school, place_of_worship, place_of_worship, place_of_worship, hotel, artwork, doctors","Notre Dame School, Racine Ave & Congress Pkwy, Rooks Corner, Loomis St & Lexington St, Chicago School Of Grappling, Chicago World Language Academy, Saint Basil Greek Orthodox Church, Notre Dame Roman Catholic Church, Our Lady of Pompeii Roman Catholic Church, Courtyard by Marriott Chicago at Medical District / UIC, Giuseppe Garibaldi Monument, Joan and Paul Rubschlager Building"
17031833000,300,61,"school, fast_food, cafe, bicycle_rental, bicycle_rental, bicycle_rental, bicycle_rental, bicycle_rental, bar, restaurant, restaurant, artwork, artwork, restaurant, bar, charity, restaurant, cafe, restaurant, cafe, bank, restaurant, restaurant, restaurant, restaurant, restaurant, restaurant, restaurant, clothes, restaurant, restaurant, restaurant, restaurant, restaurant, bakery, cafe, fast_food, bar, restaurant, restaurant, restaurant, restaurant, restaurant, restaurant, cafe, restaurant, restaurant, restaurant, restaurant, restaurant, restaurant, bar, restaurant, deli, restaurant, restaurant, restaurant, restaurant, restaurant, cafe, restaurant, restaurant, pub, restaurant, restaurant, bar, restaurant, cafe, cafe, nightclub, bar, restaurant, bar, restaurant, restaurant, bar, restaurant, bank, ice_cream, bicycle_rental, bicycle_rental, bicycle_rental, bicycle_rental, restaurant, cafe, restaurant, butcher, cannabis, chemist, fast_food, events_venue, bicycle_rental, bicycle_rental, bicycle_rental, bicycle, art, cafe, bar, fast_food, restaurant, restaurant, restaurant, gallery, fast_food, restaurant, clothes, restaurant, bakery, restaurant, household_linen, restaurant, fast_food, bank, restaurant, outdoor, clothes, furniture, furniture, furniture, mobile_phone, restaurant, restaurant, convenience, restaurant, restaurant, restaurant, bar, clinic, restaurant, fast_food, convenience, restaurant, fast_food, cafe, pharmacy, restaurant, restaurant, restaurant, bicycle_rental, bicycle_rental, cafe, ice_cream, restaurant, restaurant, restaurant, restaurant, ice_cream, bicycle_rental, information, convenience, bicycle_rental, information, bank, restaurant, cafe, restaurant, restaurant, restaurant, bar, restaurant, hairdresser, dentist, fast_food, beauty, dentist, restaurant, post_office, beauty, dry_cleaning, restaurant, frame, cosmetics, restaurant, bar, cafe, jewelry, fast_food, restaurant, butcher, restaurant, jewelry, clothes, optician, fast_food, fast_food, bank, restaurant, clinic, bank, clothes, fast_food, bar, bar, clothes, jewelry, fast_food, veterinary, dentist, doctors, cafe, leather, beauty, houseware, alcohol, bank, shoes, furniture, restaurant, cosmetics, bar, bar, cafe, nightclub, fast_food, shoes, alcohol, hairdresser, hotel, cafe, alcohol, training, restaurant, bar, furniture, fast_food, restaurant, fast_food, bed, beauty, beauty, furniture, beauty, tobacco, bank, florist, restaurant, restaurant, cafe, bag, cheese, toys, hospital, beauty, post_office, clothes, cafe, gallery, kindergarten, bicycle_rental, information, information, dancing_school, restaurant, beauty, beauty, alcohol, restaurant, bar, fast_food, social_facility, social_centre, social_facility, social_facility, restaurant, bar, library, furniture, clinic, events_venue, restaurant, convenience, fuel, pub, studio, fast_food, restaurant, hotel, hotel, hotel, restaurant, school, artwork, bicycle_rental, fast_food, restaurant, hairdresser, restaurant, veterinary, restaurant, restaurant, bar, restaurant, fast_food, clothes, bar, optician, cosmetics, jewelry, hairdresser, clothes","Chicago Institute of Technology, Dunkin', The Goddess and Grocer, Morgan St & Lake St, Green St & Randolph St, Green St & Madison St, Sangamon St & Washington Blvd, Ada St & Washington Blvd, Cobra Lounge, High Five Ramen, Green Street Smoked Meats, Carter Harrison Memorial, James Connolly Monument, Next, The Aviary, Goodwill, The Publican, Starbucks, Nando's, La Colombe Coffee Roasters, Chicago Patrolmen's Federal Credit Union, Bar Siena, The Allis, Gyu-Kaku, The Izakaya at Momotaro, Monteverde Restaurant & Pastificio, Kaiser Tiger, Bonci Pizzeria, Lululemon, Duck Duck Goat, Fire, Beatrix Fulton Market, Swift & Sons, Forno Rosso Pizzeria Napoletana, Nohea Cafe, Do-Rite Donuts & Coffee, Shake Shack, Fox Bar, Nonna's Sandwiches and Sundries, El Che Steakhouse & Bar, Formento's, Federales, Leña Brava, Cruz Blanca Brewery & Taquería, BomboBar - West Loop, BLVD, The Loyalist, Talay Sushi & Thai, Bocaditos Chicago, The Great American Bagel, Elske, Emporium Arcade Bar, Punch Bowl Social Chicago, J.P. Graziano Grocery, Macello, Alhambra Palace, Smyth, The Press Room, Sushi by Bou, Sparrow Coffee, Gyuro Ramen, Chicago Waffles, All Rise Brewing Company, Ramen-San, Aba, Blind Barber, PB&J, Sawada Coffee, Stan's Donuts & Coffee, Good Night John Boy, The Office, Momotaro, The Stanley Club, Cabra, Cira, Lazy Bird, Baobing, South Central Bank, Jeni's Splendid Ice Creams, Elizabeth St & Fulton St, Racine Ave & Randolph St, Racine Ave & Washington Blvd, Aberdeen St & Randolph St, Koi Noodles, Groundswell Coffee Roasters, Boqueria, Peoria's Packing, Dispensary33, Walgreens, McDonald's, Morgan's on Fulton, Washington Blvd & Peoria St, Green St & Lake St, Carpenter St & Lake St, Specialized, McCormick Gallery, Vietfive Coffee, Estereo FM, Velvet Taco, Bodega Taqueria y Tequila, Coquette, Bambola, Kavi Gupta Gallery, Taco Bell Cantina, Tacombi, Notre, Trivoli Tavern, Levain Bakery, HIDE+SEEK, Brooklinen Chicago, Texan Taco Bar, Sweetgreen, Chase, Gaijin, Fjällräven, Patagonia, UPLIFT Desk at Fulton Market, Herman Miller, Design Within Reach, Verizon, Maxwells Trading, Ranalli's, West Loop Market, Poke Poké, LÝRA, Rose Mary, Bisous, Passport Health Chicago - West Loop Travel Clinic, Fioretta, Tapicozza, West Loop Mart, Riccardo Osteria, Dunkin', Matcha Cita, CVS Pharmacy, Pasta Veneta, Lou Malnati's Pizzeria, Tamu, Green St & Washington Blvd, Green St / Randolph St, Drip Collective, Baskin-Robbins, Italian Homemade Company, Bar La Rue, La Serre, Sunda, Amorino, Fulton Market, West Loop Market, Elizabeth St / Fulton St, BMO, Ramen Wasabi, Good Ambler, Yokocho, The Oakville Grill & Cellar, Nobu, The Lounge, Costera Cocina Tulum, Art + Science Salon, Ora Dental Studio, Voodoo Doughnut, Face Foundrié, Millennium Dental, Nancy's Pizzeria, The UPS Store, Allure Nail Spa, Gen Cleaners, All Well, Framebridge, bluemercury, Ever, After Lounge, Fairgrounds Coffee & Tea, Brilliant Earth, SunLife Organics, Beity, Publican Quality Meats, Sushi Pink, Mejuri, Beyond Yoga, Big City Optical, Prince Street Pizza, Mac's Deli, Fifth Third Bank, Pitaki, Northwestern Medicine Immediate Care, Wells Fargo, Anthropologie, Roti, inkwell, Broken Hearts, Public Rec, Taköhl Custom Jewelry, Fulton Sub Market, Lovet Pet Health Care, motto Clear Aligners, Chapter Aesthetic Studio, Foxtrot, Mend Atelier, Tokyo Nails, The Unwaste Shop, Aqua Wine & Spirits, Belmont Bank & Trust, Leaders, Sandler, Il Carciofo, Aesop, Reading Room, Grapes & Grains, Third Season, Garcia's Chicago, Tilly Bagel, Marc Nolan, Keg N Bottle, Prohibition Barber, The Publishing House Bed & Breakfast, Café Crèmerie, West Loop 2 Wine & Spirits, Hamburger University, Fora, The Wild Hare, Miller Knoll, Pasta Via, Taverna 1821, Taquería Chingón, Casper, L.A. Tan, ELLE Nail Salon, Morlan Sinoway Atelier, West Loop Nail Spa, Chillaxx, Wintrust Bank Fulton Market, Juliet Tan Floral Design, The Original Pancake House, Adalina Prime, Postcard, Monos, Cheese & Board, play, Action Behavior Centers - ABA Therapy for Autism, J Salon, FedEx Office, Filson, Bar Tutto, Kavi Gupta Gallery, Guidepost Montessori, Sangamon St & Lake St, Latin Rhythms, Creepies, Healthy Spa, Love You Nail Salon, Aqua Wine & Spirits, Kama Bistro, G-Cue Billiards, Pizza Lobo, The Salvation Army Chicago Temple Corps Community Center, Chicago Fraternal Order of Police, Salvation Army Booth Manor, Little Brothers Friends of the Elderly, The CrossRoads Bar & Grill, City Winery, West Loop Branch Library, Montauk Sofa, Concentra Urgent Care Center, Plumbers Hall, Bottom Lounge, Marathon, Marathon, Guiness Open Gate Brewery, WCIU-TV Studios, McDonald's, Parlor Pizza Bar, Hoxton Hotel, Hyatt House Chicago West Loop-Fulton Market, Nobu Hotel, Small Cheval - West Loop, Fulton Market District Gateway, Elizabeth St & Randolph St, Jubilee Juice & Grill, Nia Restaurant and Wine Bar, Mirror Mirror Spa, Girl & The Goat, West Loop Veterinary Care, sushiDOKKU, Au Cheval, Lone Wolf, Nisos Prime, Raising Cane's, Billy Reid, Bandit, Warby Parker, Scratch Goods, Uncommon James, Thrive Hair Collective, Madewell"
17031833100,130,56,"fast_food, restaurant, bicycle_rental, bicycle_rental, bicycle_rental, fast_food, music_school, cafe, cafe, restaurant, restaurant, bar, ice_cream, restaurant, artwork, restaurant, post_office, restaurant, fast_food, bar, cafe, fast_food, fast_food, hardware, copyshop, bicycle_rental, place_of_worship, books, candles, hostel, car_wash, convenience, convenience, cannabis, cafe, bar, restaurant, telecommunication, restaurant, charging_station, charging_station, fast_food, restaurant, fast_food, sports, pub, bar, dry_cleaning, cafe, artwork, childcare, childcare, childcare, veterinary, hotel, convenience, beauty, beauty, community_centre, dry_cleaning, locksmith, artwork, clinic, beauty, museum, florist, restaurant, beauty, beauty, dry_cleaning, car_repair, pet, hairdresser, restaurant, cafe, pet_grooming, beauty, dentist, veterinary, cosmetics, childcare, bakery, dentist, paint, prep_school, veterinary, massage, dentist, pet_grooming, beauty, hairdresser, clothes, beauty, gift, clinic, beauty, dentist, artwork, marketplace, animal_boarding, bicycle_rental, restaurant, gift, fast_food, school, restaurant, fire_station, pub, supermarket, fuel, community_centre, restaurant, social_facility, convenience, bank, childcare, restaurant, clinic, storage_rental, fuel, theatre, school, events_venue, department_store, supermarket, school, school, social_facility, storage_rental, school","Jimmy John's, Greek Islands, Aberdeen St & Jackson Blvd, Loomis St & Jackson Blvd, Peoria St & Jackson Blvd, Taco Burrito King, Merit School of Music, Ground Up, Artopolis, Viaggio Ristorante & Lounge, Ryota, Third Rail Tavern, Cone Gourmet Ice Cream, Ciao! Cafe & Wine Lounge, Tamashii Ramen, The UPS Store, Primos Chicago Pizza, Mr Greek Gyros, Dugan's, Starbucks, Subway, Domino's, JC Licht TrueValue Hardware, FedEx Office, Aberdeen St & Monroe St, Soul City Church, Madison Street Books, Athenian Candle Company, Chicago Parthenon Hostel, Shell, Shell, Go Grocer, Zen Leaf, FROTH, Bunker, Zeus Restaurant, Xfinity, CityBird Tenders, Blink ParkChip Garage - 1035 Van Buren, Dunkin', Crave Kabob, Harold's Chicken Shack, Gunzo's Sports Center, Black Barrel Tavern, Stelios Bottles & Bites, Clean As A Whistle Cleaners, Stan's Donuts & Coffee, Play for Peace, LadyBug and Friends Daycare & Preschool, Sonnets Academy, Kids & Company, GoodVets, Sonder Greektown, 7-Eleven, Chloé Chen Spa, Nail & Spa, Metro Achievement Center, Morgan Cleaners, Chicago Locksmiths, Oprah Winfrey Mural, RUSH, NAILàCARTE, WNDR Museum, Jazzy Flowers, Jet's Pizza, LaserAway, Clean Your Dirty Face, Monroe Cleaners, Caliber Collision, Paw Naturals, Studio 84One Hair Salon, Pizza Hut, Starbucks, Sandy's Pet Spots, 7AM Nail Care, West Loop Smile Studio, Bond Vet, Ulta Beauty, Brain Builders Academy, Bittersweet Pastry Shop, Enamel Dental, Sherwin-Williams, Mathnasium, Animal Advocate Pet Hospital, Massage Envy, Aligner Experts, Sit Stay Wash, Mon Cheri Chitown, The Threading House, Alvera Couture, Restore Hyper Wellness, Smitten Boutique, Metro Infusion Center, Milan Laser Hair Removal, West Loop Dental Associates, Magoo – For Lord Buckley, Green City Market, Wag Hotels, Sangamon St & Adams St, Ithaki Estiatorio, The Fig Tree, All Too Well, Whitney M. Young Magnet High School, Green Street Local, Chicago Fire Department Engine Company 103, Billy Goat Tavern & Grill, Wild Fork, Shell, Crown Family YMCA Center, Madison Crab House, Mercy Home for Boys & Girls, Circle K, First Eagle Bank, Blue Bird Day Care, Athena Greek Restaurant, Fresenius Kidney Care, Extra Space Storage, Shell, Chicago Children's Theatre, Skinner West Elementary School, Epiphany Center for the Arts, Target, Mariano's Fresh Market, Skinner West Elementary School, Extra Space Storage, Intercultural Montessori Language School"
17031833300,37,16,"bicycle_rental, restaurant, post_office, cafe, fast_food, restaurant, cafe, bar, books, bank, artwork, artwork, restaurant, ice_cream, fast_food, fast_food, fast_food, restaurant, alcohol, fast_food, fast_food, restaurant, fast_food, restaurant, hairdresser, restaurant, convenience, school, place_of_worship, fast_food, theatre, place_of_worship, restaurant, fast_food, fast_food, school, fast_food","May St & Taylor St, Tufano's Vernon Park Tap, The UPS Store, Two Shades Cafe, Au Bon Pain, Chez Joel Bistro, Demitasse Coffee, Little Joe’s Circle Lounge, First Aid Comics, Chase, Father Arnold Damen S.J., Saint Ignatius, ML Kitchen, KURIMU, Mochinut, Papa John's, the Bite, IDOF - I Dream of Falafel, Wine on Taylor, Jimmy John's, Busy Burger, Jarabe, Subway, Thai Bowl, Gents Barber Lounge, Curry On Fire, Food Hive, Saint Ignatius College Preparatory School, Holy Family Church, Al's Beef, UIC Theatre, John Paul II Roman Catholic Center, Tuscany, Carm's Little Italy, Fontano's Subs, Galileo Elementary School, Mario's Italian Lemonade"
17031833900,38,17,"bakery, restaurant, fast_food, beauty, social_facility, artwork, supermarket, artwork, place_of_worship, clinic, school, bicycle_rental, school, school, community_centre, place_of_worship, place_of_worship, place_of_worship, alcohol, place_of_worship, supermarket, florist, place_of_worship, restaurant, place_of_worship, restaurant, supermarket, religion, place_of_worship, place_of_worship, beauty, supermarket, place_of_worship, clothes, clothes, library, social_facility, school","Panaderia Marzeya, Hua's Open Kitchen, Gomez Tacos & Pizza, Expert Nails, The Catholic Charities, We All Come Together as One, La Jerezana, Sky Art, National Shrine of St Jude, Athletico Physical Therapy, LEARN South Chicago Campus, Commercial Ave & 90th St, Arnold Mireles Academy, J.N. Thorp Elementary School, SkyART, Our Lady of Guadalupe Roman Catholic Church, Trinity Resurrection United Church, New Prospect Missionary Baptist Church, 8900 Commercial Food & Liquor, South Haitian Church of God, La Fruteria, Samantha's Flowers, Saint Paul African Methodist Episcopal Church, Casa Del Sol, Christ Life Church, TNT Mexican Restaurant, Macias Produce, Botanica Elegua, New Holy Trinity Temple, Greater Rising Sun Baptist Church, Diamond Nails, El Guero, Beyth-el Temple & College, City Sports, Rainbow, South Chicago Branch Library, Our Lady of Guadalupe School"
17031834000,10,6,"place_of_worship, bicycle_rental, bicycle_rental, bus_station, variety_store, place_of_worship, place_of_worship, school, clinic, place_of_worship","Beacon Light Baptist Church, Princeton Ave & 95th St, Wentworth Ave & 92nd St, 95th/Dan Ryan - North Terminal, Family Dollar, Resurrection Lutheran Church, Saint James African Methodist Episcopal Church, Turner-Drew Language Academy, Fresenius Kidney Care, New Progressive Missionary Baptist Church"
17031834200,23,14,"bicycle_rental, bicycle_rental, clothes, convenience, beauty, clothes, clothes, money_lender, fast_food, supermarket, bank, place_of_worship, place_of_worship, variety_store, car_parts, fuel, place_of_worship, fast_food, hospital, school, place_of_worship, school, school","Stony Island Ave & 75th St, Bennett Ave & 79th St, Citi Trends, BP Shop, Benkady African Hair Braiding, DTLR, K&G Fashion Superstore, CFSC Checks Cashed, A.P. Deli, Jewel-Osco, Fifth Third Bank, New Original Church of God in Christ, Temple of Brotherly Love Community Church, Family Dollar, AutoZone, BP, Prayer Mission Church of God in Christ, Taco Bell, Jackson Park Hospital, South Shore International College Preparatory High School, Saint Paul Evangelical Lutheran Church, Saint Paul Evangelical Lutheran School"
17031834300,28,15,"school, place_of_worship, restaurant, bicycle_rental, atm, fast_food, convenience, convenience, restaurant, bakery, fuel, fuel, bank, library, fast_food, theatre, fuel, supermarket, place_of_worship, variety_store, place_of_worship, convenience, fuel, convenience, place_of_worship, school, social_facility, school","Saint Felicitas School, Black Methodist for Church Renewal, The Woodlawn, Stony Island Ave & 82nd St, Bank of America, Stony Sub, Clark's Pump-N-Shop, BP Shop, Beggars Pizza, Justice of the Pies, Clark, BP, Citibank, Avalon Branch Library, White Castle, ETA Creative Arts Foundation, Citgo, Aldi, United Church of Christ, Family Dollar, Messiah and Saint Bartholomew Episcopal Church, Citgo, Citgo, Citgo, Saint Felicitas Roman Catholic Church, Avalon Park Elementary School, Montclare Senior Residences of Avalon Park, CICS Avalon/South Shore School"
17031834400,11,6,"kindergarten, cafe, bicycle_rental, place_of_worship, school, place_of_worship, place_of_worship, place_of_worship, clinic, place_of_worship, school","Saint Clara Headstart, Robust Coffee Lounge, University Ave & 65th St, St. Gelasius Church, Woodlawn Community Academy, Apostolic Church of God, Christian Temple Baptist Church, First Presbyterian Church, Woodlawn Health Center, Institute of Christ the King Sovereign Priest, UChicago Charter School Woodlawn Campus"
17031834500,12,6,"place_of_worship, alcohol, cafe, fire_station, place_of_worship, place_of_worship, arts_centre, place_of_worship, place_of_worship, fast_food, place_of_worship, place_of_worship","Midway Liqours, Evelyns Food Love, Chicago Fire Department Engine Company 84, Kingdom Hall of Jehovah's Witnesses, El-Bethel Baptist Church, Civic Arts Church, Joy of Fellowship Baptist Church, Everybody's Bible Church, Church's Chicken, Life Center Church of Universal Awareness, Greater True Vine Missionary Baptist Church"
17031834600,20,10,"place_of_worship, bicycle_rental, rental, information, artwork, convenience, place_of_worship, place_of_worship, place_of_worship, library, fuel, fuel, school, school, fast_food, school, fuel, convenience, fuel, convenience","First Timothy Missionary Baptist Church, Wentworth Ave & 63rd St, U-Haul, Welcome to Englewood, BP Shop, Mount Calvary Church of God Holiness, Chicago Embassy Church, Mount Hope Baptist Church, Kelly Branch Library, BP, 76, Englewood High School, Sherwood Elementary School, Taco Bell, The Roux, The Roux, The Roux, 76"
17031834700,17,8,"place_of_worship, place_of_worship, clinic, bicycle_rental, bicycle_rental, car_wash, artwork, school, school, place_of_worship, place_of_worship, fuel, convenience, convenience, fuel, place_of_worship, school","Willing Workers of God Christian and Missionary Alliance Church, Alev Rose of Sharon Baptist Church, Heartland Alliance Health Center, Halsted St & 56th St, Halsted St & 59th St, Shell, KIPP Bloom School, John Hope College Prep, Bethsaida Missionary Baptist Church, Victory Outreach Church, Citgo, Citgo, Shell, Shell, St. Basil Visitation Catholic Church, Holmes Elementary School"
17031834800,18,14,"clothes, fast_food, pharmacy, mobile_phone, atm, clothes, school, place_of_worship, place_of_worship, community_centre, place_of_worship, convenience, fuel, supermarket, social_facility, cafe, fast_food, clinic","Dress Code, Wingstop, Oak Street Pharmacy, AT&T, PNC Bank, DTLR, Nicholson School for Science and Math, New Canaan Land Missionary Baptist Church, Church of the Living God, Primo Center, GoLo, Save-A-Lot, Hope Manor II, Starbucks, Chipotle, Fresenius Kidney Care"
17031834900,13,4,"place_of_worship, place_of_worship, place_of_worship, place_of_worship, supermarket, place_of_worship, place_of_worship, place_of_worship, place_of_worship, place_of_worship, place_of_worship, school, theatre","Englewood United Missionary Baptist Church, First Community Baptist Church, Little Friendly Spiritual Church, United Church of Holiness, Go Green Community Fresh Market, Christ Chapel Missionary Baptist Church, Word & Holy Ghost Apostolic Faith Church, Holy Nazarene Rescue Mission, Gethsemane Church of God in Christ, Travel Rest Spiritual Church, Shiloh Baptist Church, Daniel S. Wentworth Elementary School"
17031835000,22,14,"school, place_of_worship, restaurant, fast_food, bicycle_rental, bicycle_rental, supermarket, restaurant, ice_cream, atm, school, school, hardware, place_of_worship, place_of_worship, storage_rental, car_repair, fuel, convenience, supermarket, fast_food, bank","Study Progress School, Saint Rita Parish Sisters Convent, Garifuna Flava, Subway, Western Ave & 62nd St, Maplewood Ave & 59th St, Mi Mexico, Taqueria Vallarta, Baskin-Robbins, Morrill Elementary School, Fairfield Academy, Kuhl's Hardware, First Baptist Church of Marquette Manor, Saint Rita Roman Catholic Church, Extra Space Storage, Pep Boys, Mobil, Mobil Mart, Aldi, Dunkin', Fifth Third Bank"
17031835100,17,11,"place_of_worship, bakery, ice_cream, bicycle_rental, alcohol, hairdresser, school, place_of_worship, fuel, convenience, fast_food, school, car, car, car, car, school","Lithuanian Jesuit Fathers Roman Catholic Church, Famosa Bakery, La Michoacana, Rockwell St & 57th St, Ike's Liquors, Chicago Barbers, Gage Park High School, New Covenant Baptist Church, BP, BP Shop, KFC, Rachel Carson Elementary School, Lithuanian Institute of Education"
17031835200,28,16,"car_rental, car_rental, car_rental, car_rental, car_rental, variety_store, car_rental, car_rental, car_rental, bar, bar, pharmacy, cannabis, mobile_phone, restaurant, mobile_phone, information, information, post_office, car_repair, cafe, car_repair, fast_food, money_transfer, motel, car, car_repair, chemist","Dollar Car Rental, Avis, Enterprise, Thrifty, Hertz, Dollar Tree, Budget, National, Alamo, Angie’s Bar & Sunset Inn, Bohica Bar & Grill, Walgreens, Midway Dispensary, Cricket Wireless, Beggars Pizza, Boost Mobile, Chicago Midway International Airport, Chicago Midway International Airport, Clearing Post Office, Archer Knox Auto Rebuilders, Starbucks, Goodyear, George's, Western Union, Skylark Motel, Rocket Auto Sales, Midas, Walgreens"
17031835500,18,8,"fast_food, bicycle_rental, bicycle_rental, artwork, fast_food, convenience, fast_food, convenience, fast_food, fuel, place_of_worship, place_of_worship, convenience, fuel, school, fuel, school, car_wash","Nicky's Gyros, Shields Ave & 43rd St, Princeton Ave & 47th St, Melville Fuller, Subway, BP Shop, Louisiana Famous Fried Chicken, Mobil Mart, Petey's, Citgo, Fellowship Missionary Baptist Church, Citgo, Mobil, Hendricks Elementary School, BP, Chicago Kids Klub, Adam’s Ultimate Carwash"
17031835600,19,11,"variety_store, fast_food, bicycle_rental, convenience, shoes, mobile_phone, clothes, clinic, mobile_phone, mobile_phone, mobile_phone, fuel, fuel, convenience, fast_food, money_transfer, police, clothes, fast_food","Family Dollar, Pizza Hut Delivery, Princeton Ave & Garfield Blvd, Shell, Foot Locker, Cricket Wireless, Rainbow, Fresenius Kidney Care, Metro by T-Mobile, Boost Mobile, T-Mobile, Shell, BP, BP Shop, Checkers, Western Union, Chicago Police Department 2nd District, DTLR, Wendy's"
17031835700,4,4,"fuel, convenience, school, place_of_worship","BP, BP Shop, Saint Paul Christian Methodist Episcopal Church"
17031835800,8,5,"mobile_phone, artwork, artwork, artwork, clothes, sports, clothes, place_of_worship","Boost Mobile, Afro Heritage Boutique, City Sports, The Top Price, Mount Pisgah MB Church"
17031835900,19,12,"school, school, kindergarten, bicycle_rental, hairdresser, bicycle_rental, newsagent, restaurant, place_of_worship, motel, community_centre, social_facility, place_of_worship, social_facility, fire_station, place_of_worship, college, social_facility, school","Horner School, Saint Elizabeth School, Saint Elizabeth Headstart, Indiana Ave & 40th St, Bronzeville Salon Suites, Prairie Ave & 43rd St, Pearl's Place Restaurant, Masjid Al Ihsan, Amber Inn Motel, Elliot Donelley Youth Center, Trinity Acres Senior Apartments, Metropolitan Apostolic Community Church Of Christ, Centers For New Horizons, Chicago Fire Department Engine Company 16, Roberts Temple Church of God in Christ, Dawson Technical Institute of Kennedy-King College, Elliot Donelley Youth Center"
17031836000,13,8,"restaurant, artwork, fast_food, massage, school, events_venue, place_of_worship, school, social_facility, school, place_of_worship, school, social_facility","Bronzeville Winery, Reggio's Pizza, House of Hands, Woodson Elementary School, Parkway Ballroom, Ebenezer Missionary Baptist Church, Well Home, Dr. Martin Luther King Jr. Community Service Center, Mollison IB World Elementary School, Bright Star Church"
17031836100,27,9,"place_of_worship, place_of_worship, school, place_of_worship, convenience, restaurant, bicycle_rental, fast_food, restaurant, artwork, artwork, artwork, artwork, place_of_worship, fast_food, fast_food, convenience, car_repair, place_of_worship, place_of_worship, place_of_worship, place_of_worship, fuel, school, school, school, school","Douglas - Tubman Christian Center, Ebenezer House of Prayer, Walter H. Dyett High School, New Philadelphia Missionary Baptist Church, Red Apple Food & Liquor, Skidoe's Café & Grill, State St & 54th St, Louisiana Famous Fried Chicken, Little Wok, Greater Harvest Baptist Church, Dunkin', Five One Food Fresh Grill, Citgo, Jones Auto Center, Greater Shiloh Missionary Baptist Church, Berean Baptist Church, Cosmopolitan Peoples Community Church, First Unity Baptist Church, Citgo, ACE Technical Charter High School, Chicago Baptist Institute, Edward W. Beasley Academy"
17031836200,64,22,"bank, atm, bicycle_rental, museum, charging_station, artwork, artwork, fast_food, cafe, convenience, books, bicycle_rental, bicycle_rental, fast_food, cafe, atm, cafe, restaurant, cafe, food_court, cafe, cafe, cafe, fast_food, cafe, fast_food, fast_food, food_court, cafe, atm, information, cafe, atm, cafe, cafe, fast_food, atm, library, library, social_facility, restaurant, doctors, doctors, bicycle_rental, bicycle_rental, atm, information, museum, university, place_of_worship, place_of_worship, place_of_worship, place_of_worship, place_of_worship, place_of_worship, place_of_worship, library, museum, theatre, arts_centre, library, library, hospital, kindergarten","Maroon Financial Credit Union, Ellis Ave & 58th St, The Renaissance Society, ChargePoint, Dialogo, Nuclear Energy, Burrito Beach, French Press Coffee, Maroon Market, University of Chicago Bookstore, University Ave & 57th St, Ellis Ave & 55th St, Pret A Manger, Ex Libris, Citibank, Grounds of Being, Nella Pizza e Pasta, Quantum Cafe, Hutchinson Commons Food Court, Harper Cafe, Te’amo Boba Bar, Hallowed Grounds, Bartlett Dining Commons, Insomnia, Baker Dining Commons, Panera Bread, Sky Cafe, Fairgrounds Coffee, Citibank, Washington Park, Cobb Coffee Shop, Peach's Cafe, Starbucks, Panera Bread, Citibank, Eckhart Library, Special Collections Research Center, Love Fridge at Augustana Lutheran Church, Roux, Adult Emergency Room, Pediatric Emergency Room, University Ave & 59th St, Woodlawn Ave & 58th St, Univercity of Chicago, Institute for the Study of Ancient Cultures Museum, The University of Chicago, First Unitarian Church of Chicago, Hyde Park Union Church, Augustana Lutheran Church, University Church, Bishop Brent Episcopal Center, Rockefeller Memorial Chapel, Bond Chapel, John Crerar Library, David and Alfred Smart Museum of Art, Court Theatre, Mandel Hall, Joe and Rika Mansueto Library, Joseph Regenstein Library, University of Chicago Medicine Campus, UChicago Child Development Center - Drexel"
17031836300,1,1,storage_rental,Hyde Park Self Storage
17031836400,13,7,"artwork, artwork, bar, artwork, artwork, mobile_phone, clinic, artwork, school, place_of_worship, social_centre, place_of_worship, school","Mermaid (La Sirena), Restoration, Some Like It Black, Metro by T-Mobile, DaVita Dialysis, Jackie Robinson Elementary School, Evening Star Missionary Baptist Church, Most Worshipful Prince Hall Grand Lodge, The CityLight Church"
17031836500,3,2,"school, clinic, school","Christ the King Lutheran School, Mercy Care Center, Donoghue Elementary School"
17031836600,38,23,"supermarket, bank, bicycle_rental, fast_food, shoes, clothes, fast_food, fast_food, mobile_phone, fast_food, mobile_phone, information, car_repair, hairdresser_supply, laundry, clinic, clothes, restaurant, variety_store, hairdresser_supply, convenience, bureau_de_change, money_transfer, department_store, perfumery, fast_food, beauty, clothes, mobile_phone, restaurant, furniture, place_of_worship, social_facility, place_of_worship, fast_food, social_facility, social_facility, social_facility","Aldi, Chase, Spaulding Ave & Division St, Dunkin', Foot Locker, Rainbow, Domino's, Wingstop, Cricket Wireless, Subway, Boost Mobile, Humboldt Park, Grandpa's Garage Auto Repair, Star Beauty Supply, Sudz Coin Laundry, Louise Landau Health Center, Dress Code, New Best Sub, Five Below, Sokhna Beauty Supply, Tamara #1, Kedzie Chicago Currency Exchange, Western Union, Burlington, Khalifa Perfumes, JJ Fish & Chicken, Polished Nail Spa Lash & Brow, DTLR, Total by Verizon, See Thru Chinese Kitchen, Rent-A-Center, Association House, Church of God Spanish, Popeyes, The Salvation Army Freedom Center, The Salvation Army Freedom Center, The Salvation Army Shield of Hope"
17031836700,20,13,"restaurant, garden_centre, bar, bar, bar, bicycle_rental, bicycle_rental, alcohol, school, fire_station, convenience, place_of_worship, fuel, museum, school, school, restaurant, library, social_facility, school","Feed, Christy Webber Farm & Garden, Dr J’s Place, Rooster’s Place, The Continental, Kedzie Ave & Chicago Ave, Sacramento Blvd & Franklin Blvd, Franklin Super Foods & Liquors, Polaris Charter Academy, Chicago Fire Department Engine Company 44, BP Shop, New Tabernacle of Faith, BP, Chicago Center for Green Technology, George Westinghouse College Prep, Community Career Training and Economic Development Center, Taco el Jalisciense, Richard M. Daley Branch Library, Hope Manor I, Morton School of Excellence"
17031836800,40,15,"artwork, artwork, artwork, restaurant, bar, artwork, bicycle_rental, cafe, electronics, convenience, clinic, social_facility, artwork, artwork, information, information, restaurant, hairdresser, gallery, information, information, information, information, information, information, information, information, information, artwork, information, information, information, information, cafe, bicycle_rental, school, social_facility, community_centre, gift, bicycle_rental","Robert Burns Memorial, Lincoln the Rail-Splitter, Bulls with Maidens (World's Fair Bulls), Inspiration Kitchens, Lakeside Bar, Bulls with Maidens (World's Fair Bulls), Kedzie Ave & Lake St, Bridge Cafe, Essannay Show It, Three Stars Food Market, LCHC at Garfield Park FamilyPlex, Breakthrough Fresh Market, Idyl, Garfield Park, Momentum Coffee, The Shop Barber Co., Julius Caesar Chicago, How to Read a Plant Label, Photosynthesis: Making Sugar from the Sun, Fern Room, Life Cycle of a Fern, Landscape Art Under Glass, Plants and People, Green Scene, Humongous Houseplants, Resilience Over Time, Persian Lilies, Amazing Adaptations, A Tree with Only Two Leaves, Function Follows Form, Boojum Tree, Semaphore Cafe, Central Park Ave & Washington Blvd, Al Raby High School, Breakthrough Urban Ministries FamilyPlex, Community Room, Garfield Conservatory Gift Shop, Conservatory Dr & Lake St"
17031836900,6,5,"place_of_worship, childcare, fuel, place_of_worship, variety_store, convenience","Philadelphia Missionary Baptist Church, YMCA Child Care, Falcon, New Greater Saint John Missionary Baptist Church, Dollar Tree, Falcon"
17031837000,18,10,"place_of_worship, place_of_worship, place_of_worship, garden_centre, bicycle_rental, social_facility, restaurant, car_wash, school, restaurant, place_of_worship, money_transfer, social_facility, place_of_worship, place_of_worship, social_facility, convenience, fuel","Mission Unlimited Church of God in Christ, Mary F Butler Memorial African Methodist Episcopal Church, Rose of Sharon Community Baptist Church, Herban Produce, Mozart St & Jackson Blvd, Deborah's Place, Joe Willie's, BP, LEARN Charles and Dorothy Campbell Campus, Mount Sinai Baptist Church, Western Union, Vince & Pat Foglia Family & Youth Center, New Greater Exodus Missionary Baptist Church, Saint Joseph Baptist Church, BP Shop, BP"
17031837100,22,13,"school, fast_food, bicycle_rental, gallery, hardware, hardware, studio, attraction, bicycle_rental, social_facility, art, school, school, school, place_of_worship, school, place_of_worship, convenience, social_facility, fuel, school, garden_centre","Saint Mathews School, Al's Under the L, California Ave & Lake St, 345 Gallery, McGuire-Western Lumber Co., Great Lakes Yard, ArtReach, Waller Apartments, Sacramento Blvd & Fulton St, Covenant House, Goldfinch Gallery, LEARN 8 Middle School, LEARN Excel School, LEARN 7 Elementary School, Central Memorial Missionary Baptist Church, Jacob Beidler Elementary School, Greater Holy Temple Church of God and Christ, BP Shop, Heritage Woods, BP, Willa Cather Elementary School, City Escape Garden Center and Design Studio"
17031837300,11,8,"place_of_worship, place_of_worship, place_of_worship, school, courthouse, bicycle_rental, clinic, fuel, convenience, police, school","Light House Gospel Missionary Baptist Church, Chicago Christian Church, Greater Thyatiya Missionary Baptist Church, Sears YMCA Day Care Center, Cook County Municipal Court, Kedzie Ave & Harrison St, The Encompassing Center, Citgo, Citgo, Chicago Police Department 11th District, Joseph Kellman Corporate Community Elementary School"
17031837400,10,4,"place_of_worship, place_of_worship, place_of_worship, place_of_worship, bicycle_rental, bar, place_of_worship, place_of_worship, school, school","Christian Greater Rock Baptist Church, Good Hope Freewill Baptist Church, New Life Missionary Baptist Church, Zion Temple Pentecostal Church, California Ave & Madison St, Brown Sugar Sports Bar, Landmark Baptist Church, Mount Ridge Baptist Church"
17031837800,37,20,"school, cafe, bank, bakery, restaurant, bakery, restaurant, bicycle_rental, fast_food, gallery, car_repair, hairdresser, gallery, car_repair, jewelry, childcare, bicycle_rental, fuel, fast_food, dentist, convenience, pharmacy, money_transfer, convenience, fuel, convenience, fast_food, fast_food, fire_station, social_facility, place_of_worship, bank, place_of_worship, place_of_worship, school, fuel, school","Bricklayers Apprentice School, Metric Coffee, Wintrust Bank, Sweet Ride, The Corner Farmacy, Maison Cuisine, The Corner Farmacy, Damen Ave & Walnut St, Dunkin', Corbett vs. Dempsey, Rivian Service Center, Another Level Units, DragonFLY Gallert & Creative Spaces, King Auto Repair & Body Shop, Enid, The Nook Childcare, Citgo, McDonald's, BP Shop, Walgreens, Western Union, Citgo, BP, Shell, Popeyes, Taco Bell, Chicago Fire Department Engine Company 26, Michael Barlow Center, Metropolitan Missionary Baptist Church, PNC Bank, St. Malachy + Precious Blood, St. Andrew's Episcopal Church, Suder Montessori Magnet School, Shell, Saint Malachy School"
17031838000,8,6,"driving_school, restaurant, clinic, social_facility, library, school, school, school","Ride Chicago, Sinhá, Ruth M. Rothstein CORE Center, Boys & Girls Club, Mabel Manning Branch Library, Dett Elementary School, Chicago Bulls College Prep, Crane Medical Prep High School"
17031838100,43,21,"school, bicycle_rental, bicycle_rental, childcare, fast_food, restaurant, bicycle_rental, artwork, clothes, bar, restaurant, artwork, artwork, fast_food, artwork, doctors, doctors, doctors, doctors, doctors, bar, social_facility, pub, restaurant, fast_food, valet_parking, information, clinic, fast_food, place_of_worship, convenience, car_wash, hotel, place_of_worship, place_of_worship, place_of_worship, restaurant, place_of_worship, college, school, fuel, social_facility, taxi","Chicago Graphic Arts Institute, Ogden Ave & Congress Pkwy, Damen Ave & Madison St, Adams Street Child Care Center, Au Bon Pain, SoJu BBQ, Malcolm X College, Michael Jordan, Madhouse Team Store, Mad West & Atrium Bar, Queenie's Supper Club, Stanislaw ""Stan"" Mikita, Robert Marvin ""Bobby"" Hull, Su Taqueria El Rey Del Taco, Chicago Blackhawks 75th Anniversary Sculpture, RUSH Pediatric Primary Care, Autism Assessment, Research, Treatment & Services Center, RUSH Adult and Pediatric Primary Care, RUSH Behavioral Medicine, RUSH Behavioral Medicine, The Barn Hockey Bar, Erie Neighborhood House, Park Tavern, Ricano’s, La Lagartija, Illinois Medical District, Emergancy Entrance, Church's Chicken, Christ Temple Apostolic Faith Church, Papo's Express, BP, Hotel Chicago West Loop, Pilgrim Rest Missionary Baptist Church, West Side Community Church, Greater Union Baptist Church, Bacci Pizzeria, First Baptist Congregational Church, Malcolm X College, William H. Brown School of Technology, BP, McCrory Senior Apartments, Uber Zone"
17031838200,74,27,"fast_food, college, fast_food, bicycle_rental, coffee, cafe, restaurant, cafe, restaurant, bakery, cafe, bicycle_rental, fast_food, fast_food, fast_food, fast_food, artwork, artwork, information, information, food_court, convenience, clinic, fast_food, clothes, doctors, school, information, restaurant, social_facility, social_facility, fast_food, fast_food, fast_food, ice_cream, restaurant, fast_food, fast_food, fast_food, bicycle_rental, kindergarten, clinic, clinic, restaurant, social_facility, university, university, hospital, hospital, courthouse, prison, hospital, fast_food, place_of_worship, clinic, social_facility, social_facility, mortuary, place_of_worship, library, hotel, school, clinic, hospital, clinic, pharmacy, school, social_facility, social_facility, social_facility, hotel, school, hotel, bicycle_rental","Sbarro, Cook County Graduate School of Medicine, Subway, Wolcott Ave & Polk St, Café Descartes, University Of Illinois Hospital Cafeteria And Coffee Shop, Jarabe- Mexican Street Food, Leaf and Bean Cafe, Lotus Banh Mi, Original Ferrara Bakery, Starbucks, Paulina St & Flournoy St, Chipotle, Jimmy John's, Panda Express, Five Guys, Hippocrates, Mortar & Pestle, Veterans Canteen Service - Cafeteria, Veterans Canteen Service - Retail Store, Specialty Care Center, Dunkin', Scrub Depot, Bruno and Sallie Pasquinelli Outpatient Surgery Center, Nancy B. Jefferson Alternative School, Route 66, Taco Pros, Central West Regional Senior Center, Mayor's Office for People woith Disabilites, Auntie Anne's, Pita Pita, Cinnabon, Carvel, Buffalo Wild Wings, Chick-fil-A, Schlotzsky's, Smoothie King, Wood St & Taylor St, Bright Horizons, Emergancy Entrance, Emergancy Room, Jerky Jerk, Illinois Center for Rehabilitation, Rush University, University of Illinois Chicago West Campus, John H. Stroger, Jr. Hospital of Cook County, Rush University Medical Center, Cook County Juvenile Court, Juvenile Temporary Detention Center, University of Illinois at Chicago Hospital, Lulu's Hot Dogs, First Immanuel Lutheran Church, Union Health Service, The Chicago Lighthouse for People Who Are Blind or Visually Impaired, Illinois Center for Rehabilitation and Education, Cook County Medical Examiner, Holy Cross Baptist Church, Library of the Health Sciences, Hyatt House Chicago - Medical / University District, Washington Irving Elementary School, Stroger Hospital Professional Building, Jesse Brown VA Medical Center, Emergency Room, Jesse Brown VA Outpaitiant Pharmacy, Chicago Hope Academy, Hampton Inn & Suites Chicago Medical District UIC, Children of Peace Catholic School, Hyatt Place Chicago - Medical / University District, Hermitage Ave & Polk St"
17031838300,21,10,"bicycle_rental, bicycle_rental, restaurant, restaurant, restaurant, supermarket, furniture, cafe, restaurant, cafe, cafe, restaurant, school, school, place_of_worship, place_of_worship, veterinary, place_of_worship, social_facility, fire_station, place_of_worship","Orleans St & Elm St, Wells St & Walton St, EuroAsia Restaurant, Dearly Beloved, Mogadishu Restaurant, Aldi, Architectural Artifacts, The School House, Al-Diar, Dialtone Coffee & Wine Bar, Layla & Ringo's, Doma Cafe, Ogden International School: Jenner Campus, Walter Payton College Prep, Holy Family Lutheran Church, Saint Joseph Roman Catholic Church, Banfield Pet Hospital, Saint Luke Church of God in Christ, Lower North Center, Chicago Fire Department - Air Mask Services, Saint Matthew United Methodist Church"
17031838600,7,5,"school, place_of_worship, place_of_worship, mobile_phone, bicycle_rental, place_of_worship, social_facility","Shepard School, Saint Luke Church of God in Christ, Saint Marks Lutheran Church, Boost Mobile, Whipple St & Roosevelt Rd, Solid Rock MB Church, Rauner Family Veteran Studios"
17031838700,26,10,"school, place_of_worship, place_of_worship, place_of_worship, place_of_worship, artwork, kindergarten, school, place_of_worship, mobile_phone, bicycle_rental, bicycle_rental, restaurant, school, fuel, convenience, school, place_of_worship, place_of_worship, place_of_worship, restaurant, place_of_worship, clinic, place_of_worship, fuel, convenience","Ebenezer School, Holy Ground Missionary Baptist Church, Carol Divine Temple Church of God in Christ, Church of the Living God Temple 93, Greater Sweet Home Missionary Baptist Church, Independence Square Fountain, Herzl Child-Parent Center, Olive Child-Parent Center, Tabernacle Church of God, Cricket Wireless, Central Park Ave & Douglas Blvd, Lawndale Ave & 16th St, The SoulFood Lounge, Herzl Elementary School, BP, BP Shop, CCA Academy, Ebenezer Lutheran Church, Greater Gallilee Missionary Baptist Church, Stone Temple Baptist Church, Soule, Whosoever Will Christway Bible Church, ACCESS Paul and Mimi Francis Westside Family Health Center, Lena A Hamlett Christian Methodist Episcopal Church, GoLo, GoLo Gas Station/Store"
17031838800,22,17,"information, supermarket, restaurant, convenience, bicycle_rental, bicycle_rental, artwork, picnic_site, fire_station, fire_station, fuel, car_repair, place_of_worship, place_of_worship, restaurant, tyres, restaurant, bakery, police, school, museum, bus_station","South Deering Food Mart, Gusi's Pizza, BP Shop, Torrence Ave & 106th St, Big Marsh Park, Chicago Fire Department Engine Company 80, Chicago Fire Department Engine Company 81, BP, Cedano's Auto Repair, Inspired Word Church of Jesus Christ, Pray in Faith Ministries, Tacos Don Memo, Armando's Tire Shop, Taco Mex, Calumet Bakery, Chicago Police Department 4th District, Orville Bright Elementary School, Ford Calumet Environmental Center (FCEC), Torrence & 112th Street Terminal"
17031839000,68,35,"place_of_worship, school, bar, bicycle_rental, restaurant, bar, restaurant, artwork, beauty, nightclub, restaurant, convenience, books, bicycle_rental, bicycle_rental, restaurant, restaurant, pet_grooming, convenience, pharmacy, cafe, bicycle_rental, place_of_worship, convenience, restaurant, clinic, fast_food, alcohol, wine, post_office, convenience, childcare, cafe, dry_cleaning, craft, optician, cosmetics, restaurant, restaurant, massage, fast_food, restaurant, artwork, bar, restaurant, cafe, restaurant, candles, bank, department_store, events_venue, school, school, bicycle_rental, cafe, jewelry, clothes, clothes, clothes, museum, restaurant, hairdresser, cinema, clothes, supermarket, restaurant, shoes, clothes","Grace Episcopal Church, South Loop Montessori School, Kasey's Tavern, Wells St & Polk St, Chicago Curry House, First Draft, Señoritas Cantina, Alchemy—Birds and Stone, The Skin Bar at Ulta Beauty, Jazz Showcase, Half Sour, 7-Eleven, Sandmeyer's, Delano Ct & Roosevelt Rd, Clark St & 9th St (AMLI), Sofi Restaurant, Umai, Mau's House, Totto's Market, CVS Pharmacy, Starbucks, Federal St & Polk St, The Loop Church of the Nazarene, Wells Pantry, Amarit, Northwestern Medicine Immediate Care South Loop, Dunkin', Hops & Scotch, Printers Row Wine Shop, The UPS Store, River City Market, Blocks Child Care Center, Necessary Coffee, Roosevelt Cleaners, Yarnify, LensCrafters, Ulta Beauty, Flaco's Tacos, Forno Mauri, Massage Envy, Subway, Pat's Pizza, Vitology, Chengdu Bistro, Cafe Deko, Sushi Plus Rotary Sushi Bar, Embers + Apothecary, Fifth Third Bank, Target, RESERV, Jones College Prep, British International School of Chicago–South Loop, State St & Harrison St, Chicago French Press, Tresures Jewlers, Francesca's, H&M, Old Navy, Play Street Meuseum, Nando's, Only One Boutique, AMC Roosevelt Collection 16, Banana Republic, Wagyu House, Fleet Feet, KhamrynB"
17031839100,520,73,"ferry_terminal, fast_food, pub, music_school, restaurant, courthouse, cafe, dry_cleaning, artwork, clothes, clothes, clothes, fast_food, cinema, hotel, pub, convenience, copyshop, atm, atm, fast_food, bank, fast_food, copyshop, restaurant, fast_food, fast_food, convenience, restaurant, fast_food, fast_food, restaurant, fast_food, fast_food, restaurant, fast_food, cafe, attraction, bank, bicycle_rental, bicycle_rental, bicycle_rental, bicycle_rental, fast_food, restaurant, restaurant, restaurant, bank, bank, restaurant, bank, bicycle_rental, restaurant, restaurant, convenience, fast_food, fast_food, restaurant, cafe, cafe, bar, restaurant, variety_store, clothes, restaurant, bank, collector, restaurant, clothes, cosmetics, bakery, mobile_phone, restaurant, restaurant, fast_food, bank, bank, fast_food, fast_food, fast_food, bank, convenience, museum, restaurant, bar, clothes, restaurant, bar, restaurant, bank, bank, bank, fast_food, fast_food, convenience, restaurant, mobile_phone, mobile_phone, chemist, pharmacy, mobile_phone, mobile_phone, bank, bank, pub, car_rental, fast_food, cafe, hotel, bicycle_rental, restaurant, fast_food, attraction, chemist, fast_food, convenience, fast_food, restaurant, cinema, bar, fast_food, marketplace, fast_food, restaurant, bar, fast_food, fast_food, fast_food, restaurant, cafe, bar, restaurant, restaurant, restaurant, bar, bar, cafe, clothes, restaurant, cafe, restaurant, restaurant, restaurant, restaurant, bakery, coffee, fast_food, bar, restaurant, restaurant, restaurant, bar, cafe, cafe, cafe, cafe, bakery, cafe, restaurant, cafe, bakery, restaurant, bar, restaurant, restaurant, fast_food, cafe, bar, bar, copyshop, restaurant, bar, restaurant, bar, bakery, cafe, bar, bar, cafe, courthouse, restaurant, restaurant, artwork, artwork, restaurant, fast_food, restaurant, restaurant, fast_food, cafe, cafe, copyshop, food_court, bicycle_rental, cafe, fast_food, artwork, restaurant, bank, police, restaurant, cafe, fast_food, fast_food, sports, bank, fast_food, artwork, artwork, artwork, artwork, artwork, artwork, artwork, artwork, artwork, artwork, artwork, artwork, artwork, artwork, artwork, artwork, artwork, artwork, artwork, artwork, artwork, artwork, artwork, artwork, artwork, artwork, artwork, artwork, artwork, artwork, artwork, artwork, artwork, artwork, artwork, artwork, artwork, artwork, artwork, artwork, artwork, hotel, bank, fast_food, fast_food, fast_food, restaurant, fast_food, bank, post_office, shoes, shoes, clothes, gift, pastry, fast_food, restaurant, craft, food_court, convenience, convenience, charging_station, charging_station, fast_food, hotel, hotel, fast_food, restaurant, fast_food, fast_food, veterinary, pub, cafe, bicycle_rental, beauty, restaurant, bank, bank, fast_food, restaurant, optician, clothes, atm, fast_food, bank, information, convenience, bank, restaurant, cafe, optician, post_office, fast_food, fast_food, restaurant, cafe, bank, studio, studio, ticket, restaurant, events_venue, deli, events_venue, events_venue, attraction, artwork, restaurant, fast_food, restaurant, restaurant, restaurant, bank, food_court, cafe, museum, restaurant, pharmacy, ferry_terminal, information, newsagent, newsagent, restaurant, convenience, fast_food, pub, restaurant, cafe, cafe, hairdresser, fast_food, deli, beauty, restaurant, restaurant, restaurant, restaurant, fast_food, bank, cafe, restaurant, cafe, hairdresser, fast_food, fast_food, clothes, cafe, dentist, confectionery, cafe, computer, bank, convenience, clinic, hotel, restaurant, pawnbroker, artwork, artwork, fast_food, stationery, cafe, optician, restaurant, cafe, bar, jewelry, tailor, hotel, cannabis, restaurant, artwork, restaurant, restaurant, florist, fast_food, hairdresser, beauty, dentist, childcare, artwork, bank, museum, clinic, bicycle_rental, restaurant, fast_food, atm, restaurant, bank, fast_food, cafe, artwork, atm, bicycle_rental, fast_food, restaurant, restaurant, post_office, hairdresser, restaurant, fast_food, restaurant, cafe, restaurant, convenience, restaurant, clothes, restaurant, fast_food, cafe, bank, bank, restaurant, cafe, fast_food, bar, restaurant, fast_food, fast_food, fast_food, bakery, cafe, restaurant, fast_food, restaurant, fast_food, university, cafe, clothes, bicycle_rental, restaurant, bank, atm, library, hotel, hotel, courthouse, hotel, prison, post_office, restaurant, hotel, fire_station, hotel, townhall, theatre, hotel, artwork, mall, place_of_worship, hotel, place_of_worship, place_of_worship, theatre, studio, arts_centre, artwork, artwork, artwork, convenience, hotel, hotel, place_of_worship, hotel, pub, restaurant, hotel, hotel, hotel, restaurant, theatre, hotel, studio, hotel, fuel, university, department_store, hotel, theatre, theatre, bar, hotel, theatre, bicycle_rental, car_rental, bicycle_rental, artwork, studio, artwork, artwork, street_vendor, bicycle_rental, artwork, food_court, bicycle_rental, taxi, taxi, food_court, bicycle_rental, bicycle_rental, bicycle_rental, bicycle_rental, taxi, bicycle_rental, artwork, artwork, bicycle_rental, artwork, bicycle_rental, artwork, artwork, artwork","Union Station/Willis Tower, Subway, Midtown Kitchen & Bar, Opera School of Chicago, The Berghoff Restaurant, Cook County Courthouse, Corner Bakery, Plymouth Court Cleaners, Flamingo, Men's Wearhouse, JD Sports, Nordstrom Rack, Potbelly, Gene Siskel Film Center, Club Quarters Central Loop Hotel, Elephant & Castle - Chicago Adams St, South Loop Market, FedEx Office, Chase, Chase, McDonald's, Bank of America, Dunkin', FedEx Office, Jason's Deli, Potbelly, Subway, 7-Eleven, Pazzo's, Subway, Dunkin', Giordano's Pizzeria, Jimmy John's, Potbelly, Taza, Potbelly, Starbucks, SkyDeck Chicago Willis Tower, Morningstar Inc., Clark St & Randolph St, Dearborn St & Monroe St, Daley Center Plaza, Clark St & Ida B Wells Dr, McDonald's, Cafe 333, Goodwin's, Noodles & Company, First American Bank, Citibank, Grill Room, PNC Bank, LaSalle St & Washington St, Eppy's Deli, Naansense, 7-Eleven, Potbelly, Chipotle, Noodles & Company, Starbucks, Starbucks, South Branch, Monroe Reserve, Five Below, Uniqlo, Petterino's, Lakeside Bank, Harlan J. Berk, Ltd., Atwood, Anthropologie, Sephora, Magnolia Bakery, AT&T, Wow Bao, Protein Bar, McDonald's, BMO, Chase, Dunkin', Potbelly, Qdoba, Fifth Third Bank, 7-Eleven, Money Museum, Protein Bar, City Winery at the Chicago Riverwalk, Zara, Naf Naf Grill, Randolph Tavern, Ajida, Bank of America, Citibank, Bank of America, Einstein Bros. Bagels, Cousins Subs, 7-Eleven, The Dearborn, AT&T, T-Mobile, Walgreens, CVS Pharmacy, Verizon, T-Mobile, Fifth Third Bank, Chase, Cardozo's Pub, Hertz, Mr. Submarine, Cafecito, The Buckingham Hotel, Wacker Dr & Washington St, Rosetta Italian, Chipotle, Weather Bell, Walgreens, Luke's Italian Beef, 7-Eleven, Protein Bar, Mediterranean Kitchen, AMC Dine-In Block 37, Tiny Tapp, Così, Christkindlmarket, Jimmy John's, One North Kitchen, Rittergut Wine Bar, Roti, Potbelly, Jimmy John's, Meli, Corner Bakery, Bar Allegro, Luke's Lobster City Hall, Cochon Volant Brasserie, Beatnik On The River, Good Funk, Persona, Harry's Sandwch Shop, Optimo, Beatrix Market, Left Coast, Lotus Bahn Mi, AceBounce, 312 Chicago, Ara On, Avanti Caffé, Big Shoulders Coffee, Boar's Head, Brando’s Speakeasy, Blackwood BBQ, Boleo, Catch 35, Chelsea Room, Corner Bakery, Mojo Coffee, Do-Rite Donuts & Coffee, Dollop Coffee Co., Gayle V’s Best Ever Grilled Cheese, Goddess And The Baker, Nic’s Organic Fast Food, Intelligentsia Coffee, International Sandwich Shop, Raised, an Urban Rooftop Bar, Roanoke Restaurant, Rivers, Roanoke Restaurant, Roti Modern Mediterranean, Peet's Coffee, Stock and Ledger Kitchen & Spirits, Stocks and Blondes, FedEx Office, The Fat Shallot, The Living Room Bar W Chicago City Center, The Marq, Sky-Ride Tap, Mindy’s Hot Chocolate Bakery, Mojo Coffee, O’Neil’s on Wells, MacGuffins Bar & Lounge, Lavazza, Illinois Appellate Court 1st District, Steadfast at the Gray, Staytion Market & Bar, Ceres, San Marco II, Danke, Piggie Smalls Gyro Shop, Tabo Sushi, Antique Taco Chiquito, Farmer's Fridge, Big Shoulders Coffee, Peet's Coffee, FedEx Office, Rustle & Roux, Financial Pl & Ida B Wells Dr, Starbucks, Potbelly, Black Tiberinus, Sweet Home Gelato, First Northern Credit Union, Metra Police Department, Prime & Provisions, Goddess and the Baker, McDonald's, Subway, Champs Sports, Chase, Dunkin', Canopy by Hilton, Old Second National Bank, Qdoba, Panda Express, Shake Shack, Brown Bag Seafood, Do-Rite Donuts, Byline Bank, DHL, Foot Locker, Kids Foot Locker, Zumiez, State Street Souvenirs, Smallcakes, Dunkin', 65 Express, Blick Art Materials, Washington Hall, Circle K, Circle K, ChargePoint, ChargePoint, Arby's, The LaSalle Chicago, JW Marriott Chicago, Dunkin', Lotus Banh Mi, Dunkin', Taco Bell Cantina, Partners Animal Hopsital, Adam Street Brewery, Corner Bakery, L.A. Tan, FARE, U.S. Bank, PNC Bank, Jersey Mike's Subs, Seedo’s, Visionary, Dei Giovani, Chipotle, Fifth Third Bank, 7-Eleven, State Bank of India, Protein Bar & Kitchen, Starbucks, Eyelines Inc, FedEx Office, Burrito Beach, Dunkin', Francois Frankie, Starbucks, Chase, State Street Studio, ESPN 1000 WMVP, Box Office, Silk Road of Chicago, Convene, Boar's Head, Skydeck 99, Convene, The Ledge, In the Heart of this Infinite Particle of Galactic Dust, Sushi-san, Sweetgreen, Tortazo, Brownbag, Market Creations, Fifth Third Bank, Urbanspace, Joe & The Juice, Color Factory, Kindling, Walgreens, Wndella Tours - Riverwalk, Blackwood BBQ, 7-Eleven, Chipotle, Frainklin Tap, Copper Club, Hero Coffee Bar, Espresso and Milk, State Street Barbers, Potbelly, Halsted Street Deli, 7 Am, Saucy Porka, Bereket, Bar Mar, Bazaar Meat, Market Creations, Bank of America, Dollop, Taureaux, Stan's Donuts & Coffee, Funk’s Barber Shop, Garret’s Popcorn, Subway, Banana Republic, Starbucks, The Dental Loft, Garrett's Popcorn, Starbucks, Air Tec Service Center, BMO, Circle K, Passport Health Downtown Chicago Travel Clinic, Ewing Annex Hotel, Royal Pawn Shop, Mayor Harold Washington, Dunkin', Atlas Stationers, Capital One Café at State Street, Dean Opticians, Ceres Cafe, Dollop Coffee Co., Bar Sotto, Sydel & Sydel Jewelry, Richard Bennett Custom Tailors, Cambria Hotel Chicago Loop - Theatre District, Market 96, Naf Naf Grill, The Town-Ho's Story, Sopraffina Marketcaffe, Hannah's Bretzel, A Plus Flowers & Gifts, Jimmy John's, The Chicago Buzz, Loop Nail Spa, DentalWorks, Kids & Company, All Roads Lead Back to the Loop, Chase, Chicago Board of Trade Building Museum, One Medical, Franklin St & Washington St, Eaves, Crave, Green Apple PHOever, Wells Fargo, Dog Haus, River Roux, Chicago Picasso Braille Model, Americana Submarine, Chicago Brü, Barangaroo Aussie Pies, The UPS Store, Elegance Salon, Solette, Dunkin', Pita Pita, Starbucks, BenjYehuda, Blaze, BenjYehuda, Charles Tyrwhitt, 90th Meridian Kitchen & Bar, Bagel & Bean, Starbucks, Lakeside Bank, ABOC, Brews & Bites Riverwalk, Biggby Coffee, Chiya Chai, Flight Club, Silk Road of Chicago, Hot Chi, LaShuk, Harry's Hamburgs, Seedo’s Levantine Bakery, Sterling Café, 82 Kimbap, Egg Bunni, Saffron Street, Aloha Poke, Adler University, The Good Eating Company, Iridium 77, Bistro Monadnock, CIBC Bank USA, Harold Washington Library Center, Sonder Plymouth, The Standard Club, Dirksen Federal Building and US Courthouse, Union League Club, Metropolitan Correctional Center, Chicago Loop Post Office, Pancho's Rooftop Cantina, Hilton Garden Inn, Chicago Fire Department Engine Company 1, THE MIDLAND HOTEL, Chicago, a Tribute Portfolio Hotel, Chicago City Hall, Civic Opera House, Staypineapple, An Iconic Hotel, The Loop, Chicago Picasso, Block 37 Shops, First United Methodist Church of Chicago, Renaissance Chicago Downtown Hotel, St. Peter's Church, Loop Synagogue, Owen Bruner Goodman Theatre, ABC Building, Goodman Theatre Center, Miro's Chicago, Monument With Standing Beast, Four Seasons, BP Shop, La Quinta Inn & Suites by Wyndham Chicago Downtown, Residence Inn Chicago Downtown/Loop, I Am Temple, Hyatt Place Chicago/Downtown - The Loop, Monk's Pub, Italian VIllage, Hyatt Centric The Loop Chicago, The Kimpton Gray Hotel, Wyndham Blake Hotel, Sushi Nova, Cadillac Palace Theatre, The Allegro Royal Sonesta Hotel Chicago Loop, CBS 2 Broadcast Center, The Marquee at Block 37, BP, University of Illinois Chicago School of Law, Saks Off 5th, Hampton Majestic Chicago Theatre District, CIBC Theatre, Albert Ivar Goodman Theatre, Goodman Lounge, Cambria Chicago Loop - Theatre District, James M. Nederlander Theatre, Franklin St & Lake St, Alamo, Clark St & Lake St, Loop Da Loop, ABC TV Studios, 150, 100, Food Trucks, Franklin St & Adams St, atmospheric Wave Wall, Catalog, Franklin St & Monroe St, Sterling Food Hall, LaSalle St & Jackson Blvd, LaSalle St & Adams St, Dearborn St & Adams St, Franklin St & Jackson Blvd, Agriculture, Industry, State St & Van Buren St, Dearborn St & Van Buren St"
17031839200,15,10,"kindergarten, school, bicycle_rental, artwork, doctors, car, school, community_centre, place_of_worship, place_of_worship, car, school, research_institute, social_facility, social_facility","Midwest Pre-School-South Commons, Saint James School, Indiana Ave & 31st St, Paul Laurence Dunbar Monument, South Loop Physicians Group Internal Medicine, Napleton Downtown, Dunbar High School, Henry Booth House, Mount Carmel Baptist Church, Trinity Episcopal Church, Napleton Downtown Hyundai"
17031839500,15,13,"bicycle_rental, bicycle_rental, cafe, medical_supply, information, convenience, mobile_phone, fast_food, restaurant, fire_station, fast_food, place_of_worship, fuel, library, school","Calumet Ave & 33rd St, Calumet Ave & 35th St, Eméché Cakery & Cafe, Chyodo Medical Supplies, Bronzeville, BP Shop, Boost Mobile, Best Southside Gyro, Jamaican Jerk King, Chicago Fire Department Engine Comnpany 19, Popeyes, Hartzell United Methodist Church, BP, Dr. Martin Luther King, Jr. Branch Library, Pershing Elementary School"
17031839600,11,8,"bicycle_rental, bank, mobile_phone, grocery, place_of_worship, fast_food, social_facility, school, place_of_worship, school, school","MLK Jr Dr & Pershing Rd, Chase, AT&T, Siri Indian Groceries, South Park Baptist Church, McDonald's, All Faith Pavilion Nursing & Rehabilitation Center, Chicago Military Academy, Apostolic Faith Church, Wendell Phillips Academy High School, Ida B. Wells Elementary School"
17031839700,29,24,"convenience, arts_centre, cafe, bakery, bicycle_rental, restaurant, bank, fast_food, books, pet, jewelry, tobacco, atm, storage_rental, coffee, motel, dentist, museum, music, fast_food, restaurant, library, restaurant, restaurant, restaurant, social_facility, variety_store, furniture, bar","Martinez Grocery, Bridgeport Art Center, Base Community Cafe, Bourbon On Division, Racine Ave & 35th St, Buffalo Wings & Rings, Citibank, Martinez Grocery Taqueria, Tangible Books, Bark N' Bites, Oscar and Sons Jewlers, Smokey's Smoke Shop, CubeSmart, Bad Owl Coffee House, The Polo Inn, Lee Orthodontics, Chicago Maritime Museum, Bridgeport Records, George's Gyros, JM Seafood Restaurant, Richard J. Daley Branch Library, Antique Taco, Phil's Pizza, The Adelitas Mexican Restaurant, Boys & Girls Club, Family Dollar, Romo Mattress and Furniture, Mitchell's Tap"
17031839800,23,17,"school, fast_food, video_games, bicycle, cafe, restaurant, bakery, restaurant, mobile_phone, post_office, restaurant, restaurant, restaurant, restaurant, pharmacy, fuel, place_of_worship, social_centre, clothes, bank, chemist, convenience, fast_food","Trinity School, Subway, GameStop, Blue City Cycles, Jackalope Coffee & Tea House, Han 202 Restaurant, El Churrito Rojas, Min’s Noodle House, Verizon, The UPS Store, Potsticker House, Four Seasons Dumplings, Happy Lamb Hot Pot, Fabulous Freddies Italian Eatery, CVS Pharmacy, VP Fuels, First Lutheran Church of the Trinity, Mark White Square VFW Post, Grandstand, Marquette Bank, CVS Pharmacy, Dunkin'"
17031839900,32,20,"bicycle_rental, bicycle_rental, bicycle_rental, restaurant, bar, cafe, bicycle_rental, bank, convenience, bank, collector, restaurant, museum, trade, fast_food, fuel, fire_station, arts_centre, flooring, restaurant, theatre, hairdresser, bar, place_of_worship, clinic, restaurant, restaurant, fast_food, school, school, post_depot, bank","Halsted St & 35th St, Halsted St & 37th St, Wallace St & 35th St, Stussy's Diner, Shinnick’s Pub, The Stockyard Coffeehouse, Morgan St & Pershing Rd, Chase, BP Shop, U.S. Bank, Bridgeport Hobby Sports Cards, La Mexicana Taqueria, Heritage Museum of Asian Art, Columbia Pipe & Supply Co., Vienna Beef Factory Store, BP, Chicago Fire Department Engine Company 29, Zhou B Art Center, Midwest Carpet & Flooring, Ramova Grill & Taproom, Ramova Theatre, Antonia's Beauty Salon, Schaller's Pump, Nativity of Our Lord Catholic Church, Fresenius Kidney Care, GREEK PRIME, Mi Lindo Mexico, Kevin's Hamburger Heaven, Minnie Miñoso Academy, Bridgeport Catholic Academy, UPS Morgan Street Center, Lakeside Bank"
17031840000,8,7,"bar, bicycle_rental, cafe, convenience, fuel, hardware, fast_food, fast_food","The BallPark Pub, Parnell Ave & 31st St, Snack Shop, Citgo, Citgo, Joe Harris Paint & True Value Hardware Store, 35th Street Red Hots, Maxwell Street Depot"
17031840100,8,6,"place_of_worship, restaurant, prep_school, fuel, convenience, school, school, school","New Life Community Church in Bridgeport, Chinese Kitchen Sushi Grill, Smart Kids Digital Tutoring Center, Gas Depot, Healy Elementary School, Mark Sheridan Magnet School"
17031840200,21,16,"fast_food, chemist, tobacco, nightclub, fast_food, mobile_phone, fast_food, information, tattoo, ice_cream, fast_food, bank, car_repair, car_repair, place_of_worship, convenience, place_of_worship, fuel, school, bus_station, bicycle_rental","McDonald's, Walgreens, Smoker Zone Chicago, Digital Art Demo Space, Little Caesars, T-Mobile, Wingstop, Hammerhead Tattoo, Baskin-Robbins, Dunkin', NuMark Credit Union, Car One Complete Auto Repair, Jiffy Lube, Central Assembly of God Church, Shell, Saint Barbara Roman Catholic Church, Shell, Saint Barbara Grammar School, Halsted Orange Line Station, Halsted St & Archer Ave"
17031840300,21,14,"restaurant, supermarket, restaurant, bicycle_rental, bicycle_rental, information, information, information, restaurant, fast_food, dentist, bank, bakery, cafe, car_repair, fast_food, clinic, school, cafe, convenience, fuel","La Palapa Mariscos, Cermak Fresh Market, Huck Finn Restaurant, Hoyne Ave & 34th St, Damen Ave & 33rd St, McKinley Park, Chile Toreado, Laredo Taco Company, Sonrisa Family Dental, BMO, Cadinho, Cafe Consume, Valvoline, Burger King, ACCESS Cabrini Family Health Center, Everett Elementary School, Starbucks, 7-Eleven, 7-Eleven"
17031840400,38,27,"place_of_worship, doityourself, variety_store, video, bakery, cafe, mobile_phone, paint, mobile_phone, bed, nutrition_supplements, hairdresser_supply, pet, car_parts, fast_food, artwork, pharmacy, restaurant, clinic, telecommunication, restaurant, supermarket, fire_station, fuel, convenience, pharmacy, social_centre, bar, fast_food, fast_food, fast_food, bank, fast_food, variety_store, department_store, bank, fuel, car_parts","Seventh Day Adventist South Spanish Church, Bridgeport Ace Hardware, Dollar Tree, Video Strip, East Balt, T Opera Cafe, Boost Mobile, Sherwin-Williams, T-Mobile, Mattress Firm, GNC, Sally Beauty, Pet Supplies Plus, O'Reilly Auto Parts, Domino's, CVS Pharmacy, Taste of Canton, Xfinity, Slice Factory, Mariano's Fresh Market, Chicago Fire Department Engine Company 39, Marathon, Marathon, Walgreens, American Legion McKinley Post 231, One City Tap, Burger King, Popeyes, White Castle, Pacific Global Bank, Dunkin', Dollar Tree, Target, Fifth Third Bank, Power Gas, AutoZone"
17031840700,25,20,"driving_school, place_of_worship, bicycle_rental, bank, school, restaurant, bakery, bakery, hairdresser_supply, fast_food, artwork, community_centre, dentist, money_transfer, mobile_phone, supermarket, bureau_de_change, car_wash, variety_store, fast_food, bank, school, school, hospital, social_facility","Acapulco Driving School, Missionary Crusade Church, California Ave & 21st St, Fifth Third Bank, Telpochcalli Elementary School, Fiesta Tapatia Restaurant, Pete’s Fresh Market, La Central Bakery, Sally Beauty, Domino's, Saint Anthony, Chicago Liberation Center, Sonrisa Family Dental, Western Union, Boost Mobile, Pete's Market, New Fairfield Currency Exchange, Dollar General, Church's Chicken, U.S. Bank, Saucedo Scholastic Academy, Hammond Elementary School, Saint Anthony Hospital"
17031840800,16,11,"restaurant, bakery, clinic, dentist, convenience, bank, supermarket, fast_food, confectionery, supermarket, bank, convenience, fuel, school, fuel, school","Doña Torta Restaurant, Rosy’s Bakery, ACCESS Servicios Médicos La Villita, Sonrisa Family Dental, Mobil Mart, CIBC Bank USA, Aldi, Burger King, Dulcelandia, Cermak Fresh Market, Huntington Bank, Shell, Mobil, McCormick Elementary School, Shell, Madero Middle School"
17031841000,37,22,"bicycle_rental, bicycle_rental, bar, bar, restaurant, cafe, bakery, restaurant, bar, cafe, bicycle_rental, bus_station, taxi, artwork, artwork, doctors, restaurant, dry_cleaning, money_transfer, conference_centre, storage_rental, car_repair, cafe, events_venue, place_of_worship, restaurant, bureau_de_change, hospital, fast_food, school, hotel, clinic, school, conference_centre, hotel, artwork, fast_food","McCormick Place, Indiana Ave & 26th St, Motor Row Brewing, Bar 22, Fatpour Tap Works, Starbucks, Sip & Savor, Windy City Ribs & Whiskey, VU Rooftop Bar, South Loop Cafe, Wabash Ave & Cermak Rd, McCormick Place Transportation Center, Caracol, Shifrin Plastic Surgery, Apolonia, CD One Price Cleaners, Western Union, McCormick Place West Building, CubeSmart, Crash Champions, Connie's Coffee, Revel Motor Row, Quinn Chapel African Methodist Episcopal Church, Mustard Seed Kitchen, Cermak & Wabash Currrency Exchange, Insight Hospital & Medical Center, McDonald's, National Teachers Academy, Hilton Garden Inn, Hampton Inn, & Home2 Suites, Advocate Medical Group Immediate Care Center, Ray Graham Training Center High School, Hyatt Conference Center, Hyatt Regency McCormick Place, Monument to Great Northern Migration, Dunkin'"
17031841100,164,41,"place_of_worship, ferry_terminal, bicycle_rental, bicycle_rental, bicycle_rental, artwork, artwork, artwork, artwork, artwork, artwork, artwork, artwork, restaurant, artwork, post_office, restaurant, cafe, restaurant, restaurant, restaurant, restaurant, bar, restaurant, bakery, restaurant, cafe, restaurant, bakery, bakery, bar, restaurant, bakery, bakery, bakery, bakery, restaurant, fast_food, restaurant, cafe, restaurant, restaurant, restaurant, cafe, restaurant, bar, fast_food, gift, bank, pharmacy, gift, gift, gift, artwork, artwork, artwork, artwork, information, restaurant, cafe, school, bank, health_food, tea, jewelry, travel_agency, convenience, mobile_phone, restaurant, restaurant, supermarket, restaurant, gift, gift, travel_agency, gift, gift, restaurant, restaurant, supermarket, supermarket, restaurant, fast_food, artwork, bank, prep_school, bakery, restaurant, cafe, cafe, variety_store, hairdresser, restaurant, music, restaurant, cafe, cafe, cafe, beauty, restaurant, cafe, cosmetics, restaurant, bank, atm, artwork, confectionery, restaurant, bakery, restaurant, restaurant, cafe, cafe, cafe, fast_food, cafe, pharmacy, fast_food, restaurant, restaurant, fast_food, food_court, restaurant, houseware, convenience, artwork, bakery, restaurant, restaurant, restaurant, restaurant, restaurant, restaurant, restaurant, fast_food, cafe, hairdresser, restaurant, information, bank, chemist, museum, fire_station, social_facility, seafood, social_facility, dentist, place_of_worship, bank, restaurant, restaurant, restaurant, community_centre, social_facility, school, bank, library, hotel, restaurant, hotel, artwork, information, school, bicycle_rental","Chinese Christian Union Church, Chinatown, Wells St & 19th St, Normal Ave & Archer Ave, Wentworth Ave & 24th St, Dog, Ox, Horse, Rabbit, Dragon, Rooster, Snake, Ram, Phoenix, Dr. Sun Yat-Sen, Chinatown Post Office, Xi'an Cuisine, Starbucks, Triple Crown Restaurant, Chi Cafe, Gao’s Kabob, MingHin Cuisine, ATE Music House, Bonchon Chicken, Chiu Quon Bakery and Dim Sum, Dolo Restaurant and Bar, Elite Boba, Go 4 Food, Golden Apple Cafe & Bakery, Golden Dragon Fortune Cookies, Sakura Karaoke Bar, Pho Cafe, Saint Anna Bakery & Cafe, Sunlight Cafe, Tasty Place, Tous les Jours, Yummy Yummy Noodles, Zero Degrees, Joy Yee Noodle, Kung Fu Tea, Qing Xiang Yuan Dumplings, Happy Lamb Hot Pot, MCCB Chicago, Saint’s Alp Teahouse & Gourmet, Lao Sze Chuan, No.18 Karaoke, Ricobene's, Central Port Emporium, South Central Bank, Peace Pharmacy, MM Giftland, EK Souvenirs, Pacific Furniture Inc, Pig, Monkey, Tiger, Rat, Store Directory, Cai Restaurant, Chicha San Chen, Pui Tak Christan School, Pacific Global Bank, Kent Young Health Products, Asian Tea, Dor Fook, Mag Vacations, Best Choice Oriental Grocery, Chinatown Mobile, Evergreen Restaurant, Sze Chuan Cuisine, Silver State City Food Company, Tai Ho Yee Food Company, Color's Flowers and Gifts, Gifts R Us, China Tours and Travel, Ka Oriental Gift, Grace Trading, Gourmet Food Inc, China Cafe, Park To Shop Supermarket, FreshMart, Ken Kee Restaurant, Kong Dog, Ping Tom Portrait Bust, Citibank, Project Vision, Fei Da Bakery, Daiquan Noodles, Tbaar, Oriental Tea House, Miniso, V Salon, Veggie House, K Pop of Chinatown, Aroma Hot Pot, Hello Jasmine, TSAoCAA, Autea Sweets & Eats, Pink Mi Up, May Flower, Tiger Sugar, Shiseido, Hing Kee, American Metro Bank, Cathay Bank, Aji Ichiban, Shoo Loong Kan, Paris Baguette, Daebak, So Gong Dong Korean Tofu & BBQ, Mango Mango Dessert, TE'AMO Boba Bar, Uni Uni Bubble Tea, 3 Sauces Hainam Chicken Rice, Molly Tea, Walgreens, Szechuan Bistro, Sushi Plus Rotary Sushi Bar, Chef Xiong Taste of Sichuan, J’s Snack House, Richland Center Food Court, Ahjoomah's Apron, Sunlight Kitchen Hardware Supplies, Happy Market, Confucius, TE'AMO Sweets, bb.q Chicken, Kuro Ramen, Noodleverse, Slurp Slurp Noodles, Dongpo Impression, HuaFeng Restaurant, Chubby Cattle BBQ, ZhengXin Chicken Steak Chicago, Ume Tea, Headquarter Salon, Golden Bull Restaurant, U.S. Bank, Walgreens, Chinese American Museum of Chicago, Chicago Fire Department Engine Company 8, CASL Senior Housing, Lawrence's Fish & Shrimp, Chinese-American Service League, A Tooth Company, St. Therese Chinese Catholic Church, Cathay Bank, Emperor's Choice, Legend Tasty House, Connie's Pizza, Chinese Community Center, Chinatown Elderly Apartments, John C. Haines Elementary School, Lakeside Bank, Chinatown Branch Library, Jaslin Hotel, Strings Ramen, SpringHill Suites Chicago Chinatown, Nine Dragon Wall, Chinatown Visitor Center, Saint Therese Chinese Catholic School, Wentworth Ave & Cermak Rd"
17031841200,29,18,"bicycle_rental, fast_food, fast_food, dentist, fast_food, clothes, video_games, restaurant, bank, motorcycle, bakery, dojo, doctors, restaurant, general, restaurant, restaurant, convenience, car_wash, fuel, fast_food, car_wash, place_of_worship, variety_store, bank, place_of_worship, school, school, school","Western Ave & 21st St, Subway, Super Taqueria El Taconazo, Wingstop, Cermak Discount, GameStop, Wen Gai, Bank of America, Motoworks Chicago, Wagner’s Bakery, Legacy Taekwondo Academy, Apollo Family Medical Center, Aloha Wagon, Workshop Apothecary, Casa Cafe Restaurant, Don's Grill, BP Shop, BP, BP, McDonald's, Hand Car Wash & Detail, Saint Matthew Lutheran Church, Dollar Tree, Mutual Federal Bank, Pickard Elementary School, Saint Ann School"
17031841300,41,23,"place_of_worship, place_of_worship, bicycle_rental, mobile_phone, fast_food, pawnbroker, supermarket, bank, restaurant, laundry, restaurant, restaurant, restaurant, restaurant, bicycle_rental, cafe, fast_food, clothes, ice_cream, post_depot, storage_rental, car_parts, fuel, place_of_worship, bicycle, fuel, convenience, supermarket, social_centre, place_of_worship, college, school, school, fast_food, convenience, car_wash, school, social_facility, school, school, fast_food","Our Lady of Vilna Roman Catholic Church, Saint Paul Convent, Western Ave & 24th St, Cricket Wireless, Laura's Pizza & Pasta, Cash America Pawn, Fairplay Foods, Chase, Canton Star, Fun Wash, Bacchanalia, Bruna's, Ignotz Ristorante, La Fontanella, Western Ave & 28th St, Holy Grounds, Rosie's Donuts, Burdeens Chicago, Baskin-Robbins, Amazon DCH1, Extra Space Storage, AutoZone, Speedway, Saint Michael the Archangel Catholic Church, Working Bikes Cooperative, Marathon, Marathon, Supermercado El Güero #8, American Legion Dorman Dunn Post 547, Saint Paul Roman Catholic Church, Arturo Velasquez Institute, Ruiz Elementary School, Finkl Elementary School, Taco Bell, Speedway, Ducky's, Juan Inez de la Cruz School, Saint Paul School, Dunkin'"
17031841400,13,6,"place_of_worship, place_of_worship, place_of_worship, place_of_worship, place_of_worship, place_of_worship, place_of_worship, bicycle_rental, arts_centre, community_centre, school, social_facility, school","Original Greater Rock Missionary Baptist Church, Holy Star Light Missionary Baptist Church, Livestone Missionary Baptist Church, Holy Temple Followers of Jesus Christ, Westlawn Gospel Chapel, Wesley Chapel Community Spiritual Church, Universal Temple of Truth Spiritual Church, Central Park Ave & Ogden Ave, Firehouse Community Arts Center of Chicago, Blessed Sacrament Youth Center, Carole Roberston Center for Learning, Lawndale Christian Health Center Senior Center, Crown Community Academy"
17031841500,20,7,"place_of_worship, place_of_worship, place_of_worship, place_of_worship, place_of_worship, place_of_worship, place_of_worship, place_of_worship, place_of_worship, place_of_worship, bicycle_rental, cafe, information, library, place_of_worship, place_of_worship, school, school, school, community_centre","Shining Star Missionary Baptist Church, Fairfield Baptist Church, New Bethel Temple United Methodist Church, Church of the Lord Jesus Christ of the Apostolic Faith, Siloam Baptist Church, Holy Sanctuary Community Church, The Young Church, Temple of Christ, Thompson Hopewell Baptist Church, Tabernacle Church of Perfect Love, Spaulding Ave & 16th St, Monday Coffee Co., Route 66, Douglass Branch Library, Christian Valley Baptist Church, Greater Open Door Baptist Church, North Lawndale College Prep Charter - Christiana, KIPP Ascend Primary School, Legacy Charter School, Starling"
17031841600,7,3,"place_of_worship, place_of_worship, place_of_worship, arts_centre, police, place_of_worship, place_of_worship","Community Missionary Baptist Church, Douglas Park Baptist Church, Saint Peter All Nation Pentecostal Church of God, Chicago Urban Art Retreat Center, Chicago Police Department 10th District Station, All Nations Missionary Baptist Church, Revelation Missionary Baptist Church"
17031841700,7,7,"bicycle_rental, attraction, bakery, convenience, community_centre, school, fuel","Kedzie Ave & 21st St, Gallager, Cuernavaca Bakery, Mobil Mart, Latinos Progresando Resource Center, Carole Robertson Center for Learning, Exxon"
17031841800,25,13,"place_of_worship, cinema, bicycle_rental, bicycle_rental, school, clinic, fast_food, place_of_worship, place_of_worship, trade, fuel, convenience, place_of_worship, place_of_worship, social_facility, place_of_worship, place_of_worship, gallery, nightclub, place_of_worship, library, school, school, social_facility, social_facility","Grace Conservative Baptist Church, Black Cinema House, Cottage Grove Ave & 71st St, Woodlawn Ave & 75th St, Gary Comer College Prep Middle School, DaVita Dialysis, JJ Fish & Chicken, Tabernacle of Love, Temple of God Pentecostal Church, Banner Plumbing Supply, Citgo, Citgo, Faith Tabernacle Church of God, Rock of Ages Church of God in Christ, Gary Comer Youth Center, Bray Temple Christian Methodist Episcopal Church, Carey A.M.E. Temple, Theaster Gates Studio, Lee's Unleaded Blues, Just Christ Ministries, Greater Grand Crossing Branch Library, Revere Elementary School, Gary Comer College Prep"
17031841900,181,71,"money_lender, electronics, fast_food, copyshop, fast_food, convenience, supermarket, research_institute, bicycle_rental, bicycle_rental, restaurant, optician, shoes, fast_food, pet, bicycle_rental, bicycle_rental, bicycle_rental, bicycle_rental, bicycle_rental, cafe, artwork, atm, ice_cream, fast_food, hairdresser, restaurant, restaurant, bar, fast_food, bar, cafe, clothes, mobile_phone, fabric, nutrition_supplements, hairdresser, tailor, hairdresser, charging_station, bicycle_rental, bicycle_rental, bicycle_rental, restaurant, fast_food, restaurant, department_store, department_store, fast_food, ice_cream, bank, stationery, fast_food, bed, pet, convenience, dentist, post_office, artwork, charging_station, charging_station, charging_station, charging_station, charging_station, clothes, veterinary, tailor, restaurant, tailor, mobile_phone, hairdresser_supply, restaurant, atm, cafe, fast_food, fast_food, fast_food, clothes, police, clinic, information, information, artwork, artwork, artwork, cafe, fast_food, video_games, artwork, artwork, restaurant, variety_store, artwork, information, information, restaurant, training, fast_food, restaurant, restaurant, pub, restaurant, information, artwork, information, artwork, information, convenience, variety_store, mobile_phone, nutrition_supplements, information, viewpoint, cafe, chemist, pharmacy, artwork, artwork, paint, fast_food, fast_food, atm, restaurant, restaurant, bakery, dentist, furniture, veterinary, school, pet_grooming, beauty, social_facility, university, university, bus_station, storage_rental, post_depot, supermarket, place_of_worship, alcohol, fuel, events_venue, museum, bank, chemist, bank, post_depot, hotel, courthouse, library, car_repair, fire_station, mall, fire_station, storage_rental, conference_centre, storage_rental, fabric, restaurant, post_depot, fire_station, doityourself, stripclub, police, restaurant, bank, trade, mall, marketplace, fast_food, fast_food, fast_food, fast_food, convenience, fuel, fast_food, garden_centre, taxi, bus_station, fast_food, fast_food","PLS, Best Buy, Domino's, FedEx Office, Subway, 7-Eleven, Whole Foods Market, Electronic Visualization Laboratory, Clinton St & Roosevelt Rd, Clinton St & Tilden St, Joy Yee Noodle, Visionworks, DSW, Panera Bread, PetSmart, Canal St & Harrison St, Halsted St & Maxwell St, Halsted St & Polk St, Morgan St & Polk St, 900 W Harrison St, Starbucks, Athena Bitcon ATM, Cold Stone Creamery, Dog Haus, Great Clips, Lalo's Mexican Restaurant, Hashbrowns, Bar Louie, Rosati's, Ph.D Pub, Chicago French Press, Sid's Clothing & Hat Store, T-Mobile, New Rainbow Fabrics, The Vitamin Shoppe, Patrick Knows Hair, Fox Brothers Tailors, Sola Salon Studios, Tesla Supercharger, Halsted St & Roosevelt Rd, Clinton St & Polk St, Canal St & Taylor St, Giordano's Pizzeria, Panda Express, Jason's Deli, Burlington, Marshalls, Dunkin', Baskin-Robbins, Chase, Staples, Wingstop, Mattress Firm, Petco, 7-Eleven, Aspen Dental, Cardiss Collins Post Office, Blink, eVgo, Blink, Chicago Uniform Company, Banfield Pet Hospital, Frank’s Alterations, Eppel’s Restaurant;Eppel‘s Restaurant, Ike’s Tailor Shop, AT&T, Beauty One, Mimi’s Tacos & French Fries, Starbucks, Panda Express, Chick-fil-A, Dunkin', Nordstrom Rack, U.S. Postal Inspection Service, Fresenius Kidney Care, Maxwell Street, Maxwell Street, Maxwell Street Vendor, Maxwell Street Musician, Maxwell Street, Starbucks, Popeyes, GameStop, Cairo Kebab, Dollar Tree, Takeaway, Ghareeb Nawaz, Paul Mitchell The School Chicago, Subway, The Momo World, Lotus Cafe & Banh Mi Sandwiches, Phlavz Bar & Grille, Naf Naf Grill, Antipode, Citgo, Five Below, AT&T, GNC, Chicago French Press, Walgreens, Walgreens, Sherwin-Williams, Apple Spice, Nékter Juice Bar, Himalayan Sherpa Kitchen, Ahuevo, Cinnaholic, South & West Loop Dental, Bob's Discount Furniture, Veterinary Emergency Group, University Village Montessori School, Howlistic Grooming, Maxwell Nail Spa, Pacific Garden Mission, University of Illinois Chicago, Chicago Greyhound Terminal, Extra Space Storage, Chicago Central Processing & Distribution Operations, Jewel-Osco, Saint Francis of Assisi Roman Catholic Church, Binny's Beverage Depot, Citgo, Hull House Dining Hall, Jane Addams Hull-House Museum, Verve, A Credit Union, Walgreens, BMO, Chicago Central Carrier Annex, Holiday Inn Chicago-Downtown, Cook County Domestic Violence Courthouse, Richard J. Daley Library, Midas, Chicago Fire Academy, Southgate Market, Chicago Fire Department Survive Alive House, Extra Space Storage, UIC Dorin Forum, Public Storage, Fishman's Fabrics, Manny’s Cafeteria and Delicatessen, UPS Chicago Hub, Chicago Fire Department EMS & Paramedic Office, The Home Depot, Deja Vu, UIC Police Department, White Palace Grill, Bank of America, Graybar, The Maxwell, Maxwell Street Market, Chipotle, Jim's Original, Express Grill, Portillo's, 7-Eleven, Mobil, Chick-fil-A, Desplaines & Harrison Terminal, JST Cafe, Raising Cane's"
17031842000,35,23,"fast_food, books, artwork, bar, studio, convenience, copyshop, bicycle_rental, bicycle_rental, cafe, cafe, money_transfer, fast_food, fast_food, mobile_phone, charging_station, charging_station, charging_station, information, veterinary, artwork, charging_station, charging_station, charging_station, school, restaurant, library, university, music_school, convenience, nursing_home, place_of_worship, place_of_worship, college, fuel","Center Court, IIT Campus Bookstore, Man on a Bench, The BOG, WIIT-FM, 7-Eleven, IIT Campus Business Center, State St & 33rd St, State St & 35th St, Global Grounds Cafe, John + Pat Anderson's Cafe, Western Union, Subway, Harold's Chicken Shack, Boost Mobile, Bronzeville Animal Clinic, De La Salle Institute, The Commons, Paul Galvin Library, Illinois Institute of Technology, Vandercook College Of Music, BP Shop, Bronzeville Park Skilled Nursing and Living Center, Carr Memorial Chapel, Christ the Mediator Lutheran Church, Illinois College of Optometry, BP"
17031842100,16,8,"school, school, bicycle_rental, bicycle_rental, school, place_of_worship, school, fuel, place_of_worship, marketplace, convenience, place_of_worship, school, school, social_facility, fast_food","Our Lady of Perpetual Help School, Westside Preparatory School, Kildare Ave & Chicago Ave, Kildare Ave & Division St, KIPP, Chicago Northside New Hope Church, Brian Piccolo Specialty School, Falcon, Saints Cyril and Methodius Roman Catholic Church, Buyers Flea Market, Saint Francis of Assisi Church, Chicago Joint Public Safety Training Campus, Orr Academy High School, Boys & Girls Club, Culver's"
17031842200,104,53,"bicycle_rental, bicycle_rental, bicycle_rental, furniture, outdoor, bicycle_rental, kitchen, cafe, restaurant, cinema, theatre, stripclub, clothes, doctors, supermarket, restaurant, sports, jewelry, bicycle_rental, wellness, wholesale, veterinary, pet, craft, coffee, restaurant, fast_food, restaurant, bar, bakery, bar, restaurant, restaurant, restaurant, restaurant, bakery, ferry_terminal, charging_station, outdoor, fast_food, bicycle_rental, bicycle_rental, interior_decoration, cannabis, alcohol, veterinary, supermarket, houseware, car, art, atm, restaurant, restaurant, ferry_terminal, viewpoint, fast_food, fast_food, convenience, cafe, restaurant, furniture, furniture, cafe, fast_food, tiles, studio, cannabis, convenience, restaurant, kitchen, laundry, car_rental, clinic, beauty, beauty, car_rental, place_of_worship, post_office, fuel, police, school, supermarket, car_repair, storage_rental, bakery, car_repair, place_of_worship, fuel, school, car_repair, furniture, nightclub, restaurant, bar, nutrition_supplements, bank, restaurant, clothes, department_store, electronics, boat, bank, convenience, fuel","Dayton St & North Ave, Larrabee St & North Ave, Sheffield Ave & Kingsbury St, Design Within Reach, Backcountry, Halsted St & Clybourn Ave, Porcelanosa, Starbucks, Motel Bar, AMC NewCity 14, iO Theater, Vip's Gentlemen's Club, Nordstrom Rack, Town & Country Pediatrics, Mariano's Fresh Market, Nando's, Dick's Sporting Goods, James & Sons, Larrabee St & Division St, Viva Prana, Jetro/Restaurant Depot, Banfield Pet Hospital, PetSmart, Blick Art Materials, Capital One Café, Earls, Goose Island Shrimp House Chicago, Pizzeria Bebu, Sully’s House, Veruca Chocolates, Joe’s On Weed St, Kings Dining & Entertainment - Chicago Lincoln Park, Kizuki Ramen & Izakaya, Olive Mediterranean Grill, Yard House, Corey's Famous NYC Bagel Deli, Goose Island, Tesla Supercharger, REI, Jimmy John's, Halsted St & North Branch St, Cherry St & Blackhawk St, HAY, Curaleaf, BWS #2 - Beer Wine & Spirits, Veterinary Emergency Group, Wild Fork, Williams-Sonoma, Toyota of Lincoln Park, New City, Tecalitlan, Five Squared, Chicago Avenue, Subway, Sharks Fish & Chicken, Riverside Market, Sweetwaters Coffee & Tea, Jiang Niu BBQ House, Ethan Allen, King, Printer's Row Coffee, El Tragón Taqueria, The Tile Shop, Kit Studios Chicago, Prohibition THC Express, Mobil Mart, Boelter Restaurant Equipment Design & Supply, 5 Star Hotel Laundry, Enterprise, LasikPlus, SpaceTime Floatation Center, Urban Oasis Massage Spa, Avis, Park Community Church, FedEx Ship Center, Mobil, Chicago Police Department 18th District, British School of Chicago, Whole Foods Market, McGrath Lexus Service Center, StorageMart, Bjorn Cakes, Crash Champions, Stranger's Home Church, City of Chicago Fuel Site 010, Skinner North Classical School, Jiffy Lube, La-Z-Boy, PRYSM Chicago, Kababish, Weeds Tavern, The Vitamin Shoppe, Bank of America, Old Navy, Target, Apple Store, West Marine, Chase, Tiger Mart, Exxon"
17031842300,79,36,"school, school, bicycle_rental, bicycle_rental, bicycle_rental, baby_goods, charity, bar, bar, restaurant, bar, art, butcher, museum, supermarket, funeral_directors, restaurant, car_repair, beauty, bicycle_rental, restaurant, fast_food, restaurant, bar, restaurant, restaurant, cafe, restaurant, bar, cafe, cannabis, car_repair, boat_rental, clinic, restaurant, bar, fast_food, musical_instrument, school, fast_food, butcher, bar, bicycle_rental, furniture, events_venue, garden_centre, doityourself, supermarket, convenience, fuel, place_of_worship, wholesale, pet, fast_food, social_facility, car_wash, storage_rental, social_facility, car, pub, car, events_venue, social_facility, fast_food, place_of_worship, veterinary, telecommunication, events_venue, restaurant, fast_food, car, car_repair, convenience, school, school, events_venue, theatre, theatre, fuel","Montessori Midwest Teacher Training Center, Montessori School - Near North, Desplaines St & Kinzie St, Eckhart Park, Ogden Ave & Chicago Ave, Hoohobbers: Innovations for Children, The Salvation Army, The Pearl Club, Richard's Bar, La Scarola, The Drop In, Roots & Culture, Butcher & Larder, Polish Museum of America, Local Foods, Michalik Funeral Home, Windy City Cafe, Nortown, Karyn's, Elston Ave & Wabansia Ave, PERILLA fare, The Roost Carolina Kitchen, Ada Street, Clover, Azul, Sharpies, Iguana Café, The Dawson, The Hideout, Werewolf Coffee Bar, NuEra, Goodyear, Kayak Chicago - Chicago River, Fresenius Kidney Care, 1308, Rebel & Rye, Loud Pizza Records Carry-Out, FRET12, Chicago Academy for the Arts, Kim and Carlo's Chicago Style Hotdogs, Halsted Packing House, City Pool Hall, The Salt Shed, Modern Drama, The Three Top Lounge, The Home Depot, Jewel-Osco, BP Shop, BP, Saint Stanislaus Kostka Roman Catholic Church, The Common Market, Best Friends Pet Care, Chopper's, The Night Ministry, BP, Metro Self Storage, Polish Roman Catholic Union of America, McGrath Lexus, Goose Island Salt Shed Pub, McGrath Acura, The Salt Shed, The Salvation Army, Dunkin', Saint John Cantius Roman Catholic Church, VCA Lake Shore Animal Hospital, Xfinity, Lincoln Yards Firehouse, Art's Drive In, Stanley's Grille, Mercedes-Benz of Chicago, Fletcher Jones Chicago Service Center, BP Shop, Saint Stanislaus Kostka Academy, Stage, The Shed, The Salt Shed - Fairgrounds, BP"
17031842400,57,25,"place_of_worship, supermarket, variety_store, school, storage_rental, variety_store, shoes, fast_food, mobile_phone, clothes, mobile_phone, bank, video_games, fast_food, jewelry, cosmetics, clothes, department_store, fast_food, nutrition_supplements, mobile_phone, bicycle_rental, fast_food, flooring, clothes, optician, fast_food, mobile_phone, clothes, fast_food, fast_food, mobile_phone, money_transfer, car_parts, cosmetics, cafe, doityourself, car_parts, bank, place_of_worship, place_of_worship, fast_food, fuel, convenience, place_of_worship, bank, doityourself, supermarket, school, school, school, fast_food, bank, supermarket, garden_centre, fast_food, fast_food","Little Mercy Seat Missionary Baptist Church, Food 4 Less, Dollar Tree, Perscpectives Leadership Academy, Extra Space Storage, Five Below, Foot Locker, Subway, Verizon, Rainbow, Boost Mobile, BMO, GameStop, Potbelly, Freeman Jewelers, Beauty One Beauty Supply, Citi Trends, dd's Discounts, Chipotle, GNC, T-Mobile, Stewart Ave & 83rd St, Subway, Floor & Decor, DTLR, America's Best Contacts & Eyeglasses, Dock's, Boost Mobile, DTLR, Wingstop, Just Turkey Grill, Boost Mobile, Western Union, AutoZone, Sistar Beauty, Starbucks, The Home Depot, O'Reilly Auto Parts, Huntington Bank, Greater Omega Missionary Baptist Church, Commonwealth Community Church, Dunkin', Citgo, Citgo, Pleasant Hill Missionary Baptist Church, Bank of America, Lowe's, Aldi, Simeon Career Academy, Westcott Elementary School, Lenart Elementary Regional Gifted Center, Wendy's, Chase, Jewel-Osco, Dunkin', Harold's Chicken Shack"
17031842500,9,6,"bicycle_rental, convenience, fuel, fuel, convenience, place_of_worship, place_of_worship, school, social_facility","MLK Jr Dr & 63rd St, Shell, Shell, Citgo, Citgo, Parkway Garden Christian Church, New Beginnings Church, Dulles Elementary School"
17031842600,55,31,"beauty, alcohol, hairdresser, supermarket, variety_store, clothes, social_facility, bar, variety_store, bakery, bar, bar, bakery, bicycle_rental, bicycle_rental, fast_food, fast_food, optician, clinic, fast_food, mobile_phone, car_parts, clothes, mobile_phone, rental, money_transfer, department_store, car_parts, school, fire_station, supermarket, bank, place_of_worship, convenience, fast_food, convenience, bakery, place_of_worship, storage_rental, library, car_repair, clinic, clinic, place_of_worship, post_office, storage_rental, restaurant, school, fuel, fast_food, car_wash, clinic, fuel, artwork, artwork","INail, Bravo Food and Liquor, Joe's Barbershop, Fairplay Foods, Family Dollar, Rainbow, Casa Catalina, Whiner Beer Co., Dollar Tree, Central Bakery, Homer’s, Village Inn, La Baguette Bakery, Union Ave & Root St, Ashland Ave & McDowell Ave, Little Caesars, Beijing 88, America's Best Contacts & Eyeglasses, University of Illinois - Mile Square Health Center at Back of The Yards, Domino's, T-Mobile, Advance Auto Parts, Citi Trends, Metro by T-Mobile, U-Haul, PLS, Burlington, Midwest Truck & Autoparts, Graham Elementary School, Chicago Fire Department Engine Company 49, Aldi, Fifth Third Bank, Immaculate Heart Of Mary Church, BP Shop, McDonald's, Clark's Pump-N-Shop, Bake for Me, Union Avenue United Methodist Church, Extra Space Storage, Canaryville Branch Library, Stokes Auto Service, DaVita Dialysis, Howard Brown Health at Thresholds South, Saint Gabriel's Catholic Church, Stockyards Post Office, U-Haul, Pizza Nova Express, Saint Gabriel School, BP, Popeyes, Fresenius Kidney Care, Clark, Canaryville, Bridgeport"
17031842800,33,24,"supermarket, fast_food, coffee, cafe, bakery, clinic, furniture, variety_store, fast_food, hairdresser_supply, shoes, clinic, car_parts, bicycle_rental, bicycle_rental, bicycle_rental, information, ice_cream, dentist, bar, pharmacy, pawnbroker, restaurant, fuel, convenience, place_of_worship, fast_food, school, clinic, school, school, school, bus_station","Pete's Market, Dunkin', Cafe El Meson, Sputnik Coffee Company, Tom Tom Tamale & Bakery Company, Esperanza Brighton Park, Rent-A-Center, Dollar Tree, Little Caesars, Sally Beauty, Foot Locker, ACCESS Kedzie Family Health Center, O'Reilly Auto Parts, Kedzie Ave & 48th Pl, Francisco Ave & 47th St, Kedzie Ave & 45th St, Baskin-Robbins, Sonrisa Family Dental, Frankie's Place, Walgreens, Cash America Pawn, Carnitas Don Rafa, Shell, Shell, Saint John's Polish National Catholic Church, McDonald's, Mansueto High School, DaVita Dialysis, James Shields Middle School, Pathways in Education, Acero Officer Donald J. Marquez Elementary School, Kedzie Orange Line Station"
17031842900,54,27,"school, bicycle_rental, bicycle_rental, bicycle_rental, supermarket, fast_food, wholesale, restaurant, bakery, bicycle_rental, cannabis, pharmacy, bank, fast_food, clothes, clothes, ice_cream, hairdresser, fast_food, clinic, charging_station, atm, atm, atm, artwork, police, chemist, bank, fuel, convenience, convenience, car_wash, social_facility, fuel, place_of_worship, place_of_worship, place_of_worship, place_of_worship, childcare, convenience, wholesale, school, storage_rental, clinic, fuel, car_rental, school, fuel, fast_food, social_facility, social_facility, school, school, social_facility","Simpson Academy for Young Women, Ashland Ave & 13th St, Racine Ave & 13th St, Racine Ave & 15th St, Jewel-Osco, Burger King, Central Baking Supplies, EL Ideas, K-suerte Cookies & Cards, Ogden Ave & Roosevelt Rd, Zen Leaf, CVS Pharmacy, Chase, Dunkin', DTLR, Rainbow, Baskin-Robbins, Great Clips, Subway, DaVita Dialysis, EVgo, Chicago Police Department 12th District Station, CVS Pharmacy, Bank of America, Shell, Mobil Mart, Shell, Mobil, Children's Advocacy Center, Mobil, New Zion Missionary Baptist Church, Zion Hill Missionary Baptist Church West, Greater Mount Sinai Baptist Church, Immanuel Baptist Church, New Zion Childcare Academy, Mobil Mart, Costco, Chicago Tech Academy, U-Stor-It, Mile Square Health Center, Mobil, DS Luxury, Therapeutic School and Center for Autism Research, Costco Gasoline, McDonald's, UIC College Prep"
17031843000,33,18,"place_of_worship, place_of_worship, place_of_worship, place_of_worship, fuel, bicycle_rental, cafe, convenience, fast_food, car_parts, clothes, fast_food, mobile_phone, fast_food, bank, clinic, bicycle_rental, bicycle_rental, school, place_of_worship, place_of_worship, supermarket, police, place_of_worship, fast_food, alcohol, fast_food, convenience, fuel, school, picnic_site, social_facility, community_centre","New Mount Pleasant Missionary Baptist Church, Healing Temple Church of God in Christ, Upper Room Spiritual Church, Greater Calvary Spiritual Church, Amoco, Kedzie Ave & Roosevelt Rd, Green Garden Cafe, Amoco, Subway, O'Reilly Auto Parts, Rainbow, Subway, Boost Mobile, Taco Bell, PNC Bank, Homan Square Community Center, Homan Ave & Fillmore St, Keeler Ave & Roosevelt Rd, LEARN Romano Butler Campus, The First Grace Baptist Church, United Missionary Baptist Church, Freshway Market, Homan Square, Sunrise Baptist Church, McDonald's, Rothschild Liquors, Checkers, Shell, Shell, Frazier International Magnet School, UCAN, John D. & Alexandra C. Nichols Center"
17031843100,13,5,"place_of_worship, place_of_worship, place_of_worship, place_of_worship, school, bicycle_rental, bicycle_rental, artwork, information, school, place_of_worship, school, school","Instant Deliverance Church of God in Christ, Revelation Church of God in Christ, Saint Anthony Spiritual Church, Saint Agatha's Roman Catholic Church, Saint Agatha's School, Albany Ave & 16th St, Albany Ave & Douglas Blvd, Douglass Park, North Lawndale College Prep - Collins, Greater Christian Fellowship Missionary Baptist Church, Johnson Elementary School, Collins Academy High School"
17031843200,43,21,"place_of_worship, bicycle_rental, bicycle_rental, bakery, bar, bakery, bicycle_rental, gallery, fast_food, restaurant, restaurant, cafe, bakery, convenience, restaurant, pharmacy, school, supermarket, supermarket, chemist, fuel, place_of_worship, place_of_worship, trade, fuel, convenience, wholesale, wholesale, trade, school, convenience, supermarket, car_repair, storage_rental, studio, wholesale, supermarket, restaurant, wholesale, supermarket, wholesale, post_depot, bus_station","Bethesda Temple Spanish Assemblies of God Church, Clinton St & 18th St, Damen Ave & Coulter St, Xurro, Martin’s Corner, Meadowbrook Egg & Dairy, Ashland Ave & Archer Ave, Mana Contemporary, CM Korean Fried Chicken, 312 Fish Market, Qiao Lin Hotpot, Pure Tea, Bao Bae Bakery, Carniceria y Licoreria Maribel, Carniceria Maribel, Walgreens, Cristo Rey Jesuit High School, Cermak Fresh Market, Aldi, Walgreens, BP, Iglesia de Dios Septimo Dia, Lincoln United Methodist Church, Grainger, Shell, Shell, Chicago International Produce Market, Food Industry Distribution, Heidler Hardwood Lumber Co, Whittier Elementary School, BP Shop, 88 Marketplace, Carimichael Truck Repair, U-Haul, Chicago Scenic Studios, Global Marketing Enterprise Inc, Park To Shop Supermarket, KenTone's Drive-In, La Hacienda Wholesale, Chicago Oriental Wholesale Market, Banner Wholesale Grocers, FedEx Distribution, Ashland Orange Line Station"
17031843300,51,11,"place_of_worship, bicycle_rental, place_of_worship, bicycle_rental, bank, clinic, restaurant, bicycle_rental, cafe, clinic, school, social_facility, fire_station, place_of_worship, studio, studio, place_of_worship, hospital, school, studio, hospital, studio, studio, studio, studio, studio, studio, studio, studio, studio, studio, studio, studio, studio, studio, studio, studio, studio, studio, studio, place_of_worship, social_facility, studio, studio, studio, studio, studio, studio, studio, studio, studio","Gods Miracle Temple of Christ, Fairfield Ave & Roosevelt Rd, Light of the World Baptist Church, Washtenaw Ave & Ogden Ave, Wintrust Bank, One Lawndale Community Care & Surgery Center, Ja’Grill, California Ave & 16th St, Momentum Coffee, Chicago VA Clinic, Chalmers Elementary School, A Safe Haven Foundation, Chicago Fire Department Engine Company 107, Healing Temple Church of God in Christ, Cinespace Main North Studio Building, Cinespace Main Center Studio Building, Free Will Missionary Baptist Church, Mount Sinai Hospital, Plamondon Elementary School, Cinespace Chicago Film Studios, Schwab Rehabilitation Hospital, Stage 2, Stage 7, Stage 9, Stage 8, Stage 1, Stage 15, Stage 4, Stage 14, Stage 3, Stage 6, Stage 18, Stage 17, Stage 20, Stage 22, Stage 23, Stage 16, Stage 19, Stage 24, Stage 21, Mount Bethlehem Missionary Baptist Church, Stage 5, Stage 10, Stage 11, Stage 12, Stage 13, Stage 28, Stage 27, Stage 26, Stage 25"
17031843400,14,8,"place_of_worship, place_of_worship, place_of_worship, place_of_worship, variety_store, car_parts, bicycle_rental, fuel, convenience, convenience, place_of_worship, post_office, fuel, fast_food","Antioch Apostolic Faith Church, Shiloh Apostolic Deliverance Church, True Tabernacle Church of God, True Tabernacle, Family Dollar, AutoZone, Kildare Ave & Cermak Rd, Citgo, Citgo, Crawford Congregation of Jehovahs Witness, Otis Grant Collins Post Office, Power Gas Station, Dunkin'"
17031843500,32,21,"pharmacy, bicycle_rental, bakery, bicycle_rental, ice_cream, fast_food, clinic, bicycle_rental, bicycle_rental, bicycle_rental, florist, events_venue, department_store, dentist, cafe, prison, police, trade, clinic, fast_food, nursing_home, courthouse, fast_food, restaurant, mall, prison, information, information, information, car_parts, information, bank","Walgreens, California Ave & 26th St, La Baguette Bakery, Albany Ave & 26th St, Baskin-Robbins, Subway, Esperanza Little Village, California Ave & 29th St, La Villita Park, Troy Ave & 27th St, Crystal Flower Shop, Plaza Garibaldi, Ross, Sonrisa Family Dental, Starbucks, Cook County Jail, Cook County Sherrif's Office, Bricks Incorporated, Cermak Health Services, Dunkin', California Gardens Nursing Home, Cook County: George N. Leighton Criminal Courthouse, McDonald's, Taqueria Los Comales, Little Village Discount Mall, Cook County Boot Camp, Div 4/6 Visitors Processing Center, Div 9 Visitors Processing Center, Div 5/8 Visitors Processing Center, AutoZone, Div 11 Annex Visiting, Chase"
17031843600,25,16,"bicycle_rental, bicycle_rental, fast_food, variety_store, shoes, bank, mobile_phone, trade, mobile_phone, artwork, artwork, restaurant, beauty, fast_food, fast_food, beauty, pharmacy, restaurant, fast_food, hairdresser, chemist, fire_station, fast_food, money_transfer, clinic","Cottage Grove Ave & 47th St, Cottage Grove Ave & 51st St, Burger King, Dollar Tree, Snipes, Associated Bank, Metro by T-Mobile, Hyde Park Building & Material Supplies, Cricket Wireless, Sim's Corner Wall of Respect, Sharks Fish & Chicken, Modern Beauty, Jimmy's Famous Burgers, Subway, Sister Nail & Spa, Walgreens, Two Fish Crab Shack, Moore Poppin', NBWS Barber, Walgreens, Chicago Fire Department Engine Company 45, McDonald's, Western Union, Northwestern Medicine Bronzeville Outpatient Center"
17031843700,56,39,"boat_rental, fast_food, fast_food, bed, fast_food, charging_station, books, pub, bar, driving_school, artwork, artwork, bicycle_rental, bicycle_rental, fast_food, cafe, pet, nutrition_supplements, dentist, restaurant, beauty, pastry, books, bicycle_rental, artwork, clinic, kindergarten, animal_boarding, trade, trade, laundry, dancing_school, pet, pharmacy, hospital, school, chemist, supermarket, supermarket, police, fire_station, events_venue, veterinary, car_repair, studio, fast_food, childcare, restaurant, fast_food, cafe, trade, social_facility, bank, convenience, fuel, school","Chicago River Canoe and Kayak, Wingstop, Chipotle, Mattress Firm, Potbelly, eVgo, Uncharted Books, Heineken Pub97, Hungry Brain, Lane Tech Drivers Ed, Shooting the Stars, Riverview, Talman Ave & Addison St, Leavitt St & Belmont Ave, meatheads, Ten Cafe, Petco, Profile by Sanford, Family Dental, Joy Yee Noodle, Wanda Nail Spa, Crumbl Cookies, Galaxy Comics, Campbell Ave & Irving Park Rd, Lane Tech Totem Pole, Compass Health Centers, The Goddard School of Chicago (Roscoe Village), Doggie Works, R T Materials, A-Emergency Services & Restoration, Non Toxic Ecolife Cleaners, Dance Connection, Chi-Town Dog House, Jewel Osco Pharmacy, Action Behavior Centers - ABA Therapy for Autism, Lane Technical College Prep High School, Walgreens, Mariano's Fresh Market, Jewel-Osco, Chicago Police Department Area North Detective Bureau, Chicago Fire Department Engine Company 56, Constellation Club, Roscoe Village Animal Hospital, Kraftsmen Auto Body, WGN-TV, McDonald's, Kids' Work Chicago Too, Retro Pizza, Wendy's, Starbucks, Ferguson, Boys & Girls Club, PNC Bank, 7-Eleven, Exxon, DePaul College Prep"
17031843800,12,7,"place_of_worship, place_of_worship, place_of_worship, bicycle_rental, restaurant, restaurant, fire_station, convenience, fuel, place_of_worship, school, school","Who So Ever Will Let Him Come Missionary Baptist Church, House of Prayer for All People, Unity of Love Baptist Church, Halsted St & 51st St, Jamaica Island Jerk Chicken, Bell Heir’s BBQ, Chicago Fire Department Engine Company 50, Citgo, Citgo, The Chicago-Salem Church, Tilden High School, Dewey Elementary School"
17031843900,22,15,"dry_cleaning, artwork, artwork, bicycle_rental, bicycle_rental, bicycle_rental, convenience, picnic_site, school, fire_station, alcohol, bank, place_of_worship, fast_food, fuel, social_facility, artwork, social_facility, bus_station, bicycle_rental, bicycle_rental, hospital","Quad Valet Cleaners, Fishing Eagle, Leap, Stony Island Ave & 64th St, Stony Island Ave & 67th St, Dorchester Ave & 63rd St, BP Shop, Jackson Park - Grove 16, Mount Carmel High School, Chicago Fire Department Engine Company 63, Midway #2 Food and Liquor, Chase, Living Testimony Ministry, McDonald's, BP, Senior Suites of South Shore, Statue of the Republic, 67th Street & Oglesby Terminal, South Shore Dr & 67th St, Jeffery Blvd & 67th St, La Rabida Children's Hospital"
17031980000,348,50,"cafe, newsagent, books, atm, convenience, fast_food, newsagent, bakery, convenience, fast_food, cafe, fast_food, fast_food, fast_food, fast_food, atm, artwork, restaurant, information, atm, cafe, fast_food, pub, newsagent, newsagent, restaurant, fast_food, cafe, fast_food, atm, atm, clothes, cafe, electronics, convenience, restaurant, fast_food, convenience, newsagent, video, optician, cafe, clothes, toys, fast_food, atm, atm, confectionery, social_centre, fast_food, fast_food, books, fast_food, clothes, bar, fast_food, newsagent, fast_food, bar, social_centre, newsagent, newsagent, newsagent, newsagent, cafe, atm, gift, fast_food, fast_food, fast_food, fast_food, restaurant, fast_food, fast_food, confectionery, restaurant, bar, shoe_repair, restaurant, cafe, cafe, cafe, optician, fast_food, restaurant, information, confectionery, restaurant, bureau_de_change, atm, atm, social_centre, fast_food, books, cafe, restaurant, convenience, newsagent, newsagent, restaurant, atm, bar, convenience, restaurant, restaurant, charging_station, kiosk, cafe, information, fast_food, restaurant, fast_food, fast_food, newsagent, gift, information, fast_food, restaurant, massage, fast_food, fast_food, fast_food, books, newsagent, bureau_de_change, fast_food, ticket, convenience, atm, restaurant, convenience, atm, information, information, information, cafe, fast_food, ticket, gift, convenience, electronics, optician, cafe, information, bar, bar, social_centre, social_centre, information, information, restaurant, bar, optician, electronics, newsagent, bar, information, fast_food, fast_food, fast_food, restaurant, bar, newsagent, restaurant, convenience, jewelry, information, charging_station, information, information, charging_station, information, information, charging_station, charging_station, newsagent, charging_station, information, information, newsagent, information, cafe, bar, newsagent, restaurant, charging_station, chocolate, restaurant, shoes, fast_food, confectionery, gift, information, newsagent, charging_station, newsagent, newsagent, hairdresser, gift, electronics, post_office, restaurant, bar, restaurant, gift, restaurant, pet, social_facility, information, ticket, ticket, ticket, ticket, ticket, ticket, kiosk, post_office, cafe, information, information, taxi, ticket, nightclub, ticket, ticket, ticket, ticket, ticket, ticket, ticket, bar, ticket, fashion_accessories, fashion_accessories, ticket, beauty, information, information, information, newsagent, newsagent, restaurant, fast_food, pub, cafe, confectionery, fast_food, restaurant, information, convenience, fast_food, charging_station, nightclub, information, information, charging_station, charging_station, information, fast_food, artwork, confectionery, newsagent, bar, bureau_de_change, restaurant, charging_station, charging_station, artwork, fast_food, cafe, convenience, fast_food, fast_food, bar, department_store, convenience, convenience, bureau_de_change, gift, fast_food, electronics, convenience, fast_food, convenience, convenience, convenience, restaurant, electronics, bag, cosmetics, bar, convenience, place_of_worship, convenience, convenience, gift, convenience, atm, atm, atm, convenience, information, atm, police, post_depot, post_depot, information, information, fast_food, ice_cream, ticket, ticket, ticket, ticket, ticket, ticket, ticket, ticket, ticket, ticket, convenience, social_facility, bureau_de_change, bureau_de_change, bureau_de_change, travel_agency, travel_agency, bar, artwork, car_rental, fuel, police, post_office, fire_station, fire_station, hotel, fire_station, fire_station, car_wash, car_rental, car_rental, fuel, fuel, fire_station, fuel, restaurant, cafe, charging_station","Starbucks, Hudson News, Barbara's Bookstore, Ciao Gourmet Market, Nuts on Clark, Hudson News, Brioche Dorée, Duty Free Store, Auntie Anne's, Starbucks, Manchu Wok, Subway, The Great American Bagel Bakery, Half Moon Empanadas, Bank of America, Lincoln Memorial Replica, Cubs Bar & Grill, BMO, Argo Tea, Gold Coast Dogs, Goose Island Brewery Restaurant, Hudson News, Hudson News, ICE Dishes and Drinks, McDonald's, Starbucks, Windy City Carvers, BMO, Bank of America, Accessory Boutique, Argo Tea, Brookstone, CIBO Express, Chili's, Garrett Popcorn, Hudson, Hudson News, InMotion Entertainment, Oakley, Starbucks, Talie, The Field Museum Store, The Great American Bagel Deli, BMO, Bank of America, ""Nuts on Clark"", Admirals Club and Executive Center, B-smooth, BJ's Market & Bakery, Barbara's Bookstore, Brioche Dorée, Brooks Brothers, Bubbles, Burrito Beach, CNN Newsstand, Dunkin', Facades, Flagship Lounge, Hudson News, Hudson News, Hudson News, Hudson News, La Tapenade, Bank of America, Liberty Duty Free, Manchu Wok, McDonald's, McDonald's, McDonald's, O'Briens, The Bronze Tap, Reggio's Pizza Express, Rocky Mountain Chocolate Factory, Romano's Macaroni Grill, Rush Street, Shoe Hospital, Skyscrapers, Starbucks, Starbucks, Starbucks, Sunglass Hut, The Great American Bagel, Tortas Frontera, Travelers Aid Chicago, Vosges, Wolfgang Puck Express, SBT, Bank of America, BMO, Admirals Club, Reggio’s Pizza Express, Barbara's Bookstore, Brioche Dorée, Chili's, Farmers Market, Hudson News, Hudson News, The Berghoff Café, Bank of America, beaudevin, Chi Life Market, Reggio's Pizza, Billy Goat Tavern & Grill, La Tapenade, Starbucks, Flight Information, McDonald's, Wicker Park, Stefani's Tuscany Cafe, Dunkin', Hudson News, Duty Free Store, United Customer Service, The Great American Bagel, Chili's, Terminal Getaway Spa, Pronto Sandwiches, McDonald's, Tortas Frontera, Barbara's Bookstore, CNN Newsstand, Seaway, Eli's Cheesecake, Air Canada, Hudson, BMO, Wicker Park Seafood & Sushi Bar, CIBO Express Gourmet Market, Bank of America, Starbucks, Smoothie King, Lufthansa, Hoypoloi Gallery, Hudson, InMotion, Oakley, Starbucks, Galileo, United Club (B6), United Club (Upper Level), United Club (Lower Level), Goose Island, United Club - C16, Sunglass Hut, Brookstone, Hudson News, United Club - Polaris Lounge, United Customer Service Center, America's Dog, Saladworks, Manchu Wok, Zoots Café, Jazz Bar, Hudson News, Reggio's Pizza Express, Fresh Market on the Go, Spirit of the Red Horse, Flight Information, Flight Information, Flight Information, Flight Information, Hudson News, Flight Information, United Baggage Service, Hudson News, Starbucks, Goose Island Beer Company, Hudson News, La Tapenade, Vosges, The Bronze Pizza, Johnston & Murphy, Jamba, Garrett Popcorn, The Field Museum Store, United Customer Service Center, Hudson News, Hudson News, Hudson News, Best Buy Express, The UPS Store, Andiamo, Sport Edition Bar, Caffe Mercato, Gaslight Club, Animal Relief Area, USO, Customer Assistance, Skycap, Skycap, Skycap, Skycap, Skycap, Skycap, American Consumer Service, Priority Parcel Service, Starbucks, Customer Service, Customer Service, Sprint Airlines, Admirals Club, American Flagship Check-in, American Airlines, jetBlue Airlines, Frontier Airlines, Alaska Airlines, American Airlines, American Airlines, Publican Tavern, American Airlines, Brighton Collectibles, Montblanc, American Airlines, Terminal Gateway Spa, Flight Information, Flight Information, Flight Information, Hudson News, Hudson News, Chili's, Dunkin', Stanley's, Argo Tea, Nuts on Clark, Auntie Anne's, Uno Pizzeria & Grill, Delta Customer Service, McDonald's, American Flagship Lounge, American Customer Assisance, American Rebooking Center, Taco John's, The Runners, Sarah’s Candies, Hudson News, Connect To Chicago, Seaway, Summer House Santa Monica, Tesla Macau, Tesla Macau, Brachiosaurus, McDonald's, The Goddess and Grocer, Hudson, Tortas Frontera, Dunkin', Hub 51, Dufry, Evolve by Hudson, Protein Bar & Kitchen, I Love Chicago, Big Bowl, Brookstone, Garrett, Burger King, Goddess on the Go, Farm2Air Market, Fresh Attraction, tocco, Headphone Hub, Coach, MAC Cosmetics, Connect to Chicago, Six Points Market, Interfaith Room, Hudson, Tax And Duty Free, Hudson, BMO, Bank of America, Bank of America, Wicker Park Market, DOA Communications Service Center, FedEx Hevyweight International, UPS Cargo, Departures, Arrivals, Chick-fil-A, Baskin-Robbins, Emirets Airlines, AeroMexico, Finair, WestJet, Quatar Airlines, CopaAirlines, Swiss Airlines, Eva Air, Icelandair, Air France, 7-Eleven, USO, Seaway, Seaway, Seaway, American Airlines Baggage Re-check, United Baggage Re-check, LOT Polish Airlines Business Lounge, City Windows, Hertz, Mobil, Chicago Police Department O'Hare Station (ALES), JT Weeker (Chicago) International Service Center, Chicago Fire Department ARFF Station #1, Chicago Fire Department ARFF Station #3, Hilton Chicago O'Hare Airport, Chicago Fire Department ARFF Station #4, Chicago Fire Department ARFF Station #2, Avis, ATF Fuel Depot, Fuel Station, ARFF Training Area, ATF Fuel Station, Burger Federation, Starbucks, Tesla Supercharger"
17031980100,72,30,"picnic_site, information, gift, newsagent, newsagent, restaurant, fast_food, convenience, restaurant, convenience, fast_food, fast_food, cafe, fast_food, electronics, fast_food, books, fast_food, clothes, bar, toys, fast_food, restaurant, atm, gift, books, atm, fast_food, fast_food, fast_food, cafe, fast_food, atm, information, information, social_facility, police, place_of_worship, perfumery, cosmetics, confectionery, fast_food, information, information, information, information, artwork, atm, bureau_de_change, atm, atm, bicycle_rental, payment_centre, fire_station, fuel, fast_food, convenience, restaurant, bag, restaurant, fast_food, pub, fast_food, restaurant, restaurant, restaurant, restaurant, fast_food, bus_station, convenience, fast_food, vehicle_inspection","Food Court, iStore, Southside News, Hudson News, Big City Chicken, Big & Little’s, Hudson, The Orange Line, Hudson, Porkchop, Woodgrain, Big Shoulders Coffee, Arami, iStore, Billy Goat Tavern, Ink, Camden Food Co., Chicago Sports, Harry Carry’s Shortstop, FAO Schwartz, Einstein Bros. Bagels, Cielo Cantina, The Atrium, Ink by Hudson, BMO, AD&B America's Dog, R.J. Grunts Burger And Fries, Garrett Popcorn Shops, Caffé Vita, Beecher's Handmade, The Technology, The Chicago Connection, USO, Chicago Police Department, Chapel, Jo Malone, MAC Cosmetics, Sarah's Candies, Garrett Popcorn Shops, The Battle, Chicago Midway International Airport, Chicago Midway International Airport, Chicago Midway International Airport, Space Junction of Energy, Midway Orange Line, Booting Payment Center, Chicago Fire Department Engine Company 127, M Burger, Hudson, Connie's Pizza, Tumi, White Sox Bar And Grill, Dunkin', Reilly's Daughter, Tallboy Taco, Big Bowl Chinese & Sushi, Gene's Bistro, Hubbard Inn, Home Run Inn Pizzeria, Dunkin' Express, Midway Orange Line Station, Urban Snack Mart, Dunkin', Inspection Pit"
