h3_index,poi_count,count_poi_types,poi_type_list,poi_list
872664190ffffff,5,5,"pharmacy, ice_cream, fire_station, chemist, fast_food","Walgreens, Baskin-Robbins, Chicago Fire Department Engine Company 104, Walgreens, Dunkin'"
872664191ffffff,9,6,"place_of_worship, bicycle_rental, school, bar, place_of_worship, community_centre, bar, information, school","Saint Columba Roman Catholic Church, Ave O & 134th St, Henry Clay Elementary School, Club 81 Too, Trinity Lutheran Church, Hegewisch Community Center, Uncle Bobby's, Visitors Center, Saint Columba School"
872664192ffffff,2,2,"artwork, fire_station",Chicago Fire Department Engine Company 80
872664193ffffff,30,19,"hairdresser, bicycle_rental, bicycle_rental, school, school, post_office, place_of_worship, bar, restaurant, supermarket, bank, restaurant, mobile_phone, ice_cream, social_centre, restaurant, veterinary, variety_store, bank, supermarket, restaurant, bar, restaurant, funeral_directors, car_repair, hardware, car, library, car_repair, place_of_worship","Supreme Cuts Barber Studio, Torrence Ave & 126th Pl, Commercial Ave & 130th St, Saint Florian School, Virgil Grissom Elementary School, Hegewisch Post Office, Lebanon Lutheran Church, Steve's Lounge, Doreen's Pizzeria, Eric's Food Market, First Savings Bank of Hegewisch, Chicago Pita Kitchen, Boost Mobile, Paleteria Jamay, American Legion Hall Post 272, Taquaria el Taquin, Seven Seas Pet Care Center, Family Dollar, Old Second National Bank, Baltimore Food & Liquor, China Garden, Wendol's, Los Cantaritos, Frank F. Opyt Funeral Home, Leon's Complete Auto Repair, Aniol's True Value Hardware, 10th Ward Auto Sales, Hegewisch Branch Library, Cabrales Auto Repair, Saint Florian Catholic Church"
872664194ffffff,65,33,"bar, bakery, bakery, bar, fast_food, restaurant, ice_cream, hairdresser, mobile_phone, restaurant, hairdresser, mobile_phone, money_transfer, beauty, florist, pet_grooming, beauty, clothes, childcare, bicycle_rental, pharmacy, supermarket, restaurant, pharmacy, travel_agency, alcohol, bicycle_rental, cafe, school, restaurant, place_of_worship, bank, place_of_worship, bar, restaurant, fast_food, place_of_worship, car_repair, funeral_directors, social_centre, dojo, fire_station, social_centre, place_of_worship, ice_cream, beauty, clinic, mobile_phone, bank, place_of_worship, supermarket, convenience, place_of_worship, bank, chemist, alcohol, post_office, library, school, school, place_of_worship, clinic, restaurant, restaurant, car_parts","Small World Inn Bar & Grill, La Florencia Bakery, Poopsies Pastry, O’Hara’s Tavern, Waldo Cooney's Pizza, El Charro De San Francisco, Paleteria Lindo Michoacan, VIP Cutz, T-Mobile, New Hot Wok, ACE Fadezz Barbershop, Boost Mobile, Western Union, Nail Art, East Side Florist, Uncle Paws Grooming Salon, Martha's Salon, Ocampo Western Wear, Shining Star Child Development, Ave L & 114th St, Walgreens, La Flor, Nicky'z Gyros, Cornerstone Pharmacy, U. P. Travel & Income Tax Agency, Ewing Liquor, Burnham Greenway & 112th St, Colibrí Coffee, George Washington High School, Taco Mex, East Side Bible Church, U.S. Bank, Calvary Baptist Church, Riverfront Saloon Inc, Los Tres Amigos 2, Gina's Chicken, East Side Baptist Church, East Side Muffler Shop, Elmwood Funeral Chapel, Knights of Columbus Trinity Council, Champyon Taekwondo USA Inc., Chicago Fire Department Engine Company 74, American Legion Hall Illiana Chapter, Word Evangelistic Church, La Michoacana Premium, Eastside Beauty Salon, Chicago Family Health Center, Metro by T-Mobile, Old National Bank, Christian Fellowship Flock, La Cienega Super Food, 7-Eleven, East Side United Methodist Church, Byline Bank, Walgreens, Banner Liquors, Chicago Post Office Station W, Vodak-East Side Branch Library, Jane Addams Elementary School, Annunciata School, Our Lady Of Nazareth Catholic Church, Mohana Medical Center, Gorditas Loli's, Leon's Barbeque Zone, AutoZone"
872664195ffffff,11,10,"variety_store, supermarket, department_store, picnic_site, fast_food, beauty, bicycle_rental, bank, fast_food, place_of_worship, school","Dollar Tree, Pete's Market, TJ Maxx, Eggers Grove Picnic Grove 2, Subway, Love Nails, Ave O & 118th St, First Savings Bank of Hegewisch, Wendy's, Serbian Saint Simeon Mirotociv Orthodox Church, George Washington Elementary School"
872664196ffffff,6,6,"information, bicycle_rental, picnic_site, school, museum, bus_station","Big Marsh Park, Orville Bright Elementary School, Ford Calumet Environmental Center (FCEC), Torrence & 112th Street Terminal"
87266419effffff,11,7,"bar, bicycle_rental, fire_station, restaurant, bar, restaurant, place_of_worship, fast_food, place_of_worship, place_of_worship, social_facility","South Shore Inn, Hegewisch South Shore Line Station, Chicago Fire Department Engine Comany 97, Pudgy's Pizza, Old Time Tap, Gorditas Adrian's, Assumption Greek Orthodox Church, Burger King, Hegewisch United Methodist Church, Saint Hedwig Church, Senior Suites of Hegewisch"
8726641b2ffffff,52,25,"place_of_worship, bar, artwork, artwork, post_office, laundry, pawnbroker, bicycle_rental, bicycle_rental, restaurant, furniture, bakery, beauty, convenience, place_of_worship, car_parts, restaurant, childcare, fast_food, social_facility, car_parts, bar, hairdresser, alcohol, religion, supermarket, restaurant, restaurant, childcare, place_of_worship, place_of_worship, place_of_worship, car_repair, supermarket, place_of_worship, place_of_worship, hairdresser, florist, restaurant, restaurant, place_of_worship, funeral_directors, police, car_repair, restaurant, car_parts, supermarket, school, school, school, school, school","Mighty God Tabernacle, Jovial Club, Sims Metal Management Mural, Pride Of East Side, The UPS Store, A & G Laundromat, Big Pawn, Calumet Park, Ewing Ave & Burnham Greenway, Avy's Pizza, Jalisco Furniture, Gerardo's Bakery, Lucha's Beauty Shop, Super Leon, Iglesia del Pacto Evangelico, Standard Auto Parts, Calumet Fisheries, Restoring the Seed Childcare, Skyway Doghouse, Institute of Women Today, Commercial Auto Supply, Frank's Tap & Grill, Chanty & Mom Hair Studio, Lopez Liquors, Mirna's Gift Shop, La Feria Groceries, Mariscos El Malecon, Taquería Picazo, Mari's Bumble Bee Academy, East Side Full Gospel Church, Debretsion Medhanealem Ethiopian Orthodox Tewahedo Church, Saint George Catholic Church, Gornick's Auto Rebuilders, El Tapatio, Community Christian Church of Chicago, Community Christian Church Annex, New York Barber Shop, Sandela's Flower Shop, Tamales Y Restaurant Costa Grande, Route 66 Pizza, St. Francis de Sales Parish, Griesel Jimenéz Stodden Funeral Home, Chicago Police/Cook County Helicopter Task Force, Jara's Auto Rebuilders, El Quetzal, ABH Sound & Security, Lilly's Supermarket, Saint Francis de Sales High School, Saint Francis De Sales Grade School, Gallistel Language Academy, Douglas Taylor Elementary School, Saint George School"
8726641b3ffffff,18,14,"information, bar, bicycle_rental, hairdresser, restaurant, laundry, fast_food, fast_food, storage_rental, fast_food, supermarket, school, car_parts, beauty, fast_food, mobile_phone, fast_food, variety_store","Welcome to Indiana, Crow Bar Inc, Burnham Greenway & 105th St, The Trim Barbershop, Birrieria Ocotlan, Blue Kangaroo Coin Laundry, Burger King, KFC, iStorage, McDonald's, Aldi, Edward Sadlowski Elementary School, O'Reilly Auto Parts, Urmi Salon And Spa, Subway, Metro by T-Mobile, Pizza Hut Delivery, Family Dollar"
8726641b6ffffff,3,3,"artwork, bicycle_rental, social_facility","Tribute to the Past, Steelworkers Park"
872664520ffffff,59,28,"school, school, school, place_of_worship, school, bakery, cafe, bar, bar, restaurant, tyres, fast_food, convenience, artwork, variety_store, post_office, atm, clothes, artwork, artwork, artwork, gift, school, car_repair, paint, fast_food, place_of_worship, supermarket, funeral_directors, veterinary, fire_station, place_of_worship, bakery, place_of_worship, bank, bicycle, convenience, fast_food, fast_food, fuel, fast_food, clinic, restaurant, place_of_worship, bank, bank, library, ice_cream, bank, car_repair, place_of_worship, fast_food, restaurant, place_of_worship, school, school, storage_rental, fuel, convenience","Gloria Dei School, Kinzie Elementary School, Saint Daniel School, Gloria Dei Evangelical Lutheran Church, Kennedy High School, Racine Bakery, A Cup of Joe, Stan’s Corner & Helen’s Kitchen, Tom’s Tap, Ash GastroPub, Bridgestone, Wingstop, BP Shop, American Eagle, Family Dollar, The UPS Store, Bank of America, Peaches Boutique, American Eagle, American Eagle, CPD Officer Ella French, Midway Crystals, Firestone, Sherwin-Williams, KFC, Risen Savior Assembly Church, Jewel-Osco, Parkside Chapel, Abbot Animal Hospital, Chicago Fire Department Engine Company 32, Garfield Ridge Baptist Church, Pticek’s & Son Bakery, Garfield Ridge Presbyterian Church, Huntington Bank, Carmen's Bicycles, 7-Eleven, The Shrimp Shack, McDonald's, BP, Triano's Pizza, MacNeal Healt Care Center, Home Run Inn Pizzeria, Bethel Reformed Church, Huntington Bank, Bank of America, Garfield Ridge Branch Library, Andy's Frozen Custard, Archer Heights Credit Union, Jiffy Lube, Saint Daniel the Prophet Roman Catholic Church, Dunkin', Lindys Chili, Saint Jane de Chantal Roman Catholic Church, Byrne Elementary School, Saint Jane de Chantal School, Midway Storage, Shell, Shell"
872664521ffffff,43,22,"place_of_worship, place_of_worship, school, gift, newsagent, restaurant, bar, cafe, bakery, cafe, fast_food, fast_food, mobile_phone, books, fast_food, atm, information, school, restaurant, variety_store, car_repair, fast_food, fast_food, fire_station, car_parts, mobile_phone, place_of_worship, variety_store, place_of_worship, fast_food, car_parts, bank, flight_school, fuel, convenience, pharmacy, bank, school, place_of_worship, school, bank, restaurant, fast_food","Baptist Revival Center, Messiah Lutheran Church, Wesleyan Missionary Academy, iStore, Hudson News, The Orange Line, The Twisted Shamrock, Karolinka Club, La Petite Pastry, Xurro, Camden Food Co., Subway, Boost Mobile, Ink by Hudson, R.J. Grunts Burger And Fries, Chicago Midway International Airport, Robert L. Grimes Elementary School, Giordano's Pizzeria, Continental Sales “Lots 4 Less”, Valvoline, Burger King, McDonald's, Chicago Fire Department Engine Company 127, ASM Auto Parts, Boost Mobile, Wesleyan Missionary Church, Family Dollar, Clearing United Methodist Church, Dunkin', Carquest, Chicago Firefighters Credit Union, Aviation Professionals Incorporated, 7-Eleven, Walgreens, Byline Bank, John Hancock High School, Saint Symphorosa's Roman Catholic Church, Saint Symphorosa School, Fifth Third Bank, Home Run Inn Pizzeria, Dunkin' Express"
872664522ffffff,31,21,"bakery, bar, fast_food, fast_food, ice_cream, fast_food, mobile_phone, hairdresser, mobile_phone, fast_food, fast_food, restaurant, supermarket, chocolate, fast_food, fast_food, fast_food, pub, doityourself, fast_food, social_centre, bakery, clinic, social_facility, pharmacy, bank, events_venue, storage_rental, car_wash, bus_station, motel","Oak Mill Bakery, Lawlor's Bar, Domino's, Little Caesars, Baskin-Robbins, Taco Burrito King, T-Mobile, Great Clips, Boost Mobile, Big 4 Chop Suey, Subway, Healthy Substance, Aldi, Fannie May, Dunkin', Potbelly, Beefy's, El Patron, Southwest Ace Hardware, Taco Bell, American Legion, Post 735, Argo-Summit, Weber's Bakery, Nordica Medical Center, Senior Suites Garfield Ridge, Walgreens, Byline Bank, Banquets at the Mayor's Mansion, Public Storage, Jet Brite Car Wash, Archer & Neva Terminal, Rainbow Motel"
872664523ffffff,21,16,"bakery, restaurant, charity, restaurant, library, ice_cream, mobile_phone, hardware, bank, clinic, bank, supermarket, events_venue, convenience, place_of_worship, school, kindergarten, kindergarten, school, school, bus_station","Acapulco Bakery, New Warsaw 🇵🇱, The Salvation Army, Stunod's Pizzeria, Clearing Branch Library, La Michoacana, Metro by T-Mobile, Clear Ridge True Value Hardware, Chicago Patrolmen's Federal Credit Union, Fresenius Kidney Care, BMO, Fair Share Foods, Juanitas Restaurant Banquet Hall, 7-Eleven, Saint Rene Roman Catholic Church, Saint Rene School, Blair Early Childhood Center, Dore Early Childhood Center, Hale Elementary School, John C. Dore Elementary School, Narragansett & 63rd Place Terminal"
872664525ffffff,96,38,"school, place_of_worship, place_of_worship, place_of_worship, convenience, fast_food, car_rental, car_rental, car_rental, car_rental, car_rental, variety_store, car_rental, car_rental, car_rental, bar, bar, car_repair, pharmacy, cannabis, dentist, fast_food, car_parts, mobile_phone, restaurant, mobile_phone, hairdresser, mobile_phone, mobile_phone, ice_cream, florist, cafe, car_repair, beauty, bank, bicycle_rental, bicycle_rental, beauty, bicycle_rental, information, information, information, information, post_office, car_wash, payment_centre, convenience, fuel, car_repair, fast_food, cafe, storage_rental, fast_food, fuel, events_venue, convenience, fuel, convenience, car_parts, fuel, social_facility, variety_store, fast_food, cafe, car_repair, fast_food, money_transfer, motel, car, car_repair, convenience, car_rental, supermarket, place_of_worship, community_centre, restaurant, place_of_worship, convenience, pub, fuel, fast_food, bank, restaurant, social_centre, chemist, school, school, school, chemist, pawnbroker, car_parts, social_facility, school, school, school, fast_food","Our Lady of the Snows School, Beautiful Saviour Evangelical Lutheran Church, Iglesia Menonita Cristiana, Our Lady of the Snows, 7-Eleven, Subway, Dollar Car Rental, Avis, Enterprise, Thrifty, Hertz, Dollar Tree, Budget, National, Alamo, Angie’s Bar & Sunset Inn, Bohica Bar & Grill, Lara Auto Service 2, Walgreens, Midway Dispensary, Alta Dental, Subway, O'Reilly Auto Parts, Cricket Wireless, Beggars Pizza, Boost Mobile, Supercuts, Metro by T-Mobile, T-Mobile, La Michoacana Gourmet, Cafe Two07, A-OK Automotive Collison Center, K's Nails, Archer Bank, Lawler Ave & 50th St, Lavergne Ave & 46th St, e'Nails, Kilbourn Ave & 49th St, Chicago Midway International Airport, Chicago Midway International Airport, Chicago Midway International Airport, Chicago Midway International Airport, Clearing Post Office, Booting Payment Center, Mobil Mart, Mobil, Archer Knox Auto Rebuilders, Dunkin', Starbucks, U-Haul, McDonald's, BP, Los Amantes Banquet Hall, BP Shop, Shell, Tiger Mart, NAPA Auto Parts, Exxon, Midway Pointe Senior Living, Family Dollar, Popeyes, Starbucks, Goodyear, George's, Western Union, Skylark Motel, Rocket Auto Sales, Midas, Shell, Hertz, Shop & Save Market, Our Lady of the Snows Rectory, The Salvation Army Midway Citadel Corps Community Center, Bree Thai, Saint Camillus Roman Catholic Church, Mobil Mart, Sammy’s, Mobil, Wendy's, Chase, Orion Restaurant, Rhine VFW Post 2729, Walgreens, Saint Camillus School, Hearst Elementary School, Mark Twain Elementary School, Walgreens, Cash America Pawn, AutoZone, Cicero Senior Lofts, Edwards Center For Young Learners, Taco Bell"
872664528ffffff,33,19,"furniture, clothes, party, car_rental, car_rental, fast_food, video_games, fast_food, fast_food, mobile_phone, mobile_phone, clothes, money_transfer, bicycle_rental, ice_cream, atm, school, place_of_worship, bank, motel, fast_food, car_parts, fast_food, car_parts, fast_food, supermarket, motel, pharmacy, school, place_of_worship, school, doityourself, fast_food","Aaron's, Catherines, Party City, Avis, Budget, Little Caesars, GameStop, Subway, Wingstop, Metro by T-Mobile, Boost Mobile, Avenue, Western Union, Scottsdale Park, Baskin-Robbins, Adlai E. Stevenson Elementary School, Saint Bede the Venerable Church, Chase, Saratoga Motel, Arby's, O'Reilly Auto Parts, Dunkin', AutoZone, Wendy's, Aldi, Aloha Motel, CVS Pharmacy, Golgotha Early Childhood Center, Golgotha Lutheran Church, Saint Bede School, Lowe's, Chick-fil-A"
872664529ffffff,7,5,"ice_cream, bicycle_rental, place_of_worship, place_of_worship, fast_food, place_of_worship, school","Baskin-Robbins, Kildare Ave & 85th St, Hometown Christian Church Disciplines of Christ, Dunkin', Saint Peter's Evangelical Lutheran Church, Durkin Park Elementary School"
87266452cffffff,41,24,"cafe, bakery, bakery, cafe, fast_food, mobile_phone, department_store, fast_food, restaurant, fast_food, shoes, bed, department_store, variety_store, clothes, clothes, shoes, department_store, variety_store, restaurant, mobile_phone, clinic, second_hand, laundry, pharmacy, fast_food, car_repair, post_office, restaurant, fast_food, hotel, cinema, mall, fast_food, social_facility, chemist, fuel, convenience, fast_food, school, fast_food","Sweet Honey Tea, Jessica’s Bakery, Lady Di’s Bakery, O’s Donuts and Cafe, Little Caesars, Boost Mobile, JCPenney, Chipotle, IHOP, Potbelly, Foot Locker, Mattress Firm, Marshalls, Five Below, Old Navy, Citi Trends, Famous Footwear, Ross, Dollar Tree, Buffet City, Metro by T-Mobile, DaVita Dialysis, Family Thrift Store, Wash Smart Lavanderia, Walgreens, Dunkin', Auto Repair Classroom, Southwest Carrier Annex, Lou Malnati's Pizzeria, Taco Bell, Holiday Inn LXG Midway Airport, AMC Ford City 14, Ford City Mall, Burger King, ICH-1, Walgreens, Marathon, Marathon, Panda Express, Mariano Azuela Elementary School, Culver's"
87266452dffffff,48,19,"school, bar, restaurant, convenience, car_wash, car_repair, bicycle_rental, bicycle_rental, bicycle_rental, bicycle_rental, bicycle_rental, social_facility, bicycle_rental, college, school, place_of_worship, place_of_worship, place_of_worship, place_of_worship, convenience, laundry, variety_store, restaurant, fast_food, fuel, post_office, fire_station, place_of_worship, fuel, variety_store, bank, convenience, library, fire_station, convenience, fast_food, convenience, fuel, car_parts, fuel, school, school, school, school, fuel, school, social_facility, school","Southwest School of Business, Smoke Filled Room, Vito & Nick's Pizzeria, Citgo, Mobil, Caliber Collision, Kedzie Ave & 83rd St, Columbus Ave & 83rd Pl, Pulaski Rd & 84th St, Springfield Ave & 80th St, Columbus Ave & 79th St, New Foundation Of Hope Inc, Pulaski Rd & 75th St, Richard J. Daley College, Dawes Elementary School, Ashburn Lutheran Church, Ashburn Baptist Church, Masjid Al Muhajireen, Ashburn United Methodist Church, Citgo, Smart Wash, Family Dollar, Angie's, McDonald's, Citgo, Ashburn Post Office, Chicago Fire Department Engine Company 64, First Christian Church of Chicago, Citgo, Dollar Tree, Republic Bank of Chicago, Mobil Mart, Scottsdale Branch Library, Chicago Fire Department Engine Company 15, Citgo, Burger King, Citgo, Citgo, AutoZone, Citgo, Bogan High School, Owen Scholastic Academy, Ashburn Community Area Academy, Sarah E. Goode STEM Academy, Mobil, Lionel Hampton Fine & Performing Arts School, Ashburn Lutheran School"
872664560ffffff,114,27,"school, school, school, school, place_of_worship, place_of_worship, school, place_of_worship, place_of_worship, place_of_worship, place_of_worship, school, place_of_worship, place_of_worship, place_of_worship, place_of_worship, place_of_worship, place_of_worship, place_of_worship, place_of_worship, place_of_worship, place_of_worship, place_of_worship, place_of_worship, place_of_worship, place_of_worship, place_of_worship, school, school, variety_store, childcare, variety_store, clothes, supermarket, fast_food, mobile_phone, mobile_phone, convenience, bicycle_rental, bicycle_rental, bicycle_rental, bicycle_rental, bicycle_rental, clothes, fast_food, clinic, artwork, artwork, place_of_worship, ice_cream, bicycle_rental, bicycle_rental, money_transfer, money_transfer, bank, social_facility, school, school, pharmacy, library, place_of_worship, fire_station, fire_station, fast_food, place_of_worship, car_repair, clinic, place_of_worship, place_of_worship, car_repair, fast_food, place_of_worship, fast_food, fuel, convenience, fast_food, car_parts, place_of_worship, place_of_worship, fast_food, place_of_worship, money_transfer, restaurant, car_parts, place_of_worship, place_of_worship, social_centre, place_of_worship, place_of_worship, place_of_worship, place_of_worship, place_of_worship, place_of_worship, fuel, fast_food, social_facility, fuel, money_transfer, fuel, fuel, convenience, bank, bakery, place_of_worship, fuel, convenience, place_of_worship, hardware, place_of_worship, pharmacy, hospital, place_of_worship, school, convenience","Saint Salomeas School, Saint Nicholas School, Saint Louis School, Assumption Blessed Virgin Mary-Saint Catherine of Genoa School, House of Prayer Missionary Baptist Church, Greater Canaan Missionary Baptist Church, Saint Catherine School, Pure in Heart Missionary Baptist Church, Zion Missionary Baptist Church, Christian Covenant Baptist Church, Greater New Jerusalem Missionary Baptist Church, Bunnyland Developmental Day Care Center, Children Giving Light To A Dark World Spirtual Church, Bethel Apostolic Faith Church, House of Prayer Temple Church of God in Christ, Home Mission Pentecostal Tabernacle Church, Jehovahs Witnesses Roseland Unit, Greater House of God, Hyde Park African Methodist Episcopal Church, House of Inspiration Church of God in Christ, Pilgrim Church of God in Christ, Mosque of Umar, Roseland Bible Church, Roseland Free Christian Center, Holy Trinity Community Church, Tabernacle of Zion of the Apostolic Faith, Sound of Praise Evangelistic Center, Selans Beauty School, Saint Willibrords School, Family Dollar, Me & You Learning Academy, Family Dollar, Citi Trends, Aldi, Subway, Cricket Wireless, Metro by T-Mobile, Citgo, Michigan Ave & 118th St, Michigan Ave & 114th St, Wentworth Ave & 111th St, Halsted St & 111th St, Major Taylor Trail & 115th St, DTLR, Subway, Fresenius Kidney Care, Saint Willibrords Roman Catholic Church, Baskin-Robbins, Eggleston Ave & 115th St, Halsted St & 119th St, Western Union, Western Union, Chase, Community Assistance Programs, Alex Haley Academy, Fenger High School, Walgreens, West Pullman Branch Library, Aimwell Missionary Baptist Church, Chicago Fire Department Engine Company 62, Chicago Fire Department Engine Company 75, Baba's Steak & Lemonade, Roseland Presbyterian Church, Car-X, Planned Parenthood - Roseland Health Center, Starlight Saint James Missionary Baptist Church, Sheldon Heights Church of Christ, Valvoline, Popeyes, First Corinthians Baptist Church, McDonald's, Citgo, Mobil Mart, Dunkin', AutoZone, Reeds Temple Church of God in Christ, Saint Catherine of Genoa Roman Catholic Church, Sharks Fish & Chicken, Christian Reformed Apostolic Church, 119th & Halsted Currency Exchange, Pepe's Mexican Restaurant, O'Reilly Auto Parts, Greater Zion Chapel, West Pullman Church of God, Major Charles L. Hunt VFW Post 2024, Greater Canaan Baptist Church, Church of God in Christ State Temple, Christ Fellowship Church, New Vision of Faith Ministries, Christ Temple Cathedral Church of Christ Holiness, Lilydale First Baptist Church, Super Save, Wendy's, Roseland Senior Housing Center, Mobil, 111th & Halsted Currency Exchange, Citgo, Citgo, Citgo, Self-Help Federal Credit Union, Old Fashioned Donuts, The First Roseland Baptist Church, Citgo, Citgo, Saint Salomea Catholic Church, Plaza True Value Hardware, Saint Anthony Catholic Church, Roseland Pharmacy, Roseland Community Hospital, Allen Metropolitan Christian Methodist Episcopal Church, Curtis Elementary School, Citgo"
872664561ffffff,17,7,"place_of_worship, convenience, alcohol, bicycle_rental, bicycle_rental, supermarket, bicycle_rental, school, place_of_worship, place_of_worship, convenience, place_of_worship, place_of_worship, place_of_worship, stripclub, place_of_worship, school","Jesus the House of Prayer of the Lord Jesus Christ, Karkar Food, J&B Liquors, Eberhart Ave & 131st St, State St & 123rd St, Roserach Farms, State St & 127th St, Jesse Owens Community Academy, Saint Peter's Church of God and Christ, Christ Everlasting Missionary Baptist Church, Smily's Convenience Store, Greater New Mount Eagle Baptist Church, Labourers For Christ Ministries, Progressive Missionary Baptist Church, The Factory, Gods House of Prayer, Aldridge Elementary School"
872664562ffffff,48,24,"supermarket, bar, bar, video_games, fast_food, clothes, department_store, variety_store, nutrition_supplements, fast_food, mobile_phone, fast_food, fast_food, bicycle_rental, bicycle_rental, clothes, clothes, telecommunication, department_store, convenience, shoes, bicycle_rental, bicycle_rental, community_centre, school, fuel, place_of_worship, social_facility, place_of_worship, post_office, school, money_lender, place_of_worship, place_of_worship, place_of_worship, place_of_worship, place_of_worship, place_of_worship, place_of_worship, bank, restaurant, school, school, social_facility, optician, variety_store, fire_station, school","Jewel-Osco, Declan’s Irish Pub, Rucker Cigar Lounge, GameStop, Wingstop, Old Navy, Forman Mills, Dollar Tree, GNC, Pizza Hut Delivery, T-Mobile, Subway, Panda Express, Ada St & 113th St, Homewood Ave & 115th St, DTLR, Rainbow, Xfinity, dd's Discounts, BP Shop, Snipes, Laflin St & 115th St, Racine Ave & 115th St, Ray and Joan Kroc Community Center, Whistler Elementary School, BP, Apostolic Pentecostal Church of Morgan Park, Mercy Home Girls Campus, Sacred Heart Church, Morgan Park Post Office, Esmond Elementary School, Speedy Cash Loans, Christ Universal Temple, Maple Park United Methodist Church, Lutheran Church of the Holy Spirit, Arnett Chapel African Methodist Episcopal Church, Greater Pleasant Green Baptist Church, Morgan Park Pentecostal Church, Mount Zion Baptist Church, Fifth Third Bank, Chili's, Higgins Community Academy, Edward White Career Academy, Ray & Joan Kroc Community Center, America's Best Contacts & Eyeglasses, Family Dollar, Chicago Fire Department Engine Company 115, Johnnie Colemon Academy"
872664563ffffff,17,10,"school, bar, car_repair, bicycle_rental, artwork, bicycle_rental, bicycle_rental, bicycle_rental, place_of_worship, place_of_worship, variety_store, fast_food, place_of_worship, fuel, convenience, school, school","Assumption School, The Spot Social Hour, Dupe's Auto Enterprises, Major Taylor Trail & 124th St, Marshall Major Taylor, Halsted St & 123rd St, Stewart Ave & 123rd St, Parnell Ave & 127th St, Assumption Catholic Church, Saints Peter and Paul Catholic Church, Dollar General, Harold's Chicken Shack, Foster Park Church of Christ, BP, BP Shop, Ronald Brown Academy, Ralph H. Metcalfe Community Academy"
872664564ffffff,83,20,"school, school, school, place_of_worship, place_of_worship, place_of_worship, place_of_worship, place_of_worship, place_of_worship, place_of_worship, place_of_worship, school, place_of_worship, place_of_worship, place_of_worship, place_of_worship, school, place_of_worship, place_of_worship, place_of_worship, place_of_worship, place_of_worship, place_of_worship, place_of_worship, place_of_worship, school, place_of_worship, place_of_worship, place_of_worship, social_facility, ice_cream, bank, car_parts, variety_store, restaurant, books, bicycle_rental, bicycle_rental, bicycle_rental, fast_food, fast_food, mobile_phone, fire_station, pharmacy, place_of_worship, place_of_worship, place_of_worship, variety_store, place_of_worship, convenience, variety_store, motel, place_of_worship, place_of_worship, place_of_worship, place_of_worship, place_of_worship, post_office, school, fuel, mobile_phone, place_of_worship, place_of_worship, money_transfer, fast_food, variety_store, fast_food, fast_food, mobile_phone, place_of_worship, fast_food, library, fast_food, convenience, place_of_worship, fuel, school, school, school, social_facility, school, fuel, convenience","All Saints School, Kwame Nkrumah Academy, Saint Helena School, Prayers Warriors Missionary Baptist Church, New Saint John Missionary Baptist Church Number 2, Mount Ebal Missionary Baptist Church, Holy Miracle Church, Galilee Missionary Baptist Church, Pullman Christian Reformed Church, Mary Magdalene Missionary Baptist Church, Apostolic Assembly of the Lord Jesus Christ, Debbies School of Beauty Culture, Evangelist Jerry Smith Crusade Memorial Church of God in Christ, Bethel House of Prayer, Ambassadors for Christ Church of God in Christ, House of God, Hephzibah Christian Academy, New Covenant Church of God in Christ, Community Bible Teaching Pentecostal Church, Church of Christ, Church of Today, Saint John De La Salle Roman Catholic Church, Mount Calvary Interdenominational Church, Roseland Faith Temple Church of God in Christ, Holy Mount Zion Pentecostal Church, Park Vernon Learning Academy, First General Assembly Church, Trinity All Nations Church, Gods House of Holiness in Christ, Roseland Senior Center, Baskin-Robbins, Chase, AutoZone, Family Dollar, Sammy's Breakfast, Burst Into Books, Indiana Ave & 103rd St, Vernon Ave & 107th St, Wentworth Ave & 104th St, A.P. Deli, Jimmy's Best, Boost Mobile, Chicago Fire Department Engine Company 93, Walgreens, International Deliverance Center Church of God in Christ, Lilydale Progressive Missionary Baptist Church, All Saints Catholic Church, Dollar General, Christian Missionary Baptist Church, Mobil Mart, Dollar General, Royal Motel, Brown Temple Mission Church, Journey Church of Chicago, New Macedonia Baptist Church, Emmanuel Reformed Church, Kingdom Hall of Jehovah's Witnesses (Rosemoor), Roseland Post Office, Roseland Christian School, Mobil, Metro by T-Mobile, Pullman Presbyterian Church, Roseland Christian Ministries Center, Western Union, Church's Chicken, Dollar Tree, Burger King, Subway, T-Mobile, Zion Lutheran Church, Dunkin', Pullman Branch Library, White Castle, Citgo, Damascus Baptist Church, Citgo, Bennett Elementary School, Mildred Lavizzo Elementary School, Langston Hughes Elementary School, Roseland Place Senior Apartments, Cullen Elementary School, 76, 76"
872664565ffffff,68,29,"school, school, place_of_worship, place_of_worship, school, place_of_worship, place_of_worship, information, department_store, cafe, car_repair, convenience, courthouse, fast_food, restaurant, bicycle_rental, bicycle_rental, car_wash, bicycle_rental, artwork, clothes, fast_food, fast_food, pharmacy, garden_centre, variety_store, charging_station, cafe, bank, artwork, police, place_of_worship, museum, social_facility, cafe, car_repair, bookmaker, place_of_worship, place_of_worship, place_of_worship, place_of_worship, clinic, place_of_worship, place_of_worship, funeral_directors, supermarket, place_of_worship, fast_food, place_of_worship, tyres, veterinary, convenience, place_of_worship, place_of_worship, convenience, fuel, fuel, school, place_of_worship, school, supermarket, clinic, fast_food, artwork, artwork, artwork, artwork, fast_food","Holy Rosary School, CICS Prairie School, United Bibleway Community Missionary Baptist Church, Beacon Holy Nazarene Church, Martin Luther Educational Center, Kingdom Hall of Jehovahs Witnesses, Saint Peters Spiritual Church of Faith, National Park Service Pullman Visitor Center, Ross, Cal Harbor Restaurant & Lounge, One Stop Auto, Kensington Korner, Cook County Municipal Court, Potbelly, Lexington Betty Smoke House, Cottage Grove Ave & 111th Pl, Doty Ave & 111th St, Shell, MLK Jr Dr & 111th St, DTLR, Wingstop, Subway, Walmart Pharmacy, Walmart Garden Center, Dollar Tree, Tesla Supercharger, Pullman Club Coffee Shop, U.S. Bank, Chicago Police Department 5th District, Greater Tabernacle Missionary Baptist Church, Historic Pullman Foundation Exhibit Hall, Illinois DHS Family Community Resource Center in Cook County - Roseland, The Pullman Cafe, Auto Driveaway, Club Hawthorne Off-Track Betting, Holy Rosary Roman Catholic Church, Reformation Lutheran Church, Kingdom Word Church Chicago, Paradise Temple Church of God in Christ, Roseland Public Health Center, St. John Missionary Baptist Church, Evangelism Outreach Ministries Full Gospel Pentecostal Church, Paradise Garden Funeral Home, Farmfoods, Crown of Life M.B. Church, McDonald's, House of Hope, Wentworth Tire Service, Kragness Animal Hospital, Citgo, Christ Bible Center, Saint George and Matthias Episcopal Church, Shell, Shell, Pullman Citgo, Gwendolyn Brooks Preparatory Academy, Greenstone United Methodist Church, Pullman Elementary School, Walmart Supercenter, Chicago Family Health Center, Culver's, Chick-fil-A"
872664566ffffff,74,22,"cafe, mobile_phone, mobile_phone, bicycle_rental, bicycle_rental, bicycle_rental, bank, clinic, place_of_worship, restaurant, fast_food, atm, artwork, artwork, artwork, cafe, post_office, bicycle_rental, bicycle_rental, bicycle_rental, grocery, money_transfer, school, school, place_of_worship, place_of_worship, place_of_worship, place_of_worship, place_of_worship, place_of_worship, convenience, fuel, fuel, fast_food, money_transfer, convenience, place_of_worship, clinic, supermarket, car_repair, place_of_worship, place_of_worship, fast_food, place_of_worship, music_school, place_of_worship, variety_store, place_of_worship, fire_station, fuel, place_of_worship, place_of_worship, place_of_worship, place_of_worship, fast_food, place_of_worship, bank, place_of_worship, convenience, fuel, school, school, storage_rental, school, place_of_worship, school, school, school, place_of_worship, school, place_of_worship, school, fuel, convenience","Jean’s Cafe, Boost Mobile, Metro by T-Mobile, Aberdeen St & 106th St, Halsted St & 104th St, Vincennes Ave & 104th St, U.S. Bank, Seby Medical Center, Logos Baptist Assembly, Beggars Pizza, Subway, Bank of America, Marshall Major Taylor, Erin's Cup, Chicago Post Office Finance Station H, Aberdeen St & 103rd St, Vincennes Ave & 107th St, Major Taylor Trail & 111th St, Blak's Corner Store, Western Union, Shoop Elementary School, Morgan Park High School, Holy Name of Mary Catholic Church, New Morgan Park Church of God in Christ, The Church of Jesus Christ of Latter-day Saints, Beth Eden Baptist Church, Holy Cross Episcopal Church, Mount Calvary Baptist Church, Citgo, Citgo, KFC, 103rd & Halsted Currency Exchange, Citgo, Gospel Temple Missionary Baptist Church, DaVita Dialysis, Save-A-Lot, Jiffy Lube, Greater Mount Eagle Baptist Church, New Hope Baptist Church, White Castle, Greater New Testament Missionary Baptist Church, West Point School of Music, Morgan Park Seventh Day Adventist Church, Family Dollar, The Powerhouse Church of Chicago, Chicago Fire Department Engine Company 24, Citgo, Holy Ghost Deliverance Temple, Jehovahs Witnesses Fernwood Unit, Little Zion Baptist Church, Trinity Evangelical Lutheran Church, Harold's Chicken Shack, The Way of Holiness Mission, United Bank, Emerald Avenue Church of God, Citgo, Citgo, Barnard Elementary School, West Point School of Music, Metro Self Storage, Percy L. Julian High School, Victory Cathedral Faith Church, Mount Vernon Elementary School, Mount Calvary Christian Academy, Dunne Elementary School, Bellevue Baptist Church, Children's Developmental Institute, Messiah Baptist Church, Marcus Garvey Elementary School, Exxon, Tiger Mart"
87266456cffffff,21,9,"school, library, childcare, bicycle_rental, artwork, community_centre, place_of_worship, place_of_worship, school, place_of_worship, place_of_worship, place_of_worship, place_of_worship, place_of_worship, school, picnic_site, laundry, laundry, laundry, laundry, school","Wheatley Child-Parent Education Center, Altgeld Branch Library, Altgeld Gardens, Prairie Boat, Altgeld Gardens Community Center, Our Lady of the Gardens Roman Catholic Church, Mount Olive Missionary Baptist Church, CICS Lloyd Bond School, Peter The Rock Church, Lively Stone Church of God in Christ, Jehovahs Witnesses Altgeld Gardens Unit, Altgeld Gardens Seventh Day Adventist Church, United Church of Altgeld Gardens, Carver Military Academy, Beaubien Woods Picnic Shelter Grove 1, Altgeld Gardens Laundry Building, Altgeld Gardens Laundry Building, Altgeld Gardens Laundry Building, Altgeld Gardens Laundry Building, Carver Elementary School"
87266456effffff,4,3,"school, bicycle_rental, funeral_directors, school","Saint Mary's School, Indiana Ave & 133rd St, Higgins Funeral Home (Heavenly Angels), W.E.B. Du Bois Elementary School"
872664570ffffff,40,22,"convenience, collector, bar, bakery, mobile_phone, fast_food, bicycle_rental, bicycle_rental, school, fast_food, place_of_worship, car, bank, convenience, fuel, variety_store, place_of_worship, place_of_worship, fire_station, fast_food, variety_store, bank, hardware, car_wash, clinic, clinic, post_office, place_of_worship, library, school, place_of_worship, place_of_worship, school, school, school, pharmacy, storage_rental, bank, bus_station, bus_station","7-Eleven, Alternate Reality Comics, Bar 106, Dolly’s Delectables, T-Mobile, Dunkin', Kedzie Ave & 110th St, Lawndale Ave & 111th St, Mount Greenwood Elementary School, La Papas, Parkwood Baptist Church, McCarthy Ford, North Community Bank, SNK Fuels, Dollar Tree, Elim Baptist Church, Saint Christina's Catholic Church, Chicago Fire Department Engine Company 92, Burger King, Dollar Tree, U.S. Bank, Chicago True Value Hardware, Quick Suds Car Wash, Express Med Spa Chicago, DaVita Dialysis, Mount Greenwood Post Office, Mount Greenwood Lutheran Church, Mount Greenwood Branch Library, Cassell Elementary School, Mount Greenwood Reformed Church, Mount Greenwood United Methodist Church, Saint Cristina School, Chicago High School for the Agricultural Sciences, Marist High School, Walgreens, Extra Space Storage, CIBC, 111th Street & Harding Terminal, 115th Street & Springfield Terminal"
872664571ffffff,8,8,"pharmacy, fast_food, variety_store, bank, chemist, place_of_worship, school, bus_station","Walgreens, Joey's Red Hots, Family Dollar, First American Bank, Walgreens, Saint Walter's Roman Catholic Church, Saint Walter School, Western & 119th Street Terminal"
872664574ffffff,24,12,"school, supermarket, cafe, bicycle_rental, bicycle_rental, fast_food, fast_food, place_of_worship, place_of_worship, convenience, fast_food, fast_food, fast_food, doityourself, car_repair, bicycle, place_of_worship, university, school, university, school, school, school, social_facility","Mercy Hall, Jewel-Osco, Coffee Cats, 103rd St & Avers Ave, Kedzie Ave & 104th St, Subway, Donut Dudes, McDonough Chapel, Saint John Fisher Roman Catholic Church, 7-Eleven, McDonald's, Popeyes, Pop's Italian Beef & Sausage, DeJay's Ace Hardware, Jiffy Lube, Chicagoland Bicycle, Mount Greenwood Church of the Nazarene, Graham School of Management, Saint John Fisher School, Saint Xavier University, Brother Rice High School, Mother McAuley High School, Southwest Elementary School, Mercy Circle"
872664575ffffff,64,31,"fast_food, fast_food, restaurant, bar, fast_food, supermarket, pub, bar, cafe, bar, bakery, clothes, convenience, bicycle_rental, bicycle_rental, bicycle_rental, artwork, fuel, convenience, florist, community_centre, school, arts_centre, place_of_worship, bank, place_of_worship, social_facility, place_of_worship, library, social_facility, police, fire_station, fuel, fast_food, pub, funeral_directors, coffee, place_of_worship, fast_food, museum, dry_cleaning, bank, car_repair, place_of_worship, seafood, supermarket, restaurant, place_of_worship, place_of_worship, place_of_worship, car_parts, cafe, convenience, fast_food, pharmacy, school, place_of_worship, place_of_worship, school, place_of_worship, school, school, kindergarten, social_facility","See Thru Chinese Kitchen, Milano's Pizza, Americanos, O'Rourkes Office, Waldo Cooney's Pizza, Fairplay Foods, Open Outcry Brewing Company, Barney Callaghan’s Pub, Ellie’s Cafe, Sean’s Rhino Bar & Grill, Laine’s Bake Shop, 111 West Boutique, BP Shop, Western Ave & 111th St, Western Ave & 104th St, Hale Ave & 107th St, Kean, Steuber Florist, Munroe Park Fieldhouse, Keller Regional Gifted Magnet School, Beverly Art Center, Morgan Park Presbyterian Church, U.S. Bank, Morgan Park Church of God, Saint Cajetan Roman Catholic Church, George C. Walker Branch Library, Smith Village, Chicago Police Department 22nd District, Chicago Fire Department Engine Company 120, BP, Dunkin', Horse Thief Hollow, Donnellan Funeral Home, Beverly Bakery & Cafe, Beverly Evangelical Covenant Church, Buona, Ridge Historical Society, PNC Bank, Meineke, Religious Society of Friends, DiCola's Seafood, County Fair Foods, Home Run Inn Pizzeria, Morgan Park Christian Church, Church of the Mediator, Morgan Park United Methodist Church, NAPA Auto Parts, Favia Cafe & Sweets Shop, 7-Eleven, KFC, Walgreens, Saint Cajetan School, Morgan Park Baptist Church of Chicago, Ridge Evangelical Lutheran Church, Clissold Elementary School, Saint John the Divine Lutheran Church, Council Oak Montessori School, Morgan Park Academy, Barbara Vick Early Childhood Center"
872664576ffffff,5,5,"fast_food, pharmacy, dry_cleaning, bank, bus_station","Subway, CVS Pharmacy, CD One Price Cleaners, Chicago Patrolmen's Federal Credit Union, Pulaski & 104th Street Terminal"
872664c10ffffff,570,90,"fast_food, cafe, fast_food, school, school, school, kindergarten, school, childcare, cafe, restaurant, bar, artwork, restaurant, bar, dentist, artwork, pastry, fast_food, restaurant, cafe, restaurant, fast_food, restaurant, restaurant, restaurant, pharmacy, cafe, restaurant, bank, fast_food, restaurant, bicycle, department_store, fast_food, bar, cafe, restaurant, pub, alcohol, pharmacy, pet, bicycle_rental, supermarket, fast_food, bar, restaurant, fast_food, cafe, bar, fast_food, fast_food, pub, beauty, bicycle_rental, bicycle_rental, bicycle_rental, bicycle_rental, bicycle_rental, bicycle_rental, bicycle_rental, bicycle_rental, bicycle_rental, bicycle_rental, fast_food, bakery, fast_food, bicycle_rental, bicycle_rental, bicycle_rental, atm, restaurant, pub, fast_food, dentist, restaurant, bar, fast_food, tailor, restaurant, restaurant, artwork, artwork, artwork, restaurant, dentist, theatre, bar, bar, bar, fast_food, supermarket, restaurant, restaurant, fast_food, fast_food, restaurant, artwork, artwork, convenience, restaurant, restaurant, pharmacy, butcher, restaurant, bar, hairdresser, fast_food, cafe, bar, supermarket, artwork, restaurant, convenience, optician, restaurant, bar, restaurant, restaurant, restaurant, cafe, restaurant, craft, shoes, department_store, restaurant, restaurant, restaurant, restaurant, restaurant, bar, restaurant, restaurant, cafe, restaurant, bakery, bar, fast_food, restaurant, music, restaurant, hairdresser, ice_cream, marketplace, restaurant, fast_food, cafe, alcohol, fast_food, fast_food, cafe, fast_food, nutrition_supplements, bank, dry_cleaning, fast_food, cafe, restaurant, restaurant, bar, bar, optician, restaurant, restaurant, restaurant, cafe, fast_food, cafe, coffee, bar, cafe, cafe, bar, bar, cafe, bakery, bar, bar, restaurant, restaurant, bar, cafe, bar, restaurant, pastry, restaurant, bar, cafe, cafe, bar, restaurant, bakery, restaurant, bar, cafe, restaurant, restaurant, bar, restaurant, restaurant, restaurant, restaurant, bar, restaurant, restaurant, bakery, bar, bar, restaurant, bar, cafe, bar, restaurant, cafe, restaurant, bar, bar, restaurant, restaurant, restaurant, bar, restaurant, bar, restaurant, bar, hifi, restaurant, restaurant, restaurant, charging_station, restaurant, books, clothes, optician, beauty, clothes, restaurant, bicycle_rental, tobacco, beauty, psychic, toys, shoes, beauty, clinic, cafe, cafe, viewpoint, artwork, atm, viewpoint, viewpoint, viewpoint, artwork, viewpoint, viewpoint, viewpoint, viewpoint, viewpoint, viewpoint, attraction, attraction, cafe, restaurant, restaurant, copyshop, fast_food, beauty, mobile_phone, post_office, convenience, convenience, artwork, cafe, wine, fast_food, bank, artwork, restaurant, tea, clinic, confectionery, cafe, restaurant, department_store, fast_food, restaurant, viewpoint, viewpoint, fast_food, fast_food, department_store, cafe, information, information, information, convenience, supermarket, bed, artwork, artwork, veterinary, beauty, restaurant, restaurant, restaurant, computer, artwork, restaurant, restaurant, doctors, restaurant, restaurant, bank, post_office, restaurant, artwork, artwork, convenience, dry_cleaning, beauty, frame, cannabis, alcohol, fast_food, tobacco, pastry, hairdresser, alcohol, ice_cream, fast_food, chocolate, clothes, artwork, artwork, artwork, cosmetics, clothes, artwork, clothes, optician, hairdresser, optician, dentist, kindergarten, beauty, cafe, clothes, mobile_phone, fast_food, mobile_phone, dentist, cosmetics, hairdresser, fast_food, supermarket, restaurant, restaurant, dojo, cafe, ice_cream, ice_cream, fast_food, fast_food, artwork, fast_food, dry_cleaning, restaurant, beauty, fast_food, restaurant, restaurant, bar, beauty, restaurant, restaurant, bar, restaurant, gift, e-cigarette, dry_cleaning, massage, clothes, gift, clothes, frame, restaurant, restaurant, fast_food, convenience, beauty, restaurant, tailor, artwork, clinic, restaurant, hairdresser, tobacco, bar, restaurant, fast_food, cosmetics, restaurant, restaurant, cafe, books, fast_food, pastry, supermarket, clinic, artwork, cafe, ice_cream, restaurant, pharmacy, pharmacy, shoes, picnic_site, picnic_site, picnic_site, picnic_site, second_hand, childcare, frame, pet_grooming, tailor, artwork, artwork, second_hand, cafe, restaurant, fast_food, information, information, cafe, bicycle_rental, artwork, information, information, dry_cleaning, fast_food, pharmacy, gift, atm, cafe, restaurant, clinic, fast_food, bank, veterinary, theatre, hardware, artwork, bicycle_rental, fast_food, gift shop, social_centre, zoo, hospital, museum, events_venue, school, bank, school, restaurant, cafe, restaurant, arts_centre, fire_station, social_centre, cafe, place_of_worship, bar, restaurant, theatre, bar, bar, fast_food, restaurant, place_of_worship, clinic, bar, restaurant, convenience, fast_food, pawnbroker, books, pub, musical_instrument, fast_food, post_depot, doityourself, place_of_worship, place_of_worship, social_facility, money_transfer, place_of_worship, place_of_worship, bar, cafe, restaurant, cinema, chemist, clinic, restaurant, theatre, hotel, community_centre, hotel, place_of_worship, place_of_worship, clinic, library, chemist, place_of_worship, place_of_worship, school, attraction, gift, artwork, storage_rental, bar, restaurant, hospital, school, school, supermarket, artwork, place_of_worship, bank, theatre, school, place_of_worship, arts_centre, social_facility, attraction, attraction, attraction, attraction, attraction, attraction, attraction, attraction, attraction, attraction, artwork, information, attraction, restaurant, attraction, attraction, attraction, attraction, attraction, attraction, zoo, attraction, gift, attraction, attraction, attraction, artwork, bicycle_rental, bicycle_rental, bicycle_rental, bicycle_rental, artwork, artwork, artwork, artwork","Chipotle, Park Place Cafe, Clark Street Dog, Presbyterian Theological Seminary, Chicago Dance Center, Blackhawk School of Art, Mary Meyer School, Illinois Masonic Medical Center School of Nursing, Park West Cooperative Nursery School, Peet's Coffee, Wake n Bacon, Halligan Bar, Johann Wolfgang von Goethe Monument, Stella's Diner, Friar Tuck, Dr Fred Purcell General Dentistry, A Signal of Peace, La Fayette, Chipotle, Eggsperience Pancakes & Cafe, Stan's Donuts & Coffee, Ping Pong Asian-Thai, Five Guys, House of Wings, Nine, Tapas Restarurant/Bar, Walgreens, Intelligentsia, Sandwich Me In, Chase, Subway, Kabuki, Johnny Sprockets, Target, Papa John's, B.L.U.E.S., The Coffee & Tea Exchange, Joy's Noodles & Rice, Replay Lincoln Park, Binny's Beverage Depot, Walgreens, Petco, Wilton Ave & Diversey Pkwy, Apple Bite Liquor, Taqueria Tejupilco, Duke's Chicago Bar and Grill, Basil Leaf, Dunkin', Firecakes Donuts, Gaslight, Wingstop, Domino's, DryHop Brewers, Essential Nail Spa, Broadway & Barry Ave, Clark St & Drummond Pl, Clark St & Wellington Ave, Lake Shore Dr & Diversey Pkwy, Burling St & Diversey Pkwy, Lake Shore Dr & Wellington Ave, Lakeview Ave & Fullerton Pkwy, Sedgwick St & Webster Ave, Sheffield Ave & Wellington Ave, Theater on the Lake, Potbelly, Cafe Vienna, Sultan's Market, Clark St & Wrightwood Ave, Halsted St & Wrightwood Ave, Lincoln Ave & Fullerton Ave, Bank of America, Lincoln Park Pizza, Wise Fools Pub, Johnny's, Julianne Carrara DMD MS Limited, Sakura, Irish Eyes, Dunkin', Stitch n Ready, Thaiday Street Cafe, El Nuevo Mexicano, The Alarm, Curve XXII (I Will), Emanuel Swedenborg Monument, Del Seoul, Lakeview Dental Arts, Greenhouse Theater Center, Kelsey's, The Dime, The Wild Hare, Dairy Queen, Big Apple Finer Foods, Sushi Para II, Paulas Thai Kitchen, Domino's, Jimmy John's, La Crosta Woodfire Pizzeria Italiana, Steel Roots, Memorial to Extinct Birds, Country Fresh Food Mart, Tarascas, Moti Modern Indian Kitchen, Walgreens, Big Apple Butcher, Aloha Eats, Frank’s Bar, Great Clips, China Wok, Starbucks, The Tin Lizzie, Mariano's Fresh Market, Chevron, Chicago Pizza and Oven Grinder Co., Belmont Harbor Market, A Matter of Sight, The River Kitchen and Bar, The Closet, Troy Mediterranean Grill & Turkish Kitchen, Millie's Supper Club, Nori Sushi Lincoln Park, Colectivo Coffee, Crisp, Michaels, DSW, Marshalls, Riccardo Trattoria, Riccardo Enoteca, DMK Burger Bar, Kirkwood Bar & Grill, Barcocina, Vaughan’s Pub - Lakeview, Fish Bar, Andy's Thai Kitchen, Panes Bread Cafe, Tanuki, Jennivee's Bakery, Lucky Horsehoe Lounge, Peking Chinese Food, Chengdu Impression, Gramaphone Records, The Gundis, Floyd's 99 Barbershop, Snow Dragon Shavery, Sheffield Market & Deli, Penny's Noodle Shop, Qdoba, Starbucks, Diversey Prestige Liquors, Rosati's, BeeZzee Fresh Food, Zizi's Cafe, Momo Factory, GNC, Byline Bank, Day & Nite Best Dry Cleaners, Chicken Hut, Stan's Donuts & Coffee, The Mayan Palace, Gyu-Kaku, aliveOne, Avenue Tavern, Superior Eye Care, Bluebird, Bobby’s Lincoln Park, Brazilian Bowl, Bocadillo Market, Epic Kitchens Dining Room, Cafe Vienna, Cafecito, Compass Bar, Courtyard Café, Cafe Deko, Dram Shop, Duke of Perth, Ecos Café, Linda’s Magic Brownies, Galway Bay, George Street Pub, Grand Mongolian Hot Pot, Half Shell, Harrigan’s, HERO Coffee Bar, Hook and Ladder, Sapori Trattoria, Insomnia Cookies, Pars Cove Restaurant, Parson’s Chicken & Fish, St. Joseph’s Hospital - Lake Shore Cafe, Printer’s Row Coffee, The Red Lion Pub, Sumo Sushi and Hibachi, Swirlz Cupcakes, Tanaka Ramen, Tobacco Road Tap Room, The Bagelers Coffeehouse, Toro Sushi, The Crepe Shop, Jake’s Pub, The Fat Shallot - Lincoln Park, The Field House, The Lakefront Restaurant, Ghareeb Nawaz, The Other Side Bar, The Pasta Bowl, Chicago Sugar Daddy Patisserie, Vanille Patisserie, Wang’s, Cubaneo, La Crêperie, Muse Spirits, Maison Marcel, Matisse Tavern & Grill, Gorkha Kitchen, Modern Grill, Mon Ami Gabi, Monsignor Murphys, The Century Bar, Nando's, Noodles In the Pot, North Pond, The Original Pancake House, Lakeview Men’s Club, Ms. T’s Southern Fried Chicken, Nob’s Wine Bar, ProMusica, 5411 Empanadas - Lakeview, Galit, Lincoln Station, Tesla Supercharger, Sushi + Rotary Sushi Bar, Unabridged Bookstore, Zeglio Custom Clothiers, Big City Optical, Blink and Polish Nail Salon, Gap, Kameya Ramen & Sushi, Broadway & Belmont Ave, House of Hookah, The Nail Collaborative, KA-POW Collectibles, Mariny's Shoe Repair, Lakeview Threading Salon, Howard Brown Health Diversey, Safari Cafe, Eadie Levy's Landmark Café, Charlie Haffner Kugel Fountain, Dwarf Crocodile, Klipspringer, Starbucks, Roebuck, Mild 2 Spicy, FedEx Office, Pizza Hut Delivery, Palm Beach Tan, Verizon, The UPS Store, 7-Eleven, 7-Eleven, ‘Self-Portrait’, Philz Coffee, Verve, Velvet Taco, Chase, Lito's Empanadas, Matchacita, AMITA Health Digestive Institute Chicago, Windy City Sweets, Fancy Plants Cafe, Bombay Wraps, Target, Orange Julius, Kaathis, Chicago Dog House, Burger King, TJ Maxx, Happy Lemon, Lincoln Park, The Peggy Notebaert Nature Museum, The Peggy Notebaert Nature Museum, Deli & More, Go Grocer, Brotherhood, Brotherhood, Oz Animal Hospital, Nails Boutique, Egg Tuck, Bacino's Pizza, Xi'an Dynasty Cuisine, Chicago Computerland, Legacy Walk Rainbow Pylon, Allende, elephant & vine, Chicago Family Asthma & Allergy, Wheat's End Cafe, Green Tea Japanese Restaurant, Fifth Third Bank, FedEx Office, Allende, Astroterra, Lincoln C Mart, Young's Cleaners, Zenails, The Frame Shop, Chicago CBD and Hemp, Lakeside #2 Food Wine Spirits, Pure Green, Mr. Vape & Smoke, Crumbl Cookies, Blowout Junkie, Spirit Hub, Cold Stone Creamery, Sweetgreen, Kohler Chocolates, J. Crew Factory, Fraternity, Patriotism, Mother and Child Mountain Lions, Choc Choc, CRAM Fashion, The Nightingale, Banana Republic, Big City Optical, Sport Clips, LensCrafters, Allure Dental, Everbrook Academy, Zindaa Nail, XO Marshmallow, Crossroads Trading Co., AT&T, Jimmy John's, T-Mobile, Dentologie, bluemercury, refleKTion, Taco & Burrito House, Go Grocer, Kala, Wakamono, Supreme Jiu Jitsu, Dash of Salt and Pepper, Brothers Creamery Frozen Custard, Yoberri Gourmet, Taco Bell Cantina, Poppers, John Dillinger, Juice RX, CD One Price Cleaners, Musashiya Ramen, Ocean Nail Salon, Tropical Smoothie Cafe, Red Pig Asian Kitchen, Nancy’s Stuffed Pizza, Cesar’s Killer Margaritas, Salon De Vogue Nail, Comfort African Cuisine, Farm & Sea, Barrel, The Inkling Shop, Chicago House of Smokes, Manor Cleaners, Massage Envy, Second City Bridal, Rise Up, The Xchange, The Great Frame Up, Yummy Yummy Asian Cuisine, WOW Pizzeria Lincoln Park, Fry the Coop, Exotic Snack Guys, The Skin Bar at Ulta Beauty, Tuk Tuk Thai Isan Street Food, Seams, Bison, Passport Health Lakeview Travel Clinic, Yolk, Adel's Hair Sensation Salon, Diversey Tobacco, Duffy's Tavern & Bar, CM Chicken, Subway, Ulta Beauty, Chilam Balam, The Bad Apple, Soloway coffee, Barnes & Noble, Potbelly, Crave Cookies, The Fresh Market, Advocate Illinois Masonic Emergency Services, Ordinary Relic, Verzênay Chicago, Baskin-Robbins, Flub A Dub Chub's, Walgreens, CVS Pharmacy, New Balance, Lincoln Park - Grove 13, Lincoln Park - Grove 10, Lincoln Park - Grove 8, Lincoln Park - Grove 6, Mt. Sinai Resale Shop, Choo Choo Chicago, Foursided Custom Framing, Dashing Dog, Grace Fashion Inc., Saint Joseph, Ten Thousand Ripples, 2nd STREET, Dollop Coffee Co., Happy Lamb Hot Pot, Raising Cane's, Lincoln Park Zoo, Luckycat Cafe, Halsted St & Belden St, Starlight, The Peggy Notebaert Nature Museum, North Pond, Wellington Cleaners Alterations, Rendezvous Café, Advocate Pharmacy, Foursided, Mini Donut Factory, Little Wok, Advocate Illinois Masonic Diagnostic Imaging, Proper Pizza, Wells Fargo, Boulevard Veterinary, Laugh Factory, Halsted Hardware, Positivity Rules, Hampden Ct & Diversey Pkwy, Panera Bread, Cuddle Bunny, Elks National Memorial Building, Lincoln Park Zoo, Advocate Illinois Masonic Hospital, The Peggy Notebaert Nature Museum, Theater on the Lake, Lincoln Elementary School, Bank of America, Nettelhorst Elementary School, Moretti's Pizzeria & Bar, Countryside Cafe, Simply it, Sasha and Eugene Jarvis Opera Hall, Chicago Fire Department Engine Company 55, Elks Lodge, Serai Cafe & Deli, Lincoln Park Presbyterian Church, Lincoln Hall, Cafe Yaya, Biograph Theatre, Galway Arms, The Golden Dagger, Dog Haus, Hop sand Curds, Saint Clement Roman Catholic Church, Outpatient Center in Lincoln Park, Kingston Mines, Las Fuentes, 7-Eleven, The Wiener Circle, Clark Pawners, Christian Science Reading Room, Crossroads Public House, Guitar Center, McDonald's, Lincoln Park Carrier Annex, The Home Depot, Second Church of Christ Scientist, Saint George Greek Orthodox Church, Sunrise of Lincoln Park, MoneyGram, Holy Covenant Church, Church of Our Saviour, Burwood Tap, Bourgeois Pig Cafe, Select Cut Steak House, Landmark Century Cinema, CVS Pharmacy, Advocate Medical Group, Wilde Bar & Restaurant, Briar Street Theatre, The Willows, Chabad East Lakeview Community Center, Hotel Versey, Second Unitarian Church of Chicago, Our Lady of Mount Carmel Roman Catholic Church, Lakeview Healing Oasis, Merlo Branch Library, Walgreens, Anshe Sholom Bnai Israel Congregation, Saint Paul's United Church of Christ, Saint Clement School, AT&T Endangered Species Carousel, Wild Things gift shop, Johann Christoph Friedrich von Schiller Monument, Reebie Storage & Moving Co, Ravens, Bacino's Italian Grill, Saint Joseph Hospital, Alcott Elementary School, Francis W. Parker School, Trader Joe's, William Shakespeare Monument, National Shrine of Saint Francis Xavier Cabrini, PNC Bank, Apollo Theater, Mount Carmel School, Saint Peter's Episcopal Church, Holtschneider Performance Center, Belmont Living - Lincoln Park, Japanese Macaque, Seal, African Penguin, Giraffe, Plains Zebra, Polar Bears, Eastern Black Rhinoceros, Baby Eastern Black Rhinoceros, Red River Hog, African Painted Dog, Adelor The Lion, Searle Visitor Center, Trumpeter Swan, Bird's Eye Bar & Grill, River Otter, American Beaver, Red Wolf, Pritzker Family Children's Zoo, Black Bear, Wild Gifts, Diana Monkey, Meerkat, Aardvark, General Philip Henry Sheridan Monument, Lake Shore Dr & Belmont Ave, Lincoln Park Conservatory, Stockton Dr & Wrightwood Ave, Cannon Dr & Fullerton Ave, Richard Oglesby Monument, Alexander Hamilton Monument, John Peter Altgeld Momument, Charitas"
872664c11ffffff,50,14,"bicycle_rental, bicycle_rental, artwork, cafe, cafe, bicycle_rental, artwork, viewpoint, viewpoint, viewpoint, viewpoint, viewpoint, artwork, artwork, bar, picnic_site, picnic_site, picnic_site, information, school, museum, events_venue, school, school, museum, museum, place_of_worship, attraction, artwork, zoo, attraction, attraction, attraction, picnic_site, attraction, attraction, attraction, attraction, attraction, attraction, attraction, attraction, attraction, attraction, attraction, attraction, attraction, artwork, bus_station, artwork","Clark St & North Ave, Lake Shore Dr & North Blvd, Fountain Girl, The Patio at Café Brauer, North and Clark Café, Ritchie Ct & Banks St, Rites of Spring, Lincoln Park Passerelle Viewpoint, Lemon Tree, Hope and Help, Shore Club, Lincoln Park - Grove 4, Lincoln Park - Grove 3, Lincoln Park - Grove 2, Wooden Alley, Latin School of Chicago, Chicago History Museum, Café Brauer (South Pond Refectory), Latin School of Chicago, Latin School of Chicago, Charnley-Pesky House Museum, International Museum of Surgical Science, Saint Chrysostoms Episcopal Church, Wooden Alley, Benjamin Franklin, Farm-in-the-Zoo, Western Lowland Gorilla, Chimpanzee, Grevy's Zebra, Chacoan Peccary, Bactrian Camel, Red Kangaroo, Patagonian Cavy, Ostrich, Muscovy Duck, Sichuan Takin, Chilean Flamingo, Pony, Pig, Cow, Goat, Dragon, North Avenue & Clark Terminal, Greene Vardiman Black"
872664c12ffffff,405,97,"books, post_office, fuel, restaurant, cafe, cafe, pub, pub, school, school, school, school, school, school, place_of_worship, school, artwork, school, school, place_of_worship, pub, bicycle, cafe, car_wash, restaurant, restaurant, restaurant, pub, restaurant, bank, cinema, veterinary, dry_cleaning, convenience, restaurant, school, fast_food, dry_cleaning, post_office, beauty, restaurant, fast_food, atm, costume, doctors, restaurant, electronics, bank, post_office, alcohol, fast_food, fast_food, place_of_worship, houseware, fast_food, furniture, military_surplus, cafe, restaurant, cafe, doityourself, bar, restaurant, clinic, florist, bicycle_rental, bicycle_rental, restaurant, massage, bicycle, candles, bicycle_rental, bicycle_rental, bicycle_rental, bicycle_rental, bicycle_rental, bicycle_rental, bicycle_rental, bicycle_rental, bicycle_rental, bicycle_rental, bicycle_rental, bar, bicycle_rental, bicycle_rental, artwork, bar, bicycle, bank, restaurant, charging_station, charging_station, theatre, restaurant, bar, bar, bar, restaurant, restaurant, bar, restaurant, cafe, restaurant, bar, cafe, bar, bar, restaurant, bar, restaurant, cafe, bar, fast_food, cafe, restaurant, restaurant, bar, restaurant, restaurant, bar, restaurant, bar, bakery, bar, bar, bar, restaurant, restaurant, restaurant, bar, bar, bar, bar, bar, bar, bar, restaurant, bar, bakery, cafe, restaurant, dry_cleaning, pharmacy, bicycle_rental, bicycle_rental, fast_food, clinic, cafe, restaurant, convenience, rental, restaurant, car_wash, fast_food, artwork, games, clothes, paint, hairdresser_supply, fast_food, beauty, beauty, library, ice_cream, toys, cafe, restaurant, restaurant, cafe, restaurant, fast_food, cafe, cafe, hairdresser, fast_food, restaurant, convenience, fast_food, paint, fast_food, dentist, beauty, dentist, restaurant, bed, cafe, clinic, bed, beauty, houseware, bicycle, restaurant, car_wash, bed, restaurant, viewpoint, viewpoint, doityourself, antiques, trade, rental, optician, hairdresser, artwork, artwork, artwork, restaurant, dentist, pet, clinic, animal_boarding, hairdresser, car_repair, second_hand, cafe, pet_grooming, shoe_repair, sports, car_wash, beauty, driving_school, florist, frame, massage, beauty, frame, antiques, fast_food, cafe, prep_school, tyres, beauty, beauty, interior_decoration, florist, prep_school, beauty, fast_food, music_school, restaurant, bicycle, dentist, clinic, restaurant, bar, cafe, wine, books, cafe, dentist, pet, university, school, gallery, hotel, sewing, car_repair, charging_station, clinic, charity, social_facility, clothes, supermarket, bar, university, restaurant, social_facility, place_of_worship, library, school, charity, wholesale, fast_food, doityourself, supermarket, fast_food, fast_food, supermarket, restaurant, place_of_worship, school, pet, car_repair, place_of_worship, place_of_worship, fuel, fast_food, storage_rental, car, storage_rental, events_venue, electronics, place_of_worship, car_repair, department_store, convenience, bank, nightclub, sports, school, fast_food, fast_food, convenience, fuel, bank, fast_food, school, pharmacy, cinema, convenience, bank, storage_rental, department_store, fast_food, convenience, convenience, car_wash, pub, car_repair, restaurant, restaurant, craft, supermarket, place_of_worship, fuel, bank, restaurant, storage_rental, restaurant, dry_cleaning, fast_food, restaurant, restaurant, restaurant, restaurant, restaurant, doityourself, electrical, furniture, social_facility, convenience, fast_food, social_centre, convenience, convenience, fuel, pub, school, school, fuel, bank, supermarket, car, museum, bar, bar, convenience, fuel, storage_rental, copyshop, fast_food, storage_rental, books, fuel, fuel, kindergarten, laundry, beauty, fast_food, prep_school, clothes, shoes, fast_food, cosmetics, fashion_accessories, video_games, atm, mobile_phone, restaurant, optician, party, sports, stationery, hairdresser, jewelry, bank, bicycle, cosmetics, kindergarten, alcohol, variety_store, computer, optician, department_store, department_store, shoes, variety_store, fast_food, hairdresser_supply, optician, doctors, beauty, fast_food, social_facility, animal_training","DePaul University Bookstore, Lincoln Park Postal Store, Mobil, Lou Malnati's Pizzeria, Savor the Flavor, Starbucks, Rocks Lincoln Park, Gaslight, Saint Alphonsus High School, Saint Bonaventure School, Thomas School, Academy of Acupuncture, Chicago School of Massage Therapy, Discovery Center, Church of the Good News, The Learning Exchange, Vincent de Paul with two students, Sisters of Nazareth School, Theatre Shoppe Backstage, Seminary Avenue Community Church, Bird's Nest, Starbucks, Milito's Car Wash, Centre Street Kitchen, Old Pueblo Cantina, Range, Local Option, Corner Kitchen, Chase, Regal Webster Place 11, Family Pet Animal Hospital, Corner Cleaners, 7-Eleven, Mo's, Saint Josephat School, Dunkin', Chicago's Discount Cleaner and Laundry, The UPS Store, Nail Fairy & Spa, Royal Highness Zhu, Jersey Mike's Subs, BMO, Chicago Costume, AMITA Sage Medical Group, Golden Apple, The Shack, Huntington Bank, Graceland Post Office, Foremost Liquor, Subway, Pockets, Church of Scientology, Peerless Imported Rugs, Jimmy John's, Rubin's Contemporary Furniture, Army Navy Sales, Little Beans, The Goddess and Grocer, Bucktown Beanery, Ametric Supply Co., Charleston, The Monkey's Paw, Immediate MD, Chicago Flower Company, Racine Ave & Fullerton Ave, Sheffield Ave & Fullerton Ave, Pat's Pizzeria, Foot Smile Spa, Heritage General Store, Waxman Candles, Ashland Ave & Wellington Ave, Ashland Ave & Wrightwood Ave, Damen Ave & Charleston St, Greenview Ave & Diversey Pkwy, Greenview Ave & Fullerton Ave, Lincoln Ave & Diversey Pkwy, Logan Blvd & Elston Ave, Sheffield Ave & Wrightwood Ave, Southport Ave & Wellington Ave, Southport Ave & Wrightwood Ave, Racine Ave & Wrightwood Ave, Prost, Southport Ave & Clybourn Ave, Elston Ave & Cortland St, Eagle Columns, Burke’s Web Pub, Roll, Bank of America, Grand River, eVgo, Athenaeum Theatre, Interurban Boathouse, Paddy Long’s, Beermiscuous, Augie’s, Avli Taverna, Beck’s Chicago, Broken Barrel Bar, Suda's Lebanese Cuisine, Chromium, Coast Sushi Bar, Cody’s Public House, Coffee Lab & Roasters, Danny’s Tavern, Delilah’s, Anor, Distilled Chicago, Farm Bar Lakeview, Floriole Cafe & Bakery, Four Shadows, Wingstop, Heritage Bicycles General Store, Sal’s Trattoria, Sam & George’s, Side Street Saloon, Food Flight, Pequod’s Pizzeria, Racine Plumbing Bar & Grill, The Royal Grocer & Co, Rose’s Lounge, Sweet Mandy B’s, Tapster Lincoln Park, The Arrogant Frog Bar, The Warehouse Bar & Pizzeria Chicago, The Barrelhouse Flat, The Bristol, Tutto Fresco, Twisted Tap, The Diag, The Hometavern, The Land on Lincoln, Varsity Club, Whale Tale, Lincoln Tap Room, Juno, Kibbitznest Books, Brews & Blarney, Mariano’s Fresh Market, Vero Coffee & Gelato, Las Tablas Colombian Steakhouse, Rinse, Jewel-Osco, Winchester Ave & Elston Ct, Damen Ave & Clybourn Ave, Panera Bread, Endeavor Health Orthopaedic & Spine Center - Chicago in Bucktown, Hexe Coffee Co., Rock Wrap & Roll, Shell, U-Haul, Batter & Berries, Shell, Subway, Monsignor John Egan, Good Games Chicago, Men's Wearhouse, Sherwin-Williams, CosmoProf, Domino's, The Skin Bar at Ulta Beauty, Benefit Brow Bar, Chicago Public Library - Lincoln Park Branch, Baskin-Robbins, Rotofugi, Doppio Coffee House, Uno Pizzeria & Grill, Vegan Plate, Herb & Alchemy, Los 3 Panchos, Mr. Submarine, Vigo Coffee, Starbucks, Supercuts, Chipotle, Jet's Pizza, 7-Eleven, Honey Baked Ham, Sherwin-Williams, RedHot Ranch, Sparrow Dental, MF Aesthetics, The Dental Practice of Lincoln Park, Dear Margaret, Mattress Firm, Starbucks, DaVita Dialysis, Mattress Firm, Palm Beach Tan, The Container Store, BFF Bikes, Bonci Pizza, White Glove Car Wash, Tempur-Pedic, Taqueria L'Patron, Rebuilding Exchange, Pagoda Red, Grainger, Budget, Wink Optical, Traditions, Landslide, Hayes Healy Gymnasium, Doors Open Everywhere at Fullerton, Sushi Payce, Pediatric Dental Care, Kriser's Natural Pet, Physician's Immediate Care, Wag Hotels, Ricci Kapricci, Milito's Auto Repair, Cynthia's Consignment, The Cuptown, Animal Lovers Pet Salon, Clyborn Cobbler, Strings Attached, Auto Spa Chicago, LA Tan, Central Driving Academy, Bunches, Prints Unlimited Galleries, Fit Foot, Midcity Nails Salon, Chicago Center for the Print, Gift Home Decor & More, Good Eats, Tsaocaa, Mathnasium, U-Pick-A-Tire Store, Threading Point, J-Nail Club, Platinum Homes General Contractors, Cattails, Huntington, Ette, Taco & Burrito House, Chicago Music Lessons, El Presidente, Big City Bikes, Floss & Co. - Lincoln Park, Premier Allergy, Asthma & Sinus Care, WG  Pizzas, Parlay Lincoln Park, Big Shoulders Coffee, Door 24, Three Avenues Bookshop, Kazka, Noble Dentistry of Chicago, Barks N' Rec, DePaul University - The Art School, DePaul University - The Grace School of Applied Diplomacy, Richardson Art Gallery, The Hotel At Midtown, Maydel, Tuffy, Costco Lincoln Park, Advocate Medical Group Outpatient Center, The Salvation Army, The Salvation Army Northside Adult Rehabilitation Center, Transcending Studios, Fresh Thyme, Delilah's, DePaul University, Left Coast Food + Juice, Lathrop Elderly Apartments, St. Vincent de Paul Catholic Church, John T. Richardson Library, Oscar F. Mayer Elementary School, The Salvation Army, Costco, Taco Bell, The Home Depot, Jewel-Osco, McDonald's, McDonald's, Jewel-Osco, Broken English, Saint Alphonsus Roman Catholic Church, Burley Elementary School, PetSmart, Pep Boys, Saint Josaphat Catholic Church, Covenant Presbyterian Church, Shell, Potbelly, Public Storage, Howard Orloff - Volvo, Jaguar, Land Rover, Self-Storage 1, Windy City Fieldhouse, Best Buy, Saint Hedwig Roman Catholic Church, Midtown Auto Repair, Kohl's, 7-Eleven, BMO, Green Dolphin Street, Running Away Multisport, CICS Bucktown, Wendy's, Boston Market, BP Shop, BP, Huntington Bank, Burger King, Saint Alphonsus School, Walgreens, Facets Multi-Media, BP Shop, PNC Bank, Public Storage, Marshalls, Popeyes, Mobil Mart, Express Car Wash, The Leavitt Street Inn & Tavern, Jiffy Lube, The Squared Circle, Oliang, Michaels, Aldi, Saint Bonaventures Roman Catholic Church, Shell, Lakeside Bank, Que Rico, Extra Space Storage, Flo, CD One Price Cleaners, Dunkin', S&G Restaurant, Breakfast House, The Art of Pizza, Cebu Chicago, Menards, The Bryant Electric Co., Pottery Barn Kids, St. Mary's Home, Mobil Mart, Sarpino's Pizzeria, American Legion Wayne-Wright Post 1052, 7-Eleven, Circle K, Shell, Wellington's Tavern, Prescott Elementary School, Harriet Tubman Elementary School, Exxon, Fifth Third Bank, Mariano's Fresh Market, Fox Motors, DePaul Art Museum, Liars Club, WhirlyBall, Shell, Mobil, Safeguard Self Storage, FedEx Office, Chick-fil-A, U-Haul, Goblin Market, Costco Gasoline, BP, Crème de la Crème Learning Center of Lincoln Park, Riverpoint Coin Laundry, Level Nails Bar, Panda Express, Russian School of Mathematics, Old Navy, Famous Footwear, Capriotti's, Bath & Body Works, claire's, GameStop, Bank of America, AT&T, Chuck E. Cheese, Pearle Vision, Spirit Halloween, PGA Tour Superstore, OfficeMax, Sport Clips, Zales, Chase, Element Multisport, Ulta Beauty, Bubbles Academy, Binny's Beverage Depot, Five Below, Micro Center, Visionworks, Burlington, Ross, Shoe Carnival, Dollar Tree, Subway, Sally Beauty, America's Best Contacts & Eyeglasses, Milan Laser Hair Removal, Lee Nails, Dunkin', The Vistas Lincoln Park, Zoom Room Dog Training"
872664c13ffffff,523,109,"cafe, restaurant, place_of_worship, place_of_worship, place_of_worship, school, music_school, school, school, arts_centre, atm, pub, pub, bar, restaurant, bar, bicycle, furniture, bank, theatre, bar, bicycle, bicycle_rental, bicycle_rental, bicycle_rental, bicycle_rental, bicycle_rental, bicycle_rental, clothes, electronics, bank, hairdresser, tailor, fast_food, restaurant, restaurant, furniture, outdoor, baby_goods, fast_food, bicycle_rental, fast_food, optician, cafe, bicycle_rental, bicycle_rental, bicycle_rental, bicycle_rental, bicycle_rental, bicycle_rental, bicycle_rental, bicycle_rental, bicycle_rental, bicycle_rental, bicycle_rental, bicycle_rental, bicycle_rental, bicycle_rental, kitchen, cafe, supermarket, houseware, supermarket, car_rental, restaurant, bank, bank, restaurant, restaurant, bar, fast_food, bank, ice_cream, doctors, restaurant, interior_decoration, restaurant, atm, restaurant, artwork, fast_food, guest_house, artwork, restaurant, cinema, restaurant, restaurant, restaurant, restaurant, theatre, stripclub, clothes, fast_food, restaurant, artwork, artwork, artwork, doctors, supermarket, restaurant, restaurant, sports, dentist, pharmacy, bank, jewelry, fast_food, bar, bar, psychic, bicycle_rental, restaurant, cafe, restaurant, restaurant, bakery, hairdresser, restaurant, beauty, fast_food, beauty, supermarket, car_repair, pastry, restaurant, bar, hairdresser, wellness, mobile_phone, wholesale, veterinary, pet, craft, dojo, restaurant, restaurant, cafe, bar, restaurant, restaurant, bar, bar, restaurant, restaurant, restaurant, ice_cream, restaurant, cafe, restaurant, restaurant, restaurant, restaurant, coffee, restaurant, fast_food, hairdresser, cafe, restaurant, restaurant, restaurant, bar, restaurant, restaurant, fast_food, restaurant, cosmetics, clothes, fast_food, bar, restaurant, bar, restaurant, bar, bar, bakery, restaurant, fast_food, bar, bar, bakery, bar, bakery, restaurant, bar, bar, restaurant, restaurant, restaurant, restaurant, cafe, bar, restaurant, spices, bar, restaurant, restaurant, restaurant, restaurant, bakery, restaurant, cafe, fast_food, furniture, furniture, cosmetics, fast_food, restaurant, pastry, ferry_terminal, restaurant, restaurant, hairdresser, post_office, charging_station, storage_rental, restaurant, outdoor, fast_food, bar, bicycle_rental, bicycle_rental, cannabis, interior_decoration, restaurant, cannabis, fast_food, fast_food, fast_food, second_hand, fast_food, supermarket, dentist, ice_cream, fast_food, optician, alcohol, dentist, dry_cleaning, marketplace, massage, cafe, second_hand, restaurant, fast_food, post_office, general, beauty, beauty, hairdresser, interior_decoration, frame, supermarket, fast_food, convenience, veterinary, hairdresser, shoes, apartment, beauty, bank, jewelry, convenience, artwork, fast_food, bed, bank, bed, beauty, bed, furniture, shoes, massage, clinic, carpet, convenience, supermarket, cafe, beauty, stationery, car_repair, tailor, beauty, restaurant, cafe, dentist, bakery, restaurant, houseware, car, dry_cleaning, dry_cleaning, restaurant, restaurant, fast_food, clinic, art, boat_rental, beauty, dry_cleaning, beauty, dentist, clinic, information, bank, fast_food, fast_food, cafe, atm, restaurant, restaurant, restaurant, pet, hairdresser, restaurant, chocolate, veterinary, clothes, cosmetics, bicycle, viewpoint, fast_food, musical_instrument, fast_food, fast_food, convenience, artwork, social_facility, cafe, restaurant, restaurant, pet, dentist, furniture, copyshop, pharmacy, optician, picnic_site, stationery, hairdresser, cafe, furniture, cafe, fast_food, tiles, deli, kindergarten, dentist, cafe, restaurant, wine, telephone, tattoo, pub, cannabis, convenience, clinic, beauty, kitchen, beauty, hairdresser, restaurant, restaurant, kitchen, laundry, car_rental, storage_rental, clinic, beauty, beauty, car_rental, mobile_phone, beauty, beauty, frame, carpet, hairdresser, clinic, tailor, jewelry, clinic, restaurant, restaurant, gallery, furniture, clinic, storage_rental, musical_instrument, hairdresser, furniture, pet, psychic, cafe, bicycle, pub, doctors, bicycle_rental, hairdresser, restaurant, pub, events_venue, garden_centre, school, place_of_worship, pharmacy, post_office, doityourself, fuel, community_centre, police, car_repair, school, school, school, supermarket, bar, furniture, place_of_worship, houseware, convenience, bank, florist, hotel, interior_decoration, theatre, tobacco, wholesale, fire_station, car_repair, storage_rental, car, pub, copyshop, clinic, car, events_venue, bakery, place_of_worship, car_repair, place_of_worship, place_of_worship, fuel, school, fire_station, restaurant, place_of_worship, car_repair, restaurant, restaurant, telecommunication, events_venue, restaurant, furniture, fast_food, nightclub, restaurant, bar, nutrition_supplements, mobile_phone, erotic, place_of_worship, theatre, alcohol, chemist, furniture, fast_food, convenience, restaurant, place_of_worship, clothes, convenience, bank, restaurant, school, clothes, bar, restaurant, bicycle, clothes, nutrition_supplements, library, restaurant, beauty, bar, bakery, restaurant, alcohol, bank, place_of_worship, theatre, place_of_worship, estate_agent, place_of_worship, place_of_worship, storage_rental, artwork, supermarket, school, laundry, school, cafe, department_store, electronics, picnic_site, boat, bank, theatre, attraction, attraction, picnic_site, fast_food, artwork, convenience, fuel, events_venue, theatre, theatre, fuel, fuel, artwork, artwork, artwork, bicycle_rental, convenience","Starbucks, Twin Anchors Restaurant & Tavern, Mount Olive Missionary Baptist Church, Zen Buddhist Temple, Kingdom Hall of Jehovahs Witnesses Halsted Congregation, Saint James Lutheran School, Old Town School of Folk Music, Old Town Triangle Art Center, Saint Theresa School, Old Town Triangle Association, Chase, Goose Island Brewpub, Kincade's, Kelly's Pub, Sushi Rotary, Glasscott's, Yojimbo's Garage, CB2, Citibank, The Second City, UP Comedy Club, J. C. Lind Bike Co., Dayton St & North Ave, Larrabee St & Menomonee St, Larrabee St & North Ave, Orleans St & Elm St, Sheffield Ave & Kingsbury St, Sheffield Ave & Willow St, American Eagle Outfitters, Best Buy, Bank of America, Hair Cuttery, Wells Cleaners, McDonald's, Topo Gigio Ristorante, Rocco Ranalli's, Design Within Reach, Backcountry, Hoohobbers: Innovations for Children, Dunkin', Sedgwick St & North Ave, Panera Bread, Pearle Vision, Starbucks, Bissell St & Armitage Ave, Clark St & Lincoln Ave, Clark St & Schiller St, Clifton Ave & Armitage Ave, Clybourn Ave & Division St, Halsted St & Clybourn Ave, Halsted St & Dickens Ave, Halsted St & Willow St, Larrabee St & Armitage Ave, Larrabee St & Webster Ave, Sedgwick St & Schiller St, Sheffield Ave & Webster Ave, Wells St & Concord Ln, Wells St & Evergreen Ave, Porcelanosa, Starbucks, Aldi, HomeGoods, Trader Joe's, Enterprise, Peking Chinese Restaurant, Byline Bank, Old National Bank, Soul Prime, Pasta Palazzo, Marquee Lounge, Brothers Beef, PNC Bank, Annette's Italian Ice, Physicians Immediate Care, Station Chophouse, Finishing Touches Interiors, ZA bunker, Citibank, Cafe Ba-Ba-Reeba!, Dorothy & Toto, Domino's, City Scene Bed & Breakfast, Hans Christian Andersen Monument, Armitage Pizza, AMC NewCity 14, Pizza Capri, Boka, Vinci, Alinea, iO Theater, Vip's Gentlemen's Club, Nordstrom Rack, Pegasus Protein, Jaimito's Burritos, Tin Man, Scarecrow, Cowardly Lion, Town & Country Pediatrics, Mariano's Fresh Market, RJ Grunts, Nando's, Dick's Sporting Goods, Brighter Dental of Old Town, Walgreens, Byline Bank, James & Sons, Potbelly, Sedgwick Stop, Sedgwick's, Spiritual Wisdom, Larrabee St & Division St, Athenian Room, Starbucks, Toast, Adobo Grill, La Fournette, State St. Barbers, Homeslice, Elite Nails SK Spa, Subway, Magnifique Nail Salon, Local Foods, Nortown, Nothing Bundt Cakes, The Kennison, The J. Parker, Floyd's 99 Barbershop, Viva Prana, AT&T, Jetro/Restaurant Depot, Banfield Pet Hospital, PetSmart, Blick Art Materials, Kensho Martial Arts, Two Lights Seafood & Oyster, John's Food and Wine, Elaine's Coffee Call, 80 Proof, Ada Street, 1959 Kitchen & Bar, Old Town Ale House, SUITE Lounge, The Fireplace Inn, Benchmark, Old Town Pour House, Jeni's Splendid Ice Creams, Broken English Taco Pub, Ambrosia Café, Blue Door Farm Stand, Butcher & The Burger, Jam 'n Honey, Hello Jasmine, Capital One Café, Cedar Palace, Chicago Bagel Authority, Lincoln Park Hair Salon and Spa, Cocoa + Co., Earls, Azul, Al Halal Zaiqa, Front Bar, Geja’s Cafe, Gemini, Goose Island Shrimp House Chicago, Hom Mali Thai and Sushi on North Ave, Sephora, Lululemon, Small Cheval - Wells, Park West, Pizzeria Bebu, River Shannon, Stella Barra Pizzeria, Sully’s House, The Store, Terry’s Toffee, The VIG Chicago, The Budlong Hot Chicken, Tripoli Tap, J9 Wine Bar, The Fudge Pot, The Hideout, Veruca Chocolates, Willow Room, LG’s Bar, Joe’s On Weed St, Kamehachi, King Crab House, Kings Dining & Entertainment - Chicago Lincoln Park, Kizuki Ramen & Izakaya, La Colombe Coffee, Marge’s Still, Nookies, Old Town Oil, Old Town Pub, Olive Mediterranean Grill, Tovala, Woodie’s Flat, Yard House, Corey's Famous NYC Bagel Deli, Old Jerusalem, Peet's Coffee, Epic Burger, west elm, Pottery Barn, Ulta Beauty, Burrito Beach, Summer House Santa Monica, Insomnia Cookies, Goose Island, Cafe Sushi, Protein Bar & Kitchen, KidSnips Lincoln Park, The UPS Store, Tesla Supercharger, Extra Space Storage, Buffalo Wild Wings, REI, Jimmy John's, Utopian Tailgate, Larrabee St & Oak St, Cherry St & Blackhawk St, NuEra, HAY, Shine and Rise, Curaleaf, Sweetgreen, Beacon Doughnuts, Taco Bell Cantina, McShane's Exchange, Chipotle, Potash Market, Pearl aesthetics & dentistry, Jeni's Splendid Ice Creams, Potbelly, LensCrafters, BWS #2 - Beer Wine & Spirits, Elevate Dental Wellness, Old Town Valet Shoppe Laundry & Dry Cleaners, Farmer's Market, Lincoln Park Massage Spa, Philz Coffee, Mercy Beaucoup! Resale Boutique, Gallucci Pizzeria Napoletana, Cilantro Taco | Grill, The UPS Store, Judy Maxwell Home Genrl Store, 7 am, New Image Works Medical Spa, Old Town Barbershop, Natuzzi Italia, Artist's Frame Service, Carnival Grocery, Subway, Stop and Shop, Veterinary Emergency Group, Scottfree, Fleet Feet, Zen Loft, Amazing Lash Studio, Chase, Fey & Co, Creative Mini Market, Gourd Man, Dunkin', HassleLess Mattress, U.S. Bank, American Mattress, Heyday, Sleep Number, Walter E. Smithe Furniture, Red Wing, Massage Envy, Preferred Imaging, Beautiful Rugs, Green Apple Mini Mart, Wild Fork, Starbucks, European Wax Center, Paper Source, Goodyear, Royale Cleaners, Viva La Med Spa, Fish Bar, Kanela Breakfast Club, Chicago Smile Design, Sweet Vegan Bakery, Sai Mai, Williams-Sonoma, Toyota of Lincoln Park, Willow Cleaners, Lincoln Park Cleaners, De Nuccis, Professor Pizza, Red Light Chicken, One Medical, New City, Kayak Chicago - Chicago River, Wellness Foot Spa, Clybourn Cleaners, JJ Waxing & Threading, Pure Design Dentistry, Fresenius Kidney Care, Lincoln Park, First American Bank, All Too Well, Evette's, Starbucks, Tecalitlan, Five Squared, 1308, Petco, Regis, Noodles & Company, Leonidas, Old Town Animal Care Center, Club Monaco, bluemercury, Specialized, Loud Pizza Records Carry-Out, FRET12, Subway, Sharks Fish & Chicken, Riverside Market, Time is the Enemy (Revisited), Marillac St. Vincent, Sweetwaters Coffee & Tea, Jiang Niu BBQ House, Charoen Krung by Sathorn, Old Town Aquarium, Old Town Dental Care, Ethan Allen, Sir Speedy, CVS Pharmacy, MyEyeDr., Lincoln Park - Grove 5, Greer, Salon V, Olor Coffee, King, Printer's Row Coffee, El Tragón Taqueria, The Tile Shop, North Buena Deli, Dr. Fisher Early Learning Center, Westend Dental of Lincoln Park Chicago, Foxtrot, Kayao, Off Premise: Real Wine, Whiskey, Craft Beer, Sido Tattoo Studio, BATSU!, Prohibition THC Express, Mobil Mart, Family Urgent Care, Jesse Nail, Boca Cabinets, SugaringNYC, Salon Shiloh, Ramen-San, Small Cheval, Boelter Restaurant Equipment Design & Supply, 5 Star Hotel Laundry, Enterprise, Extra Space Storage, LasikPlus, SpaceTime Floatation Center, Urban Oasis Massage Spa, Avis, Verizon, Madison Reed, Nail House, Frame Chicago, Cozy Rugs, Wrath & Co, Ageless Men's Health, Ms Couture, Lincoln Park Gems, Hair Butterflies, D.P. Dough, Yaya Mas Greek Kuzina, gallery 1871, Jayson Home, Raden Wellness, The Lock Up, Steinway & Sons Pianos, Salon 1800, Blu Dot, JustFoodForDogs, Old Town Psychic Chakra Studio, PiniPico empeñadas, Armitage Alehouse, Illinois Skin Center, The Salt Shed, Trianon, Angry Octopus, McGee's Tavern & Grille, The Three Top Lounge, Ogden International School: Jenner Campus, Park Community Church, Walgreens, FedEx Ship Center, The Home Depot, Mobil, Lincoln Park Cultural Center, Chicago Police Department 18th District, Midas, LaSalle Language Academy, Newberry Elementary Math & Science Academy, British School of Chicago, Whole Foods Market, Corcoran's Grill & Pub, Crate & Barrel, Moody Church, The Container Store, Shell, Chase, Hotel Lincoln, World Market, Zanies, Up Down Cigar, The Common Market, Chicago Fire Department Engine Company 4, McGrath Lexus Service Center, StorageMart, McGrath Lexus, Goose Island Salt Shed Pub, Minuteman Press, Winfield Moody Health Center, McGrath Acura, The Salt Shed, Bjorn Cakes, Holy Family Lutheran Church, Crash Champions, Kingdom Hall of Jehova's Witneesses, Stranger's Home Church, City of Chicago Fuel Site 010, Skinner North Classical School, Chicago Fire Department Engine Company 22, The Butcher & the Burger, Saint Teresa of Avila Roman Catholic Church, Jiffy Lube, Tarantino's, Dee's, Xfinity, Lincoln Yards Firehouse, Art's Drive In, La-Z-Boy, Stanley's Grille, PRYSM Chicago, Kababish, Weeds Tavern, The Vitamin Shoppe, T-Mobile, Hustler Hollywood, Saint Michael Roman Catholic Church, Steppenwolf Theatre, Binny's Beverage Depot, CVS Pharmacy, Arhaus, Fatso's Last Stand, 7-Eleven, Saint James Evangelical Lutheran Church, Art Effect, 7-Eleven, Bank of America, Lincoln Park High School, Old Navy, Declan's, China Doll, Village Cycle Center, Sara Jane, IVME Hydration Clinic, Near North Branch Library, Orso's, Old Town Nails, Burton Place, The Spice House, Pazza Pizza, Galleria Liquors, Wintrust Bank, Hermon Baptist Church, Park West, Church of the Three Crosses, James Sotheby's International, Immaculate Conception Church, Midwest Buddhist Temple, US Storage Centers, City Hall Relic (Finial), Jewel-Osco, Franklin Fine Arts Center, Manierre Elementary School, Kapéj Coffee, Target, Apple Store, West Marine, Chase, Steppenwolf Ensemble Theatre, Rabbit, Chicken, Roti Modern Mediterranean, Tiger Mart, Exxon, Stage, The Shed, The Salt Shed - Fairgrounds, Shell, BP, Robert Cavalier de LaSalle, Siblings, Delicato Balencia, Clark St & Armitage Ave, BP Shop"
872664c14ffffff,15,12,"college, artwork, convenience, boat_rental, information, information, picnic_site, viewpoint, information, information, place_of_worship, cafe, school, bicycle, restaurant","American Islamic College, Kwa-Ma-Rolas, 3550 Convenience Store, Chicago Sailboat Charters, Lincoln Park - Grove 15, Montrose Moonrise Observation Point, Temple Sholom, Clock Tower Cafe, Lakeshore Bike, Two Wheel Tacos"
872664c16ffffff,609,92,"place_of_worship, place_of_worship, place_of_worship, place_of_worship, kindergarten, school, dojo, school, place_of_worship, place_of_worship, place_of_worship, school, theatre, bar, bar, clothes, bicycle, fast_food, stationery, hotel, ice_cream, theatre, beauty, restaurant, fast_food, dry_cleaning, restaurant, fast_food, restaurant, supermarket, convenience, hotel, pharmacy, restaurant, community_centre, pub, bar, convenience, bar, restaurant, bar, bar, bar, restaurant, bar, fast_food, bar, bar, fast_food, clothes, restaurant, fast_food, clothes, hairdresser, bar, cafe, bicycle_rental, bicycle_rental, bicycle_rental, bicycle_rental, bicycle_rental, bicycle_rental, bicycle_rental, bicycle_rental, bicycle_rental, bicycle_rental, bicycle_rental, bicycle_rental, bicycle_rental, bicycle_rental, supermarket, bicycle_rental, restaurant, fast_food, restaurant, atm, charging_station, charging_station, restaurant, clothes, bar, restaurant, bar, pastry, bar, alcohol, bar, restaurant, restaurant, bakery, bar, bar, restaurant, fast_food, restaurant, fast_food, fast_food, fast_food, restaurant, bar, restaurant, fast_food, restaurant, bar, restaurant, bar, restaurant, bar, restaurant, theatre, restaurant, bar, alcohol, bar, bar, bar, bar, restaurant, place_of_worship, restaurant, restaurant, restaurant, restaurant, ice_cream, gift, dry_cleaning, bakery, restaurant, beauty, bar, beauty, restaurant, bar, bar, theatre, veterinary, restaurant, restaurant, restaurant, bank, restaurant, fast_food, erotic, department_store, locksmith, restaurant, theatre, pub, clothes, restaurant, fast_food, restaurant, restaurant, cafe, bar, ice_cream, restaurant, restaurant, hairdresser, restaurant, restaurant, restaurant, fast_food, bakery, cafe, bar, bar, restaurant, coffee, restaurant, cafe, cafe, bar, cafe, restaurant, cafe, bar, restaurant, bar, restaurant, restaurant, bar, bar, restaurant, restaurant, fast_food, bar, bar, bar, bar, bar, bar, bar, restaurant, restaurant, bar, bar, bar, bar, bar, bar, restaurant, cafe, restaurant, bar, bar, bar, bar, hairdresser, restaurant, cafe, cafe, bar, bar, restaurant, restaurant, restaurant, cafe, bakery, restaurant, restaurant, bar, bar, bar, artwork, gift, restaurant, restaurant, laundry, doctors, bicycle_rental, ice_cream, bicycle_rental, bicycle_rental, bicycle_rental, bicycle_rental, bicycle_rental, cannabis, cafe, fast_food, restaurant, tobacco, beauty, bank, pet, cafe, nutrition_supplements, pet, fast_food, post_office, pharmacy, clinic, bicycle, hardware, restaurant, fast_food, restaurant, restaurant, restaurant, artwork, cafe, restaurant, florist, restaurant, pet, music, hairdresser, tobacco, alcohol, bar, restaurant, restaurant, fast_food, bakery, fast_food, bakery, clothes, bar, restaurant, dry_cleaning, restaurant, video_games, fast_food, fast_food, bar, pawnbroker, pet, carpet, fast_food, bar, bar, bar, restaurant, tobacco, convenience, fast_food, clothes, confectionery, cafe, fast_food, bank, bank, fast_food, fast_food, clothes, artwork, artwork, fast_food, dentist, restaurant, beauty, restaurant, alcohol, restaurant, bank, kindergarten, dentist, optician, beauty, cafe, clothes, restaurant, beauty, alcohol, hairdresser, hairdresser, training, beauty, window_blind, bed, hairdresser, mobile_phone, massage, stationery, ice_cream, confectionery, clothes, clothes, cafe, cafe, charging_station, beauty, massage, tailor, beauty, florist, hairdresser, post_office, beauty, dry_cleaning, hairdresser, clinic, bar, dry_cleaning, hairdresser, clinic, laundry, beauty, restaurant, bakery, locksmith, restaurant, alcohol, veterinary, bar, restaurant, bar, pet_grooming, beauty, convenience, arts_centre, tobacco, fast_food, storage_rental, restaurant, doityourself, dentist, e-cigarette, community_centre, hairdresser, dentist, alcohol, clothes, tobacco, rental, tattoo, car_repair, e-cigarette, dry_cleaning, e-cigarette, restaurant, chemist, community_centre, animal_boarding, convenience, restaurant, hairdresser, car_repair, pastry, cafe, chemist, fast_food, fast_food, restaurant, restaurant, deli, pastry, restaurant, frame, clothes, restaurant, artwork, fast_food, pharmacy, ticket, ticket, bar, ticket, cafe, ice_cream, second_hand, cafe, cinema, fast_food, artwork, restaurant, supermarket, pastry, artwork, artwork, artwork, artwork, artwork, car_repair, dentist, car_repair, place_of_worship, school, artwork, artwork, artwork, artwork, artwork, artwork, massage, restaurant, cafe, fast_food, dentist, car_repair, alcohol, restaurant, artwork, artwork, artwork, artwork, artwork, artwork, artwork, artwork, artwork, artwork, artwork, artwork, artwork, artwork, artwork, artwork, artwork, artwork, artwork, artwork, fast_food, pharmacy, charging_station, dentist, toys, dentist, veterinary, bar, bakery, fast_food, electrical, cafe, restaurant, alcohol, fast_food, coffee, coffee, bar, bar, coffee, clothes, hospital, school, school, pub, bar, department_store, school, library, place_of_worship, chemist, bar, ice_cream, bank, bank, post_depot, place_of_worship, fast_food, place_of_worship, butcher, clothes, fast_food, convenience, bank, pharmacy, cafe, storage_rental, storage_rental, theatre, convenience, car_wash, community_centre, fast_food, restaurant, place_of_worship, fuel, music_school, post_office, school, supermarket, convenience, veterinary, place_of_worship, place_of_worship, theatre, place_of_worship, car_repair, bar, fire_station, fast_food, place_of_worship, place_of_worship, place_of_worship, games, pub, place_of_worship, paint, place_of_worship, convenience, car_repair, hotel, fast_food, restaurant, restaurant, hostel, supermarket, convenience, clothes, bank, bank, pharmacy, fast_food, restaurant, social_facility, community_centre, clinic, storage_rental, place_of_worship, place_of_worship, fuel, place_of_worship, convenience, fuel, car_wash, social_facility, bank, police, chemist, supermarket, clothes, hotel, place_of_worship, place_of_worship, fuel, social_facility, convenience, cinema, fast_food, clinic, school, college, school, information, artwork, artwork, artwork, artwork, school, bus_station, bus_station, fuel, bicycle_rental, bicycle_rental, clinic, fast_food, supermarket, school","Northside Calvary Baptist Church, New Bethel Independent Christian Church, Faith Tabernacle Church, Rissho Kosei-Kai Church of Chicago, Duke and Duchess Pre-School, Giannini Music Center, Masters Martial Arts Alliance, Midwest Center for the Study of Oriental Medicine, Parish of Reconciliation, Young Seang Korean Church of Chicago, Taehyun Korean Presbyterian Church, Sculptors Guild, Metro, The Ginger Man Tavern, Wild Hare, Strange Cargo, Nearly New Bikes, Potbelly, Beyond the Wall Posters & Frames, City Suites Hotel, Sundae Stop, Comedy Sportz, Mona's Beauty Salon, Giordano's Pizzeria, Chipotle, Fine Cleaners, Drew's on Halsted, Canton Express, Ann Sather, Whole Foods Market, The New York Market, Majestic Inn, Osco Drug, Angelina's Italian Restaurant, Center on Halsted, Rock's, Charlie's Chicago, 7-Eleven, Circuit, Las Mananitas, Hydrate, Roscoe's Tavern & Cafe, Progress Bar Chicago, Savanna Restaurant, Scarlet, El Burrito Mexicano, North End, Bobby Love's, Raising Cane's, Athleta, Noodles & Company, Potbelly, J.Crew, Indira Aveda Salon Spa, Will's Northwoods Inn, Starbucks, Ashland Ave & Belle Plaine Ave, Broadway & Cornelia Ave, Broadway & Sheridan Rd, Halsted St & Roscoe St, Lincoln Ave & Addison St, Lincoln Ave & Belmont Ave, Lincoln Ave & Roscoe St, Pine Grove Ave & Irving Park Rd, Racine Ave & Belmont Ave, Sheridan Rd & Irving Park Rd, Southport Ave & Belmont Ave, Southport Ave & Clark St, Southport Ave & Irving Park Rd, Southport Ave & Waveland Ave, Spencer's Jolly Posh Foods, Ashland Ave & Grace St, Uncommon Ground, The Great American Bagel, Pescadero Seafood & Oyster Bar, PNC Bank, Panino's Pizzeria, Bebe Elegante Children's Wear, Holiday Club, Yak-Zies, Nisei Lounge, Cookies by Design, Big City Tap, 1000 Liquors, Cheesie's Pub & Grub, Jin Asian Cafe, Ukai Sushi, Bittersweet Pastry Shop, Matilda, Redmonds, Ann Sather Restaurant, IDOF, La Perla, Gyro-Mena, Philly's Best, Mixteco Grill, Trader Todd's, Istmo Oaxacan Cuisine, Four Belly Asian Street Food, Royal Indian Grill, L & L Tavern, Matsuya, Dad's Place, Old Crow Smokehouse, Vines on Clark, Michael's Original PIzzeria & Tavern, The Annoyance Theater, El Jardin, Chicago's Blarney Stone, Gold Crown Liquors, The Graystone Tavern, Roundhouse 66, The Sandlot Wrigley, Lucky's Sandwich Co, Bites, The Nigerian Islamic Center of Chicago, Port & Park, Tied House, Coda di Volpe, Grassroots Restaurant, Oberweis, Beatnix, Broadway Cleaners, Esencia, El Mariache Restaurant, XO Studio and Spa, Jacquelines's, Hollywood Nails, Tasty Asian Restaurant, Replay, Lark, Trickery Chicago, Pets First, Milt's Barbecue for the Perplexed, Cozy Noodles N' Rice, PS Bangkok, Countryside Bank, Lowcountry Lakeview, Jimmy John's, Night Dreams, Target, Dexter Lock Services, Krung Thep, The Playground Theater, Corridor Brewery and Provisions, Baseballism, Mordecai, McDonald's, Smoke Daddy BBQ, Big Star, West Town Bakery, Lucky Dorr, Jeni's Splendid Ice Creams, Brickhouse Tavern, Irie Jerk Bar and Grill, Sport Clips, Stretch, Tuco and Blondie, Swift Tavern - Wrigleyville, Aloha Pokē Co, La Boulangerie, 11 Degrees North, A.J. Hudson’s Public House, Bitter Pops, Bodega Sur, Bonus Round Game Cafe, Cafe El Tapatio, Capital One Café, Chicago Diplomat Cafe, Christmas Club, Coffee Tree & Tea Leaves, Crosby’s Kitchen, Do-Rite Donuts & Chicken, Elixir Lounge, Ella Elli, F. O’Mahony’s, Big Gay Sal's Pizza, Fennel & Iris, Figo Wine Bar, Finley Dunnes Tavern, Frasca Pizzeria and Wine Bar, Hot Doug’s Wrigley Field, Shakers On Clark, Sheffield’s Wine & Beer Garden, Sidetrack, Smart Bar, Sluggers World Class Sports Bar, Rizzo’s Bar & Inn, Stretch Bar & Grill, Sochi Saigonese Kitchen, Tango Sur, Ten Cat Tavern, The Annoyance Theatre and Bar, Tinker to Evers, Wrigleyville, The Bar at Hotel Zachary, Toons Bar & Grill, The Butcher’s Tap, The Chicago Diner, Two Hearted Queen, The Flower Flat, The Green Lady, The Long Room, The Pony Inn, Avenue Tap and Kitchen, Salon Lofts West Lakeview, Wood, Elevate Coffee, Life Spring Health Foods & Juice Bar, Joe’s On Broadway, Keenan O’Reilly’s, Kubo Chicago, Machu Picchu Restaurant, Maison Parisienne, Rare Tea Cellar, Rolled Around Bakery - Corporate, Southport Grocery & Cafe, Mia Francesca, The Dugout Bar, Nola Pub, Lange’s Lounge, Wrigley Field Marquee, Cubs Team Store, Happy Camper Wrigleyville, Si-Pie Pizzeria, Coachlight, Walgreens Healthcare Clinic, Lincoln Ave & Waveland Ave, Forever Yogurt, Clark St & Newport Ave, Sheffield Ave & Waveland Ave, Pine Grove Ave & Waveland Ave, Broadway & Waveland Ave, Clark St & Grace St, Sunnyside, Starbucks, Al's Beef, Penny’s Noodle Shop, Smoking Amsterdam, Reflexion Spa, Fifth Third Bank, PetSmart, Starbucks, The Vitamin Shoppe, PetSmart, Dunkin', The UPS Store, Walgreens, Northwestern Medicine Primary and Specialty Care Lakeview, Kozy's Cyclery, True Value Hardware, 5411 Empanadas, Devil Dawg's, Thai Thank You, Pho's Thai Cuisine, Young's Chinese Restaurant, Being There/There Being, Cafe Tola #3, Brown Bag Seafood Co., B Collective, Coalfire, Bentley's Pet Stuff, Groovin High, Inc., Sine Qua Non, Puffs Smoke Shop, Pelly's Liquors, Wrigleyville North, Breakfast House, Tac Quick, Subway, Artemio's Bakery, Shake Shack, Beard Papas, Men's Room, Splash, MK Noodle, Snuggle Cleaners, Churro Parlor, GameStop, Dunkin', Wingstop, Santa Baby Bar, Cash America Pawn, Pet Supplies Plus, Northcenter Rug Cleaners, Windy City Gyros, Wrigley Rooftops, Wrigley Rooftops, Wrigley Rooftops, Raw Bar, Secrets Smoke Shop, 7-Eleven, Chipotle, Lids, Kilwins, Starbucks, Taco Bell Cantina, Chase, Wintrust Bank, Dunkin', Subway, Wrigleyville Sports, Legacy Walk Rainbow Pylon, Eternal Silence, Subway, Modern Smiles, El Mariachi Tequila Bar & Grill, Van-T Nails, Amici - Chicago, Lakeside Food Wine & Spirits, Nano Ramen and Sushi, Chase, Wee Care Preschool, Lee Dental Clinic, MyEyeDr., Halsted Street Beach Tanning Salon, Pancake Cafe, Egoist Underwear, Asian Mix Cafe, Brows Threading, Lakeview Food Wine & Spirits, Charbella Salon, Salon Sen, Get in the Kitchen, Spa Avenue, Regent Window Fashions, Futons-N-More, Sanchez Barber Shop, Verizon, Hand And Stone, Paper Source, Jeni's Splendid Ice Creams, Nuts on Clark, Amigos & Us, Clark Street Sports, Coffee, Hip-Hop & Mental Health, Loba Pastry + Coffee, Volta Charging Station, chicago male, BOON Thai Spa, Hanshaw Custom Tailoring & Alterations, Pinkal's Threading & Waxing Salon, Goldie's Flowers & Gifts, Boho Blonde Chicago, The UPS Store, Glamour Nail Salon, Fabricare on Broadway, Holy Fade!, Vesper, Good Times Brewery, Platinum Dry Cleaners, ISA Hair Studio, Learning Through Play Center for Child Development, Ritz Cleaners, Ether Facial Waxing, La Biznaga Mexican Restaurant, Wake-N-Bakery, Secure Locks Locksmith, Kim’s Korean Cuisine, Sheridan Liquor & Lounge, Wrigglyville Veterinary, Big Mini Putt Club, Amore Sushi House, Buzzed by Zea, Paradise Pet Salon, RK Salon, Ricky’s Food Mart, Shine Bright In Life! Healing Arts Center, Wrigley Smoke & Style, DosBros Fresh Mexican Grill, Self-Storage 1, PR Italian Bistro, Lakeview Ace Hardware, First Dental Center, Roots, Rec Room, Cesar Luna Hair Salon, Elite Dental, GNS Market, Ismat Enterprises, 7 Heaven Smoke Shop, U-Haul, Royal Flesh, Hawk Motors, Uptown Smoke Zone, New S.O.S Cleaners, American Vapor Shop, Diva, Walgreens, Third Space, Camp Wiggles, Fresh Stop, Rice N' Bread, W Hair Room, I & C Auto Repair, Insomnia Cookies, Taipei Cafe, Community Pharmacy, Taco Bell, The Slice Shop, Bolivar & Lincoln Venezuelan Cafe, Doña Tola, Steingold's, Broune Desserts, Sushi Mura, Framebridge, Free People, El Palmar, Lake View, Culver's, Walgreens, Wrigley Field Tickets, Wrigley Field VIP Check-In, DraftKings Sportsbook at Wrigley Field, Wrigley Field Tickets, Starbucks, Baskin-Robbins, The Brown Elephant – Northalsted, Osmium Coffee, Alamo Drafthouse Cinema, Small Cheval, Seoul Taco, Trader Joe's, Crumbl Cookies, Ernie Banks ""Mr Cub"", ""Sweet Swinging"" Billy Williams, Ron Santo, Ryne Sandberg ""Ryno"", Ashland Tire & Auto Clinic, Get It Straight Orthodontics, Tiger's Body Shop, Grace Chicago Church, Prairieland Montessori, Green (North Wall), Yellow (South Wall), Pink Spa, D'Agostino's Pizza and Pub Wrigleyville, Starbucks, Traspasada Restaurant, Smiles On Ashland, Reliable Auto Repair Center, Garfield's Beverage, Birdman Ramen, Josephine Baker & James Baldwin, Oscar Wilde & Audre Lorde, Silvia Rivera & Marsha P. Johnson, Leonard Bernstein & Antonia Pantoja, Lorraine Hansberry & Two Spirit People, David Kato & Jane Addams, Marraige Equality & Friar Mychal Judge, Alvin Ailey & Frida Kahlo, Dr. Alan Hart & Glenn Burke, Barbara Jordan & Jose Sarria, Daniel Sotomayor & Stonewall Riot, Frank Kameny & Leonard Matlovich, Matthew Shepard & Pauli Murray, Billy Strayhorn & Vito Russo, Margaret Chung & Keith Haring, Reinaldo Arenas & Alan Turing, Cole Porter & Pyotr Ilyich Tchaikovsky, Bayard Rustin & Sally Ride, Freddie Mercury & Sylvester, The Pink Triangle & The Harlem Renaissance, Sweetgreen, Walgreens, EVgo, In Smyle, Building Blocks, Regen Smile Studio, North Center Animal Hospital, Cell Block, Bakehouse Chicago, Jersey Mike's Subs, Paramount Electrical Supplies, Ancient Grounds, Little Goat Diner, Chicago Bagel Authority, Pedestrian Coffee, The Bakehouse Chicago, Fathom, Konbini & Kanpai, Libra Coffee Lounge, Lululemon, Thorek Memorial Hospital, Blaine Elementary School, Hawthorne Scholastic Academy, Murphy's Bleachers, Bernie's Tavern, Target, Hamilton Elementary School, Lincoln Belmont Branch Library, Saint Luke Evangelical Lutheran Church, Walgreens, Schubas Tavern, Scooter's Frozen Custard, Bank of America, Chase, Graceland Carrier Annex, Zen Buddhist Temple, Dunkin', Cornelia Avenue Baptist Church, Paulina Meat Market, Anthropologie, Burrito House, Shell, Fifth Third Bank, CVS Pharmacy, Cafe Tola #1, The Lock Up, The Lock Up, Grassroots/Mercury Theatre, BP Shop, Mobil, Rizal Center, Popeyes, Diner Grill, Cuyler Covenant Church, BP, The CheckOut, Lakeview Post Office, Lake View High School, Jewel-Osco, 7-Eleven, Belmont Animal Hospital, Pillar of Fire Church, Church of the Valley, The Vic, Anshe Emet Synagogue, Auto Repair, Cubby Bear, Chicago Fire Department Engine Company 78, Byron's Hot Dogs, Masjid-e-Abubakr, Holy Trinity Lutheran Church, Missio Dei Chicago, Lily Pad Mahjong Parlor, Sheffield's, Resurrection Lutheran Church, Sherwin-Williams, Broadway United Methodist Church, 7-Eleven, Gerber Collision & Glass, Best Western Plus Hawthorne Terrace, Einstein Bros. Bagels, Zam Zam, Dimo's, Wrigley Hostel, Jewel-Osco, Circle K, Sports World, BMO, Byline Bank, Walgreens, Wrigleyville Dogs, IHOP, Nourishing Hope, Broadway Youth Center, Howard Brown Health Sheridan, Public Storage, Christ Church of Chicago, Shell, North Side Baptist Church, TRIO, BP, Trio Car Wash, Eden Assisted Living, PNC Bank, Chicago Police Department 19th District, Walgreens, Whole Foods Market, Gap, Hotel Zachary, Lake View Presbyterian Church, Saint Andrew Roman Catholic Church, Shell, Artis Senior Living of Lakeview, Mobil Mart, Music Box Theatre, Chick-fil-A, Broadway Youth Center, Inter-American Magnet School, The Salvation Army College for Officer Training, Bernard Zell Anshe Emet Day School, Gallagher, Harry Caray, Billy Williams, Ron Santo, Ernie Banks, Greeley Elementary School, Halsted & Waveland/Broadway Terminal, Belmont & Halsted Terminal, Mobil, Southport Ave & Roscoe St, Wilton Ave & Belmont Ave, Howard Brown Health - Halsted, Dairy Queen, Alta Vista Foods, Saint Andrew School"
872664c18ffffff,76,21,"restaurant, social_centre, supermarket, picnic_site, pub, artwork, restaurant, artwork, ferry_terminal, bicycle_rental, artwork, artwork, artwork, artwork, restaurant, coffee, cafe, restaurant, ticket, picnic_site, picnic_site, picnic_site, picnic_site, picnic_site, ferry_terminal, ferry_terminal, information, artwork, artwork, picnic_site, picnic_site, ferry_terminal, ferry_terminal, dentist, artwork, artwork, fast_food, boat_rental, ferry_terminal, ferry_terminal, ferry_terminal, ferry_terminal, ferry_terminal, bicycle, fast_food, ticket, artwork, artwork, artwork, artwork, police, attraction, theatre, ice_cream, attraction, theatre, police, artwork, artwork, artwork, artwork, bicycle, artwork, attraction, picnic_site, picnic_site, picnic_site, fast_food, theatre, cafe, theatre, ticket, artwork, taxi, bicycle_rental, bicycle_rental","Bubba Gump Shrimp Company, Columbia Yacht Club, Mariano's Fresh Market, Harry Caray's Tavern, Eggy's, Reading Cones, Navy Pier (Lake Route), Columbus Dr & Randolph St, Brown Bag Seafood, Cafe Michelle, Drunken Bean, MingHin Cuisine, Shoreline Sightseeing, Shoreline I, Shoreline II, Magma, Anita Dee II, Anita Dee I, Chicago Dental Boutique, In Celebration of the 200th Anniversary of the Founding of the Republic, Subway, Urban Kyaks, Buckingham Fountain, Monroe Harbor Tender Service, Monroe Harbor Tender Service, Monroe Harbor Tender Service, Shoreline Sightseeing, 3rd Coast Cycles, Shoreline Water Taxi, Illinois Conservation Police, Jay Pritzker Pavilion, Bobtail Ice Cream & Coffee, Columbia Yacht Club, James C. Petrillo Music Shell, Chicago Marine Safety Station, Dove Girl, Turtle Boy, Fisher Boy, Crane Girl, McDonald's Cycle Center, Chicago Stock Exchange Arch, City Mini Golf, Picnic Grove B, Picnic Grove C, Queen's Landing Concession, Polk Bros Park City Stage, Fountain Cafe, City Mini Golf, Captain on the Helm, Lake Shore Dr & Monroe St, DuSable Harbor"
872664c1affffff,1275,123,"ferry_terminal, fast_food, fast_food, pharmacy, stationery, fast_food, books, restaurant, fast_food, university, place_of_worship, school, music_school, pharmacy, restaurant, restaurant, courthouse, fast_food, cafe, dry_cleaning, fast_food, gift, artwork, clothes, clothes, clothes, department_store, fast_food, fast_food, hotel, pub, convenience, copyshop, money_lender, electronics, fast_food, copyshop, fast_food, fast_food, atm, convenience, artwork, bank, bank, fast_food, bank, university, cafe, artwork, atm, artwork, fast_food, bank, artwork, convenience, school, clinic, supermarket, bar, restaurant, atm, fast_food, fast_food, information, fast_food, restaurant, fast_food, research_institute, fast_food, restaurant, restaurant, restaurant, library, restaurant, fast_food, cafe, attraction, bank, cafe, department_store, books, cafe, fast_food, fast_food, ice_cream, restaurant, cafe, fast_food, supermarket, restaurant, chemist, bicycle_rental, bicycle_rental, bicycle_rental, bicycle_rental, bicycle_rental, bicycle_rental, bicycle_rental, bicycle_rental, bicycle_rental, bicycle_rental, fast_food, restaurant, restaurant, fast_food, atm, hairdresser, pet, convenience, optician, shoes, fast_food, pet, restaurant, bank, bank, restaurant, bank, bicycle_rental, restaurant, restaurant, convenience, bicycle_rental, bicycle_rental, bicycle_rental, bicycle_rental, bicycle_rental, bicycle_rental, bicycle_rental, fast_food, fast_food, restaurant, cafe, cafe, bar, restaurant, restaurant, fast_food, arts_centre, variety_store, clothes, fast_food, restaurant, collector, fast_food, fast_food, bar, fast_food, convenience, bakery, fast_food, cafe, restaurant, bank, optician, college, clothes, department_store, jewelry, jewelry, jewelry, jewelry, bank, fast_food, jewelry, pub, jewelry, jewelry, fast_food, music, fast_food, restaurant, clothes, cosmetics, bakery, restaurant, cafe, atm, fast_food, restaurant, jewelry, pastry, fast_food, newsagent, atm, fast_food, bank, bank, fast_food, fast_food, fast_food, bank, convenience, museum, cafe, bar, information, restaurant, restaurant, artwork, artwork, artwork, artwork, artwork, artwork, bicycle, museum, restaurant, clothes, restaurant, fast_food, restaurant, bar, restaurant, beauty, bank, bank, bank, fast_food, fast_food, convenience, restaurant, mobile_phone, mobile_phone, cafe, chemist, pharmacy, fast_food, post_office, cafe, mobile_phone, mobile_phone, bar, jewelry, restaurant, bank, bank, pub, car_rental, fast_food, information, cafe, cafe, hotel, bicycle_rental, restaurant, restaurant, cafe, nightclub, restaurant, restaurant, fast_food, restaurant, gift, attraction, chemist, restaurant, fast_food, bicycle_rental, restaurant, cafe, restaurant, fast_food, restaurant, bicycle_rental, cinema, restaurant, fast_food, marketplace, fast_food, restaurant, bar, fast_food, fast_food, fast_food, artwork, restaurant, cafe, restaurant, convenience, convenience, attraction, convenience, books, cafe, restaurant, restaurant, bar, fast_food, cafe, bar, bar, restaurant, restaurant, restaurant, restaurant, restaurant, restaurant, restaurant, restaurant, restaurant, hotel, fast_food, restaurant, cafe, atm, hearing_aids, financial, bicycle_rental, bicycle_rental, bar, restaurant, bar, jewelry, watches, restaurant, atm, restaurant, cafe, confectionery, beauty, restaurant, bar, cafe, alcohol, cafe, clothes, restaurant, restaurant, cafe, restaurant, tobacco, restaurant, restaurant, post_office, restaurant, fast_food, bar, pub, restaurant, bar, restaurant, bakery, restaurant, bakery, restaurant, coffee, fast_food, restaurant, bar, restaurant, restaurant, restaurant, bar, fast_food, cafe, cafe, cafe, cafe, cafe, bar, doctors, cafe, restaurant, bar, bakery, restaurant, cafe, restaurant, theatre, restaurant, bar, restaurant, cafe, bakery, restaurant, restaurant, bar, restaurant, restaurant, fast_food, cafe, bakery, bar, bar, cafe, copyshop, bicycle_rental, restaurant, restaurant, restaurant, bar, bar, restaurant, restaurant, bar, fast_food, bar, restaurant, bar, cafe, bar, bakery, cafe, restaurant, bakery, cafe, restaurant, pet_grooming, bar, bar, cafe, clothes, mobile_phone, fabric, nutrition_supplements, hairdresser, tailor, hairdresser, courthouse, restaurant, artwork, artwork, charging_station, convenience, restaurant, restaurant, restaurant, restaurant, fast_food, fast_food, cafe, fast_food, shoes, cafe, copyshop, bicycle_rental, bicycle_rental, bicycle_rental, pharmacy, cafe, food_court, bicycle_rental, bicycle_rental, cafe, fast_food, artwork, bank, books, artwork, artwork, artwork, fast_food, police, artwork, place_of_worship, restaurant, camera, convenience, restaurant, cafe, fast_food, ice_cream, fast_food, fast_food, pharmacy, fast_food, sports, fast_food, bank, restaurant, fast_food, cafe, fast_food, restaurant, department_store, department_store, fast_food, ice_cream, bank, stationery, fast_food, bed, fast_food, convenience, artwork, clothes, fast_food, newsagent, newsagent, cafe, fast_food, confectionery, fast_food, fast_food, fast_food, atm, ticket, ticket, information, car_rental, candles, fast_food, fast_food, fast_food, ice_cream, restaurant, artwork, artwork, artwork, artwork, artwork, artwork, artwork, artwork, artwork, artwork, artwork, artwork, artwork, artwork, artwork, artwork, artwork, artwork, artwork, artwork, artwork, artwork, artwork, artwork, artwork, artwork, artwork, artwork, artwork, artwork, artwork, artwork, artwork, artwork, artwork, artwork, artwork, artwork, restaurant, artwork, artwork, artwork, artwork, artwork, artwork, artwork, artwork, art, pet, dentist, museum, post_office, hotel, hotel, hostel, hotel, clinic, hotel, restaurant, restaurant, bank, fast_food, fast_food, fast_food, restaurant, fast_food, restaurant, restaurant, fast_food, fast_food, fast_food, fast_food, restaurant, fast_food, bank, car, clinic, post_office, convenience, cannabis, atm, fast_food, bank, artwork, shoes, shoes, clothes, gift, pastry, fast_food, restaurant, craft, charging_station, charging_station, clothes, veterinary, tailor, restaurant, tailor, mobile_phone, hairdresser_supply, restaurant, atm, tobacco, fast_food, cafe, fast_food, fast_food, fast_food, cafe, library, food_court, cafe, fabric, beauty, convenience, fast_food, charging_station, charging_station, restaurant, fast_food, restaurant, hotel, hotel, alcohol, telecommunication, restaurant, restaurant, fast_food, fast_food, clothes, wine, veterinary, pub, bank, police, clinic, cafe, bicycle_rental, beauty, restaurant, bank, bank, fast_food, restaurant, optician, clothes, atm, fast_food, bank, information, convenience, bank, restaurant, cafe, optician, post_office, fast_food, bar, bank, jewelry, fast_food, restaurant, cafe, restaurant, events_venue, deli, events_venue, events_venue, attraction, artwork, restaurant, fast_food, restaurant, restaurant, restaurant, bank, food_court, cafe, museum, restaurant, pharmacy, information, newsagent, newsagent, newsagent, fast_food, gallery, bank, museum, video_games, restaurant, convenience, bank, restaurant, information, fast_food, pub, restaurant, restaurant, fast_food, childcare, beauty, tattoo, veterinary, restaurant, fast_food, cafe, restaurant, beauty, fast_food, gift, post_office, convenience, cafe, childcare, hairdresser, fast_food, deli, beauty, restaurant, restaurant, restaurant, restaurant, fast_food, bank, cafe, restaurant, cafe, cannabis, cafe, dry_cleaning, hairdresser, fast_food, fast_food, fast_food, clothes, gallery, restaurant, massage, convenience, dentist, craft, optician, fast_food, restaurant, restaurant, confectionery, cafe, computer, fast_food, bank, artwork, fast_food, clinic, charging_station, dentist, convenience, dry_cleaning, dentist, restaurant, restaurant, restaurant, clinic, cafe, cafe, beauty, hotel, restaurant, pawnbroker, artwork, artwork, artwork, artwork, artwork, artwork, artwork, artwork, hairdresser, restaurant, restaurant, dry_cleaning, beauty, cafe, artwork, ferry_terminal, fast_food, restaurant, jewelry, artwork, fast_food, childcare, childcare, childcare, veterinary, hotel, stationery, massage, artwork, bakery, restaurant, restaurant, restaurant, bicycle_rental, doctors, artwork, artwork, artwork, restaurant, post_office, cafe, restaurant, cosmetics, bank, variety_store, beauty, beauty, artwork, information, community_centre, convenience, kindergarten, fast_food, fast_food, supermarket, convenience, locksmith, dry_cleaning, bank, fast_food, beauty, dry_cleaning, beauty, clinic, restaurant, hairdresser, artwork, information, cafe, optician, fast_food, information, convenience, variety_store, mobile_phone, nutrition_supplements, restaurant, cafe, bar, ice_cream, cafe, jewelry, cafe, dentist, hairdresser, dry_cleaning, restaurant, fast_food, fast_food, fast_food, hairdresser, tailor, hotel, cannabis, antiques, cosmetics, atm, fast_food, restaurant, childcare, restaurant, bar, gift, fast_food, massage, dentist, chemist, pet_grooming, beauty, hairdresser, clothes, restaurant, pharmacy, artwork, bank, mobile_phone, beauty, massage, nutrition_supplements, restaurant, restaurant, repair, artwork, artwork, paint, clinic, beauty, restaurant, restaurant, florist, fast_food, hairdresser, beauty, dentist, fast_food, massage, information, information, fast_food, restaurant, fast_food, post_office, storage_rental, restaurant, fast_food, pastry, restaurant, childcare, artwork, restaurant, bar, artwork, bank, coffee, cafe, museum, clinic, atm, cafe, post_office, restaurant, courthouse, information, information, clinic, restaurant, bicycle_rental, restaurant, restaurant, fast_food, bicycle_rental, restaurant, restaurant, bank, fast_food, jewelry, watches, cafe, restaurant, artwork, atm, clinic, bicycle_rental, cafe, massage, fast_food, clothes, convenience, restaurant, fast_food, restaurant, fast_food, restaurant, restaurant, fast_food, restaurant, fast_food, bakery, restaurant, fast_food, deli, pet, fast_food, cafe, restaurant, restaurant, restaurant, bar, restaurant, kindergarten, post_office, restaurant, hairdresser, restaurant, fast_food, restaurant, cafe, restaurant, convenience, restaurant, clothes, restaurant, fast_food, cafe, restaurant, bank, bank, cafe, fast_food, bakery, restaurant, cafe, dentist, restaurant, fast_food, fast_food, fast_food, bakery, cafe, restaurant, fast_food, restaurant, fast_food, furniture, veterinary, university, clothes, candles, artwork, bicycle_rental, restaurant, museum, bank, atm, restaurant, cafe, fast_food, pastry, fast_food, fast_food, restaurant, restaurant, information, convenience, museum, artwork, college, university, university, gallery, college, hotel, library, bus_station, hotel, hotel, courthouse, hotel, prison, post_office, restaurant, hotel, fire_station, hotel, storage_rental, townhall, department_store, post_depot, theatre, hotel, artwork, mall, hotel, artwork, place_of_worship, place_of_worship, place_of_worship, place_of_worship, theatre, artwork, artwork, artwork, hotel, hotel, hostel, storage_rental, convenience, hotel, hotel, place_of_worship, events_venue, hotel, supermarket, theatre, hotel, pub, hotel, jewelry, restaurant, hotel, hotel, hotel, clothes, place_of_worship, hotel, hotel, restaurant, place_of_worship, alcohol, fuel, events_venue, museum, bank, chemist, bank, hotel, chemist, restaurant, nightclub, power_tools, post_depot, hotel, hotel, bank, theatre, fire_station, restaurant, department_store, courthouse, school, convenience, fuel, car_repair, fire_station, mall, fire_station, supermarket, restaurant, museum, storage_rental, conference_centre, fabric, restaurant, doityourself, stripclub, supermarket, restaurant, restaurant, police, bank, car_wash, theatre, hotel, artwork, artwork, artwork, artwork, supermarket, mall, marketplace, fast_food, police, newsagent, bank, fast_food, studio, hotel, artwork, artwork, gallery, theatre, theatre, library, attraction, theatre, artwork, events_venue, school, art, convenience, fuel, school, restaurant, university, fuel, university, university, fast_food, department_store, hotel, theatre, theatre, hotel, bicycle_rental, artwork, artwork, street_vendor, street_vendor, bicycle_rental, artwork, food_court, bicycle_rental, taxi, taxi, food_court, taxi, university, bicycle_rental, bicycle_rental, bicycle_rental, bicycle_rental, cafe, bicycle_rental, taxi, bicycle_rental, artwork, artwork, taxi, taxi, bicycle_rental, storage_rental, charging_station, taxi, bicycle_rental, artwork, artwork, bicycle_rental, theatre, bicycle_rental, bicycle_rental, artwork, taxi, bicycle_rental, bicycle_rental, taxi, taxi, hotel, bicycle_rental, bus_station, fast_food, bicycle_rental, gallery, gallery, gallery, gallery, gallery, art, fast_food, bus_station, cafe, jewelry, clothes, clothes, clothes, museum, restaurant, hairdresser, cinema, clothes, supermarket, restaurant, shoes, clothes, artwork, artwork, artwork, mall, cafe, food_court, pub, beauty, hairdresser, ticket, chemist, alcohol, bicycle_rental, bicycle_rental, fast_food","Union Station/Willis Tower, Subway, Jollibee, CVS Pharmacy, Staples, McDonald's, Barnes & Noble, Pizano's Pizza & Pasta, Jimmy John's, Chicago-Kent College of Law, Grace Episcopal Church, National College of Education Urban Campus, Opera School of Chicago, Walgreens, Eleven City Diner, The Berghoff Restaurant, Cook County Courthouse, Garrett Popcorn Shops, Corner Bakery, Plymouth Court Cleaners, Jimmy John's, The Boeing Store, Flamingo, Men's Wearhouse, JD Sports, Nordstrom Rack, Burlington, Potbelly, Jimmy John's, Club Quarters Central Loop Hotel, Elephant & Castle - Chicago Adams St, South Loop Market, FedEx Office, PLS, Best Buy, Domino's, FedEx Office, Jimmy John's, Subway, Chase, 7-Eleven, Batcolumn, Chase, Chase, Chipotle, Fifth Third Bank, IIT Stuart School of Business, Corner Bakery, Gráinne, Chase, Lilies, McDonald's, Bank of America, Interconnected, 7-Eleven, South Loop Montessori School, Family Planning Associates, Whole Foods Market, Kasey's Tavern, Pazzo's, Subway, Dunkin', Historical Route 66 Starting Place, Dunkin', Giordano's Pizzeria, Jimmy John's, Electronic Visualization Laboratory, Potbelly, Terzo Piano, Greek Islands, Taza, Columbia College Chicago Library, Miller’s Pub, Potbelly, Starbucks, SkyDeck Chicago Willis Tower, Morningstar Inc., Starbucks, Target, Graham Crackers Comics, Molly’s Cupcakes, Five Guys, Dunkin', Baskin-Robbins, Lou Malnati's Pizzeria, Sweet Bean, Subway, Trader Joe's, Yolk - South Loop, Walgreens, Canal St & Adams St, Clark St & Randolph St, Clinton St & Madison St, Clinton St & Roosevelt Rd, Clinton St & Tilden St, Dearborn St & Monroe St, Daley Center Plaza, Jefferson St & Monroe St, Clark St & Ida B Wells Dr, Wabash Ave & Roosevelt Rd, McDonald's, Cafe 333, Goodwin's, Potbelly, Chase, Hair Cuttery, Kriser's, 7-Eleven, Visionworks, DSW, Panera Bread, PetSmart, Noodles & Company, First American Bank, Citibank, Grill Room, PNC Bank, LaSalle St & Washington St, Eppy's Deli, Naansense, 7-Eleven, Canal St & Harrison St, Halsted St & Polk St, Michigan Ave & Jackson Blvd, Peoria St & Jackson Blvd, Michigan Ave & Madison St, Wells St & Polk St, 900 W Harrison St, Potbelly, Chipotle, Noodles & Company, Starbucks, Starbucks, South Branch, Monroe Reserve, Freshii, Jimmy's Gyros & Grill, Bert Green Fine Art, Five Below, Uniqlo, Raising Cane's, Petterino's, Harlan J. Berk, Ltd., Potbelly, Panda Express, Chicago News Room, Taco Burrito King, 7-Eleven, Sugar Bliss Cake Boutique, Subway, Pittsfield Cafe, Oasis Cafe, U.S. Bank, America's Best Contacts & Eyeglasses, Cortiva Institute, Ann Taylor, TJ Maxx, New York Jewelers, Prudential Jewelers, Chicago Landmark Diamond Center, Windy City Diamonds, Huntington Bank, Dunkin', Fiancee Jewelry, The Row Tavern, Mon Ami Jewelers, Luo M. Jewelers, Panda Express, Reckless Records, Chipotle, Atwood, Anthropologie, Sephora, Magnolia Bakery, Chicago Curry House, Starbucks, Bank of America, Jimmy John's, Yolk, Arts & Artisians, Mrs. Fields, Jamba, Hudson News, McDonald's, BMO, Chase, Dunkin', Potbelly, Qdoba, Fifth Third Bank, 7-Eleven, Money Museum, Peet's Coffee, First Draft, Chicago Visitors Information Center, Señoritas Cantina, Protein Bar, Aaron Ward Montgomery Bust, Sir Georg Solti Bust, Flying Dragon, Large Interior Form, Cow, Alchemy—Birds and Stone, Golas & Sons Bike Shop, The Museum of Contemporary Photography, The Park Grill, Zara, Naf Naf Grill, Shake Shack, Burger Bar Chicago - South Loop, Randolph Tavern, Ajida, The Skin Bar at Ulta Beauty, Bank of America, Citibank, Bank of America, Einstein Bros. Bagels, Cousins Subs, 7-Eleven, The Dearborn, AT&T, T-Mobile, Starbucks, Walgreens, CVS Pharmacy, Chipotle, The UPS Store, Starbucks, Verizon, T-Mobile, Lobby Bar at Palmer House, Reuven Gitter Jewelers, Cafecito, Fifth Third Bank, Chase, Cardozo's Pub, Hertz, Mr. Submarine, Begin Historic Route 66, Starbucks, Cafecito, The Buckingham Hotel, Wacker Dr & Washington St, Acanto, The Gage, Goddess and the Baker, Jazz Showcase, Rosetta Italian, Sepia, Chipotle, Brightwok Kitchen, Bye Bye Chicago, Weather Bell, Walgreens, Remington’s, Luke's Italian Beef, Michigan Ave & 8th St, Ryo Sushi, Ground Up, Honeyberry Cafe, Protein Bar, Mediterranean Kitchen, Buckingham Fountain, AMC Dine-In Block 37, avec, Così, Christkindlmarket, Jimmy John's, One North Kitchen, Rittergut Wine Bar, Roti, Potbelly, Jimmy John's, Meli, Corner Bakery, Half Sour, Astoria Marketplace, Burnham Mart, Begin Route 66, 7-Eleven, Sandmeyer's, Artopolis, 9 Muses Bar & Grill, Meli Cafe, Spectrum Bar and Grill, Aloha Pokē Co, Vanille Patisserie, CH Distillery, Bar Allegro, Luke's Lobster City Hall, IDOF - I Dream of Falafel, Blaze Pizza, Beggars Pizza, Cochon Volant Brasserie, Gibsons Italia, Proxi, Slightly Toasted, Taco Madre, Hampton Inn Chicago West Loop Fulton Market Area, Five Guys, Naf Naf Grill, Starbucks, Athena Bitcon ATM, Sonik Hearing Care Services, Midwest Diamond Buyers Chicago IL, Delano Ct & Roosevelt Rd, Clark St & 9th St (AMLI), Porter Kitchen & Deck, Beatnik On The River, Good Funk, LaRon Jewelers, Jewels of Chicago, Omakase Yume, Chiya Chai, Corner Bakery, Kilwins, Paradise Unisex Spa, Tamashii Ramen, Persona, LaSalle Cafe Luna, Warehouse Liquors, Harry's Sandwch Shop, Optimo, Beatrix Market, Market Creations, Left Coast, Lotus Bahn Mi, Iwan Ries, Alla Vita, Philly‘s Best, The UPS Store, Primos Chicago Pizza, Mr Greek Gyros, Dugan's, 2Twenty2 Tavern, 312 Chicago, 720 South Bar & Grill, Ara On, Art Institute’s Gardens, Arturo Express, Avanti Caffé, BienMeSabe Venezuelan Arepa Bar, Big Shoulders Coffee, Boar's Head, Boxcar Betty’s, Brando’s Speakeasy, Cafe Moderno, Blackwood BBQ, Boleo, Chicago Union Station Metropolitan Lounge, Cinnabon, Corner Bakery, Mojo Coffee, Do-Rite Donuts & Coffee, Dollop Coffee Co., Doughnut Vault - Canal St., Drawing Room, Linda Marino PhD, Fairgrounds Coffee and Tea, Flat Top Grill, Game Room, Gayle V’s Best Ever Grilled Cheese, El Greco's Burritos, Herb N’ Kitchen, Himalayan Restaurant, Studebaker Theater, Nic’s Organic Fast Food, Infield’s, Xi'an Cuisine, Intelligentsia Coffee, International Sandwich Shop, Poke Poké, Sofi Restaurant, Roanoke Restaurant, Rivers, Roanoke Restaurant, Roti Modern Mediterranean, Peet's Coffee, Steffens Cafe & Bakery, Stock and Ledger Kitchen & Spirits, Stocks and Blondes, Swadesi Cafe, FedEx Office, Canal St & Jackson Blvd, Taste222, Umai, The Fat Shallot, The Junction, The Living Room Bar W Chicago City Center, The Marq, Kai Sushi, Kitty O’Shea’s, Pret A Manger, Little Toasted, Lowcountry South Loop, Madison Tavern, Market By The Blackstone, Sky-Ride Tap, Sugar Bliss Patisserie, Dark Matter Coffee - Meddle, Mercat a la Planxa, Mindy’s Hot Chocolate Bakery, Mojo Coffee, Niu B, Mau's House, O’Neil’s on Wells, MacGuffins Bar & Lounge, Lavazza, Sid's Clothing & Hat Store, T-Mobile, New Rainbow Fabrics, The Vitamin Shoppe, Patrick Knows Hair, Fox Brothers Tailors, Sola Salon Studios, Illinois Appellate Court 1st District, Steadfast at the Gray, Ceres, San Marco II, Tesla Supercharger, Totto's Market, Danke, Frontera Fresco, Fontano's Pizza and Subs, Antique Taco Chiquito, Farmer's Fridge, Potbelly, Big Shoulders Coffee, Jimmy John's, Journeys, Peet's Coffee, FedEx Office, Desplaines St & Jackson Blvd, Clinton St & Polk St, Canal St & Taylor St, CVS Pharmacy, Starbucks, Rustle & Roux, Financial Pl & Ida B Wells Dr, Federal St & Polk St, Starbucks, Potbelly, Black Tiberinus, First Northern Credit Union, The Dial Boomshop, Cubi VII, Relish Chicago Hot Dogs, Metra Police Department, Magdalene, The Loop Church of the Nazarene, Giordano's Pizzeria, Central Camera, Wells Pantry, Rye Deli, Goddess and the Baker, Dunkin', Baskin-Robbins, Subway, Potbelly, CVS Pharmacy, Dunkin', Champs Sports, Panda Express, Chase, Art of Pizza, Wingstop, Hanabusa, Panda Express, Jason's Deli, Burlington, Marshalls, Dunkin', Baskin-Robbins, Chase, Staples, Wingstop, Mattress Firm, Dunkin', 7-Eleven, Hector Guimard Metro entrance, Lids, Jersey Mike's Subs, News Now, News Now, Starbucks, Robinson's, Nuts on Clark, Jamba, Dunkin', Chick-fil-A, Metra Ticket Passenger Sevice, Amtrak Tickets Passenger Services, Car Rentals, Athenian Candle Company, Dunkin', Dunkin', Dunkin', Baskin-Robbins, Cindy’s, Hot Woks Cool Sushi, Buddy, Petco, Aspen Dental, Museum of Illusions, Cardiss Collins Post Office, Homewood Suites West Loop Fulton Market Area, Canopy by Hilton, Chicago Parthenon Hostel, Homewood Suites by Hilton - Chicago Downtown South Loop, Physicians Immediate Care, Hilton Garden Inn Chicago Downtown South Loop, Amarit, Exchequer Restaurant & Pub, Old Second National Bank, Auntie Anne's, Qdoba, Panda Express, BIBIBOP Asian Grill, Just Salad, Beatrix Market, Maharaj Indian Grill, Taco Bell, Popeyes, Halsted Street Deli, Shake Shack, Brown Bag Seafood, Do-Rite Donuts, Byline Bank, Porsche, Northwestern Medicine Immediate Care South Loop, DHL, Go Grocer, Zen Leaf, Benj Yehuda, BMO, Foot Locker, Kids Foot Locker, Zumiez, State Street Souvenirs, Smallcakes, Dunkin', 65 Express, Blick Art Materials, Chicago Uniform Company, Banfield Pet Hospital, Frank’s Alterations, Eppel’s Restaurant;Eppel‘s Restaurant, Ike’s Tailor Shop, AT&T, Beauty One, Mimi’s Tacos & French Fries, Mythical Smokes, Rosati's, Starbucks, Panda Express, Chick-fil-A, Dunkin', Starbucks, John M. Flaxman Library, Washington Hall, Starbucks, Fabric, Nail Studio, Circle K, Dunkin', ChargePoint, ChargePoint, Zeus Restaurant, Arby's, Naf Naf Grill, The LaSalle Chicago, JW Marriott Chicago, Hops & Scotch, Xfinity, CityBird Tenders, Lotus Banh Mi, Dunkin', Taco Bell Cantina, Nordstrom Rack, Printers Row Wine Shop, Partners Animal Hopsital, Adam Street Brewery, Bank of America, U.S. Postal Inspection Service, Fresenius Kidney Care, Corner Bakery, L.A. Tan, FARE, U.S. Bank, PNC Bank, Jersey Mike's Subs, Seedo’s, Visionary, Dei Giovani, Chipotle, Fifth Third Bank, 7-Eleven, State Bank of India, Protein Bar & Kitchen, Starbucks, Eyelines Inc, FedEx Office, Burrito Beach, Adamus Lounge, Bank of America, Diamonds on Wabash, Dunkin', Francois Frankie, Starbucks, Silk Road of Chicago, Convene, Boar's Head, Skydeck 99, Convene, The Ledge, In the Heart of this Infinite Particle of Galactic Dust, Sushi-san, Sweetgreen, Tortazo, Brownbag, Market Creations, Fifth Third Bank, Urbanspace, Joe & The Juice, Color Factory, Kindling, Walgreens, Chick-fil-A, Iarca, Citibank, Pritzker Military Museum & Library, GameStop, Blackwood BBQ, 7-Eleven, Wintrust, Kong Dog, Chipotle, Frainklin Tap, Copper Club, Jet's Pizza, Chipotle, A Child’s Space, Lillian Dion, Code of Conduct, Burnham Park Animal Hospital, Blaze Pizza, Epic Burger, Gong Cha, Industry Ales, J’s Blossom Nail Spa, Devil Dawgs, Kpop Nara, The UPS Store, River City Market, Espresso and Milk, Blocks Child Care Center, State Street Barbers, Potbelly, Halsted Street Deli, 7 Am, Saucy Porka, Bereket, Bar Mar, Bazaar Meat, Market Creations, Bank of America, Dollop, Taureaux, Stan's Donuts & Coffee, Grasshopper Club, Necessary Coffee, Roosevelt Cleaners, Funk’s Barber Shop, Garret’s Popcorn, Subway, Subway, Banana Republic, Glass Curtain Gallery, Shang Noodle, The Now, Circle K, The Dental Loft, Yarnify, LensCrafters, Dunkin', Roti Mediterranean, IDOF, Garrett's Popcorn, Starbucks, Air Tec Service Center, Dunkin', BMO, Conrad Hilton, Burger Alley, Midwest Express Clinic, Strobel Dentistry, Circle K, Clean As A Whistle Cleaners, Presidential Dental Associates, Asadito, TenGoku Aburiya, Bonyeon, Passport Health Downtown Chicago Travel Clinic, Barnes & Noble Cafe, Vivi Bubble Tea, Nails Spa On State, Ewing Annex Hotel, Royal Pawn Shop, Paul Chambers Salon, Osaka Sushi & Fresh Fruit Smoothies, Jinsei Motto, Stan's Donuts & Coffee, Play for Peace, Ogilvie / Union (West Loop), Potbelly, The Outpost Mexican Eatery, Ethan Lord Jewelers, Mayor Harold Washington, Dunkin', LadyBug and Friends Daycare & Preschool, Sonnets Academy, Kids & Company, GoodVets, Sonder Greektown, Atlas Stationers, Massage Evolved, Copper Moon, Paris Baguette, Sang's Kitchen, Izakaya Yume, So Gong Dong Tofu & Korean BBQ, Desplaines St / Randolph St, Kraff Eye Institute, Thai Spoon and Sushi, FedEx Office, Le Petit Cafe, Grant Park Bistro, Ulta Beauty, New City Bank, Dollar Tree, Chloé Chen Spa, Nail & Spa, Takeaway, Metro Achievement Center, 7-Eleven, The Goddard School, Panera Bread, Burger King, Metro Spice Mart, Circle K, Chicago Locksmiths, Capitol Cleaners, Chase, Subway, Clean Your Dirty Face, Monroe Cleaners, spavia, Physicians Immediate Care, Naf Naf Grill, Studio 84One Hair Salon, Antipode, Capital One Café at State Street, Dean Opticians, Paris Baguette, Citgo, Five Below, AT&T, GNC, Ceres Cafe, Dollop Coffee Co., Bar Sotto, Amorino, Crave Coffee, Sydel & Sydel Jewelry, TE'AMO Boba Bar, The Chicago Dental Studio, Refined Barbershop, Paramount Cleaners, Market Creations, Byrd's Hot Chicken, Great Steak, Dunkin', Great Clips, Richard Bennett Custom Tailors, Cambria Hotel Chicago Loop - Theatre District, Market 96, Primitive, Ulta Beauty, DosBros Fresh Mexican Grill, Flaco's Tacos, Brain Builders Academy, Rafael Restaurant, Congress Lounge, Kpop Nara, Tilly Bagel Shop, Massage Envy, Aligner Experts, Walgreens, Sit Stay Wash, Mon Cheri Chitown, The Threading House, Alvera Couture, Naf Naf Grill, Walgreens, The Town-Ho's Story, Chase, AT&T, Restore Hyper Wellness, The NOW, GNC, Forno Mauri, Russian Tea Time, America's Watches, Sherwin-Williams, Metro Infusion Center, Milan Laser Hair Removal, Sopraffina Marketcaffe, Hannah's Bretzel, A Plus Flowers & Gifts, Jimmy John's, The Chicago Buzz, Loop Nail Spa, DentalWorks, Apple Spice, Massage Envy, Van Buren Street Station RTA Information Board, Van Buren Street Station RTA Information Board, Subway, Pat's Pizza, Subway, The UPS Store, Extra Space Storage, Lao Sze Chuan, Harold's Chicken Shack, Insomnia Cookies, SeoulSpice, Kids & Company, Momento, Vitology, All Roads Lead Back to the Loop, Chase, Happy Monday, Peet's Coffee, Chicago Board of Trade Building Museum, One Medical, Sugary Chicago, FedEx Office, Umi Sushi, Chicago Immigration Court, Historical Route 66 End Point, Route 66, Ankle N Foot Centers, Chengdu Bistro, Franklin St & Washington St, Polombia, Eaves, Crave, Sangamon St & Adams St, Ithaki Estiatorio, Green Apple PHOever, Wells Fargo, Dog Haus, Pia's Gems, I & M Watch Repair & Jewelry, River Roux, Himalayan Sherpa Kitchen, Chicago Picasso Braille Model, Planned Parenthood - Loop Health Center, Cafe Deko, Elements Massage, Americana Submarine, Teranz Boutique, Suarez Market, Clinton St Smoked Meats, Retro Pizza, Lito's Empanadas, Suarez Brothers Fry Shack & Bar, Saigon Sisters, K Kitchen, Mochinut, Mammoth Poke & Ramen, Buen Apetito, Vertige, Panlasa, Cubano Bros, Bill's Olive Oil, Barking Spot Bakery, Firenze, B.I. Tea & Dim Sum, Blue Spot Sushi, Chicago Brü, Barangaroo Aussie Pies, AfterBar, Canal Street Eatery & Market, Bright Horizons, The UPS Store, Ahuevo, Elegance Salon, Solette, Dunkin', Pita Pita, Starbucks, BenjYehuda, Blaze, BenjYehuda, Charles Tyrwhitt, 90th Meridian Kitchen & Bar, Bagel & Bean, Starbucks, Sushi Plus Rotary Sushi Bar, Lakeside Bank, ABOC, Biggby Coffee, Chiya Chai, Cinnaholic, Just Salads, Broadway Café, South & West Loop Dental, Silk Road of Chicago, Hot Chi, LaShuk, Harry's Hamburgs, Seedo’s Levantine Bakery, Sterling Café, 82 Kimbap, Egg Bunni, Saffron Street, Aloha Poke, Bob's Discount Furniture, Veterinary Emergency Group, Adler University, Iridium 77, Embers + Apothecary, Bistro Monadnock, Museum of Broadcast Communications, CIBC Bank USA, The Ives, Moka & Co, Thimi’s Empanadas, Fresco Delicioso, Klay Oven Kitchen, Paiges, Bell Heirs BBQ, Righteous Kitchen, Information, Chitown Food & Deli, The Art Institute of Chicago, Agora, School of The Art Institute of Chicago, DePaul University – Loop Campus, Roosevelt University, Arts of the Greek, Roman, Byzantine Worlds, Columbia College Chicago, Travelodge Chicago, Harold Washington Library Center, Chicago Greyhound Terminal, Sonder Plymouth, The Standard Club, Dirksen Federal Building and US Courthouse, Union League Club, Metropolitan Correctional Center, Chicago Loop Post Office, Pancho's Rooftop Cantina, Hilton Garden Inn, Chicago Fire Department Engine Company 1, THE MIDLAND HOTEL, Chicago, a Tribute Portfolio Hotel, Extra Space Storage, Chicago City Hall, Macy's, Chicago Central Processing & Distribution Operations, Civic Opera House, Staypineapple, An Iconic Hotel, The Loop, Chicago Picasso, Block 37 Shops, University Club of Chicago, Cloud Gate, First United Methodist Church of Chicago, Saint Francis of Assisi Roman Catholic Church, St. Peter's Church, Loop Synagogue, Symphony Center, Miro's Chicago, Monument With Standing Beast, Four Seasons, Congress Plaza Hotel, The Blackstone, Autograph Collection, HI Chicago, U-Stor-It, BP Shop, La Quinta Inn & Suites by Wyndham Chicago Downtown, Residence Inn Chicago Downtown/Loop, I Am Temple, Hilton Conference Hall, Best Western Grant Park Hotel, Jewel-Osco, Merle Reskin Theatre, Hyatt Place Chicago/Downtown - The Loop, Monk's Pub, Chicago Athletic Association Hotel, Jewelers Building, Italian VIllage, Hyatt Centric The Loop Chicago, The Kimpton Gray Hotel, The Palmer House Hilton, Primark, Downtown Islamic Center, Silversmith Hotel Chicago Downtown, Wyndham Blake Hotel, Sushi Nova, Old Saint Patrick's Church, Binny's Beverage Depot, Citgo, Hull House Dining Hall, Jane Addams Hull-House Museum, Verve, A Credit Union, Walgreens, BMO, Crowne Plaza Chicago West Loop, Walgreens, Taco Lulú, Buddy Guy's Legends, Hilti, Chicago Central Carrier Annex, Holiday Inn Chicago-Downtown, Le Méridien Essex, Fifth Third Bank, Getz Theater, Chicago Fire Department Engine Company 5, Lou Mitchell's Restaurant, Target, Cook County Domestic Violence Courthouse, Frances Xavier Warde School, Pride, BP, Midas, Chicago Fire Academy, Southgate Market, Chicago Fire Department Survive Alive House, H Mart, Green Street Local, National Hellenic Museum, Extra Space Storage, UIC Dorin Forum, Fishman's Fabrics, Manny’s Cafeteria and Delicatessen, The Home Depot, Deja Vu, Wild Fork, Athena Greek Restaurant, White Palace Grill, Cook County Sheriff's Police Substation, Bank of America, BP, Cadillac Palace Theatre, The Allegro Royal Sonesta Hotel Chicago Loop, Equestrian Indians (The Spearman), Lion “in an attitude of defiance”, Equestrian Indians (The Bowman), Lion ""on the prowl"", Mariano's Fresh Market, The Maxwell, Maxwell Street Market, Chipotle, Amtrak Police Department, News Now, First American Bank, Portillo's, CBS 2 Broadcast Center, The Marquee at Block 37, Hedgerow, Untitled, Arts of the Americas, Rubloff Auditorium, Fullerton Hall, Ryerson & Burnham Libraries, Paris Metro Entryway (Metra), John Alexander Logan Monument, RESERV, Jones College Prep, Modern Shop, 7-Eleven, Mobil, British International School of Chicago–South Loop, Small Cheval - Riverside, BP, East West University, University of Illinois Chicago School of Law, Chick-fil-A, Saks Off 5th, Hampton Majestic Chicago Theatre District, CIBC Theatre, Albert Ivar Goodman Theatre, Cambria Chicago Loop - Theatre District, Franklin St & Lake St, 150, 100, Food Trucks, Food Trucks, Franklin St & Adams St, atmospheric Wave Wall, Catalog, Franklin St & Monroe St, Sterling Food Hall, National Louis University, LaSalle St & Jackson Blvd, LaSalle St & Adams St, Dearborn St & Adams St, HERO Coffee Bar, Wabash Ave & Adams St, Franklin St & Jackson Blvd, Agriculture, Industry, Clinton St & Jackson Blvd, Extra Space Storage, Blink, State St & Van Buren St, Dearborn St & Van Buren St, Auditorium Theatre, Michigan Ave & Ida B Wells Dr, Millennium Park, Constellation, Canal St & Madison St, Canal St & Madison St, Chicago Hilton & Towers, Wabash Ave & 9th St, Desplaines & Harrison Terminal, JST Cafe, State St & Harrison St, Alsdorf Gallaries, Special Exibitions, Contemporary, Film and Media, Sculpture Court, Museum Shop, Raising Cane's, Union Station Transit Center, Chicago French Press, Tresures Jewlers, Francesca's, H&M, Old Navy, Play Street Meuseum, Nando's, Only One Boutique, AMC Roosevelt Collection 16, Banana Republic, Wagyu House, Fleet Feet, KhamrynB, MetraMarket, Cupitol, Chicago French Market, Ovie Bar & Grill, Spackle Nail Solon, Great Clips, Metra, CVS Pharmacy, The Booze Caboose, Clinton St / Madison St, Clinton St & Washington Blvd, Dunkin'"
872664c1bffffff,214,56,"artwork, ferry_terminal, artwork, artwork, information, bicycle_rental, bicycle_rental, bicycle_rental, atm, bicycle_rental, bicycle_rental, bicycle_rental, bicycle_rental, restaurant, artwork, artwork, artwork, artwork, viewpoint, social_facility, cafe, viewpoint, artwork, artwork, dentist, bicycle_rental, bicycle_rental, bar, bar, place_of_worship, bar, restaurant, cafe, restaurant, restaurant, bakery, bar, bar, restaurant, restaurant, bar, bar, bar, bar, cafe, bar, restaurant, bar, fast_food, restaurant, bank, bicycle_rental, bicycle_rental, artwork, viewpoint, cafe, attraction, attraction, attraction, attraction, attraction, artwork, bus_station, bus_station, taxi, fast_food, fast_food, cafe, bus_station, bus_station, taxi, artwork, cafe, restaurant, restaurant, information, fast_food, biergarten, gallery, artwork, artwork, artwork, restaurant, information, clinic, artwork, restaurant, clothes, place_of_worship, beauty, shoes, convenience, artwork, doctors, fast_food, beauty, car_parts, restaurant, fast_food, fast_food, dry_cleaning, restaurant, restaurant, convenience, fast_food, convenience, artwork, fast_food, viewpoint, fast_food, information, information, telecommunication, fast_food, dry_cleaning, veterinary, pub, restaurant, restaurant, restaurant, dentist, restaurant, restaurant, restaurant, restaurant, musical_instrument, convenience, beauty, dentist, hairdresser, dry_cleaning, cannabis, dry_cleaning, restaurant, restaurant, supermarket, supermarket, restaurant, money_transfer, animal_boarding, post_office, fast_food, hairdresser, beauty, dentist, doctors, cafe, dentist, museum, conference_centre, aquarium, exhibition_centre, conference_centre, school, museum, planetarium, theatre, attraction, conference_centre, museum, place_of_worship, conference_centre, theatre, museum, fast_food, car_repair, cafe, restaurant, bureau_de_change, artwork, post_office, place_of_worship, music_school, hotel, restaurant, place_of_worship, fast_food, place_of_worship, fast_food, social_facility, clinic, police, guest_house, information, car_repair, hotel, car_repair, supermarket, fast_food, hotel, bank, kindergarten, ticket, theatre, aquarium, artwork, events_venue, ticket, ticket, conference_centre, conference_centre, hotel, conference_centre, kindergarten, restaurant, food_court, school, kindergarten, school, theatre, bicycle_rental, school, bicycle_rental, car_wash","Big Beaver Totem Pole, Museum Campus, Daphne 1, Culture Earth and Earth's Moon, McCormick Place, Field Museum, Calumet Ave & 18th St, PNC Bank, Indiana Ave & Roosevelt Rd, Michigan Ave & 14th St, Michigan Ave & 18th St, State St & 19th St, Crave Cafe and Lounge, America's Courtyard, Spiral Galaxy, Man with Fish, Olmec Head, Willie Dixon's Blues Heaven Foundation, The Spoke & Bird, Brachiosaurus Replica, American Doughboy, Brighter Dental of South Loop, Burnham Harbor, Shedd Aquarium, Vice District Taproom, Motor Row Brewing, FAME Center, Bar 22, Fatpour Tap Works, Starbucks, Oliver's, Flo & Santos, Sip & Savor, Reggie’s Trainwreck Rooftop Deck, Reggies Music Joint, Tapas Valencia, Windy City Ribs & Whiskey, The Bureau Bar, Victory Tap Chicago, VU Rooftop Bar, Weather Mark Tavern, Little Branch Cafe, M Lounge, Showroom Food Hall, Woven + Bound Restaurant, Papa John's, My Place, Chase, Wabash Ave & Cermak Rd, Calumet Ave & 21st St, Soundings Cafe, Dolphin, Beluga, Sea Lion, Sea Otter, Penguins, Geography Earth, Soldier Field Pick-up/Drop-off, McCormick Place North Pick-up/Drop-off, McDonald's, Connie's Pizza, 22nd Street Cafe, McCormick Place South Pick-up/Drop-off, McCormick Place Transportation Center, Daphne 2, Momentum Coffee, Giordano's Pizzeria, Pizano's Pizza, Field Museum Map, Sarpino's Pizzeria, Boat Drinks, South Asia Institute, George Halas, Walter Payton, La Cantina Bar & Grill, RUSH South Loop, Sue the Dinosaur, Burger Point, Maddie's Closet, Awaken Chicago, Girlfriend's Spa, Unique Shoe, L'Africa L'afrique Market, Shifrin Plastic Surgery, Kim and Carlo‘s Chicago Style Hot Dog Store, Bella Mia, Douglas Truck Parts, Cafe Bionda, Subway, Fruitful Delight Smoothie & Juice Bar, Cleaners, Apolonia, AO Hawaiian Hideout, South Loop Market, Jimmy John's, McCormick Market, Mending Wall, Shark's Fish & Chicken, GFiber, Harold's Chicken Shack, CD One Price Cleaners, Metropolitan Veterinary Clinic, The Staley, Casa Tulum, Brulee, Southern Chicago, DentArt Chicago, Il Culaccino, Chicago Oyster House, Sumi Japanese Restaurant, Nepal House, PianoForte Chicago, Alfa Foods, LA Tan, Dentologie, Andy's Hair Studio, June 1250 Cleaners, Chi'Tiva, Four Seasons Dry Cleaners & Tailoring, Chicago Waffles, Mikami, Go Grocer, Go Grocer, Siam Thai Eatery, Western Union, Pups Pet Club, The UPS Store, Pure Green, Urban Hair, Orlando Salon, Dental Group Of Chicago, Weissbluth Pediatrican, Overflow Coffee, Sloop Dental, Glessner House Museum, McCormick Place Convention Center, Shedd Aquarium, McCormick Place, McCormick Place West Building, South Loop Elementary School, Field Museum, Adler Planetarium, Huntington Bank Pavilion at Northerly Island, Doane Observatory, McCormick Place Lakeside Center, Henry B. Clarke House, Old Saint Mary's Church, McCormick Place South Building, Reggies Music Joint, Chess Studio, White Castle, Crash Champions, Connie's Coffee, Mustard Seed Kitchen, Cermak & Wabash Currrency Exchange, Jane Addams Memorial (Helping Hands), 22nd Street Post Office, Second Presbyterian Church, Sherwood Music School, Hotel BnB, The Chicago Firehouse Restaurant, Gospel Way Bible Church, Uncle Joe’s Rum Bar & Grill, Soka Gakkai International Buddhist Center, Dunkin', Senior Suites Central Station, Saint Agnes Health Center, Chicago Police Department 1st District, Wheeler Mansion, Northerly Island Visitor Center, Firestone, Marriott Marquis, Goodyear, Mariano's Fresh Market, Museum Campus Cafe, Hilton Garden Inn, Hampton Inn, & Home2 Suites, Lakeside Bank, KinderCare, Shoreline Water Taxi, Phelps Theater, Rice Amplitheater & Abbott Oceanarium, Man Enters The Cosmos, Hyatt Conference Center, McCormick Place North Building, Hyatt Regency McCormick Place, Grand Concourse, The Goddard School, Soundings café, Bubble Net Food Court, Daystar Academy, Old St. Mary's School, Arie Crown Theater, Adler Planetarium, Perspectives Rodney D. Joslin High School, Wabash Ave & 16th St"
872664c1cffffff,76,21,"cinema, fast_food, gift, bar, pub, studio, restaurant, restaurant, museum, attraction, ticket, ticket, ticket, ticket, ticket, ticket, ticket, bakery, bakery, restaurant, restaurant, cafe, bar, restaurant, viewpoint, bar, studio, viewpoint, viewpoint, information, ferry_terminal, ferry_terminal, ferry_terminal, ferry_terminal, ferry_terminal, ferry_terminal, ferry_terminal, ferry_terminal, ferry_terminal, ferry_terminal, information, information, viewpoint, museum, artwork, restaurant, ice_cream, ice_cream, gift, attraction, fast_food, hotel, attraction, events_venue, theatre, bar, attraction, attraction, bar, theme_park, attraction, ticket, attraction, attraction, events_venue, bar, bar, theatre, bar, bar, theatre, theatre, bar, attraction, attraction, artwork","Navy Pier IMAX Theatre, McDonald's, Margaritaville, Billy Goat Tavern, WBEZ 91.5 FM, Xurro, Riva Crabhouse, Dreihaus Gallery of Stained Glass, The Wave Wall, Chicago Elite, Spirit of Chicago, Mystic Blue, Shoreline Sightseeing, Tall Ship Windy, Odyssey Lake Michigan, Seadog Cruises, Brown Sugar Bakery, Churro Factory, Giordano's Pizzeria, Harry Caray’s Tavern, Riva Crabhouse, Tiny Tavern, IDOF - I Dream Of Falafel, North Overlook, Billy Goat Tavern & Grill, Jim and Kay Mabie Performance Studio, Seadog I, Seadog II, Seadog III, Seadog IV, Odyssey, Windy, Spirit of Chicago, Mystic Blue II, Mystic Blue I, Shoreline, South Overlook, Chicago Children's Museum, William Shakespeare, Lirica, Kilwins, Frio Gelato, Making History, Flyover, AD&B, Sable at Navy Pier, Navy Pier, Aon Grand Ballroom, Navy Pier Skyline Stage, Carousel, Centennial Wheel, Pier Park, Wave Swinger, Pier Park, Pier Park Mini-Golf, Light Tower, Festival Hall, Navy Pier Beer Garden, Miller Lite Beer Garden Grove, Chicago Shakespeare Theater, El Sol, Offshore Chicago, Drop Tower, Tea Cups, Bob Newhart Statue & Couch"
872664c1effffff,1394,118,"ferry_terminal, theatre, pub, college, pub, pharmacy, art, library, theatre, restaurant, cafe, bicycle_rental, restaurant, cinema, fast_food, copyshop, restaurant, fast_food, fast_food, chemist, artwork, pharmacy, bank, artwork, artwork, bank, fast_food, fast_food, restaurant, atm, hotel, hotel, bar, bar, pub, cafe, restaurant, restaurant, restaurant, cinema, restaurant, university, restaurant, restaurant, restaurant, pub, supermarket, hotel, viewpoint, cafe, fast_food, fast_food, fast_food, supermarket, supermarket, restaurant, atm, fast_food, bakery, bicycle_rental, bicycle_rental, bicycle_rental, bicycle_rental, bicycle_rental, bicycle_rental, bicycle_rental, bicycle_rental, bicycle_rental, atm, ice_cream, restaurant, convenience, fast_food, doityourself, atm, cafe, doityourself, pet, cafe, fast_food, fast_food, pet, restaurant, bicycle_rental, bicycle_rental, bicycle_rental, bicycle_rental, bicycle_rental, bicycle_rental, bicycle_rental, bicycle_rental, bicycle_rental, bicycle_rental, bicycle_rental, bicycle_rental, furniture, restaurant, cafe, bank, bar, bank, restaurant, cafe, fast_food, car, restaurant, hairdresser, restaurant, pharmacy, pub, cafe, pharmacy, jewelry, cinema, restaurant, hotel, nightclub, cafe, chemist, restaurant, fast_food, chocolate, clothes, restaurant, convenience, restaurant, optician, fast_food, fast_food, fast_food, clothes, bank, books, fast_food, gift, jewelry, fast_food, mobile_phone, restaurant, restaurant, cafe, restaurant, art, fast_food, artwork, artwork, artwork, artwork, artwork, artwork, artwork, artwork, houseware, post_office, cafe, cafe, restaurant, restaurant, cafe, convenience, clothes, clothes, watches, clothes, clothes, clothes, clothes, clothes, bank, confectionery, bank, restaurant, clothes, cafe, bank, cosmetics, bag, shoes, clothes, restaurant, clothes, department_store, clothes, restaurant, clothes, optician, cafe, clothes, clothes, chemist, supermarket, convenience, supermarket, cafe, cafe, cafe, restaurant, cafe, artwork, artwork, artwork, post_office, hotel, museum, fast_food, fast_food, restaurant, restaurant, fast_food, fast_food, fast_food, bar, convenience, cafe, restaurant, restaurant, books, restaurant, restaurant, restaurant, tailor, restaurant, studio, bar, viewpoint, cafe, bank, wine, pharmacy, bank, cafe, pharmacy, pharmacy, outdoor, bar, studio, bank, shoes, museum, clothes, restaurant, clothes, clothes, fast_food, pub, department_store, clothes, clothes, cosmetics, clothes, cafe, restaurant, bar, fast_food, fast_food, post_office, beauty, florist, optician, beauty, fast_food, pet, hairdresser, bakery, artwork, department_store, ferry_terminal, supermarket, restaurant, cafe, fast_food, restaurant, furniture, theatre, car, shoes, clothes, clothes, bar, museum, houseware, clothes, restaurant, bar, hotel, hotel, hotel, hotel, hotel, hotel, hotel, hotel, bank, restaurant, hotel, cafe, gallery, restaurant, restaurant, restaurant, clothes, department_store, stationery, artwork, stationery, department_store, antiques, restaurant, ticket, restaurant, bar, dentist, cafe, restaurant, restaurant, bicycle_rental, studio, cafe, nightclub, hairdresser, artwork, fast_food, kindergarten, restaurant, dentist, hotel, restaurant, fashion_accessories, clothes, clothes, clothes, clothes, clothes, restaurant, restaurant, restaurant, restaurant, restaurant, restaurant, cafe, fast_food, convenience, artwork, supermarket, bar, restaurant, hairdresser, language_school, cafe, restaurant, museum, clinic, restaurant, restaurant, fast_food, bar, restaurant, restaurant, restaurant, bar, bar, bar, pub, bar, restaurant, restaurant, restaurant, bar, restaurant, restaurant, restaurant, restaurant, bar, restaurant, bar, restaurant, restaurant, restaurant, restaurant, cafe, bar, restaurant, restaurant, restaurant, restaurant, restaurant, restaurant, restaurant, bar, restaurant, restaurant, restaurant, restaurant, restaurant, restaurant, restaurant, restaurant, restaurant, nightclub, restaurant, bar, restaurant, restaurant, restaurant, restaurant, fast_food, nightclub, restaurant, bar, fast_food, restaurant, cannabis, restaurant, bar, restaurant, restaurant, restaurant, pub, bar, restaurant, restaurant, restaurant, bar, restaurant, bar, restaurant, restaurant, bar, restaurant, fast_food, bar, restaurant, restaurant, restaurant, bar, restaurant, restaurant, cafe, bar, restaurant, restaurant, restaurant, bar, restaurant, restaurant, restaurant, restaurant, restaurant, bar, restaurant, restaurant, fast_food, restaurant, bar, bar, bar, restaurant, restaurant, bar, restaurant, fast_food, cafe, confectionery, restaurant, ice_cream, ticket, restaurant, bakery, clothes, cosmetics, restaurant, cafe, cafe, bicycle_rental, bicycle_rental, optician, fast_food, convenience, bar, toys, cafe, nightclub, restaurant, bicycle_rental, restaurant, bar, restaurant, restaurant, restaurant, restaurant, kindergarten, atm, gallery, watches, restaurant, restaurant, restaurant, restaurant, restaurant, bar, restaurant, restaurant, restaurant, restaurant, restaurant, restaurant, restaurant, restaurant, restaurant, bakery, bar, restaurant, bar, bar, bar, coffee, coffee, coffee, restaurant, coffee, cafe, cafe, cafe, fast_food, cafe, fast_food, restaurant, restaurant, cafe, restaurant, restaurant, bar, bar, health_food, restaurant, cafe, bar, bar, restaurant, cafe, cafe, cafe, bar, restaurant, bar, restaurant, fast_food, restaurant, cafe, bar, nightclub, restaurant, restaurant, bar, bar, restaurant, cafe, restaurant, cafe, cafe, cafe, cafe, bar, nightclub, restaurant, bar, cafe, cafe, bar, bar, cafe, cafe, cafe, restaurant, restaurant, restaurant, restaurant, restaurant, bar, bar, bicycle_rental, bicycle_rental, restaurant, bar, restaurant, bar, bar, restaurant, bar, bar, bar, bar, bar, cafe, restaurant, bar, cafe, cafe, restaurant, bar, bar, restaurant, chocolate, cafe, cafe, cafe, cafe, cafe, cafe, restaurant, cafe, cafe, cafe, cafe, restaurant, restaurant, restaurant, bar, restaurant, restaurant, restaurant, bar, bar, bar, cafe, restaurant, bar, restaurant, restaurant, restaurant, restaurant, restaurant, bakery, bakery, bar, bar, fast_food, fast_food, cafe, restaurant, fast_food, cafe, restaurant, bar, bakery, bar, cafe, restaurant, cafe, bakery, restaurant, bar, bar, cafe, cafe, restaurant, pharmacy, restaurant, restaurant, restaurant, bar, restaurant, restaurant, food_court, restaurant, restaurant, bar, restaurant, restaurant, ferry_terminal, museum, restaurant, restaurant, restaurant, ticket, charging_station, fast_food, restaurant, car, restaurant, restaurant, ticket, bicycle_rental, bicycle_rental, bicycle_rental, bicycle_rental, bicycle_rental, bicycle_rental, bicycle_rental, restaurant, artwork, restaurant, restaurant, ferry_terminal, ferry_terminal, ferry_terminal, artwork, clothes, restaurant, restaurant, fast_food, restaurant, medical_supply, ice_cream, convenience, cafe, convenience, fast_food, fast_food, studio, hotel, hotel, hotel, restaurant, pub, cannabis, bar, ferry_terminal, ferry_terminal, artwork, boat_rental, ferry_terminal, ferry_terminal, restaurant, clothes, artwork, clothes, art, supermarket, fast_food, cabinet_maker, fast_food, clinic, restaurant, restaurant, department_store, restaurant, restaurant, restaurant, restaurant, restaurant, convenience, bicycle_rental, fast_food, fast_food, fast_food, restaurant, fast_food, fast_food, hotel, clothes, cafe, supermarket, restaurant, cafe, dry_cleaning, artwork, pharmacy, restaurant, post_office, artwork, bicycle, boat_rental, restaurant, bakery, restaurant, furniture, restaurant, books, copyshop, storage_rental, atm, restaurant, chemist, fast_food, artwork, post_office, convenience, convenience, fast_food, fast_food, fast_food, cafe, artwork, furniture, cafe, dentist, fast_food, convenience, clothes, clothes, clothes, fashion_accessories, clothes, fashion_accessories, clothes, watches, jewelry, watches, jewelry, clothes, clothes, clothes, clothes, car, car, car, restaurant, artwork, artwork, watches, cafe, toys, museum, fast_food, fast_food, restaurant, fast_food, cannabis, artwork, bank, restaurant, studio, studio, restaurant, restaurant, doctors, cafe, newsagent, ticket, clothes, restaurant, gift, restaurant, ferry_terminal, ferry_terminal, ferry_terminal, ferry_terminal, ticket, restaurant, cafe, casino, restaurant, clothes, bank, cafe, restaurant, veterinary, alcohol, convenience, hairdresser, restaurant, restaurant, beauty, fast_food, bank, cosmetics, information, restaurant, restaurant, fast_food, clothes, bank, bank, cafe, cafe, pharmacy, fast_food, pub, cafe, confectionery, clothes, sports, restaurant, fast_food, cafe, clothes, cafe, restaurant, fast_food, attraction, cafe, clothes, bank, cafe, bank, optician, restaurant, convenience, restaurant, fast_food, cafe, bar, fast_food, shoes, shoes, clothes, jewelry, clothes, clothes, clothes, clothes, clothes, clothes, jewelry, clothes, bag, clothes, clothes, optician, houseware, clothes, sports, clothes, clothes, cosmetics, atm, clothes, fashion_accessories, clothes, clothes, clothes, clothes, shoes, clothes, clothes, cosmetics, clothes, optician, clothes, ice_cream, fast_food, cafe, place_of_worship, appliance, pharmacy, bank, fast_food, fast_food, kiosk, florist, fast_food, fast_food, fast_food, fast_food, fast_food, massage, bank, optician, school, ferry_terminal, clinic, cafe, clinic, bar, artwork, artwork, ferry_terminal, ferry_terminal, ferry_terminal, boat_rental, bar, fast_food, antiques, restaurant, veterinary, veterinary, pet, veterinary, sports, doctors, fast_food, car_rental, car_rental, artwork, cafe, post_depot, clothes, clothes, clothes, restaurant, restaurant, convenience, restaurant, restaurant, jewelry, clothes, clothes, jewelry, clothes, clothes, clothes, clothes, cannabis, bureau_de_change, place_of_worship, restaurant, artwork, car, clothes, beauty, bicycle, restaurant, fast_food, beauty, clothes, restaurant, bag, beauty, bag, shoes, fast_food, bank, cafe, gift, information, beauty, information, restaurant, veterinary, cafe, restaurant, clothes, fast_food, cafe, clothes, shoes, furniture, furniture, kitchen, tiles, college, cafe, restaurant, bakery, alcohol, restaurant, bar, clothes, clothes, clothes, clothes, clothes, bank, cosmetics, fast_food, restaurant, massage, hotel, hotel, clothes, fashion_accessories, post_office, clothes, optician, fast_food, fast_food, jewelry, cosmetics, fast_food, clothes, nutrition_supplements, money_transfer, fast_food, watches, clothes, shoes, cosmetics, mobile_phone, clothes, clothes, clothes, clothes, restaurant, courthouse, restaurant, cafe, cafe, cafe, dry_cleaning, gallery, restaurant, information, information, bicycle_rental, restaurant, convenience, cafe, restaurant, restaurant, bar, gallery, furniture, fast_food, snack, restaurant, restaurant, pub, restaurant, cafe, dentist, atm, fast_food, college, dancing_school, cafe, pastry, restaurant, toys, bar, bakery, pub, bar, restaurant, cafe, clothes, dentist, beauty, e-cigarette, fast_food, pet, hairdresser, restaurant, beauty, fast_food, hairdresser, restaurant, clinic, restaurant, lighting, hairdresser, beauty, restaurant, restaurant, fast_food, restaurant, cafe, coffee, beauty, hairdresser, car, car, car, car, hotel, picnic_site, arts_centre, hotel, picnic_site, mall, university, place_of_worship, university, hospital, college, museum, mall, mall, school, hospital, department_store, hotel, mall, place_of_worship, hotel, theatre, place_of_worship, fire_station, hotel, hotel, hotel, library, hotel, hotel, hotel, hotel, hotel, hotel, hotel, hotel, hotel, place_of_worship, place_of_worship, theatre, studio, arts_centre, hotel, hotel, hotel, hotel, hotel, hotel, hotel, hotel, hotel, fire_station, restaurant, hotel, doctors, museum, hotel, events_venue, hotel, restaurant, erotic, hotel, storage_rental, studio, hotel, hotel, hotel, hotel, restaurant, pub, bank, hotel, restaurant, restaurant, hotel, fast_food, bar, hotel, social_facility, restaurant, hotel, hotel, hotel, restaurant, post_office, hotel, restaurant, social_facility, hotel, hotel, alcohol, fuel, convenience, restaurant, convenience, fuel, hotel, hotel, hotel, cannabis, hotel, restaurant, hotel, social_facility, gallery, bar, hotel, restaurant, hotel, place_of_worship, car, restaurant, car, place_of_worship, place_of_worship, place_of_worship, restaurant, chemist, clinic, alcohol, hotel, place_of_worship, clothes, place_of_worship, clothes, hotel, place_of_worship, pub, veterinary, hotel, hotel, restaurant, veterinary, hotel, fuel, convenience, storage_rental, school, restaurant, language_school, hotel, clothes, cafe, hotel, place_of_worship, restaurant, gallery, restaurant, bank, arts_centre, car_wash, place_of_worship, place_of_worship, bar, social_facility, cafe, car_repair, nightclub, gallery, restaurant, fast_food, clothes, dentist, fire_station, social_facility, hotel, hotel, clothes, hotel, place_of_worship, hotel, pharmacy, fast_food, hotel, restaurant, hotel, school, school, place_of_worship, fast_food, cafe, fire_station, hotel, hotel, mall, theatre, information, hotel, restaurant, bank, cafe, restaurant, hotel, hotel, hotel, community_centre, clothes, ice_cream, hotel, carpet, hotel, place_of_worship, motel, coffee, hotel, hotel, mall, bus_station, electronics, hotel, hotel, cafe, information, library, picnic_site, college, hotel, bar, theatre, car_rental, bicycle_rental, artwork, theatre, restaurant, restaurant, studio, bicycle_rental, marketplace, school, marketplace, bicycle_rental, artwork, artwork, restaurant, picnic_site, university, artwork, artwork, taxi, bicycle_rental, bicycle_rental, ticket, taxi, department_store, bicycle_rental, theatre, attraction, place_of_worship, school, bicycle_rental","Shoreline Sightseeing, Storefront Theater, Midtown Kitchen & Bar, Loyola Law School, Billy Goat Tavern, Walgreens, R.H. Love Galleries, Northwestern University Law Library, Moody Bible Auditorium, Jake Melnick's Corner Tap, Intelligentsia Coffee, McClurg Ct & Ohio St, Nick's Fishmarket Grill, Gene Siskel Film Center, Dunkin', FedEx Office, Jason's Deli, Potbelly, Subway, Walgreens, Interconnected, CVS Pharmacy, PNC Bank, First American Bank, Chipotle, Panera Bread, Timothy O’Toole’s Pub, The Ritz-Carlton Chicago, The Royal Sonesta Chicago River North, Pops For Champagne, Pepper Canister, Brehon Pub, Starbucks, Market Creations, Wildberry Pancakes and Cafe, The Cheesecake Factory, AMC River East 21, Kinzie Chophouse, IIT Institute of Design, Chicago Cut Steakhouse, India House, Prosecco, O'Leary's Public House, Jewel-Osco, Holiday Inn Chicago Mart Plaza, 360 Chicago, Starbucks, Dunkin', Jimmy John's, Subway, Bockwinkel's, Trader Joe's, Caffè Oliva, Caffè Oliva concession, Glazed and Infused, Fairbanks Ct & Grand Ave, Franklin St & Chicago Ave, Michigan Ave & Lake St, Michigan Ave & Pearson St, Michigan Ave & Washington St, State St & Randolph St, Stetson Ave & South Water St, Wells St & Huron St, Wells St & Walton St, Fifth Third Bank, Pinkberry, Mammoth Poke & Ramen, 7-Eleven, Subway, Gordon's Maple Ace Hardware, Chase, Starbucks, Gordon's Ace Hardware - Orleans, Petco, Starbucks, Subway, Papa John's, Bentley's Pet Stuff, Glunz Tavern, Cityfront Plaza Dr & Pioneer Ct, Clark St & Chicago Ave, Clark St & Elm St, Dearborn Pkwy & Delaware Pl, LaSalle St & Illinois St, Mies van der Rohe Way & Chicago Ave, Orleans St & Merchandise Mart Plaza, Sedgwick St & Huron St, St Clair St & Erie St, State St & Kinzie St, State St & Pearson St, Wabash Ave & Grand Ave, Maxalto, Weber Grill, Doughnut Vault, Lakeside Bank, Three Dots and a Dash, Bank of America, NYC Bagel Deli, Starbucks, Dunkin', Napleton's Aston Martin, Joe's Seafood, Prime Steak & Stone Crab, Medinah Barber Shop, Quartino Ristorante, CVS Pharmacy, Elephant & Castle, Yolk, Walgreens, Tiffany & Company, AMC Dine-In 600 North Michigan 9, California Pizza Kitchen, Courtyard Chicago Downtown/River North, Spybar, Starbucks, CVS Pharmacy, Sweetwater, Jimmy John's, Fannie May, Chicago Sports & Novelty, Hoyt's, 7-Eleven, Emerald Loop, Level Optical, Billy Goat Tavern, Dunkin', Subway, Loft, Chase, Beck's Book Store, Chipotle, I Love Chicago, Wedding Bands & Co., Chick-fil-A, AT&T, Wow Bao, State and Lake Chicago Tavern, Caffè Café, Protein Bar, Art & Artisans, Subway, Aaron Montgomery Ward, Edward Albert Filene, George Huntington Hartford, John Wanamaker, Marshall Field, Julius Rosenwald, Frank W. Woolworth, Robert E. Wood, Bed Bath & Beyond, The UPS Store, La Borra Cafe, Tempo Cafe, Brown Bag Seafood Co., Coco Pazzo, Starbucks, 7-Eleven, Aritzia, H&M, Omega, Peter Millar, Saint Laurent, Marc Jacobs, Suitsupply, Moncler, Citibank, Ghirardelli's, Bank of America, The Purple Pig, Under Armour, Peet's Coffee, Chase, Sephora, Tumi, Salvatore Ferragamo, Zara, Grand Lux Cafe, Zegna, Saks Fifth Avenue, Dior, La Colonial, Versace, Oliver Peoples, Starbucks, Wilson, Madewell, Walgreens, Whole Foods Market, 7-Eleven, Whole Foods Market, Starbucks, Heritage Outpost, Starbucks, Indian Garden, Dollop Coffee, Nathan Hale, Benito Juárez, Jean Baptiste Point Du Sable, Streeterville Post Office, The Langham, Chicago, McCormick Bridgehouse & Chicago River Museum, Dunkin', Potbelly, Dao, Gyu-Kaku, Burrito Beach, M Burger, Shake Shack, Bernard's Bar, 7-Eleven, Starbucks, Robert's Pizza Company, Sable Kitchen & Bar, After-Words, Xoco, Topolobampo, Frontera Grill, Nicholas Joseph, Lao Sze Chuan, Univision Chicago, City Winery at the Chicago Riverwalk, Cafe L'Appetito, Chase, Uncork It!, Walgreens, BMO, Cafe Descartes, Walgreens, Walgreens, Orvis, Upstairs at Gwen, Chase, Hanig's Footwear, Loyola University Museum of Art, Canada Goose, RL, Anthropologie, Nordstrom Rack, Devil Dawgs, Pippin's Tavern, Neiman Marcus, Nike, Levi's, Kiehl's, Armani Exchange, Labriola, Sayat Nova, Second Story Bar, Jersey Mike's Subs, Jimmy John's, The UPS Store, Nail Perfection, City Scents, Eye Society, European Wax Center, Bombay Wraps, Kriser's, Floyd's Barber Shop, Glazed and Infused, Crack The Whip, Target, Navy Pier (River Route), Bockwinkel's, Bongiorno's Cucina Italiana & Pizzeria, Illy, Velvet Taco, Bistrot Zinc, Room & Board, Broadway Playhouse at Water Tower Place, Rivian, Tod's, Tom Ford, Dolce & Gabbana, Jimmy, Richard H. Driehaus Museum, Jonathan Adler, Polo Ralph Lauren, Pinstripes, GreenRiver, Baumhart Lodging at Loyola University Chicago, State and Grand by BridgeStreet, Residence Inn Chicago Downtown/River North, SpringHill Suites Chicago Downtown/River North, Hyatt Place Chicago / River North, Aloft Chicago City Center, Grand Plaza, Manilow Suites at The Grand Plaza, Citibank, Giordano's Pizzeria, The River Hotel, Starbucks, Ogilvie Pertl Gallery, Kanela Breakfast Club, Niu Japanese Fusion, Tortoise Supper Club, Victoria's Secret, Marshalls, Gold Coast Couture, Ben, Paper Source, Ross, The Golden Triangle, The Kitchen, Wendella Boat Rides, Shaw’s Crab House, LH Rooftop, The Chicago Dental Studio, Cafecito, P.F. Chang's, Old Crow Smokehouse - River North, Field Blvd & South Water St, Mireille's Studio, Big Shoulders Coffee, Andy's Jazz Club & Restaurant, Van Cleef Salon, The Athlete, McDonald's, Bright Horizons, River Roast, Dentologie, Hotel EMC2, Union Sushi + Barbeque Bar, Van Cleef & Arpels, Jil Sander, Escada, Pomellato, St. John, Paul Stuart, TGI Fridays, Cocoro Restaurant, Zarella Pizzeria & Taverna, Sunda, Bavette's Bar & Boeuf, RPM Italian, Do - Rite Donuts & Chicken, Garrett Popcorn Shops, 7-Eleven, Chicago Rising from the Lake, Jewel-Osco, Tiny Tapp, Carmine’s, Merchant & Rhoades, Instituto Cervantes, Grand Lux Cafe, Flora Fauna, American Writers Museum, Michigan Avenue Immediate/Primary Care (MAICOH), BIG & little's Restaurant, The Franklin Room, Mr Gyros, Rossi’s Liquors, Radio Room, Dough Bros Pizzeria & Sub Shop, El Hefe Mexican Restaurant, O'Callaghan's, Theory, Blue Frog's Local 22, Snickers Bar & Grill, Fremont, Benny's Chop House, Star of Siam, Eddie V’s Prime Seafood and Steaks, Bodega, Fleming's, Big Bowl, Steak 48, True Food Kitchen, The Redhead Piano Bar, Portsmith, Apogee, Bijan's Bistro, Rosebud on Rush, Silver Spoon Thai Restaurant, Friends Sushi, Sunny Side Up & Coffee Shoppe, The Kerryman, Chicago Chop House, Beatrix, Mastro's Steakhouse, Roka Akor, Slurping Turtle, Hubbard Inn, Joy District Chicago, The Baton Show Lounge, Ema, Siena Tavern, Planta Queen, RPM Steak, Barrio, Nonnina, Untitled Supper Club, Havana Grill, Mercadito, Celeste, Moe's Cantina, Gilt Bar, Highline Bar + Lounge, Taco Joint, Le Select, Tanta, Al's Beef, Sound Bar, Penelope’s Vegan Taqueria, Headquarters Beercade - River North, Mr. Beef on Orleans, SIFR, MOCA Modern Cannabis, Meli Cafe, Reverie, The Hampton Social - River North, Edie's All Day Cafe & Bar, Café Iberico, Centennial Crafted Beer & Eatery, Clark Street Ale House - River North, Chicago Winery, Bar Cargo, Beacon Tavern, Broken Shaker Chicago, Big Wig Tacos & Burritos, The Boss Bar, CAVA, Da Lobsta, Streeter's Tavern, Doc B's Fresh Kitchen - River North, M Burger, Enolo Wine Cafe, Fabcakes, Freshii, Il Porcellino, La Mez Agave Lounge, Ironside Bar & Galley, Katana, Left Coast Food, Mom's Place - A Chicago Gathering Spot, NAHA, Osteria Via Stato, Pizzeria Ora Chicago, Rebar, Protein Bar, Seoul Taco, Roy's Restaurant, Shanghai Terrace, Pierrot Gourmet at The Peninsula, SPIN Chicago, STK Chicago, Sushi-san, Sweetgreen, Taketei Sushi River North, The Bassment, The Drifter Chicago, The Library, Travelle Kitchen + Bar, Troquet River North, Watershed, Blue Door Kitchen & Garden, Subway, Starbucks, Sugar Factory, 437 Rush, Cold Stone Creamery, Millennium Station, O'Brien's, Sprinkles Cupcakes, Victoria's Secret, Ulta Beauty, Nando's, Nutella Cafe, Garrett Popcorn, Wells St & Hubbard St, LaSalle Dr & Huron St, Warby Parker, Subway, 7-Eleven, Toro, Lego, American Girl Cafe, Bodega, Wow Bao, Streeter Dr & Grand Ave, Casa Margarita, Celtic Crossing, Gibson's Bar & Steakhouse, avec, Land & Lake Kitchen, Perilla Steakhouse, Cornerstone Children's Learning Center, RockItCoin Bitcoin ATM, Expo 72, Shinola, Dos Toros, Benihana, Somerset, Devereaux, Griddle 24, The Rabbit Hole, 3 Arts Club Café, Maple & Ash, AceBounce, 3rd Coast Cafe, Le Petit Paris, 676 Restaurant & Bar, About Last Knife, 320 River Bar, Bandera Restaurant, Beautiful Morning Chicago, Birreria, Bongiorno’s Italian Deli & Pizzeria, Bounce Chicago, Bridges Lobby Grill at London House, Butch McGuire’s, Cafe 300, Cafe 353, Café L’appetito, Spiaggia, Caffè RōM, Caffè Umbria, Argo Tea, Starbucks, Au Bon Pain, Bake For Me, Dunkin', Billy Goat Tavern - at the MART, Blackwood BBQ - Illinois Center, Cafe Integral, Happy Camper Old Town, Catch 35, Chelsea Room, Chi Bar, Chicago Health Foods, Chicago Q, Cityfront Cafe, Cityscape Bar, Commons Club, Copper Fox Gastropub, Corner Bakery, Corner Bakery, Cupitol Coffee & Eatery, D4 Irish Pub & Cafe, Division on the Rocks, Do-Rite Donuts & Chicken, Do-Rite Donuts & Chicken, Doc B’s Restaurant + Bar, DropShot Coffee & Snack Bar, Eight Bar and Patio, Electric Hotel, EuroAsia Restaurant, Fig & Olive, Flamingo Bar & Grill, Foundation Room, Friends Ramen, Fusion Poke, Giordano's Pizzeria, Glass & Cup Coffee And Wine Bar, Goddess And The Baker, Harry’s Cafe, Hendrickx Belgian Bread Crafter, Holloway’s Bar, Howl at the Moon Chicago, Hugo’s Frog Bar & Fish House, Shamrock Club, Infuse Coffee and Tea Bar, Southern Cut Cafe, Parlay, Sparrow, Stan's Donuts & Coffee, Stan's Donuts & Coffee, Stan's Donuts & Coffee, Mendocino Farms, Ciccio Mio, Raised, an Urban Rooftop Bar, RAMEN-SAN, RAMEN-SAN, The Red Star Bar, ROOF on theWit, Orleans St & Hubbard St, Fairbanks Ct & Superior St, Sweet Tooth Cafe, Tavern at the Park, The Windsor, THE BAR, The Berkshire Room, The Capital Grille, Two Zero Three, The Esquire Champagne Room, The Hangge-Uppe, The Lobby, The Lodge Tavern, The Peninsula Traditional Afternoon Tea, Volare Ristorante Italiano, W XYZ Bar, Wellness Grub, West Town Bakery, Wildfire, Z Bar, Zebra Lounge, Zombie Taco, Leonidas, Jazzman’s Cafe, Stan's Donuts & Coffee, Joe & The Juice, Joe & The Juice, Joe & The Juice, Joe’s Coffee, Dearly Beloved, L.A. Burdick Handmade Chocolates, La Colombe Cafe at the Ritz Carlton, La Colombe Coffee, Petit Margeaux, Lou Malnati's Pizzeria, LuxBar, Alpana, Marchesa, Margeaux Brasserie, Mariposa, Marisol, Martini Bar, Rush Bar & Lounge, Seasons Bar, Sky Café, TAO, Tavern Club at 333, Texican, The Albert, Michael Jordan’s Steak House, Miss Ricky’s, Mogadishu Restaurant, Molly’s Cupcakes, Molly’s Cupcakes, Movie Mondays at the Drake’s Palm Court, Moxy Chicago Downtown, JuiceRx, Egg Tuck, Nordstrom Ebar Artisan Coffee, La Storia, The Halal Guys, The Link@Sheraton Cafe, The Living Room, The Living Room Bar, Three Fox Five, Winter’s Jazz Club, Nespresso, NoMI Kitchen, Market Chicago, Le Royale Icing & Specialty Cakes, Les Nomades, Leviathan, Palm Court, Lavazza, Lavazza, Le Colonial, CVS Pharmacy, ETA Restaurant + Bar, Yolk - Marina City, Parlor Pizza Bar, Jojo's Shake Bar, Obélix, Bistronomic, Aster Hall, RPM Seafood, The Hampton Social, Janitor's Closet, Ocean Prime, Staytion Market & Bar, Michigan Avenue, Chicago Architecture Center, Brightwok Kitchen, The Smith, Poke Poké, Chicago First Lady, Tesla Supercharger, Piggie Smalls Gyro Shop, Tabo Sushi, Bentley Gold Coast, Mozzarella Store, Pizza & Caffè, Pizzeria Portofino, Shoreline Sightseeing, Wells St & Elm St, Rush St & Hubbard St, Rush St & Cedar St, Franklin St & Illinois St, Rush St & Superior St, Dearborn St & Erie St, Orleans St & Chestnut St (NEXT Apts), Tzuco, Jack Brickhouse, Sweet Home Gelato, Beat Kitchen, Chicago's First Lady 2, Chicago's First Lady 1, Mercury Tours 1, Weather Station, Bella Bianca, Moti Cafe, Prime & Provisions, Taqueria Express - Mr. Gyros, Wildberry, Supply Clinic - Medical & Dental Supplies Online, Baskin-Robbins, 7-Eleven, Starbucks, 7-Eleven, Popeyes, McDonald's, WFLD, Park Hyatt Chicago, Hampton Inn & Suites Chicago Downtown/Magnificent Mile, Homewood Suites by Hilton Chicago Downtown/Magnificent Mile, Beatrix, Lizzie McNeill‘s Irish Pub, Sunnyside, Island Party Hut, Floating Tiki Bar, Tiki Pontoons, Allium, Urban Kayaks, Chicago's First Lady 3, Mercury Tours 2, Harry Caray's 7th Inning Stretch, Lids, George Wellington ""Cap'n"" Streeter, The North Face, Wall Art Prints, Aldi, Buona, Eggersmann Kitchens Home Living - Chicago, Panera Bread, Chicago Lakeside VA Clinic, Carson's Ribs, 5411 Empanadas, Target, Egg Harbor Cafe, Goddess and the Baker, Pinched, Woodwind, Gordon Ramsay Burger, 7-Eleven, New St & Illinois St, Panda Express, Taco Bell Cantina, The Halal Guys, Fons, Sarpino's Pizzeria, Quiznos, The Gwen, AllSaints, Blue Bottle Coffee, Potash Markets - State Street, Francesca's on Chestnut, Dollop, Brite Tailoring Dry Cleaners, Irv Kupcinet, CVS Pharmacy, Lou Malnati's Pizzeria, John Hancock Post Office, We Will Chicago, Bobby's Bike Hike, Bobby's Kayak, Eduardo's Enoteca, Sweet Mandy B’s, Brown Bag Seafood Co., Gianni, Can't Believe It's Not Meat, Christian Science Reading Room, FedEx Office, Extra Space Storage, Ambar, CVS Pharmacy, FedEx Office, Circle K, Circle K, Pollo Campero, Taco Bell, Chick-fil-A, Big Shoulders Cafe, Ludwig Mies van der Rohe, Architectural Artifacts, The School House, Dentologie, Dunkin', Millenial Mart, Max Mara, Michael Kors, J.Crew, Montblanc, Gucci, Bvlgari, Louis Vuitton, Breitling, David Yurman, Vacheron Constantin, Buccellati, Chanel, Hermès, Giorgio Armani, Loro Piana, Maserati of Chicago, Lamborghini Gold Coast, Rolls-Royce Motor Cars Gold Coast, Ed Debevic's, Family, Allow Me, Rolex, M Burger, American Girl, Chicago Sports Museum, Potbelly, Vin Tea, Friends Sushi, Mister J's Dawg And Burger, CBD Kratom, 150, Chase, House of Blues, State Street Studio, ESPN 1000 WMVP, Morton's The Steakhouse, Venteux Brasserie, Forward, Starbucks, Box Office, ChiBoys, Chiya Chai, Colores Mexicanos, Feed Your Head, Wendella Tours - Dock 3, Wendella Tours - Dock 4, Wendella Tours - Michigan Avenue, Wndella Tours - Riverwalk, Mercury Chicago's Skyline Cruiseline, Eataly, Hero Coffee Bar, Bally's, Taco Rio, Agriculture - A Crop of Style, Wells Fargo, Philz Coffee, Liva at Chicago Winery, Companion Animal Hospital River North, Superior Wine & Liquor, Gold Coast Market, Top Shop Chicago, Gemini Grill, Avli, LaserAway, Einstein Bros. Bagels, Chase, bluemercury, Al-Diar, Hashbrowns, Jimmy John's, Indochino, PNC Bank, Chase, Starbucks, Gold Coast Cafe, Walgreens, Five Guys, Monarch and Lion, Starbucks, It'Sugar, Hugo Boss, Finish Line, Harry Caray's, Auntie Anne's, Starbucks, Locker Room, Starbucks, Nando's, Garrett Popcorn Shop, Museum of Ice Cream, Starbucks, Abercrombie & Fitch, Bank of America, Chicago tea house, Chase, Lens Crafters, Adalina, Circle K, Ron of Japan, Wingstop, Dolci Amori, Rocbar, Jimmy John's, UGG, Allen Edmonds, Men's Wearhouse, Pandora, Club Monaco, Emporio Armani, Marella, Lululemon, Kate Spade New York, Esprit, Kendra Scott, Bonobos, Tumi, Psycho Bunny, UNTUCKit, Sunglass Hut, Sur La Table, Aeropostale, Adidas, Altar'd State, American Eagle Outfitters, Bath & Body Works, Cardtronics, Chico's, claire's, Eileen Fisher, Express, Free People, Hollister, Johnston & Murphy, Lacoste, Lids, Sephora, Soma, Sunglass Hut, White House Black Market, Red Mango, Dunkin', Mojo Coffee, Mathews Chapel, World of Whirlpool, CVS Pharmacy, North Community Bank, Dunkin', Chicago Kernel, Millennium News & Views, City Scents, Millennium Dogs, Taco Fresco, Subway, Burger King, Sbarro, Massage Envy, PNC Bank, MyEyeDr., Roofing Academy X, Chicago Riverwalk, Passport Health River North Travel Clinic, Nomad, Northwestern Medicine Imediate Care, The Northman Beer & Cider Garden, You Are on Potawatomi Land, The Radiance of Being, Odyssey Chicago River, Michigan Avenue, Shoreline Sightseeing, Chicago Electric Boat Company, Reid Bar, Subway, Antique Warehouse, Lil' Ba-Ba-Reeba!, Vetique, Near North Animal Hospital, Pups Pet Club, GoodVets Streeterville, Hoka, Medrina, Jamba, Enterprise, Hertz, Archbishop Quigley, Starbucks, FedEx, North Shore Exchange in the City, My Sister's Circus, Ragstock, La Grande Boucherie Chicago, Olio E Piu, North Loop Market, Ikigai, No Vacancy, Cartier, Patagonia, Tory Burch, Harry Winston, VINCE., Maje, COS, Brandy Melville, Wake-N-Bakery, New Chicago Rush Currency Exchange, Inc., Saint Peregrine Shrine, Roti, Wings of Mexico, Rivian, Maje, The Skin Bar at Ulta Beauty, Kozy's Cyclery, Coq d'Or, Deep Purpl, The Lash Lounge, Arc'teryx, Can't Believe It's Not Meat, Away, Four Seasons, Coach, Vans, Epic Burger, PNC Bank, Happy Monday Coffee Roasters, Souvenir City, Chicago Brewhouse, BLVD Vet River North, Tary, Charlie Martin's, Tommy Bahama, Sweetgreen, Dollop Coffee Co., H&M, Converse, Roche Bobois, Ligne Roset, Studio41, daltile, Northwestern University Feinberg School of Medicine, Starbucks, Indienne, Goddess and the Baker, Enrich Market, The Palm Restaurant, Amuse, Hugo Boss, Givenchy, Dolce & Gabbana, Brunello Cucinelli, Chicago Cubs Team Store, Citibank, L'Occitane, Taco Bell Cantina, Minghin Cuisine, Massage Envy, DoubleTree Hotel Chicago - Magnificent Mile, Hilton Grand Vacations Club Chicago Magnificent Mile, UNTUCKit, MCM, FedEx Office, White House Black Market, Sunglass Hut, Panda Express, Chick-fil-A, APM Monaco, Aesop, Potbelly, DXL Men's Apparel, GNC, Western Union, Chipotle, Panerai, Vuori, Dr. Martens, bluemercury, T-Mobile, On, Celine, Moncler, Brunello Cucinelli, Nepal House, Chicago Administration Hearings Department, Kyuramen, TBAAR, TE'AMO Boba Bar, Dialtone Coffee & Wine Bar, LaSalle Cleaners, Ivory Gate Gallery, Monarch&Lion, Illinois & Michigan National Heritage Corridor, Bike & Roll, Tre Dita, Sherry's Food Mart, Foxtrot Market, Tavern on Rush, The Bellevue, Machine Cocktail Bar, Zolla/Libermann Gallery, Manifesto, Panera Bread, ingrained, Sweet Vegan Bakes, Ummo, Gus' Sip & Dip, CAVA, Layla & Ringo's, Post Family Dental In The Loop, Taco Maya, Northwestern Univertsity Pritzker School of Law, Joffrey Ballet, Nimble, Levain Bakery, Brews & Bites Riverwalk, Build-A-Bear Workshop, Flight Club, Paris Baguette, Casa Chi, Y Bar, Gingie, The Good Eating Company, Unicorn World by Lola + The Boys, River Village Dental, H20 Nail Spa, Smoke Outlet, Jimmy John's, Kriser's Natural Pet, Goodman's Barber Lounge, Jet's Pizza, GOAT Wellness, Dunkin', Image Studios, Soul Vibez, Midwest Express Clinic, Egg Harbor Cafe, Lightology, Levant Barber Shop, Gold Coast Beauty Spa, Life Cafe, Doma Cafe, Lizzano, Flaco's Tacos, Marshall’s Landing, Cal's Corner, Thread Away, Coil and Bloom at Image Studios, Bentley Gold Coast, Alfa Romeo Chicago, Lamborghini Gold Coast, Honda of Downtown Chicago, Sofitel Chicago Magnificent Mile, Chicago Cultural Center, Radisson Blu Aqua Hotel, Chicago, The Shops at North Bridge, Loyola University Water Tower Campus, Chapel of St. James, Northwestern University Chicago Campus, Northwestern Memorial Hospital, Moody Bible Institute, Museum of Contemporary Art, Merchandise Mart, 900 North Michigan, Walter Payton College Prep, Ann & Robert H. Lurie Children's Hospital, Nordstrom, Trump International Hotel & Tower Chicago, Water Tower Place, Holy Name Cathedral, Swissotel Chicago, Chicago Theatre, Fourth Presbyterian Church, Chicago Fire Department Engine Company 98, The Drake Hotel, The Whitehall Hotel, Selina Hotel Chicago, The Newberry Library, Hilton Chicago/Magnificent Mile Suites, Millennium Knickerbocker Hotel Chicago, The Walton Residence, The Talbott Hotel, Raffaello Hotel, Sonesta ES Chicago Downtown Magnificent Mile, Fairmont Hotel Chicago, Renaissance Chicago Downtown Hotel, The Wit Hotel, Seventeenth Church of Christ Scientist, Assumption Roman Catholic Church, Owen Bruner Goodman Theatre, ABC Building, Goodman Theatre Center, Virgin Hotels Chicago, The Royal Sonesta Chicago Downtown, Club Quarters Hotel, Wacker at Michigan, Hampton Inn Chicago Downtown/North Loop, Pendry Chicago, Hotel Monaco, The Westin Michigan Avenue Chicago, DeWitt Place, The Wade, Chicago Fire Department Engine Company 42, Maggiano's Little Italy, Fairfield Inn & Suites Chicago Downtown/River North, Concord Medical Center, Illinois Holocaust Museum Presents Experience360, Kinzie Hotel, Maggiano's Banquets, Hampton Inn & Suites Chicago - Downtown, Harry Caray's Italian Steakhouse, Te'Jay's Adult Books, The Westin Chicago River North, The Lock Up, NBC Tower, InterContinental Chicago Hotel, The Peninsula Chicago, Four Seasons Hotel Chicago, Waldorf Astoria Chicago, Blue Sushi Sake Grill, Mother Hubbard's Sports Pub, Bank of America, Embassy Suites by Hilton Chicago Downtown, Su Casa Mexican Restaurant, Pizzeria Due, Hotel 55 Chicago Downtown, McDonald's, Point & Feather, Hotel Audrey, Ronald McDonald House, Gino's East, Warwick Allerton Hotel Chicago, Embassy Suites by Hilton Chicago Downtown Magnificent Mile, Sheraton Grand Chicago, Cantina Laredo, Fort Dearborn Post Office, Arlo Chicago, Lou Malnati's Pizzeria, Access Living, Ambassador Hotel, Best Western River North, Binny's Beverage Depot, BP, BP Shop, Brett's Kitchen, BP Shop, BP, Omni Chicago Hotel, Claridge House Chicago, Tapestry Collection by Hilton, Courtyard Chicago Downtown/Magnificent Mile, Green Rose, Eurostars Magnificent Mile, Fogo de Chão, AC Hotel Chicago Downtown, Gilda's Club, Gruen Gallery, Blue Chicago, Hilton Garden Inn Chicago Downtown/Magnificent Mile, Hooters, Residence Inn Chicago Downtown Magnificent Mile, Annunciation Greek Orthodox Cathedral, Perillo BMW, Dublin's Bar and Grill, Fletcher Jones VW & Audi, Saint Joseph Roman Catholic Church, Church of the Ascension, LaSalle Street Church, Arbella, Walgreens, Planned Parenthood, The House of Glunz, Marshall Hotel, Chabad of the Gold Coast, Ikram, First Saint Paul's Evangelical Lutheran Church, Lululemon, ACME Hotel Company, Chicago Sinai Congregation, Hopsmith, Anti-Cruelty Society, Elms Hotel, Fairfield Inn & Suites Chicago Downtown/Magnificent Mile, The Original Pancake House, Banfield Pet Hospital, Aloft Chicago - Magnificent Mile, Shell, Circle K, Public Storage, Le Cordon Bleu College of Culinary Arts, Gene & Georgetti, Alliance Française de Chicago, Chicago Marriott Downtown Magnificent Mile, Burberry, Starbucks Reserve, Holiday Inn Express Chicago - Magnificent Mile, Lake Shore Drive Synagogue, The Green Door Tavern, Carl Hammer Gallery, Pizano's Pizza & Pasta, U.S. Bank, Marwen, Saint Luke Church of God in Christ, Christ the Savior Orthodox Church, Fado Irish Pub, Lower North Center, Whispers Coffee & Tea, Midas, Mystique Night Club, Perimeter Gallery, Pizzeria Uno, Portillo's, Prada, River North Dental Center, Chicago Fire Department - Air Mask Services, St. Vincent Center, The Godfrey Hotel Chicago, Thompson Chicago, Aritzia, Freehand Chicago, Saint Matthew United Methodist Church, Hotel Felix, Walgreens, Taco Bell, Hyatt Centric Chicago Magnificent Mile, Ivy Hotel, Salazar Bilingual Center, Ogden International School, Harvest Chicago Cathedral, McDonald's, Oak Street Beach Café, Chicago Fire Department Engine Company 13, The St. Clair Hotel, Manilow Suites at Millennium Park Plaza, Millennium Station/Pedway, Joan W. and Irving B. Harris Theater for Music and Dance, Northwest Exelon Pavilion / Millennium Park Information Center, Hyatt Regency Chicago, Club Lago, Chase, Firecakes Donuts, Bub City, Hilton Garden Inn Chicago / North Loop, Loews Chicago Downtown, London House Chicago, Jesse White Community Center & Fieldhouse, Urban Outfitters, Jeni's Splendid Ice Creams, Hotel Riu Plaza Chicago, The Rug Company, Viceroy Chicago, The Church of Jesus Christ of Latter-day Saints, Ohio House Motel, Fairgrounds Craft Coffee and Tea, Home2 Suites by Hilton Chicago River North, Moxy Chicago Downtown, The Shops at North Bridge, Navy Pier Terminal, Apple Store, Homewood Suites by Hilton Chicago Downtown, citizenM Chicago, Coco Bar, Peoples Energy Welcome Pavillion, Water Works, Chicago Public Library, Harold Washington College, Hotel Chicago Downtown, Autograph Collection, Goodman Lounge, James M. Nederlander Theatre, Alamo, Clark St & Lake St, Loop Da Loop, House of Blues, Smith & Wollensky, Legal Sea Foods, ABC TV Studios, Wabash Ave & Wacker Pl, Food Trucks, GEMS World Academy, Community Marketplace, McClurg Ct & Erie St, Schneider Deli, The Gentlemen Statues, Crossing, Kingsbury St & Kinzie St, Mies van der Rohe Way & Chestnut St, Bloomingdale's, Michigan Ave & Oak St, Lookingglass Theatre Company, The Butterfly House, St. James Episcopal Cathedral, Frances Xavier Ward School, State St & Chicago Ave"
872664c32ffffff,1,1,information,
872664c80ffffff,121,22,"school, school, place_of_worship, place_of_worship, place_of_worship, place_of_worship, place_of_worship, place_of_worship, place_of_worship, place_of_worship, place_of_worship, place_of_worship, place_of_worship, place_of_worship, place_of_worship, place_of_worship, school, school, school, place_of_worship, place_of_worship, place_of_worship, place_of_worship, place_of_worship, place_of_worship, place_of_worship, place_of_worship, place_of_worship, place_of_worship, place_of_worship, place_of_worship, place_of_worship, place_of_worship, place_of_worship, place_of_worship, place_of_worship, place_of_worship, place_of_worship, variety_store, bicycle_rental, bicycle_rental, bicycle_rental, coffee, bakery, bakery, bicycle_rental, mobile_phone, mobile_phone, fast_food, mobile_phone, mobile_phone, variety_store, fast_food, mobile_phone, mobile_phone, confectionery, bicycle_rental, bicycle_rental, ice_cream, police, community_centre, school, bicycle_rental, cafe, supermarket, cafe, events_venue, place_of_worship, place_of_worship, library, community_centre, fire_station, place_of_worship, place_of_worship, place_of_worship, place_of_worship, place_of_worship, place_of_worship, place_of_worship, place_of_worship, place_of_worship, social_facility, fuel, convenience, fuel, place_of_worship, variety_store, convenience, fast_food, convenience, convenience, place_of_worship, place_of_worship, variety_store, place_of_worship, place_of_worship, place_of_worship, fast_food, place_of_worship, place_of_worship, place_of_worship, fuel, place_of_worship, fast_food, place_of_worship, convenience, place_of_worship, place_of_worship, clinic, school, school, school, school, fuel, community_centre, school, school, bus_station, bus_station, bicycle_rental, bicycle_rental","Saint Angela School, Saint Pauls School, Jordan River Missionary Baptist Church, Little Rock Missionary Baptist Church, The Old Rugged Cross Missionary Baptist Church, Old Ship of Zion Missionary Baptist Church, Original Rising Star Missionary Baptist Church, New Mount Zion Offspring Missionary Baptist Church, New Greater Saint James Missionary Baptist Church, Gods Holy Ghost Missionary Baptist Church, Saint Rome Missionary Baptist Church, Saint Luke Missionary Baptist Church, True Gospel Missionary Baptist Church, Truevine Baptist Church, Sunny Mount Zion Missionary Baptist Church, Greater First Baptist Missionary Baptist Church, Austin Career Education Center, Community Lutheran School, Austin Special School and Sheltered Work Center, Austin Church of the Nazarene, Austin Messiah Lutheran Church, Goodway Church of God in Christ, Grace Deliverance Tabernacle Church, New Miracle Temple Church of God in Christ, Circle Evangelical Free Church, Church of Christ, Pine Avenue United Church, Mount Calvary Church of God in Christ, Lily of the Valley Baptist Church, Highway of Holiness Pentecostal Church, Holy City Church of God in Christ, Northside Church of God in Christ, Old Path Church of God in Christ, Unity of Love Church, Spirtual Israel Church, Temple of Spiritual Truth, Progressive True-Vine MB Church, Saint Paul Evangelical Lutheran Church, Family Dollar, Laramie Ave & Kinzie St, Austin Blvd & Chicago Ave, Central Ave & Chicago Ave, Bitoys Bistro, Schweet Cheesecake, Southshore Bakery, Latrobe Ave & Chicago Ave, Boost Mobile, Boost Mobile, Subway, Boost Mobile, Boost Mobile, Family Dollar, Subway, Boost Mobile, Boost Mobile, Bitoy's SweeTreats, Augusta Blvd & Laramie Ave, Menard Ave & Division St, Baskin-Robbins, Cook County Sheriff's Police Substation, Sankofa Center at AAABNA, Moving Everest Charter School, Pine Ave & Division St, Urban Essentials Coffee Café, Forty Acres Fresh Market, New Sound Cafe, L May Creations Event Space, New Greater True Light MB Church, Pine Avenue United Church, Henry W. Austin Branch Library, Austin Town Hall, Chicago Fire Department Engine Company 96, Kingdom Missionary Baptist Church, Austin United Presbyterian Church, Gammon United Methodist Church, Chicago First Church of Nazarene ""Lighthouse"", Paradise Missionary Baptist Church, Saint Martin's Episcopal Church, Greater Holy Temple Church of God in Christ, Austin Baptist United Church of Christ, Most Worshipful William V. Banks Grand Lodge, Senior Suites Of Austin, Citgo, Super Fuel, North Austin United Methodist Church, Dollar Tree, Citgo, McDonald's, Marathon, Marathon, Jehovahs Witnesses - West Unit, Hamlett Isom CME Church, Dollar General, Inspirational Deliverance Center Church of God in Christ, Christ Unity Church, Community Lutheran Church, Dunkin', Our Lady Help of Christians Roman Catholic Church, Christ Tabernacle Missionary Baptist Church of Austin, Jordan Temple Baptist Church, Marathon, Third Unitarian Church, Church's Chicken, Chicago West Bible Church, Healing Center Church of God in Christ, Bethel Evangelical Lutheran Church, PCC Austin Family Health Center, Austin Community Academy High School, Duke Ellington Elementary School, Frederick Douglass Academy High School, Howe Elementary School, Marathon, By The Hand Club for Kids, Hay Community Academy, Brunson Elementary School, Chicago & Austin Terminal, Division & Austin Terminal, Central Ave & Lake St, Austin Blvd & Lake St"
872664c81ffffff,107,25,"school, school, place_of_worship, place_of_worship, place_of_worship, place_of_worship, place_of_worship, music_school, school, place_of_worship, place_of_worship, place_of_worship, place_of_worship, place_of_worship, place_of_worship, place_of_worship, place_of_worship, place_of_worship, place_of_worship, place_of_worship, place_of_worship, place_of_worship, place_of_worship, place_of_worship, place_of_worship, place_of_worship, place_of_worship, place_of_worship, place_of_worship, place_of_worship, bicycle_rental, bicycle_rental, bicycle_rental, bicycle_rental, bicycle_rental, bar, restaurant, bicycle_rental, mobile_phone, mobile_phone, rental, convenience, social_facility, events_venue, school, music, community_centre, fuel, convenience, car_wash, post_office, convenience, fuel, convenience, place_of_worship, place_of_worship, fuel, convenience, place_of_worship, place_of_worship, place_of_worship, place_of_worship, place_of_worship, hardware, place_of_worship, place_of_worship, place_of_worship, place_of_worship, place_of_worship, fuel, fuel, fire_station, place_of_worship, community_centre, community_centre, fuel, convenience, variety_store, place_of_worship, place_of_worship, place_of_worship, storage_rental, car_parts, place_of_worship, place_of_worship, fuel, bank, pharmacy, restaurant, post_office, fast_food, school, school, school, community_centre, fast_food, fuel, fuel, convenience, school, convenience, school, convenience, college, school, bicycle_rental, bicycle_rental","Chicago Jesuit Academy, Saint Thomas School, Christian Union Missionary Baptist Church, Greater New Mount Olivet Missionary Baptist Church, Soul Saving Missionary Baptist Church, The King David Baptist Church, Isaiah Mission Baptist Church, Earl Bedford School of Music, Bethel Lutheran School, Gods All Nations Pentecostal Church, Goodhope Church of God in Christ, New Home Baptist Church, New Precious Grove Missionary Baptist Church, New Mission Church of God in Christ, Knee Way Pentecostal Church of God in Christ, Christian Service Center, Church of Living God, Greater New Birth Church of God in Christ, Saint John Church of God in Christ, Saint Jude Spiritual Church, Saint Jude Church of God in Christ, Pentecostal House of Prayer, Holy Mission Church of God in Christ, One Way Apostolic Church of God, West End Baptist Church, Unity Fellowship Baptist Church, Unity Church of God and Christ, Sunrise Baptist Church, Saint Mary Church of God in Christ, Sweet Kingdom Baptist Church, Cicero Ave & Quincy St, Flournoy St & Cicero Ave, Laramie Ave & Madison St, Laramie Ave & Gladys Ave, Kenton Ave & Madison St, Brick’s Sports Bar & Grill, The Licking, Kostner Ave & Adams St, Metro by T-Mobile, Metro by T-Mobile, U-Haul, BP Shop, Primo Center, Bare Copper, Christ the King Jesuit College Prep, Out of the Past Records, Sankofa Village Wellness Center, BP, 76, Buddy Bear Car Wash, Mary Alice Henry Post Office, Mobil Mart, Exxon, 76, Bethel Lutheran Church, New Mount Pilgrim Missionary Baptist Church, Falcon, Falcon Food Mart, Greater Saint Johns Missionary Baptist Church, Saint Michael Baptist Church, Alpha and Omega Missionary Baptist Church, Saint Barnabas Episcopal Church, Church of Christ, King's Hardware, Ruth Memorial Missionary Baptist Church, Corinthians Temple Church of God in Christ, New Evangelical Church, Home of Life Missionary Baptist Church, Mt Carmel Holiness Church, Mobil, 76, Chicago Fire Department Engine Company 113, Mandell United Methodist Church, Austin Satellite Senior Center, BUILD, Gulf, Gulf, Family Dollar, Friendship Baptist Church, One Lord One Faith Missionary Baptist Church, Kingdom Hall of Jehovahs Witnesses, StorageMart, Advance Auto Parts, Truth & Deliverance International Ministries, Saint Thomas Aquinas Roman Catholic Church, BP, U.S. Bank, Walgreens, MacArthur's Restaurant, Milton R. Brunson Post Office, Whale Fish and Chicken, Sumner Elementary School, Hefferan Elementary School, Spencer Technology Academy, The Peace Corner Youth Center, McDonald's, 76, BP, BP Shop, Michele Clark Magnet High School, BP Shop, George W. Leland Elementary School, Tiger Mart, Malcolm X College Westside Learning Center, Cicero Ave & Lake St, Kostner Ave & Lake St"
872664c83ffffff,49,17,"school, school, place_of_worship, school, school, place_of_worship, place_of_worship, school, place_of_worship, social_facility, place_of_worship, place_of_worship, fast_food, bicycle_rental, bicycle_rental, bicycle_rental, bar, bar, fast_food, fast_food, fast_food, mobile_phone, variety_store, mobile_phone, mobile_phone, bicycle_rental, funeral_directors, fast_food, charging_station, supermarket, car_parts, fast_food, place_of_worship, hospital, car_parts, place_of_worship, place_of_worship, supermarket, police, place_of_worship, social_facility, childcare, hospital, storage_rental, school, school, bus_station, bus_station, bus_station","Plato School, Catalyst Circle Rock Charter School, Bethel Green Missionary Baptist Church, Austin School of Beauty Culture, CAM Academy, Bethlehem Unity Missionary Baptist Church, New Saint Matthews Missionary Baptist Church, Miriam Daniels School, Risen Valley Mission Church of God in Christ, Winnie Evans Senior Citizens Drop In Center, Rock of Our Salvation Church, Circle Urban Ministries, Uncle Remus, Central Ave & Madison St, Central Ave & Harrison St, Austin Blvd & Madison St, Ted’s Place, Winners Sports Bar & Grill, Subway, Subway, Little Caesars, T-Mobile, Family Dollar, Boost Mobile, Boost Mobile, Mayfield Ave & Roosevelt Rd, Smith & Thomas Funeral Home, Terry's Place, Tesla Supercharger, Aldi, Advance Auto Parts, McDonald's, Greek Orthodox Church of the Assumption, Loretto Hospital, AutoZone, Bethel Apostolic Church, Emmaus Lutheran Church, Leamington Foods, Chicago Police Department 15th District Station, Trinity United Methodist Church, Generations at Columbus Park, Little Folks Cottage Inc, Hartgrove Behavioral Health System, Extra Space Storage, George Rogers Clark Elementary School, DePriest Elementary School, Harrison & Central Terminal, Madison & Austin Terminal, Jackson & Austin Terminal"
872664c84ffffff,118,43,"kindergarten, school, school, place_of_worship, place_of_worship, place_of_worship, supermarket, bakery, coffee, bakery, cafe, courthouse, bakery, mobile_phone, ice_cream, mobile_phone, supermarket, mobile_phone, convenience, department_store, clothes, optician, nutrition_supplements, video_games, fast_food, mobile_phone, convenience, rental, cafe, mobile_phone, bicycle_rental, bicycle_rental, bicycle_rental, bicycle_rental, bicycle_rental, bicycle_rental, bicycle_rental, bicycle_rental, bicycle_rental, pharmacy, bicycle_rental, bicycle_rental, bicycle_rental, ice_cream, car, place_of_worship, bicycle_rental, variety_store, fast_food, fast_food, mobile_phone, school, school, storage_rental, department_store, events_venue, storage_rental, bank, doityourself, restaurant, car_parts, fast_food, supermarket, chemist, convenience, shoes, fast_food, place_of_worship, school, place_of_worship, place_of_worship, post_office, fire_station, pharmacy, bar, fuel, place_of_worship, place_of_worship, fast_food, place_of_worship, cafe, bank, car_parts, fast_food, fast_food, car_parts, fuel, convenience, money_lender, bank, variety_store, place_of_worship, variety_store, fast_food, cafe, fast_food, fast_food, library, cinema, school, fast_food, police, school, school, fuel, variety_store, community_centre, car_parts, convenience, fuel, school, clinic, garden_centre, fuel, bus_station, school, school, car_wash","Galewood Pre-School and Day Care Center, Kiddie Play School, Listening Skills Training Center, Free Pentecostal Church of the Living God, Faith Restoration Miracle Church, Saint Peter Canisius Church, Food 4 Less, Babushka Bakery, Cafeteria Marianao, Sherwood Room, Somethin’ Sweet Donuts, Cook County Circuit Court Branches 23 & 29, La Luna Bakery Panaderia, AT&T, Baskin-Robbins, Boost Mobile, Save-A-Lot, T-Mobile, BP Shop, Ross, Rainbow, America's Best Contacts & Eyeglasses, GNC, GameStop, Subway, Metro by T-Mobile, U-Haul, Starbucks, T-Mobile, Leamington Ave & Hirsch St, Long Ave & North Ave, Menard Ave & North Ave, Major Ave & Bloomingdale Ave, Parkside Ave & Armitage Ave, Long Ave & Belden Ave, Lavergne Ave & Fullerton Ave, Lamon Ave & Armitage Ave, Kilpatrick Ave & Grand Ave, Walmart Pharmacy, Lockwood Ave & Grand Ave, Mango Ave & North Ave, Lawler Ave & North Ave, Baskin-Robbins, AutoBank, Iglesia Evangelica Emanuel, Mango Ave & North Ave, Five Below, Subway, Dunkin', Boost Mobile, Leslie Lewis Elementary School, Lloyd Elementary School, Extra Space Storage, Forman Mills, El Mexico Moderno Ball Room, U-Haul, Chase, The Home Depot, Paisans Pizzeria, Advance Auto Parts, McDonald's, Walmart Supercenter, Walgreens, Shell, Sketchers Outlet, Church's Chicken, Trinity Evangelical Lutheran Church, Christ School, Christ English Evangelical Lutheran Church, Pleasant Valley Baptist Church, Cragin Post Office, Chicago Fire Department Engine Company 68, Walgreens, Carolyn’s Zodiac Lounge, Amoco, Saint Stanislaus Bishop and Martyr Catholic Church, Saint Pauls Evangelical Lutheran Church, Burger King, Iglesia Misionera Bautista North Avenue, Starbucks, BMO, O'Reilly Auto Parts, Dunkin', McDonald's, NAPA Auto Parts, BP, Amoco, PLS, Bank of America, Family Dollar, Rock of Salvation Church, Dollar Tree, Popeyes, PTCI, White Castle, Dunkin', North Austin Branch Library, AMC Showplace Galewood 14, Saint Stanislaus School, Wendy's, Chicago Police Department 25th District Station, Northwest Middle School, Young Elementary School, Food 4 Less, Dollar General, Christopher House, AutoZone, BP Shop, BP, Prosser Career Academy, Belmont Cragin Health Center, Shell, Grand & Latrobe Terminal, Hanson Park Elementary School, Dr. Jorge Prieto Math and Science Academy, Buddy Bear Car Wash"
872664c85ffffff,95,32,"place_of_worship, place_of_worship, place_of_worship, place_of_worship, place_of_worship, place_of_worship, place_of_worship, place_of_worship, place_of_worship, kindergarten, place_of_worship, place_of_worship, school, place_of_worship, school, place_of_worship, kindergarten, variety_store, bakery, tyres, artwork, convenience, artwork, place_of_worship, car_repair, pawnbroker, car_wash, bicycle_rental, bicycle_rental, bicycle_rental, bicycle_rental, fast_food, mobile_phone, furniture, alcohol, bicycle_rental, bicycle_rental, restaurant, school, place_of_worship, social_facility, money_transfer, mobile_phone, school, clinic, fuel, convenience, fuel, place_of_worship, fast_food, fuel, charity, place_of_worship, marketplace, place_of_worship, convenience, convenience, place_of_worship, storage_rental, variety_store, bank, storage_rental, fire_station, fuel, place_of_worship, post_office, library, convenience, convenience, place_of_worship, school, place_of_worship, fast_food, fuel, bureau_de_change, convenience, fuel, fuel, fuel, school, supermarket, doityourself, school, fuel, school, clinic, school, school, fast_food, school, convenience, post_depot, social_facility, fast_food, school","Christian Home Missionary Baptist Church, New Light Missionary Baptist Church, Greater Christian Light Missionary Baptist Church, Universal Missionary Baptist Church, Progressive Solid Rock Missionary Baptist Church, True Faith Missionary Baptist Church, Spiritual Rock Missionary Baptist Church, Seven Star Missionary Baptist Church, Christian Faith Missionary Baptist Church, Incarnation Head Start Center, Redeem Tabernacle Church of God in Christ, Saint Andrews Missionary Baptist Church, Our Lady of Perpetual Help School, Way of Holiness Church of God in Christ, Westside Preparatory School, True Macedonia Missionary Baptist Church, Terry Town Nursery School and Kindergarten, Family Dollar, Biondillo Bakery, Alvaro’s Tire Shop, Our King, Citgo, Pyxis, Mission of Our Lady of the Angels, Snowman Auto, Cash America Pawn, Mobil, Lamon Ave & Chicago Ave, Kildare Ave & Chicago Ave, Lavergne Ave & Division St, Kildare Ave & Division St, Dunkin', Boost Mobile, Zolly's Recyclable Furniture, Sunrise Food & Liquor, Harding Ave & Division St, Harding Ave & Chicago Ave, The Salchipapa House, KIPP, Chicago Northside New Hope Church, Bethel New Life, Western Union, Total by Verizon, Brian Piccolo Specialty School, Austin Health Center of Cook County, Citgo, Mobil Mart, Mobil, Incarnation Lutheran Church, Jimmy's Red Hots, Falcon, The Salvation Army, Saints Cyril and Methodius Roman Catholic Church, Buyers Flea Market, Greater Holy Temple Ministries, Marathon, Saint Francis of Assisi Church, Extra Space Storage, Dollar Tree, Bank of America, Safeguard Self Storage, Chicago Fire Department Engine Company 117, GoLo, High Mountain Missionary Baptist Church, Robert LeFlore Jr Post Office, West Chicago Avenue Branch Library, Citgo, Citgo, Bethel Lutheran Church, Bethel Lutheran School, New Vision Non Denominational Church, Burger King, BP, Pulaski & Chicago Currency Exchange, Shell Shop, Shell, Citgo, Citgo, Nash Elementary School, Aldi, Menards, Nobel Elementary School, Marathon, Chicago Joint Public Safety Training Campus, North Kostner Health Clinic, West Park STEAM Academy, Orr Academy High School, Taco Bell, Ronald E. McNair Elementary School, BP Shop, Amazon SIL4, Boys & Girls Club, Culver's, KIPP Academy School"
872664c86ffffff,34,17,"school, place_of_worship, bank, bakery, bakery, convenience, money_lender, fast_food, mobile_phone, fast_food, mobile_phone, mobile_phone, storage_rental, bicycle_rental, bicycle_rental, deli, dry_cleaning, school, place_of_worship, place_of_worship, place_of_worship, storage_rental, place_of_worship, car_parts, fast_food, fast_food, place_of_worship, social_facility, restaurant, hospital, school, school, school, bus_station","Bethany School, Bethel Temple Assembly of God Church, Old Second National Bank, Cloverhill Bakeries, Today’s Temptation, 7-Eleven, Check Into Cash, Sarpino's Pizzeria, Boost Mobile, Taco Burrito King, Metro by T-Mobile, Boost Mobile, Public Storage, North Ave & New England Ave, Narragansett Ave & McLean Ave, Serrelli's Finer Foods, CD One Price Cleaners, Burbank Elementary School, North Austin Lutheran Church, Bethany Lutheran Church, Galewood Community Church, CubeSmart, Kingdom Builders Ministries International, AutoZone, KFC, Dunkin', Redeemer Church, The Montclare Senior Residences, Elbrus, Shriners Hospitals for Children, Sayre Language Academy, Lovett Elementary School, Acero Roberto Clemente School, North Avenue & Narragansett Terminal"
872664c88ffffff,90,30,"school, place_of_worship, place_of_worship, place_of_worship, place_of_worship, place_of_worship, place_of_worship, place_of_worship, place_of_worship, variety_store, bakery, bakery, bar, bakery, bakery, bakery, hairdresser, bar, car_parts, mobile_phone, atm, mobile_phone, alcohol, bicycle_rental, bicycle_rental, bicycle_rental, bicycle_rental, bicycle_rental, bicycle_rental, restaurant, clinic, car_parts, artwork, mobile_phone, fast_food, bicycle_rental, arts_centre, restaurant, dentist, school, school, school, school, school, car_wash, fire_station, place_of_worship, place_of_worship, restaurant, fuel, social_facility, fuel, storage_rental, fast_food, convenience, convenience, place_of_worship, place_of_worship, social_facility, convenience, fuel, place_of_worship, place_of_worship, bakery, clinic, supermarket, social_centre, mobile_phone, restaurant, clothes, bank, bank, bank, mobile_phone, fast_food, place_of_worship, post_office, library, place_of_worship, school, school, school, school, fast_food, school, social_facility, school, school, school, bus_station","Grace School, Restoration of the Primitive Christian Church the Light of the World, Antioch Apostolic Faith Church, New Testament Missionary Baptist Church, Church of God, Shiloh Apostolic Deliverance Church, True Tabernacle Church of God, True Tabernacle, Saint Paul African Methodist Episcopal Church, Family Dollar, BomBon Cafe, Bombon, La Cueva, Nuevo Leon Bakery, Panaderia Coral, Panaderia Los Gallos, Gente Bella Beauty Salon Inc, Osito's Tap, AutoZone, Metro by T-Mobile, Bank of America, Boost Mobile, Moreno's Liquors, Lawndale Ave & 30th St, Komensky Ave & 31st St, Tripp Ave & 31st St, Kildare Ave & 26th St, Harding Ave & 26th St, Kildare Ave & Cermak Rd, El Faro, DaVita Dialysis, Advance Auto Parts, AT&T, Domino's, Harding Ave & 31st St, Yollocalli Arts Reach, Las Carnitas Uruapan, Sonrisa Family Dental, Social Justice High School, World Language High School, Multicultural Arts High School, Infinity High School, Gary Elementary School, Chicago Fire Department Engine Company 99, Good Shepherd Roman Catholic Church, Jehovahs Witnesses Central Unit, Home Run Inn Pizzeria, BP, Erie Neighborhood House, Citgo, Public Storage, McDonald's, BP Shop, Citgo, Little Village Baptist Chapel, Iglesia La Santa Trinidad, Enlace Chicago, Mobil Mart, Mobil, Saint Andrew-Crawford United Church of Christ, The Church of Jesus Christ of Latter-day Saints, Le Paris Bakery, Dr. Jorge Prieto Health Center, Supermercado La Chiquita, American Legion Miguel Perez, Jr. Post 1017, Cricket Wireless, La Justica, Rainbow, Fifth Third Bank, Self-Help Federal Credit Union, Citibank, Boost Mobile, Subway, Crawford Congregation of Jehovahs Witness, Otis Grant Collins Post Office, John Toman Branch Library, Epiphany Roman Catholic Church, Good Shepherd School, Little Village Lawndale High School Campus, Corkery Elementary School, Epiphany School, Burger King, Eli Whitney Elementary School, El Valor Carlos Cantu Children & Family Center, Little Village Academy, Emiliano Zapata Academy, Ortiz de Domínguez Elementary School, 31st Street & Komensky Terminal"
872664c89ffffff,21,12,"restaurant, bicycle_rental, trade, fast_food, studio, place_of_worship, convenience, fuel, place_of_worship, supermarket, car_wash, convenience, school, school, school, fuel, fast_food, school, fast_food, studio, bus_station","Taqueria La Iguanita, Pershing Rd & Sacramento Ave, Bricks Incorporated, Burger King, Cinespace Kedzie Studio Building, Brighton Park Presbyterian Church, Clark's Pump-N-Shop, Clark, Saint Pancratius Roman Catholic Church, La Gloria Supermarket, Citgo, Nathan S. Davis Elementary School, Paul Simon Job Corps Center, Calmeca Academy of Fine Arts and Dual Language, Citgo, Wendy's, Dunkin', Cinespace Film Studios Kedzie, 36th Street & Kedzie Terminal"
872664c8bffffff,18,16,"bakery, social_facility, convenience, pet, shoes, cosmetics, department_store, department_store, craft, mobile_phone, fashion_accessories, beauty, bed, place_of_worship, social_facility, fuel, motel, school","Winfar Foods, Greater Chicago Food Depository, BP Shop, PetSmart, Shoe Carnival, Ulta Beauty, Marshalls, Ross, Michaels, AT&T, claire's, European Wax Center, Mattress Firm, LeClaire M.B. Church, The Claridge at Cicero, BP, Cicero Motel, Academy for Global Citizenship"
872664c8cffffff,156,32,"school, place_of_worship, place_of_worship, place_of_worship, place_of_worship, place_of_worship, place_of_worship, place_of_worship, place_of_worship, place_of_worship, place_of_worship, place_of_worship, place_of_worship, place_of_worship, place_of_worship, place_of_worship, place_of_worship, place_of_worship, place_of_worship, school, place_of_worship, place_of_worship, place_of_worship, place_of_worship, place_of_worship, place_of_worship, place_of_worship, place_of_worship, place_of_worship, place_of_worship, place_of_worship, place_of_worship, artwork, place_of_worship, place_of_worship, place_of_worship, place_of_worship, place_of_worship, kindergarten, place_of_worship, place_of_worship, place_of_worship, school, place_of_worship, place_of_worship, place_of_worship, place_of_worship, place_of_worship, place_of_worship, place_of_worship, place_of_worship, place_of_worship, place_of_worship, fuel, coffee, cafe, cafe, pharmacy, bicycle_rental, copyshop, school, convenience, fast_food, mobile_phone, mobile_phone, fast_food, mobile_phone, arts_centre, restaurant, fast_food, bank, clinic, clinic, clinic, clinic, hardware, clinic, rental, bicycle_rental, bicycle_rental, bicycle_rental, bicycle_rental, bicycle_rental, bicycle_rental, bicycle_rental, restaurant, hairdresser, attraction, ice_cream, information, school, social_facility, school, place_of_worship, place_of_worship, place_of_worship, place_of_worship, childcare, place_of_worship, place_of_worship, place_of_worship, place_of_worship, convenience, place_of_worship, school, social_facility, clinic, restaurant, social_facility, convenience, fuel, convenience, school, library, fire_station, place_of_worship, place_of_worship, place_of_worship, place_of_worship, place_of_worship, place_of_worship, fast_food, alcohol, restaurant, place_of_worship, clinic, place_of_worship, fast_food, convenience, place_of_worship, place_of_worship, fuel, convenience, pharmacy, fuel, school, school, school, school, school, school, school, picnic_site, fuel, social_facility, school, fuel, school, fast_food, community_centre, school, bicycle, social_facility, school, bus_station, fast_food","Ebenezer School, Christ New Hope Missionary Baptist Church, New Mount Pleasant Missionary Baptist Church, Mount Moriah Missionary Baptist Church, Holy Ground Missionary Baptist Church, Greater New Mount Zion Missionary Baptist Church, Greater Jasper Stone Missionary Baptist Church, Kingdom Restoration Christian Center, Saint Rest Number 2 Missionary Baptist Church, Threeway Missionary Baptist Church, Shining Star Missionary Baptist Church, Asia Missionary Baptist Church, Mount Ebenezer Baptist Church, Mount Calvary Missionary Baptist Church, Commonwealth Baptist Church, First Corinthians Missionary Baptist Church, Fairfield Baptist Church, Greater Christian Light Baptist Church, Greater Progressive Missionary Baptist Church, Alexanders Beauty School, Carol Divine Temple Church of God in Christ, Carey Tercentenary African Methodist Episcopal Church, All Souls Church of God in Christ, Beverly Temple Church of God and Christ, Gospel Mission Pentecostal Church, Livestone Missionary Baptist Church, Jehovahs Witnesses Lawndale Unit, Israel of Gods Church, Church of the Living God Temple 93, Greater Whitestone Missionary Baptist Church, Greater Sweet Home Missionary Baptist Church, Greater Faith Temple Church of God in Christ, Independence Square Fountain, Saint James Church of God in Christ, Prince of Peace Church of God in Christ, House of Prayer Church of God in Christ, Lawndale Community Church, Healing Temple of God, Herzl Child-Parent Center, Healing Temple Church of God in Christ, Holy Family Spiritual Temple, Holy Temple Followers of Jesus Christ, Olive Child-Parent Center, Upper Room Spiritual Church, Way of Truth Church of God in Christ, Wesley Chapel Community Spiritual Church, Universal Temple of Truth Spiritual Church, Zion Temple Church of God and Christ, Thompson Hopewell Baptist Church, Tabernacle Church of God, Tabernacle Church of Perfect Love, Greater Calvary Spiritual Church, Saint Titus Baptist Church, Amoco, Bleu Mocha Cafe, Green Garden Cafe, Green Tomato Cafe, Lawndale Christian Health Center Pharmacy, Central Park Ave & Ogden Ave, The Goodie Shop, KIPP Ascend Middle School, Amoco, Subway, Cricket Wireless, Boost Mobile, Subway, Boost Mobile, Firehouse Community Arts Center of Chicago, New Pine Valley Restaurant, Taco Bell, PNC Bank, Homan Square Community Center, LCHC Eye Clinic, LCHC Belle Whaley, LCHC at the Gallery, Selected Hardwood Flooring And Supply Co., Lawndale Christian Health Center Immediate Care, U-Haul, Homan Ave & Fillmore St, Keeler Ave & Roosevelt Rd, Tripp Ave & 15th St, Central Park Ave & Douglas Blvd, Lawndale Ave & 16th St, Spaulding Ave & 16th St, Pulaski Rd & 21st St, The SoulFood Lounge, Principle Barbers, Castle Car Wash, Baskin-Robbins, Route 66, LEARN Romano Butler Campus, BBF Family Services, Herzl Elementary School, Greater Mount Pleasant Missionary Baptist Church, First Baptist Church, Kedvale New Mount Zion Baptist Church, Greater New Saint James Missionary Baptist Church, Our Lady of Lourdes Child Development Center, Our Lady of Lourdes Roman Catholic Church, Grace Memorial Baptist Church, The First Grace Baptist Church, United Missionary Baptist Church, 76, Ogden Avenue Church of Christ, Carole Roberston Center for Learning, Lawndale Christian Health Center Senior Center, Lawndale Christian Health Center Main Clinic, Lou Malnati's Pizzeria, Ogden Family Community Resource Center, BP, BP Shop, CCA Academy, Douglass Branch Library, Chicago Fire Department Engine Company 38, Sunrise Baptist Church, Christian Valley Baptist Church, Ebenezer Lutheran Church, Greater Gallilee Missionary Baptist Church, Stone Temple Baptist Church, Mount Hebron Baptist Church, Popeyes, Rothschild Liquors, Soule, Whosoever Will Christway Bible Church, ACCESS Paul and Mimi Francis Westside Family Health Center, Lena A Hamlett Christian Methodist Episcopal Church, Checkers, Shell, Greater Rock Missionary Baptist Church, Independence Boulevard Seventh Day Adventist Church, GoLo, GoLo Gas Station/Store, Walgreens, Shell, Webster Elementary School, Frazier International Magnet School, William Penn Elementary School, Mason Elementary School, Dvorak Elementary School, North Lawndale College Prep Charter - Christiana, Gregory Elementary School, Power Gas Station, UCAN, Lawndale Community Academy, 76, KIPP Ascend Primary School, Dunkin', John D. & Alexandra C. Nichols Center, Legacy Charter School, YMEN Bike Box, Montclare Supportive Living Community, Hughes Elementary School, Pulaski Pink Line Station, Dunkin'"
872664c8dffffff,168,50,"school, school, school, place_of_worship, place_of_worship, place_of_worship, place_of_worship, place_of_worship, driving_school, place_of_worship, school, place_of_worship, place_of_worship, place_of_worship, school, place_of_worship, place_of_worship, place_of_worship, place_of_worship, place_of_worship, place_of_worship, bicycle_rental, school, restaurant, pharmacy, restaurant, restaurant, bicycle_rental, bicycle_rental, bicycle_rental, school, attraction, variety_store, bicycle_rental, restaurant, restaurant, bakery, bakery, bakery, cafe, bakery, bakery, bar, bakery, bakery, bicycle_rental, bicycle_rental, bicycle_rental, convenience, bank, mobile_phone, mobile_phone, bank, mobile_phone, ice_cream, fast_food, bicycle, hardware, tobacco, convenience, arts_centre, community_centre, clinic, clinic, clinic, clinic, florist, sports, bicycle_rental, bicycle_rental, bicycle_rental, bicycle_rental, bicycle_rental, florist, theatre, optician, artwork, events_venue, department_store, fast_food, community_centre, dentist, dentist, dentist, cafe, money_transfer, mobile_phone, school, prison, police, clinic, school, place_of_worship, convenience, bank, supermarket, place_of_worship, police, place_of_worship, place_of_worship, place_of_worship, place_of_worship, place_of_worship, place_of_worship, place_of_worship, social_centre, fast_food, fast_food, fuel, confectionery, supermarket, bank, bank, supermarket, community_centre, place_of_worship, bank, convenience, fast_food, fuel, nursing_home, place_of_worship, place_of_worship, place_of_worship, bureau_de_change, car_wash, courthouse, fast_food, fast_food, bank, variety_store, place_of_worship, doityourself, fast_food, fast_food, fast_food, bank, restaurant, mall, artwork, school, school, school, school, school, fuel, library, prison, fire_station, information, information, information, car_parts, school, school, school, artwork, hospital, bank, car_parts, social_facility, school, social_facility, studio, studio, studio, information, bank","Saint Agnes of Bohemia School, Our Lady of Tepeyac High School, Saint Marks School, Original Greater Rock Missionary Baptist Church, First Peaceful Missionary Baptist Church, Holy Star Light Missionary Baptist Church, Community Missionary Baptist Church, Douglas Park Baptist Church, Acapulco Driving School, All Nations Church of God, Assumption School, Assumption Roman Catholic Church, Saint Agnes of Bohemia Roman Chatholic Church, Missionary Crusade Church, Saint Ludmilla School, Saint Ludmillas Roman Catholic Church, Holy Rock Healing Temple, Village Gospel Center, Westlawn Gospel Chapel, The Young Church, Saint Peter All Nation Pentecostal Church of God, California Ave & 21st St, Telpochcalli Elementary School, Taqueria El Milagro, Walgreens, Doña Torta Restaurant, La Chapatta Grocery, Kedzie Ave & 21st St, California Ave & 23rd Pl, California Ave & 26th St, Saint Roman School, Gallager, Family Dollar, Millard Ave & 26th St, Manolo's Tamales, Fiesta Tapatia Restaurant, Cuernavaca Bakery, El Nopal Bakery, Heatlhy Choice Bakery, Bueno Days, Rosy’s Bakery, Tortilleria El Milagro, Jacaranda, La Baguette Bakery, La Central Bakery, Central Park Ave & 24th St, Albany Ave & 26th St, Kedzie Ave & 24th St, Mobil Mart, Byline Bank, Boost Mobile, Metro by T-Mobile, Wintrust Bank - Little Village, T-Mobile, Baskin-Robbins, Subway, Sanchez Bike Repair, Allende Hardware & Plumbing, Good Vibes, La Moreliana, Chicago Urban Art Retreat Center, Latinos Progresando Resource Center, ACCESS Centro Médico, Esperanza Little Village, ACCESS Servicios Médicos La Villita, ACCESS Centro Médico San Rafael, Jesse's Flowers & Balloons, Prosper Skate Shop, Rockwell St & Cermak Rd, California Ave & 29th St, La Villita Park, Sacramento Ave & 25th St, Troy Ave & 27th St, Crystal Flower Shop, Theatre Y, Saint Anthony, Plaza Garibaldi, Ross, Panda Express, Chicago Liberation Center, Sonrisa Family Dental, Sonrisa Family Dental, Sonrisa Family Dental, Starbucks, Western Union, Boost Mobile, Carole Robertson Center for Learning, Cook County Jail, Cook County Sherrif's Office, Cermak Health Services, Cárdenas Elementary School, Saint Nikola Serbian Orthodox Church, Mobil Mart, CIBC Bank USA, Aldi, Saints Peter and Paul Catholic Church, Chicago Police Department 10th District Station, All Nations Missionary Baptist Church, Revelation Missionary Baptist Church, Greater Zion Hill Missionary Baptist Church, Lawndale Church of Christ, John Huss United Methodist Church, Millard Avenue Baptist Church, Lawndale Mennonite Church, Casa Sor Juana, Burger King, Dunkin', Exxon, Dulcelandia, Cermak Fresh Market, Bank of America, PNC Bank, Supermercado La Chiquita, Blessed Sacrament Youth Center, Millard Congregational Church, Huntington Bank, Shell, Dunkin', Mobil, California Gardens Nursing Home, Our Lady of Tepeyac Parish, Holy Corinthians Baptist Church, Saint Roman Roman Catholic Church, New Fairfield Currency Exchange, Cook County: George N. Leighton Criminal Courthouse, Little Caesars, McDonald's, Pan American Bank, Dollar General, Douglas Park Evangelical Covenant Church, A-Z Ace Hardware, Subway, Church's Chicken, Popeyes, U.S. Bank, Taqueria Los Comales, Little Village Discount Mall, Jacques Marquette Monument, Farragut Career Academy, Spry Elementary School, Saucedo Scholastic Academy, Kanoon Magnet School, McCormick Elementary School, Shell, Little Village Branch Library, Cook County Boot Camp, Chicago Fire Department Engine Company 109, Div 4/6 Visitors Processing Center, Div 9 Visitors Processing Center, Div 5/8 Visitors Processing Center, AutoZone, Hammond Elementary School, Crown Community Academy, Madero Middle School, Little Village Arch, Saint Anthony Hospital, Old National Bank, O'Reilly Auto Parts, Saint Roman School, Stage 1, Stage 2, Stage 3, Div 11 Annex Visiting, Chase"
872664c8effffff,1,1,place_of_worship,Greater Mt. Calvary M.B.Church
872664c95ffffff,12,11,"restaurant, bicycle_rental, pharmacy, cafe, fast_food, doctors, paint, bank, chemist, funeral_directors, bank, clinic","Jet's Pizza, Bloomingdale Ave & Harlem Ave, CVS Pharmacy, Starbucks, Charleys Philly Steaks, Midwest Orthopaedics at Rush, Sherwin-Williams, Fifth Third Bank, CVS Pharmacy, Salerno’s Galewood Chapel, Bank of America, Rush North & Harlem"
872664ca0ffffff,311,78,"university, place_of_worship, bakery, convenience, bar, restaurant, restaurant, dentist, variety_store, supermarket, department_store, bar, restaurant, bar, fast_food, convenience, bar, butcher, restaurant, laundry, restaurant, restaurant, bar, clothes, restaurant, restaurant, coffee, bicycle, restaurant, bicycle_rental, bicycle_rental, bicycle_rental, bicycle_rental, arts_centre, arts_centre, restaurant, deli, alcohol, greengrocer, deli, bar, bar, bar, pub, greengrocer, convenience, fast_food, dry_cleaning, laundry, convenience, car_repair, restaurant, restaurant, jewelry, clinic, shoes, greengrocer, laundry, bakery, restaurant, fast_food, restaurant, bar, fast_food, restaurant, alcohol, fast_food, convenience, funeral_directors, laundry, optician, optician, childcare, fast_food, car_parts, bank, fast_food, alcohol, pub, bar, fast_food, shoes, ice_cream, beauty, bar, restaurant, gallery, supermarket, bakery, bar, bicycle, jewelry, bar, supermarket, hairdresser, supermarket, bar, bar, bar, bar, bar, coffee, bakery, restaurant, cafe, bar, bakery, bar, restaurant, restaurant, bar, restaurant, bakery, cafe, restaurant, restaurant, bakery, events_venue, restaurant, bicycle_rental, bicycle_rental, gallery, fast_food, restaurant, convenience, convenience, department_store, pet, convenience, car_parts, hairdresser, florist, convenience, beauty, paint, cafe, music, second_hand, bar, bicycle_rental, cafe, car_repair, bar, artwork, cafe, books, charging_station, games, variety_store, restaurant, restaurant, restaurant, bakery, video_games, restaurant, fast_food, restaurant, cafe, wine, hairdresser, music, restaurant, hairdresser, social_centre, car_repair, childcare, clothes, dentist, ice_cream, ice_cream, trade, atm, atm, cafe, fast_food, car_wash, pharmacy, mobile_phone, car_wash, ice_cream, convenience, supermarket, bakery, bakery, beauty, laundry, fast_food, restaurant, cannabis, fast_food, events_venue, restaurant, fast_food, flooring, bureau_de_change, money_transfer, artwork, community_centre, storage_rental, freeshop, pharmacy, studio, school, school, fire_station, fuel, laundry, alcohol, restaurant, fuel, social_facility, fast_food, doors, convenience, pharmacy, medical_supply, laundry, variety_store, bar, fast_food, restaurant, restaurant, restaurant, restaurant, place_of_worship, place_of_worship, place_of_worship, restaurant, place_of_worship, bank, bar, place_of_worship, greengrocer, arts_centre, fuel, hardware, social_facility, fast_food, fuel, chemist, pet_grooming, bank, bank, fast_food, bar, chemist, laundry, supermarket, place_of_worship, childcare, supermarket, fast_food, fast_food, fuel, fast_food, rental, fast_food, fuel, convenience, supermarket, storage_rental, place_of_worship, variety_store, car, doityourself, theatre, supermarket, car_repair, pet, car_repair, restaurant, fast_food, convenience, fuel, bank, school, school, bank, school, social_facility, school, university, clinic, restaurant, convenience, fast_food, convenience, storage_rental, fast_food, convenience, fuel, fast_food, school, bank, school, school, studio, studio, studio, studio, studio, studio, studio, studio, studio, storage_rental, school, garden_centre, school, bus_station, fuel","DeVry University, Local Evangelico Avondale, Cafe Con Leche, Red Star Liquor, Small Bar, EaThai, Staropolska Restaurant, Big Smile Dental, Five Below, Aldi, TJ Maxx, Revolution Brewing - Kedzie Brewery, Yusho, Chief O’Neill’s Pub & Restaurant, Taqueria Mazamitla, 7-Eleven, The Harding Tavern, Carniceria La Mejor, Tacos Tequilas, Spin Cycle, The Spice, Giordano's Pizzeria, Late Bar, Gap Factory, La Oaxaqueña, El Guanaco, Brew Brew Coffee Lounge, Kozy's Cyclery, El Gallo Bravo #2, Kosciuszko Park, Avers Ave & Belmont Ave, Central Park Ave & Elbridge Ave, Kimball Ave & Belmont Ave, Hairpin Arts Center, Elastic Arts Foundation, Friendship Chinese, Kurowski Sausage Shop, Danny's Liquors, Midtown Produce, Endy's Delicatessen, Central Park Bar, Podlasie Club, Ski's Lounge, Bialystok Pub, Milwaukee Fresh Market, J.J. Pepper's, Subway, Windy City Wash House, 7-Eleven, Van Phat, Spicy Taco, Aurelio's Diamante Jewelers, Kimball Medical Center, Foot Locker, FoodSmart Urban Market, Superwash Coin Laundry, Azucar Delights, Eat First, Subway, My Pollo, Reed's Local, Chipotle, Parachute, Albany & Elston Liquor Store, Little Clown Pizza, Supermercado Picino, Diversey Funeral Home, Spin It Up Laundry, Pearle Vision, Tropical Optical, Stepping Stones, Wingstop, AutoZone, Chase, Subway, Valumost Liquors, Edelweiss Tavern, Milano Cafe & Bar, Outdoor Grill, Camp/Us, Delicias, Savvy Coif, Live Wire Lounge, Big Bear Sushi & Thai, Night Club, Cermak Fresh Market, Kurowski’s Sausage Shop, The Walk In Chicago, Boulevard Bikes, Fervale Jewelry Inc., Sleeping Village, Adrian's Foods Market, Brothers Hair Salon, The Dill Pickle Food Co-op, Alice’s Lounge, Avondale Tap, Belford Tavern, Bristol Lounge, Brudders Bar and Grill, Cafe Fenix, Carniceria Ruiz, Chiya Chai, City Cafe, Hangovers Sports Bar and Liquor Store, Hellas Fillas, Hopewell Brewing Company, RYUU Asian BBQ & Sushi, SABA Italian Bar + Kitchen, Teddy Bear Lounge, JAM, Yo Yo Food Mfg, Kerelys Cuban Cafe & Pizzeria, La Nonna, Little Bucharest Bistro, Moonlight Vulture, Avondale Music Hall, Wherewithall, Drake Ave & Addison St, Troy St & Elston Ave, All Star Press, Dunkin', La Celia Latin Kitchen, BP Shop, BP Shop, Ross, Petco, Shell, O'Reilly Auto Parts, Great Clips, Exfolia Botanical, Rosie's Food Mart, Beauty & Soul, Benjamin Moore, The Brewed Coffee, Bric-a-Brac Records, Vintage Frills, Mother's Ruin, Albany Ave & Belmont Ave, Loaf Lounge, Casa Caidas, Consignment Lounge, Sipping Turtle Cafe, Skunk Cabbage Books, Prism Games, Family Dollar, Munchies Gyros & Pizza, Taqueria La Oaxaquena Restaurant, Don Bucio’s Taqueria, Wake N Bakery, Midlane Esports Gaming Lounge & Bar, Gorilla Sushi, Red Star Subs, Warlord, Magnifico Coffee, Deep Red Wine Merchant, The Gilded Lily, Signal Records, Common Decency, Sam’s Cuts, Logan Avondale VFW Post, Gerber Collision & Glass, Millie’s House, Discovery Clothing Company, Orthodontic Experts, Baskin-Robbins, Baskin-Robbins, Ferguson, PNC Bank, PNC Bank, Necessary & Sufficient Coffee, Dunkin', Shell, CVS Pharmacy, Total by Verizon, Shell, Baskin-Robbins, BP Shop, Windy City Produce, La Baguette Mexican Bakery, Sugar Moon, Polished, Spin Xpress Laundry, Jimmy John's, CheSa's Bistro & Bar Chicago, Bloc - Avondale, Charleys Philly Steaks, Night City, Milli By Metric, Subway, Floor & Decor, Kedzie Elston Currency Exchange, Western Union, Pope John Paul II, Chicago Democratic Socialists of America, CubeSmart, Books4Cause, Walgreens, The Fields Studios, Murphy Elementary School, Logan Square Elementary School, Chicago Fire Department Engine Company 91, Citgo, Soap Box Laundry, Binny's Beverage Depot, Golden Nugget Pancake House, BP, St. Joseph Village of Chicago, McDonald's, A-Reliable Glass & Door Corp., Citgo, CVS Pharmacy, Advanced Medical Supply, Speed Queen, Dollar Tree, PL Lounge, Los 2 Primos, Manee Thai, Brasa Roja, La Villa Restaurant, La Humita, All Saints Antiochian Orthodox Church, Logan Square Zendo, Church of the Spirit, Taqueria El Ranchito, Full Gosepl First Church, U.S. Bank, Regina & Joe Tap, Saint Nicholai United Church of Christ, Carniceria Ruiz, Puerto Rican Arts Alliance, BP, Henry Frerk Sons Inc., Northwest (Copernicus) Regional Senior Center, Burger King, Shell, Walgreens, Barksville Dog Daycare and Boarding, Bank of America, Bank of America, Mic Duck's, Belmont Tavern, Walgreens, J&M Coin Laundromat, Los Potrillos Food Market, Saint Hyacinth Roman Catholic Church, Little Einsteins, Dunkin', Little Caesars, BP, White Castle, U-Haul, Dunkin', Marathon, Marathon, Joong Boo Market, The Lock Up, Saint Wenceslaus Roman Catholic Church, Family Dollar, The Home Depot, Prop Thtr, Jewel-Osco, Jiffy Lube, Pet Supplies Plus, Firestone, Little Bucharest Bistro, Chick-fil-A, Shell, Shell, Chase, Reilly Elementary School, Saint Wenceslaus School, Fifth Third Bank, Saint Veronica School, St. Joseph Village of Chicago, Lorca Elementary School, Northeastern Illinois University - El Centro Campus, DaVita Dialysis, Olive Garden, Corner Market, Wendy's, 7-Eleven, CubeSmart, Taco Bell, Shell, Shell, Portillo's, Avondale-Logandale Elementary School, PNC Bank, Scammon Elementary School, St. Hyacinth Catholic School, 8, 7, 6, 9, 5, 4, 3, 2, 1, Extra Space Storage, ASPIRA Business & Finance High School, ASPIRA Early College High School, Belmont Transit Station, Shell"
872664ca1ffffff,541,95,"place_of_worship, place_of_worship, dojo, bar, fast_food, fast_food, bar, hairdresser, books, pub, bar, restaurant, convenience, clinic, restaurant, cafe, restaurant, bar, restaurant, cafe, bar, bar, music, jewelry, cinema, florist, bicycle, alcohol, cafe, ice_cream, cafe, bank, restaurant, convenience, bicycle_rental, bicycle_rental, bicycle_rental, bicycle_rental, car_parts, bicycle_rental, bar, restaurant, alcohol, post_office, dry_cleaning, convenience, cafe, fast_food, bar, bar, cafe, restaurant, restaurant, pub, restaurant, bar, clothes, alcohol, restaurant, restaurant, books, cafe, cafe, toys, hairdresser, veterinary, restaurant, clothes, pet, hairdresser, restaurant, restaurant, restaurant, restaurant, hairdresser, restaurant, bar, convenience, fast_food, dentist, post_office, restaurant, restaurant, clothes, musical_instrument, restaurant, restaurant, clothes, alcohol, restaurant, restaurant, bicycle_rental, hairdresser, bicycle_rental, bicycle_rental, bicycle_rental, bicycle_rental, bicycle_rental, restaurant, bakery, clothes, fashion_accessories, clothes, fast_food, bar, cafe, fast_food, restaurant, restaurant, alcohol, bar, hairdresser, restaurant, restaurant, viewpoint, houseware, dentist, beauty, pawnbroker, car_repair, fast_food, car_wash, clinic, pawnbroker, alcohol, restaurant, beauty, car_wash, car_repair, car_rental, beauty, alcohol, fast_food, restaurant, pub, restaurant, hairdresser, convenience, fast_food, beauty, restaurant, animal_boarding, dry_cleaning, fast_food, pet, cafe, convenience, second_hand, restaurant, mobile_phone, beauty, jewelry, tobacco, bar, cafe, beauty, beauty, bar, childcare, restaurant, locksmith, alcohol, restaurant, restaurant, shoes, fast_food, ice_cream, houseware, nutrition_supplements, mobile_phone, bar, alcohol, bar, restaurant, clinic, second_hand, restaurant, hairdresser, fast_food, fast_food, second_hand, clothes, shoes, clothes, restaurant, restaurant, theatre, restaurant, dentist, dry_cleaning, tobacco, convenience, beverages, convenience, restaurant, pharmacy, bar, cafe, bar, restaurant, bar, doctors, social_facility, bar, bar, restaurant, restaurant, restaurant, restaurant, bar, restaurant, alcohol, cafe, restaurant, restaurant, restaurant, restaurant, coffee, bar, bar, bakery, cafe, cafe, cafe, restaurant, restaurant, cafe, restaurant, cafe, bar, bakery, bar, bakery, restaurant, cafe, bar, restaurant, restaurant, restaurant, restaurant, restaurant, restaurant, restaurant, restaurant, restaurant, bar, restaurant, bar, bar, cafe, restaurant, restaurant, bar, ice_cream, restaurant, restaurant, bar, restaurant, restaurant, bar, pub, restaurant, pub, cafe, ice_cream, pharmacy, cannabis, cafe, tobacco, books, restaurant, artwork, convenience, cafe, paint, bicycle, bar, department_store, restaurant, clinic, bar, bar, beauty, information, bicycle_rental, bicycle_rental, restaurant, artwork, artwork, fast_food, restaurant, atm, restaurant, hairdresser, charging_station, charging_station, charging_station, charging_station, charging_station, charging_station, charging_station, hairdresser, cafe, ice_cream, cafe, ice_cream, restaurant, restaurant, fast_food, cannabis, dentist, gift, cafe, tattoo, clothes, alcohol, repair, mobile_phone, fast_food, bar, tattoo, tattoo, gift, restaurant, laundry, pet, cheese, hairdresser, doityourself, paint, dojo, jewelry, restaurant, books, gift, dentist, bar, hairdresser, convenience, restaurant, theatre, bar, restaurant, restaurant, veterinary, florist, restaurant, fast_food, restaurant, doctors, theatre, laundry, dry_cleaning, hairdresser, restaurant, restaurant, pawnbroker, convenience, restaurant, dry_cleaning, toys, pet_grooming, bar, musical_instrument, art, restaurant, cafe, fast_food, fast_food, mobile_phone, ice_cream, cannabis, pharmacy, restaurant, car, charging_station, car_rental, information, information, information, information, information, information, information, information, information, information, bar, cafe, antiques, fast_food, fast_food, esoteric, esoteric, books, convenience, hardware, bicycle, appliance, department_store, place_of_worship, convenience, place_of_worship, restaurant, supermarket, place_of_worship, information, place_of_worship, place_of_worship, place_of_worship, place_of_worship, arts_centre, clinic, fast_food, laundry, place_of_worship, childcare, chemist, place_of_worship, laundry, childcare, arts_centre, sports, place_of_worship, place_of_worship, social_facility, art, attraction, school, chemist, fuel, convenience, fire_station, place_of_worship, place_of_worship, childcare, convenience, tyres, bar, place_of_worship, supermarket, fast_food, bank, pharmacy, restaurant, restaurant, restaurant, theatre, fast_food, place_of_worship, bicycle, supermarket, place_of_worship, restaurant, fast_food, bank, restaurant, variety_store, restaurant, bank, fast_food, convenience, storage_rental, events_venue, kindergarten, camera, social_facility, restaurant, dry_cleaning, post_office, place_of_worship, school, fast_food, police, convenience, dentist, convenience, scuba_diving, convenience, convenience, bar, bank, fuel, bar, fuel, restaurant, place_of_worship, storage_rental, clothes, tiles, fast_food, optician, car_repair, place_of_worship, place_of_worship, music, cinema, place_of_worship, hairdresser, place_of_worship, car_repair, fast_food, fast_food, convenience, clinic, fuel, restaurant, bank, place_of_worship, bar, place_of_worship, fuel, childcare, place_of_worship, childcare, library, fuel, convenience, school, school, school, school, fuel, fuel, cafe, guest_house, school, school, school, restaurant, restaurant, farm, bank, school, bicycle_rental, second_hand, garden_centre, bicycle_rental, fast_food, bicycle_rental, bus_station","Antioch Church of God Mountain Assembly, Fairfield Avenue Baptist Church, Hapkido and Karate School, Logan 11 Bar & Kitchen, Rosati's, Subway, Cole's Bar, Hairitics... Dye For Your Beliefs, Challengers Comics, The StopAlong, Green Eye Lounge, Belly Shack, Milwaukee Dollar Plus, Weissbluth Pediatrics, Soul del Sur, Cafe Bella, El Cid #2, Floyd's Pub, Lula Cafe, New Wave Coffee, Roundhouse, The Burlington, Disco City #8, Torres-Omar Jewelry, Logan Theater, Fleur, Vern and Sonny’s, Vas Foremost Liquors, Gaslight Coffee Roasters, Miko's Italian Ice, Starbucks, Citibank, Taqueria Moran, 7-Eleven, California Ave & Milwaukee Ave, Milwaukee Ave & Rockwell St, Stave St & Armitage Ave, Western Ave & Winnebago Ave, Julio's Auto Parts, Kedzie Ave & Palmer Ct, Best Intentions, Masa Azul, Bucktown Food & Liquor, Mandy's Cleaners, Tropicuba, Cafe Mustache, Subway, The Whistler, Township, Bang Bang Pie Shop, Dos Urban Cantina, Reno, Innjoy, Sultan's Market, Webster's Wine Bar, Mevyn, Logan Liquors, Choi's Chinese, Azucar, Dark Tower Comics, Flipside Cafe, Intelligentsia, Play, Sparrow, Logan Square Animal Hospital, La Lunita, Wolfbait & B-Girls, Logan Square PetShoppe, The Bird's Nest, Osteria Langhe, Scofflaw, Sink|Swim, Dena Kitchen, Marin Hair, El Nuevo Borinquen, Easy Does It, 7-Eleven, Papa John's, Advantage Dental, The UPS Store, China Fast Wok, El Rinconcito Cubano, Rocky + Luella, Shake Shop, El Ñandú, Deborincuba Restaurant, Mia Mora, Bucktown Food & Liquor, Wonder Chop Sushi & Chinese, Fullerton Restaurant, Richmond St & Diversey Ave, Barbara & Barbara, California Ave & Altgeld St, Campbell Ave & Fullerton Ave, Humboldt Blvd & Armitage Ave, Armitage Ave & Spaulding Ave, California Ave & Francis Pl, La Bomba, La Estrella, Tusk, Busy Beaver Button Co., Shop 1021, Banh Mi Spot, The Gallery Cabaret, Ipsento, Las Asadas, Quesadilla la Reina del Sur, Birrieria Estilo Jalisco, Danny's Liquors, Tap Room, Art + Science, Le Café Station Grill, Dante's Pizzeria, Eskell, 1st Dental, Logan Square Nail Salon, Cash America Pawn, Logan Square Auto Repair, Philly's Best, Fullerton-Kimball Medical Surgical Center, Chicago Superpawn, Moneil Food & Liquors, Jibaritos y Mas, Chez Francis Salon, Windy City Hand Car Wash, Fasttrack Auto Center, Avis, Vishu Food & Liquor, Garden Grill, Cheng Chopsticks, Red Lion Grill, SFR, Yohel's Barber Shop, California Foodmart, Little Mel's, Penny Lane, Estrella Negra, Zen Dogs Chicago Logan Square, Mister ""G"" Cleaners, Nashville Hot Chicken, Your Pet's Wellness, Cellar Door Provisions, Diversey Market, My Grandma's Attic, Restaurant Ecuador, TCS Wireless, Look's Nails, Joyeria Moreira's, Roots, The Heavy Feather, DAS, Spa DaBin, Asia Nails, Black Lion, Rainforest Pre-School & Infant Center, Ravinia Brewing Co. - Chicago Taproom, Chicago Locksmiths, R&S Food & Liquors, Lee's Chop Suey, Boulevard Bistro, Skechers, Chipotle, Forever Yogurt, HomeGoods, The Vitamin Shoppe, Verizon, The Corner Bar, Acapulco Night Club, Monster Ramen, Logan Square Medical & Aesthetic Center, Logan Square Resale Shop, Sakura, Who's Next, Papa Ray's Pizza & Wings, Dunkin', Three Stars Resale Shop, Moooh Dulce, Air Gordons, Felt, Ugo's, Yacht 57, Logan Square Auditorium, Giant, Brite Dental, Smart Cleaners, Vaperite Smoke Shop, Supermercade Barrera, Owen + Alchemy, El Condor, NoodleBird, Walgreens, Estereo, Damn Fine Coffee Bar, Spilt Milk, Serai, Deadbolt Bar, Presence Medical Group, WIC Food Center, Navigator Taproom, Golden Teardrops, Lonesome Rose, Punta Cana Restaurant, Super Jalapeno Grill, El Heredero, The Moonlighter, Bixi Beer, Los Artistas, Four Letter Word, Taste of Havana, Pizza Lobo, The Whale, Arbor, Bang Bang Pie & Biscuits, Billy Sunday, Bob Inn, Brasil Legal Cafe, Café Tola, Caffè Umbria, Caribella, Casa Yari, Cellar Door Provisions, Cherubs, Daisies, Dark Matter Coffee - Electric Mud Coffee Bar, Emporium - Logan Square, GBD Cakes and Sweets, Go Tavern and Liquors, Guatelinda Bakery, Same Day Cafe, Sip of Hope, Slippery Slope, Paulie Gee's, Penumbra Restaurant & Wine Bar, Ramen Wasabi, The Spice Room, Table, Donkey and Stick, Taqueria El Heredero, The Bento Box, The Crab Pad, La Victoria, The Native, The Moonlighter, The Owl, Whirlaway Lounge, Katherine Anne Confections, La Boulangerie, Longman & Eagle, Maplewood Brewery & Distillery, Margie’s Candies, The Duplex, Mi Tocaya Antojería, O’s Tap, Sazon Cubano, Daisies, Off Site Bar, Middle Brow Bungalow, Superkhana International, Pilot Project Brewing, La Colombe Coffee Roasters, Pretty Cool Ice Cream, Walgreens, MOCA (Modern Cannabis), Snakes & Lattes, Smoke Station, Uncharted Books, Mucho Gusto Barra + Cocina, Greetings from Chicago Mural, Mobil Mart, MeLatte Coffee Shop, Sherwin-Williams, Four Star Family Cyclery, Cara Cara Club, Target, Raiz Kitchen & Sushi, Advocate Medical Group, Life on Marz Community Cafe, Still Life by Solemn Oath, European Wax Center, Logan Square, Kedzie Ave & George St, Milwaukee Ave & Fullerton Ave, Tacos Loteria, Helping Hand, Dunkin', Sweet Rice Thai Street Food, Bank of America, Andros Taverna, Black River Barbershop, Tesla Destination Charger, Tesla Destination Charger, Tesla Destination Charger, Tesla Destination Charger, Tesla Destination Charger, ChargePoint, ChargePoint, Definition Barbershop, Starbucks, Jeni's Splendid Ice Creams, Stay Café, Logan Vegan, Chef's Special, Federales, Big Wig, Grasshopper Club, Modern Dental Logan Square, Pixie and the Boy, ARWA Yemeni Cafe, Next Level Tattoo, phayes, Your Happy Places, Ubreakifix, Verizon, Taco Bell Cantina, Welcome Back Lounge, Logan Square Tattoo, Fundamental Body Piercing Company, Steel Petal Press, Sushi Taku, Bubbleland, Jules Pet Shop, Beautiful Rind, Logan Square Barbershop, Ace Hardware, Benjamin Moore, Vianna Brothers Brazilian Jiu Jitsu, Fausto’s Jewelry, Palilgu, Open Books, Logan Arch, Apple Dental Care, Bad Habit, Little Broken Things, Exotic Snack Guys, Souk, Logan Square Improv, Quality Time, Manchamanteles, Akahoshi Ramen, Sploot Veterinary Care - Logan Square, Olivoflowers Boutique, Fry Like An Eagle, Sweetgreen, KFire, Innovative Primary Care, The Lincoln Lodge, Mighty Clean Coin Laundry, Chee Cleaners, Lucy's Hair Salon, Kyōten, Kyōten Next Door, South Loop Market, Namaste Chicago, New Star Cleaners, Nakama Toys, Squeaky Bea's, La Licor Panamericana, Evolution Music, Galerie Fledermaus, Puebla Restaurant, Allez Café, Onions & Cilantro, Taco Nazo Express, Cricket Wireless, Baskin-Robbins, Ivy Hall Dispensary - Logan Square, Walgreens, Three Wheels, Drive Away Motors, Tesla Supercharger, Budget, Babe's Sports Bar, Logan Collective, Covet Oddities and Macabre Gallery, Subway, Wingstop, De Duallé, Sideshow Gallery, City Lit Books, Family Food & Beer, WISCO Welding Industrial Supply, Oscar Wastyn Cycles, Grand Appliance, Target, Saint Paraskeva Petka Church, Super Mercado Brisa Foods, Old Holy Resurrection Serbian Orthodox Church, Logan Eats, Armitage Produce, Kimball Avenue Evangelical Congregational Church, Palmer Sqaure, Adidam Midwest Center, Temple of Kriya Yoga, Armitage Baptist Church, The Church of Jesus Christ of Latter-day Saints, Aloft Circus Arts, Logan Square Family Health Center, McDonald's, Laundryland, Saints Peter and Paul Romanian Greek-Catholic Church, Diversey Day Care, Walgreens, Grace United Methodist Church of Logan Square, Scrub-A-Dub, A-Karrasel Child Care Center, Charnel House, Viking Ski & Snowboard Shop, Iglesia Adventista Logan Square, Norwegian Lutheran Memorial Church, Christopher House - Logan Square Family Resource Center, Comfort Station, Illinois Centennial Monument, Darwin Elementary School, Walgreens, BP, BP Shop, Chicago Fire Department Engine Company 43, Palestine Christian Temple, Iglesia Azianza Christiana y Misionera Hispana, El Yunque, Remedy, Liberal Catholic Church of Saint Francis, FoodSmart, McDonald's, PNC Bank, Walgreens, Arturo's Tacos, Los Fuentes, The Art of Chicken, Concord Music Hall, Turbo Tacos, Humboldt Park United Methodist Church, The Bike Lane, Agora Market, Immanuel Lutheran Church, Taqueria Los Comales #11, Wendy's, Chase, Dimo's Pizza, Dollar Tree, Cozy Corner Diner, PNC Bank, Sam's Red Hots, Tamazula Grocery, The Lock Up, The Joinery, Cortland Preschool, Dodd Camera, New Moms, Parson's Chicken & Fish, All Pro Cleaners, Roberto Clemente Post Office, Saint Sylvester's Church, St. Sylvester's School & Hall, Redhot Ranch, Chicago Police Department 14th District, Shell, NK Family Dental, Amoco, Learn Scuba Chicago, BP Shop, Chicago Distilling Company, Liberty Bank, Mobil, Logan Arcade, Old Style Gas Station, Fat Willy’s Rib Shack, Saint Andrew Romanian Orthodox Church, Hollander Storage, Dos de Oro, Tile Outlet, Domino's, Aardvark Eyewear, Valvoline, St. Paul Coptic Orthodox Church, Saint John Berchmans Parish, Logan Hardware, Regal City North Stadium 14 IMAX & RPX, Bethel International Full Gospel Church, Joe's Barber Shop, New Community Covenant Church, Midas, Burger King, Popeyes, BP Shop, California-Fullerton Medical Center, IHOP, Wintrust, Iglesia Central Hispana de los Adventistas del Septimo Dia, Emporium Logan Square, Eleventh Church of Christ, Scientist, Amoco, La Escualita Daycare, Celestial Vision, Little Bird Prep, Logan Square Branch Library, Shell, Marathon, Brentano Elementary Math and Science Academy, Chase Elementary School, Saint Sylvester School, Goethe Elementary School, BP, BP, Red June, Ray's Bucktown Bed & Breakfast, Pulaski International School, Yates Elementary School, Moos Elementary School, El Habanero, Il Girasole Trattoria, Logan Square Farmer's Market, PNC Bank, St. John Berchmans School, Kedzie Ave & Milwaukee Ave, Village Discount Outlet, Albany Ave & Bloomingdale Ave, Subway, Logan Square Bus Terminal"
872664ca2ffffff,141,38,"school, school, school, school, place_of_worship, school, place_of_worship, school, fast_food, car_wash, restaurant, convenience, restaurant, restaurant, chalet, place_of_worship, variety_store, department_store, bakery, cafe, restaurant, cafe, musical_instrument, bakery, bakery, fast_food, ice_cream, fast_food, mobile_phone, ice_cream, fast_food, mobile_phone, mobile_phone, fast_food, hairdresser, dentist, bicycle_rental, bicycle_rental, bicycle_rental, bicycle_rental, bicycle_rental, supermarket, laundry, bicycle_rental, bicycle_rental, bicycle_rental, convenience, ice_cream, bicycle_rental, bicycle_rental, post_office, fast_food, restaurant, variety_store, pharmacy, restaurant, doctors, storage_rental, bicycle_rental, bicycle_rental, mobile_phone, mobile_phone, clothes, ice_cream, fast_food, money_transfer, school, fast_food, fast_food, bank, chemist, social_facility, convenience, car, car, car, social_facility, convenience, car_parts, car_repair, fuel, convenience, car_wash, restaurant, place_of_worship, fuel, place_of_worship, restaurant, money_transfer, optician, clinic, variety_store, laundry, fast_food, supermarket, pharmacy, fast_food, fuel, social_facility, place_of_worship, post_office, fire_station, school, place_of_worship, supermarket, place_of_worship, fast_food, convenience, place_of_worship, place_of_worship, place_of_worship, pharmacy, supermarket, bureau_de_change, hardware, social_facility, fast_food, fast_food, place_of_worship, supermarket, mobile_phone, convenience, library, fuel, fuel, fast_food, place_of_worship, school, school, school, school, school, place_of_worship, fuel, convenience, supermarket, bank, supermarket, school, cafe, restaurant","Midwest Christian Academy, Austin Special Sheltered Work Center, Mid-America Beauty School, Logan Day Care Center for Retarded Children, Holy Communion Lutheran Church, Northwestern Business College, Smyrna Korean Presbyterian Church, Tiny Tots Day Care Center, Taco Burrito King, Koziol Car Wash, La Cabaña de Don Luis #3, Martha's Food Market, Poncitlan Jalisco, Taqueria y Restaurant Poncitlan, Casa Maggie, Ministerio Renacer, Family Dollar, Burlington, Carnicerias Jimenez, Señor Pan Café, Sol de Mexico, Tutti Frutti Coffee Shop, La Voz Hispana, Mr Cake, Laramie Bakery & Deli, Subway, Baskin-Robbins, Little Caesars, Metro by T-Mobile, Baskin-Robbins, Dunkin', Boost Mobile, T-Mobile, Papa John's, High Dynasty Fade Barbershop, ABC Dental, Lockwood Ave & Wrightwood Ave, Lamon Ave & Belmont Ave, Kilpatrick Ave & Parker Ave, Kenosha Ave & Wellington Ave, Kilbourn Ave & Roscoe St, Centro Fresh Market, WaveMAX Laundry, Leclaire Ave & Belmont Ave, Cicero Ave & Roscoe Ave, Kostner Ave & Belmont Ave, Food Market Santa Fe, Baskin-Robbins, Cicero Ave & Wrightwood Ave, Long Ave & Belmont Ave, The UPS Store, Subway, Hangry's, Dollar Tree, Walgreens, Pozoleria El Mexicano, Chicago Skin Clinic, W.F. Halls Self Storage, Long Ave & Diversey Ave, Lavergne Ave & Diversey Ave, Cricket Wireless, Total by Verizon, Discovery Clothing Company, La Michoacana, Domino's, Western Union, Foreman College and Career Academy, Dunkin', KFC, Old National Bank, Walgreens, Belmont Village Senior Apartment, Citgo, Alpha Motors, Windy City Motors, Midtown Toyota, Senior Suites of Kelyvn Park, Shell, O'Reilly Auto Parts, Jiffy Lube, Citgo, Citgo, Citgo, Astoria, Maranatha - The House of God / La Casa de Dios, Citgo, Saint Stephens Evangelical Lutheran Church, Cozy Corner Diner & Pancake House, Check Cashers, Spex, Oak Street Health - Hermosa Primary Care, Dollar Tree, Blue Kangaroo Laundromat, Burger King, Tony's Fresh Market, Walgreens, McDonald's, Shell, After School Matters, Midwest Bible Church, Irving Park Post Office, Chicago Fire Department Engine Company 7, Grace School, Iglesia Crstiana de la Familia, Morelia Supermarket, Saint Genevieves Roman Catholic Church, Dunkin', Marathon, Maplewood Bible Baptist Church, Jehovahs Witnesses Northwest Unit, Evangel Assembly of God Church, Walgreens, Cermak Fresh Market, Laramie Diversey Currency Exchange, Polski True Value Hardware, Northwest Center, Popeyes, Taco Bell, Northwest Community Church, Carniceria Jimenez, T-Mobile, Clark's Pump-N-Shop, Portage-Cragin Branch Library, Clark, Marathon, KFC, Saint Bartholomews Roman Catholic Church, Saint Bartholomew School, Falconer Elementary School, Schubert Elementary School, Barry Elementary School, Saint Genevieve School, Grace English Evangelical Lutheran Church, Citgo, Citgo, Aldi, Chase, Walmart Supercenter, Intrinsic Charter School, Starbucks, Breakfast House"
872664ca3ffffff,215,62,"place_of_worship, place_of_worship, place_of_worship, school, tobacco, bicycle, hairdresser, florist, ice_cream, money_transfer, restaurant, fast_food, bakery, clothes, confectionery, doctors, variety_store, clothes, hairdresser, variety_store, kindergarten, variety_store, greengrocer, convenience, convenience, bar, restaurant, bar, viewpoint, restaurant, restaurant, art, restaurant, clinic, clinic, beauty, jewelry, convenience, nightclub, tyres, clinic, dojo, restaurant, art, sports, post_office, museum, restaurant, bakery, coffee, bakery, bakery, supermarket, bakery, bakery, bar, restaurant, cafe, restaurant, bar, restaurant, restaurant, bakery, bar, bakery, bakery, cafe, bakery, bakery, social_facility, library, restaurant, bicycle_rental, bicycle_rental, farm, restaurant, convenience, bicycle, department_store, car_wash, bicycle_rental, department_store, hardware, mobile_phone, laundry, alcohol, bicycle_rental, antiques, cafe, restaurant, bicycle_rental, bicycle_rental, bicycle_rental, bicycle_rental, gallery, bakery, fast_food, mobile_phone, bank, pharmacy, pharmacy, viewpoint, artwork, artwork, artwork, information, information, artwork, artwork, artwork, artwork, artwork, ice_cream, mobile_phone, fast_food, beauty, variety_store, dentist, laundry, restaurant, alcohol, jewelry, restaurant, restaurant, community_centre, social_facility, place_of_worship, place_of_worship, place_of_worship, fire_station, place_of_worship, fuel, fast_food, place_of_worship, place_of_worship, museum, place_of_worship, car, convenience, bank, convenience, bar, place_of_worship, variety_store, place_of_worship, fast_food, supermarket, convenience, place_of_worship, convenience, supermarket, storage_rental, chemist, fuel, fuel, fuel, place_of_worship, place_of_worship, supermarket, place_of_worship, place_of_worship, place_of_worship, place_of_worship, restaurant, bar, money_transfer, laundry, bakery, fast_food, restaurant, fast_food, car_repair, convenience, car_wash, school, bakery, supermarket, hotel, car_repair, dentist, childcare, place_of_worship, school, place_of_worship, restaurant, car_repair, tyres, herbalist, alcohol, social_facility, clinic, hardware, music, supermarket, supermarket, dentist, social_facility, variety_store, laundry, supermarket, school, school, school, school, school, school, school, chemist, car_parts, social_facility, school, fuel, car_wash, social_facility, school","Church of God, Bible-Way Pentecostal Church, Kelvyn Park Presbyterian Church, Prince of Peace Lutheran School, Tobacco Land, Armitage Bike Shop, Nuevo Estilo, Celeste's Flower Shop, Palateria Monarca, Burrito Joint, Pozoleria Iguala #1, Marie's Bakery, Ecuador Fashion, Dulce Landia, Crystal Optical, Jaber Dollar Store, Fantasticos Tuxedo Rental, Lina's Beauty Salon, Dollar Day Plus, Peachtree Nursery and Preschool, Blue Island Variety Discount Center, Dona Maris Carniceria y Fruteria, Familia Foods, Lyndale Foods, Weegee's Lounge, Juanita's Puerto Rican Cuisine, The Double Urban Tavern, Raymond's Tacos, Vito & Angelo Pizzeria, Agent Gallery, El Pacifico, Garcia Medical Center, Neuro-Orthopedic Clinic, Joyeria Bahena, City Food Mart, Las Vegas Nightclub, Luis & Son, Prius Medical Center, Ultimate Kicks Tae Kwon Do, Cafeteria Marcela's, Beauty & Brawn Art Gallery & Think Space, Intersports, USPS Finance Station ""K"", Busy Beaver Button Museum, Park & Field, Bakery Chef, Cafeteria Marcelas, La Central Bakery, Carniceria Jimenez, Carnicerias Jimenez, Guadalajara Bakery, Hermosa, Pipeworks Brewing, Rica Arepa, Stewarts Private Blend Coffee, Tacotlan, Uncle Mikes Sports Bar, The Little Pickle, L’ Patron Tacos, La Canasta Bakery, La Lena Restaurant, Newly Weds Foods, North Pulaski Fresh Market, Pan Artesanal, La Perla Tapatia Bakery, Latin American Bakery, Trina Davila Community Services Center, North Pulaski Branch Library, Flat & Point, Central Park Ave & Bloomingdale Ave, Keystone Ave & Fullerton Ave, Four Star Mushrooms, Gabriela’s Carnitas, BP Shop, International Bike Shop, Cook Brothers, Mobil, Kilbourn Ave & Belden Ave, Burlington, Studio 41, Boost Mobile, Wash U Coin Laundry, Pioneer Liquor, Kostner Ave & Wrightwood Ave, Beyond Grandma's House, Tasa Coffee Roasters, El Cubanito, Springfield Ave & North Ave, Kildare Ave & North Ave, Karlov Ave & Armitage Ave, Lowell Ave & Armitage Ave, M. LeBlanc, Central Bakery, Wingstop, Boost Mobile, Chase, CVS Pharmacy, Walgreens, St.Louis Overlook, Birds Watching, Graffiti Garden, Graffiti Garden, Graffiti Garden, Graffiti Garden, Graffiti Garden, La Michoacana, Metro by T-Mobile, Subway, Lucky Nails, Dollar Island, Moneda Lavanderia, Googoo's Table, MKR Food & Liquor, Madrid Jewelry, El Azteca, Omarcito's Latin Cafe, Segundo Ruiz Belvis Cultural Centertr, Youth Service Project, Saint Stephens United Church of Christ, Saint Marks Evangelical Lutheran Church, First General Baptist Church, Chicago Fire Department Engine Company 76, Highway of Holiness Bible Way Pentecostal Church, Shell, Dunkin', Hermosa-Salem United Methodist Church, Saint Timothy Evangelical Lutheran Church, Walt Disney Birthplace House, Saint Paul Congregational Church, Joseph Motors, Shell, Old National Bank, Shell, The Levee, Saint Philomena Roman Catholic Church, Dollar Tree, Kildare Avenue Baptist Church, McDonald's, Cermak Produce, Shell, Church of God, Mobil Mart, Aldi, Public Storage, CVS Pharmacy, Shell, Mobil, BP, Northwest Missionary Baptist Church, Hauge Evangelical Lutheran Church, Rico Fresh Market, Iglesia Asamblea de Dios Roca de Salvacion, Iglesia De Dios (Israelita), Jehova El Buen Pastor Evangelical Church, Chicago Baptist Church Of Logan Square, Los Gamas Tortilleria y Restaurante, Rosa's Lounge, Western Union, H.T. Laundromat, Panaderia La Canasta, Jack's Hot Dog, Wyler Road, Fast Food Place, Servicio Martinez, Armitage Food, R & S Car Wash, Jehovah School, Xocoatl, North Pulaksi Fresh Market, Fullerton Hotel, Kangaroo Korner Learning Center, First Lutheran Church of Logan Square, Our Lady of Grace Church, Festa Pizzeria, RV Tire Shop, Botanica El Gran Poder Divino, La Caridad, Infant Welfare Society of Chicago, Centro Medico, Yu Hardware, Saki, Plaza Jiminez, Carniceria Jimenez, Aspira, Family Dollar, J&S Landromat Lavanderia, Tony's Fresh Market, Mozart Elementary School, Marine Leadership Academy, Funston Elementary School, William Nixon Elementary School, Kelvyn Park High School, Our Lady of Grace School, McAuliffe Elementary School, Walgreens, AutoZone, North & Pulaski Apartments, North-Grand High School, Shell, Sudz Express Car Wash, Pritzker College Prep"
872664ca4ffffff,232,53,"cafe, restaurant, bakery, cafe, convenience, second_hand, charity, bar, laundry, restaurant, restaurant, cafe, fast_food, restaurant, pub, restaurant, laundry, convenience, fast_food, restaurant, laundry, laundry, paint, veterinary, veterinary, convenience, music, fast_food, bar, convenience, mobile_phone, music, place_of_worship, hairdresser, restaurant, bar, furniture, video_games, childcare, bakery, bar, bar, bar, coffee, bakery, travel_agency, bakery, restaurant, bakery, bakery, restaurant, bar, cafe, bakery, bakery, bar, restaurant, bar, bakery, bakery, restaurant, bar, cafe, bar, bakery, restaurant, bakery, bakery, bar, cafe, bakery, restaurant, bakery, restaurant, bar, childcare, library, bicycle_rental, bicycle_rental, bicycle_rental, bicycle_rental, bicycle_rental, bicycle_rental, bicycle_rental, bicycle_rental, fast_food, fast_food, convenience, mobile_phone, restaurant, ice_cream, fast_food, bank, fast_food, ice_cream, fast_food, mobile_phone, restaurant, post_office, supermarket, supermarket, bicycle_rental, bicycle_rental, supermarket, laundry, pharmacy, supermarket, money_lender, restaurant, jewelry, restaurant, restaurant, restaurant, supermarket, restaurant, fast_food, fast_food, restaurant, gallery, tattoo, gallery, art, doityourself, car_parts, bicycle, school, restaurant, picnic_site, picnic_site, picnic_site, picnic_site, restaurant, information, artwork, artwork, restaurant, restaurant, second_hand, information, cafe, pub, money_transfer, bicycle_rental, community_centre, restaurant, restaurant, cafe, craft, convenience, fast_food, clothes, restaurant, ice_cream, ice_cream, fast_food, mobile_phone, school, school, school, school, school, school, place_of_worship, car_repair, post_office, antiques, chemist, place_of_worship, bank, fast_food, place_of_worship, second_hand, place_of_worship, bar, convenience, place_of_worship, place_of_worship, supermarket, car_repair, community_centre, pharmacy, fire_station, place_of_worship, fuel, place_of_worship, restaurant, second_hand, bank, social_facility, car_parts, place_of_worship, variety_store, place_of_worship, bakery, supermarket, car_parts, place_of_worship, chemist, convenience, variety_store, place_of_worship, restaurant, fast_food, hardware, restaurant, cafe, place_of_worship, place_of_worship, place_of_worship, place_of_worship, place_of_worship, place_of_worship, school, place_of_worship, school, bar, fast_food, restaurant, place_of_worship, convenience, museum, bar, bakery, place_of_worship, social_facility, bank, social_facility, social_facility, fast_food, bicycle_rental, fuel, picnic_site","First Slice, Salam, Al Khyam Grocery, Bakery & Restaurant, Starbucks, Blanz Pantry, Village Thrift Store, The Salvation Army, LeaderBar Drafthouse & Eatery, The Friendly Wash, Easy Street Pizza & Patio, Mi Cuidad, Beograd Cafe, Dunkin', Dharma Garden, Fuller's Pub, The Famous Taco Burrito, Mr Bubble, 7-Eleven, Subway, Lo's China Kitchen, Sherwin-Williams, Ravenswood Animal Hospital LLC, VCA Animal Hospital, 7-Eleven, The Music Store, Alex's Hot Dogs, Serbian Village, Cactus Food & Liquors, Boost Mobile, Bloodshot Records, First Korean Methodist Church, Doll Revolution, Brasa Roja, Surge Coffee Bar & Billiards - Albany Park, Rent-A-Center, GameStop, Ravenswood Manor Child Care, Alegre Bakery, Angelo’s Wine Bar, Angie’s Bar & Grill, Brickhouse Bar & Grill, Brü Coffeeworks, Cafe Urbano, Quizhpi Express, Cassava, Chicken Works & Salad Company, Durango Bakery, El Trigal Mexicana Bakery, Great Sea Chinese Restaurant, Hearth and Crust, Healthy Smoothies & Nutrition, Salgado’s Bakery, Salgado's Bakery, Peacock Liquors, Raisu Japanese Fine Dining, T & A Too, Tannourine Bakery, Tanos Bakery, Ixcateco Grill, The Kedzie Inn, Ur Cafe, Windy City Playhouse, Lebnan Sweets, Kabobi Persian & Mediterranean Restaurant, La Baguette Bakery, La Casa del Pan Bakery, Lizard’s Liquid Lounge, Lucky Charm Cafe, Markellos Baking Company, SUBO Filipino Kitchen, New York Bakery, Noon O Kabab, Oaza Restaurant, Rainbow School Daycare, Independence Branch Library, Leland Ave & Kedzie Ave, Albany Ave & Montrose Ave, Manor Ave & Leland Ave, Drake Ave & Montrose Ave, Christiana Ave & Lawrence Ave, Sawyer Ave & Irving Park Rd, Bernard St & Elston Ave, Monticello Ave & Irving Park Rd, Popeyes, Subway, BP Shop, T-Mobile, Jet's Pizza, Baskin-Robbins, Dunkin', Chase, Dunkin', Baskin-Robbins, Subway, T-Mobile, House of Wah Sun, Chicago Post Office Station Q, Lindo Michoacán, Sahar International Market, Francisco Ave & Montrose Ave, Whipple St & Irving Park Rd, Dollar City, Wash & Dry Coin Laundry, Mariam Pharmacy, Chicago Produce, Kedzie Irving Currency Exchange, Halal Inn, Baladna Jewelry, Antepli Turkish Gourmet, Dulce De Leche Cafe, Burrito House, Montrose Supermarket & Taqueria, Maman Zari, Taco Bell, KFC, Restaurant Los Molcajetes, Color Club, Twisted Tattoo, Ruschman, Lot'sa, The Stripp Joynt, Genesis Auto Supply, DS Bicycles, Aspira Haugen Middle School, El Alebrije, Horner Picnic Grove, Horner Picnic Grove, The Sugar Hole, Hope and Renewal, Hope and Renewal, Wok cuisine, Lao Der, Community Donation Center, Khepri Cafe, Templestowe Pub, Western Union, Troy St & Grace St, First Bulgarian Center, Zaab E Lee, The Churro Waffle, Miko's Italian Ice, Inclement Craft, Sai Food Mart, GT’s Fast Food #2, The Scent Queens Candle & Apothecary Shoppe, JT's Genuine Sandwich Shop, La Michoacana, La Michoacana, Panda Express, Cricket Wireless, Roosevelt High School, North River Elementary School, Haugan Elementary School, Bateman Elementary School, Cleveland Elementary School, CICS Irving Park School, Makki Masjid, Auto Body, Daniel J. Doffyn Post Office, Lincoln Antique Mall, Walgreens, Immaculate Heart of Mary Roman Catholic Church, U.S. Bank, McDonald's, Chicago Central Mosque & Islamic Center, Unique Thrift Store, New Apostolic Church, Christina's Place, 7-Eleven, Bethany United Methodist Church, Celestial Church of Christ, Tony's Fresh Market, Andy's Collision Center, Women’s Community Club Building, CVS Pharmacy, Chicago Fire Department Engine Company 124, Renewed Hope UMC, BP, Christ Evangelical Lutheran Church, Kale My Name, Village Thrift Store, Albany Bank & Trust, American Indian Center, Advance Auto Parts, Saint Stephen of Decani Serbian Orthodox Church, Famliy Dollar, Grace Evangelical Covenant Church, Sanabel Bakery & Grocery, Cermak Fresh Market, AutoZone, Bethel United Methodist Church, Walgreens, 7-Eleven, TJ Dollar Bazaar, Chicago Milal Church, Wok cuisine, McDonald's, Jay's True Value Hardware, Golden Crust Pizzeria, Nighthawk Chicago, Madinah Masjid (sunni sufi qadri), Chicago Korean Seventh Day Adventist Church, First Korean United Methodist Church, Alliance Holiness Church, Our Lady of Mercy Roman Catholic Church, Tabor Evangelical Lutheran Church, Patrick Henry Elementary School, Park View Lutheran Church, Disney II Magnet School - Lawndale, Pete’s Place, Burger King, Cascabel Taco Joint, Gospel Chapel, Shell, National Cambodian Heritage Museum, Montrose Saloon, Korean Christian Reformed Church, Senior Suites Ravenswood Manor, Chase, Darul Amaan Senior Apartments, G&A Senior Residence at Kedzie, Emma's Fruitas, California Ave & Montrose Ave, Shell"
872664ca5ffffff,274,73,"school, place_of_worship, place_of_worship, place_of_worship, school, supermarket, pub, hobby, alcohol, boat_rental, fast_food, clinic, restaurant, bicycle_rental, bicycle_rental, bicycle_rental, hairdresser, bar, fast_food, fast_food, bar, alcohol, clinic, bank, video_games, variety_store, restaurant, music, restaurant, music, fast_food, fast_food, mobile_phone, ice_cream, fast_food, fast_food, restaurant, beauty, mobile_phone, restaurant, beauty, bed, fast_food, charging_station, restaurant, restaurant, hairdresser, restaurant, dry_cleaning, restaurant, cafe, restaurant, second_hand, dry_cleaning, convenience, restaurant, books, bar, restaurant, bar, bar, bar, pub, bar, cafe, bar, bar, bakery, cafe, bar, restaurant, bakery, bar, bar, bar, bar, restaurant, restaurant, fast_food, bicycle_rental, bicycle_rental, driving_school, artwork, artwork, bicycle_rental, bicycle_rental, bicycle_rental, bicycle_rental, restaurant, bicycle, internet_cafe, fast_food, veterinary, fast_food, restaurant, fast_food, shoes, dentist, hairdresser_supply, shoes, mobile_phone, clothes, clothes, cafe, pet, nutrition_supplements, dentist, restaurant, beauty, pastry, books, beauty, hairdresser, dry_cleaning, dentist, bicycle_rental, bicycle_rental, bicycle_rental, bicycle_rental, bicycle_rental, bicycle_rental, fast_food, convenience, artwork, fast_food, fast_food, optician, events_venue, optician, clinic, kindergarten, bookmaker, wool, sewing, art, watches, childcare, restaurant, houseware, houseware, hairdresser, hairdresser, clinic, clinic, fast_food, restaurant, books, animal_boarding, restaurant, trade, trade, laundry, dancing_school, boat_rental, boat_rental, artwork, theatre, dry_cleaning, second_hand, fast_food, post_office, ice_cream, musical_instrument, pet, hairdresser, books, fast_food, restaurant, fast_food, fast_food, art, dentist, cafe, pharmacy, dry_cleaning, clothes, bar, beauty, cafe, restaurant, coffee, dentist, hospital, restaurant, deli, events_venue, social_facility, school, school, school, school, chemist, supermarket, supermarket, fire_station, place_of_worship, school, car_repair, police, fire_station, studio, place_of_worship, convenience, fast_food, restaurant, variety_store, fast_food, storage_rental, place_of_worship, convenience, events_venue, veterinary, car_repair, bakery, school, school, car_repair, fire_station, pharmacy, place_of_worship, pet_grooming, fast_food, studio, fast_food, childcare, department_store, bar, fast_food, bar, fast_food, bank, restaurant, fast_food, cafe, restaurant, convenience, trade, convenience, convenience, social_facility, fast_food, restaurant, nightclub, place_of_worship, bakery, convenience, car_repair, place_of_worship, place_of_worship, arts_centre, place_of_worship, place_of_worship, bank, fuel, events_venue, school, artwork, convenience, convenience, fuel, kindergarten, childcare, social_facility, coffee, events_venue, restaurant, shoes, school, fuel, fuel, artwork, artwork, fuel, school","Concordia School, American Indian Chapel, Epiphany United Church of Christ, Lakeview Bible Truth Assembly Church, Tiddley Wink Pre-School, Carniceria Guanajuato, Kuma’s Corner - Belmont, Pj's Trick Shop, Beer Temple, Chicago River Canoe and Kayak, Subway, Immediate MD, Taqueria Traspasada, Damen Ave & Melrose Ave, Damen Ave & Wellington Ave, Seeley Ave & Roscoe St, Pete's Barber Shop, Clyde's, Wingstop, Chipotle, Four Moon Tavern, Miska's, Illinois Bone & Joint Institute, BMO, GameStop, Dollar Tree, Dapper's East Family Restaurant, Bucket O'Blood, Jaiyen Sushi & Noodle, Andy's Music, Al's Beef, Potbelly, T-Mobile, Paleteria Arco Iris, Dunkin', Big Boy Gyros, Pi-Hi Cafe, Pro Nails, Boost Mobile, New China 2, Kauser's Salon and Spa, Mattress Firm, Potbelly, eVgo, Commonwealth Tavern, Riverview Tavern, Southport Hair Studio on Belmont, John's Place, Happy Cleaners, Lucy's Cafe, Starbucks, Sinya Mediterranean, Village Discount Outlet, SOS Cleaners, Sarah Mart, The Wolfhound Bar and Kitchen, Uncharted Books, Cork Lounge, Cuba 312, DMen Tap, Frank and Mary’s Tavern, Goldie’s Pub, Heineken Pub97, Hungry Brain, Pilates + Coffee, The Reveler, Roscoe Village Pub, Rudy’s Bakery, The Avondale Coffee Club, The Beer Temple, Turquoise Restaurant, Irene’s Bakery, Village Tap, Kite String Cantina, Ludlow Liquors, Metropolitan Brewing Taproom, Barra Ñ, Le Sud, MOD Pizza, California Ave & Fletcher St, California Ave & Byron St, Lane Tech Drivers Ed, Shooting the Stars, Riverview, Leavitt St & Addison St, Talman Ave & Addison St, Western Ave & Roscoe St, Leavitt St & Belmont Ave, Dhanteraz Indian Fusion, Roscoe Village Bikes, Ignite Gaming, Dunkin', MedVet Chicago, The Region, Eden, meatheads, Famous Footwear, America's Best Dental Solutions, Sally Beauty, Fresh Kickz, T-Mobile, OshKosh B'gosh, Carter's, Ten Cafe, Petco, Profile by Sanford, Family Dental, Joy Yee Noodle, Wanda Nail Spa, Crumbl Cookies, Galaxy Comics, Magic Touch Nail Salon & Spa, Salon de Vive, Avenue Cleaners, Healthy Smiles Inc. Family Dentistry, Campbell Ave & Irving Park Rd, Western Ave & Grace St, Sacramento Ave & Addison St, Elston Ave & Henderson St, Rockwell St & Fletcher St, Elston Ave & George St, Rosati's, Circle K, Lane Tech Totem Pole, Dave's Hot Chicken, Tropical Smoothie Cafe, MyEyeDr., Michelle’s Ballroom, CustomEyes Roscoe Village, Compass Health Centers, The Goddard School of Chicago (Roscoe Village), Bari Zaki Studio, Knit 1, Sew Crafty Studio, Therieau Art and Frame, AD Watch Repair & Services, Kidz Creative Corner Child Care, Mimi's on Lincoln, Hawthorne, Pursel Cabinetry, Philip James Salon, Mr. Salon, Kaminska Dermatology, Birth Center of Chicago, Dunkin', Bartoli's Pizzeria, Roscoe Books, Doggie Works, Tepalcates, R T Materials, A-Emergency Services & Restoration, Non Toxic Ecolife Cleaners, Dance Connection, Wateriders Chicago, Chicago Electric Boat Company, Secret River Show, Smile Cleaners, Hip Cat, Dunkin', FedEx Office, Baskin-Robbins, A 440 Violin Shop, Chi-Town Dog House, Sal's Barber Shop, The Last Chapter Book Shop, Roost, Same Same, Pizza Amelia, Jimmy John's, August House Art Gallery, Zephyr Dental, Caravanserai, Jewel Osco Pharmacy, Bijou Cleaners, Moondance, VOLO, The Nail Loft, The Bakehouse, Yindee, Botanical Cafe, Ronald Zelikow DDS, Action Behavior Centers - ABA Therapy for Autism, Paku Paku Sushi, TriBecca's Sandwich Shop, Sarabande Chicago, Paul House, Lane Technical College Prep High School, Bell Elementary School, Saint Benedict Preperatory School, Audubon Elementary School, Walgreens, Mariano's Fresh Market, Jewel-Osco, Chicago Fire Department Engine Company 112, Saint Stephen's Episcopal Church, Jahn Elementary School, Auto Repair, Chicago Police Department Area North Detective Bureau, Chicago Fire Department Engine Company 56, Electrical Audio, Concordia Evangelical Lutheran Church, Circle K, Jim's Original, Golden Nugget, pOpshelf, Burger King, Public Storage, Saint Francis Xavier Roman Catholic Church, Shell, Constellation Club, Roscoe Village Animal Hospital, Kraftsmen Auto Body, Bulldog Bakery, Linne Elementary School, Acero Fuentes School, Auto Repair, Chicago Fire Department Engine Company 106, Walgreens, Lakeview Seventh Day Adventist Church, Cruisin Canines, Popeyes, WGN-TV, McDonald's, Kids' Work Chicago Too, Target, Blue Light, Cafe Tola, Liberty Lounge, Honey Butter Fried Chicken, North Community Bank, Retro Pizza, Wendy's, Starbucks, Reclaimed Bar and Restaurant, 7-Eleven, Ferguson, To Go, The Mart at Mobil, Boys & Girls Club, Panda Express, Tony's Burrito Mex, Beat Kitchen, Galilee Baptist Church, Sweet Rabbit Bakery, Speedway, Mufflers 4 Less, Ascension Lutheran Church, Christian Fellowship Free Church, Cornelia Arts Building, Addison Street Community Church, Concordia Lutheran Church, PNC Bank, Speedway, Rockwell on the River, Alcott College Prep, Hamlin Park Graffiti Wall, The Corner Store, 7-Eleven, Exxon, TC Scholars Preschool, Mary Crane Center West Lakeview, Boys & Girls Club, Metropolis Coffee Company, Rockwell on the River, Soul & Smoke, Famolare Shores, DePaul College Prep, BP, Mobil, Shell, Chicago Jewish Day School"
872664ca6ffffff,248,71,"dojo, driving_school, cafe, restaurant, restaurant, motel, florist, laundry, sewing, dojo, fast_food, restaurant, doctors, dentist, bar, fast_food, mobile_phone, computer, cafe, fast_food, bicycle_rental, seafood, museum, restaurant, theatre, ice_cream, bakery, fast_food, hearing_aids, clothes, restaurant, beauty, arts_centre, arts_centre, fast_food, optician, newsagent, tobacco, money_transfer, beauty, clothes, furniture, massage, money_lender, arts_centre, jewelry, hairdresser, mobile_phone, dentist, doctors, dentist, doctors, hairdresser, dentist, dentist, dentist, doctors, doctors, doctors, doctors, restaurant, beauty, bank, dentist, hairdresser, money_lender, clothes, restaurant, hairdresser, restaurant, beauty, fast_food, dentist, beauty, mobile_phone, events_venue, car_repair, car_repair, shoes, convenience, laundry, fast_food, variety_store, pub, tattoo, bicycle_rental, cafe, restaurant, cafe, cafe, cafe, bakery, bar, bar, cafe, bar, bar, bar, bar, bar, bar, bar, bar, bicycle_rental, bicycle_rental, bicycle_rental, bicycle_rental, bicycle_rental, alcohol, restaurant, paint, bicycle_rental, restaurant, mobile_phone, convenience, convenience, restaurant, ice_cream, department_store, department_store, rental, department_store, bank, gift, mobile_phone, fast_food, fast_food, fast_food, restaurant, money_transfer, hairdresser, appliance, hairdresser, restaurant, fast_food, restaurant, fast_food, bicycle_rental, agrarian, restaurant, funeral_directors, restaurant, beauty, books, ice_cream, fast_food, department_store, cafe, car_repair, garden_centre, restaurant, bed, pharmacy, school, fire_station, fuel, fast_food, bar, car_repair, place_of_worship, place_of_worship, place_of_worship, fast_food, convenience, fuel, car, chemist, bank, convenience, community_centre, place_of_worship, place_of_worship, place_of_worship, car_repair, car_repair, car_repair, restaurant, social_facility, locksmith, storage_rental, place_of_worship, car, restaurant, supermarket, place_of_worship, school, restaurant, restaurant, place_of_worship, storage_rental, bank, clinic, convenience, car_repair, fuel, convenience, car_wash, car_parts, storage_rental, place_of_worship, place_of_worship, place_of_worship, place_of_worship, museum, fuel, place_of_worship, place_of_worship, pharmacy, optician, bank, variety_store, fast_food, car_repair, place_of_worship, restaurant, fast_food, fast_food, cinema, bank, convenience, fuel, fast_food, hardware, fast_food, fuel, fast_food, place_of_worship, place_of_worship, school, school, school, school, pet, bank, car_parts, social_facility, fast_food, restaurant, car_wash, fast_food, social_facility, clinic, cafe, place_of_worship, restaurant, bus_station, bus_station, bakery","Choi Karate Institute, Diesel Truck Driver Training School, Starbucks, Tata's Tacos, Las Tablas, Irving Hotel - SRO, Lorch Bros. Flowers, LaPorte Landromat, Singer, Midwest Academy of Tae Kwon Do, Mr. Submarine, Hong Kong Restaurant, Athletico Physical Therapy, DentalWorks, 5th Province, Subway, T-Mobile, Computer One, Berrista Coffee, Dunkin', Keystone Ave & Montrose Ave, The Fish Guy, National Veterans Art Museum, Community Tavern, Filament Theatre, Josi's Frozen Yogurt, Six Corners Bakery, Subway, Miracle-Ear, Fantasy Costumes, Lomas Verdes, Today's Avon, Inside Out Art Studio, Chicago Ballet Center, Jimmy John's, Pearle Vision, City Newsstand, SMOKE ALOT WIRELESS, Western Union, Luxe Blue, Foxwill, Quest Modern Design, Kingston Reflexology, AmeriCash Loans, Rico Music & Art, Gato & Sons, Jesse's Barbershop, Metro by T-Mobile, Webster Dental Care, Dr. Kenneth Brocker, Irving Park Periodontics, Dr. Spencer & Dr. Blount-Odum, MVX Beauty Club, Associates for General Dentistry, Optima Family Dental, A&J Dental, Dr. Wanda Sygieda, Grand Vein Specialists Ever Clinic, Munoz Medical Center, Chicago Allergy Center, Ysabel’s Grill, Brothers Hair Design, Chase, Cicero Irving Park Dental, Hairways, Enviros De Dinero, Rasenick's Workwear, Peru Criollo, Villa Roma, Six Corners Bistro, Town Nails, Domino's, Family Dental, Sunny Nails, Boost Mobile, Miracle Entertainment, Four Star Auto Mania, Portage Auto Parts, Famous Footwear, 7-Eleven, J & B Laundromat & Dry Cleaners, Chinese Kitchen, The Pursuit Supply Co., ERIS Brewery and Cider House, Ink and Iron Custom Tattoo Studio, Milwaukee Ave & Kilbourn Ave, Backlot Coffee, Chicago Taco Authority, Antojitos Colombianos, Bia’s Café Marianao, City News Cafe, Cuenca’s Bakery, Moonflower, Sidekicks, Stay & Play Board Game Cafe, The Unforgettable Bar, The Cabin At Old Irving, MCM Pub and Eatery, McNamara’s, O’Donnell’s, Old Irving Brewing, Paddy Mac’s, Lake Effect Brewing Company, Kilbourn Ave & Irving Park Rd, Knox Ave & Montrose Ave, Kildare Ave & Montrose Ave, Milwaukee Ave & Cuyler Ave, Avondale Ave & Irving Park Rd, Binny's Beverage Depot, Simon Tacos, Sherwin-Williams, Addison St & Kedvale Ave, Shokran, Verizon, Amoco, Shell, Lou Malnati's Pizzeria, La Michoacana, Ross, dd's Discounts, U-Haul, Marshalls, Huntington Bank, Edible Arrangements, Cricket Wireless, Subway, Little Caesars, Wingstop, Northside Grill, Montrose Express, Robert Chavez Hair Studio, Sundberg America, Justin's Hair Design, Kunafa Nabulsia, Dunkin', Zebda, Dunkin', Cicero Ave & Grace St, MoneyTree Genetics, Leona's, Midtown Funeral Home and Cremation Options, Bacci Pizzeria, Lee Nails, Chicago Bibles & Books, Baskin-Robbins, Frank's Shrimp House, Target, Casa Cactus, Crash Champions, Plant Shop Chicago, Mariscos El Barbas, American Mattress, Walgreens, Belding Elementary School, Chicago Fire Department Engine Company 69, Citgo, McDonald's, The Booze Hound, Home of Harmony, Vivekananda Vedanta Society of Chicago, Mount Olive Lutheran Church, Saint John's Episcopal Church, Jeff's Red Hots, Citgo, Shell, Mid City Subaru, Walgreens, Huntington Bank, Shell, Irving Park Lutheran Church Parish Hall, Fullness Presbyterian Church, Irving Park Lutheran Church, Korean Catholic Church, Thom’s Four Wheel Drive and Auto Service, Carmex Mufflers and Brakes, Midas, Golden Nugget Pancake House, Lydia Childrens Home, Bullis Lock Co., Extra Space Storage, Irving Park Baptist Church, Mid City Nissan, Chicago's Pizza, Jewel-Osco, Saint Viator Roman Catholic Church, Saint Viator Elementary School, Taqueria La Fogata, Tim Tim's Halal Grill, Saint Athanasios & Saint Ioannis Greek Orthodox Church, U-Haul, Wintrust - Mayfair, DaVita Dialysis, BP Shop, Jiffy Lube, Shell, 7-Eleven, Shell, AutoZone, Extra Space Storage, Kingdom Hall of Jehovah's Witnesses, Mayfair Bible Church, Northwest Church of Christ, Mayfair United Methodist Church, Irish American Heritage Center, BP, Saint Thomas United Church of Christ, Romanian Baptist Church, Walgreens, Visionworks, Parkway Bank, Dollar Tree, Burger King, Pep Boys, Lutheran Church of the Redeemer, Culver's, Dunkin', Portage Theater, Bank of America, BP Shop, BP, Johnny's Hot Dog Express, Smolka True Value Hardware, McDonald's, Amoco, Dunkin', Saint Edward's Roman Catholic Church, Saint John's Lutheran Church, Saint John School, Schurz High School, Disney II Magnet School - Kedvale, Saint Edward School, PetSmart, Bank of America, AutoZone, The Kilpatrick Renaissance, Wendy's, Smoque BBQ, Express Car Wash, Chipotle, The Clarendale, Northwestern Medicine Outpatient Center, Starbucks, Muslim Community Center, Hot Woks Cool Sushi, Irving Park & Keystone Terminal, Cicero & Pensacola Terminal, Le Parisien"
872664ca8ffffff,235,66,"place_of_worship, school, place_of_worship, place_of_worship, school, school, place_of_worship, language_school, restaurant, bicycle_rental, bicycle_rental, bicycle_rental, bakery, bar, driving_school, supermarket, bar, pub, alcohol, restaurant, restaurant, fast_food, garden_centre, childcare, cafe, restaurant, car_wash, car_repair, convenience, clothes, car, musical_instrument, hairdresser, musical_instrument, bicycle_rental, animal_boarding, bar, deli, place_of_worship, hardware, cafe, florist, restaurant, cafe, hardware, studio, fast_food, beauty, restaurant, mobile_phone, pawnbroker, beauty, mobile_phone, bank, fast_food, bank, hairdresser, restaurant, bakery, cafe, restaurant, cafe, bar, restaurant, bar, cafe, cafe, restaurant, bakery, bar, restaurant, restaurant, bar, restaurant, bakery, deli, restaurant, bar, restaurant, events_venue, bicycle_rental, bicycle_rental, bicycle_rental, bicycle_rental, bicycle_rental, bicycle_rental, artwork, clothes, bar, restaurant, artwork, artwork, fast_food, restaurant, artwork, community_centre, museum, studio, funeral_directors, gallery, attraction, music_school, bicycle_rental, car_repair, studio, artwork, artwork, artwork, convenience, pet, pawnbroker, fast_food, restaurant, veterinary, cafe, mobile_phone, hairdresser, veterinary, coffee, restaurant, events_venue, bakery, second_hand, gallery, restaurant, hairdresser, gallery, dentist, art, massage, computer, car_repair, trade, jewelry, gift, artwork, furniture, antiques, beauty, hairdresser, massage, tailor, doctors, doctors, doctors, gallery, bicycle, gallery, pharmacy, fast_food, bar, tyres, childcare, beauty, bicycle_rental, supermarket, museum, bar, place_of_worship, place_of_worship, fuel, fast_food, dentist, convenience, pharmacy, money_transfer, convenience, fuel, place_of_worship, coffee, place_of_worship, social_facility, place_of_worship, money_transfer, convenience, fast_food, fast_food, post_office, artwork, chemist, place_of_worship, fast_food, car_wash, museum, bank, fast_food, social_facility, place_of_worship, car, place_of_worship, bank, fuel, convenience, school, school, fire_station, childcare, place_of_worship, place_of_worship, bakery, place_of_worship, place_of_worship, restaurant, social_facility, social_facility, place_of_worship, bank, place_of_worship, library, place_of_worship, restaurant, fast_food, bank, restaurant, school, school, school, school, school, school, bank, social_facility, school, school, community_centre, car, clinic, fuel, fast_food, school, school, school, school, school, taxi","Mission Unlimited Church of God in Christ, Bricklayers Apprentice School, New Life Missionary Baptist Church, Mision Bautista Northwest, Lake Shore Seventh Day Adventist School, Holy Rosary School, Zion Temple Pentecostal Church, School of Ukrainian Studies, Shokolad, Damen Ave & Chicago Ave, Damen Ave & Grand Ave, Damen Ave & Madison St, Big Delicious Planet Canteen, Output Lounge & Sports Bar, Ride Chicago, Pete's Market, Blind Robin, Goose Island Brewery, Grand & Western Liquors, Sinhá, Chavas Tacos El Original, Al's Under the L, Sprout Home, Adams Street Child Care Center, Old Lviv, Taco Firme, Glitz Car Wash, M&R Auto Body, Tabb's Food & Liquor, Squasht Boutique, Chicago Motors Inc, Tommy's Guitars and Trading Post, Connection Salon, M&S Organs, California Ave & Lake St, Pack Life, Damen Tavern, Kasia's Deli, The Painted Door, McGuire-Western Lumber Co., Metric Coffee, Flowers for Dreams, Taco Pros, Prequel, Great Lakes Yard, ArtReach, Subway, Magic Nails Spa, Chan's King Wok, Metro by T-Mobile, Chicago Pawners & Jewelers, Western Beauty Supply, Elite Wireless Partners, Chase, Domino's, Wintrust Bank, Madison Street Barbers, A Tavola, Ann’s Bakery, Blend Cafe, All Together Now!, Dark Matter Coffee - The Mothership, Finch Beer Co, Fiore Delicatessen, Great Central Brewing Company, Intelligentsia Roasting Works & Offices, Star Lounge Coffee Bar, Dicey's Pizza & Beer Tavern, Sweet Ride, The Beetle Bar and Grill, The Corner Farmacy, Tryzub Ukrainian Kitchen, Tuman’s Tap and Grill, Ben's Grill, Maison Cuisine, Rich’s Deli, The Corner Farmacy, Mr Brown’s Lounge, Moon’s Sandwich Shop, The Hive on Hubbard, Leavitt St & Chicago Ave, Artesian Ave & Hubbard St, Smith Park, Damen Ave & Walnut St, Western Ave & Monroe St, Wood St & Hubbard St, Michael Jordan, Madhouse Team Store, Mad West & Atrium Bar, Queenie's Supper Club, Stanislaw ""Stan"" Mikita, Robert Marvin ""Bobby"" Hull, Dunkin', Lao Peng You 老朋友, Chicago Blackhawks 75th Anniversary Sculpture, Ukrainian Cultural Center, Ukrainian National Museum, Ukrainian Independent Radio, Muzyka Funeral House, Corbett vs. Dempsey, Waller Apartments, Saint Nicholas School of the Arts, California Ave & Madison St, Rivian Service Center, Product Productions, Farmer's Pride Produce, Liz's Pet Shop, West Town Jewelry & Loan, Dunkin', Los 3 Compadres de Guerrero, Village West Veterinary, Starbucks, Cricket Wireless, Infinite Beauty Salon, Ellis Veterinary Clinic, Electric Lady Lab, Hummus Grill, Present Company, Publican Quality Bakery, Solé Resale Boutique, Legendary Art Gallery, Golden Dragon, Another Level Units, DragonFLY Gallert & Creative Spaces, Milktooth Pediatric Dentistry, Regards,, Go Technology Group Inc, King Auto Repair & Body Shop, Viking Electric, Enid, ДЕЛЬТА, Dail M for Modern, Urban Remains, SL Spa Angelic, Gold Chair, Golden Dream Spa, Varvara, Dr J. Tymouch, MD Pain Management, SPS Family Care S.C., Thorek Family Practice, SECRIST / BEACH, Pedal to the People, Patient Info, CVS Pharmacy, Odge's, Friends of Friends, Cassidy Tire, The Nook Childcare, Blush Electrolysis & Skincare, Mariano's Fresh Market, Chicago Center for Green Technology, Brown Sugar Sports Bar, Landmark Baptist Church, Mount Ridge Baptist Church, Citgo, McDonald's, BP Shop, Walgreens, Western Union, Citgo, BP, Jackson Boulevard Christian Church, Greater Holy Temple Church of God and Christ, Heritage Woods, Mount Sinai Baptist Church, Western Union, Shell, Popeyes, Taco Bell, Nancy B. Jefferson Post Office, CVS Pharmacy, Saint Nicholas Ukrainian Catholic Cathedral, Fatso's Last Stand, Grand Oakley Car Wash, Ukrainian Institute of Modern Art, Selfreliance Federal Credit Union, Burger King, American Ukrainian Youth Association Inc, Holy Rosary Catholic Church, 655 Car Center, Saints Volodymyr and Olha Catholic Church, Fifth Third Bank, Shell, Shell, Mitchell Elementary School, Chopin Elementary School, Chicago Fire Department Engine Company 26, Kid City, Pilgrim Rest Missionary Baptist Church, West Side Community Church, Le Petit Sucre, Greater Union Baptist Church, Gospel Temple Missionary Baptist Church, Bacci Pizzeria, Boys & Girls Club, Michael Barlow Center, Metropolitan Missionary Baptist Church, PNC Bank, St. Malachy + Precious Blood, Mabel Manning Branch Library, St. Andrew's Episcopal Church, Breakfast House, McDonald's, PNC Bank, Takie Outit, Dett Elementary School, Chicago Bulls College Prep, Talcott Elementary School, Crane Medical Prep High School, William H. Brown School of Technology, Suder Montessori Magnet School, Verve, McCrory Senior Apartments, Willa Cather Elementary School, Metropolitan Automan Inc, Fresenius Kidney Care, Shell, Wendy's, Українська Католицька Школа Святого Миколая;Saint Nicholas Cathedral School, Phoenix Military Academy, Saint Malachy School, Uber Zone"
872664ca9ffffff,297,59,"fast_food, school, college, school, school, cafe, bicycle_rental, bicycle_rental, bicycle_rental, fast_food, bicycle_rental, bicycle_rental, bicycle_rental, bicycle_rental, bicycle_rental, bicycle_rental, bicycle_rental, restaurant, post_office, supermarket, artwork, cafe, fast_food, coffee, fast_food, fast_food, restaurant, cafe, bakery, restaurant, bar, restaurant, restaurant, restaurant, restaurant, bar, bar, bar, cafe, cafe, restaurant, cafe, bar, restaurant, cafe, restaurant, bicycle_rental, bicycle_rental, bicycle_rental, bicycle_rental, bicycle_rental, fast_food, convenience, hardware, restaurant, restaurant, restaurant, childcare, restaurant, cafe, fast_food, alcohol, restaurant, restaurant, books, bank, place_of_worship, fast_food, fast_food, fast_food, fast_food, restaurant, fast_food, pharmacy, bank, car_wash, convenience, fast_food, clothes, clothes, ice_cream, hairdresser, fast_food, clinic, artwork, cafe, bar, artwork, artwork, information, information, artwork, artwork, food_court, convenience, clinic, convenience, restaurant, restaurant, fast_food, artwork, artwork, doctors, doctors, doctors, doctors, doctors, charging_station, atm, atm, atm, charging_station, charging_station, fast_food, restaurant, fast_food, sports, cafe, restaurant, restaurant, ice_cream, fast_food, convenience, information, car_repair, information, clothes, restaurant, cafe, fast_food, fast_food, restaurant, dojo, restaurant, restaurant, pastry, bakery, alcohol, fast_food, fast_food, restaurant, fast_food, restaurant, hairdresser, artwork, information, information, cafe, artwork, dentist, paint, veterinary, fast_food, bar, bar, fast_food, doctors, bar, gift, restaurant, artwork, information, post_office, cafe, social_facility, restaurant, community_centre, artwork, restaurant, fast_food, restaurant, bakery, social_facility, social_facility, pub, restaurant, fast_food, fast_food, fast_food, fast_food, ice_cream, restaurant, fast_food, fast_food, fast_food, bicycle_rental, convenience, valet_parking, information, kindergarten, clinic, clinic, clinic, social_facility, school, university, university, university, university, school, hospital, hospital, hospital, place_of_worship, fast_food, school, theatre, place_of_worship, place_of_worship, library, place_of_worship, place_of_worship, police, social_facility, chemist, storage_rental, bank, fast_food, social_facility, place_of_worship, fuel, place_of_worship, place_of_worship, place_of_worship, hotel, place_of_worship, clinic, social_facility, childcare, social_facility, clinic, mortuary, hotel, library, convenience, artwork, hotel, fire_station, social_facility, place_of_worship, social_facility, pub, convenience, car_wash, hotel, wholesale, fire_station, restaurant, fast_food, bank, fast_food, fuel, community_centre, social_facility, convenience, childcare, clinic, storage_rental, fuel, theatre, school, events_venue, department_store, school, school, college, school, storage_rental, fuel, clinic, car_rental, school, clinic, hospital, clinic, pharmacy, doctors, fuel, social_facility, social_facility, school, school, school, school, social_facility, social_facility, social_facility, social_facility, social_facility, hotel, museum, fast_food, school, school, library, hotel, bicycle_rental","Sbarro, Chicago Graphic Arts Institute, Cook County Graduate School of Medicine, Notre Dame School, Simpson Academy for Young Women, Efebina's, Aberdeen St & Jackson Blvd, May St & Taylor St, Racine Ave & Congress Pkwy, Subway, Ashland Ave & 13th St, Ogden Ave & Congress Pkwy, Loomis St & Jackson Blvd, Morgan St & Polk St, Racine Ave & 13th St, Racine Ave & 15th St, Wolcott Ave & Polk St, Tufano's Vernon Park Tap, The UPS Store, Jewel-Osco, Two Shades Cafe, Subway, Café Descartes, Au Bon Pain, Au Bon Pain, Chez Joel Bistro, Demitasse Coffee, Don Churro, Adda Indian Cuisine, Hawkeye’s Bar & Grill, Pompei, Porto’s Peri Peri, SoJu BBQ, The Rosebud, Rooks Corner, Taylor Street Tap, Twisted Cantina, University Of Illinois Hospital Cafeteria And Coffee Shop, Leaf and Bean Cafe, Onimaki, Chicago French Press, Little Joe’s Circle Lounge, Lotus Banh Mi, Starbucks, Peanut Park Trattoria, Loomis St & Lexington St, Malcolm X College, Throop St & Taylor St, Halsted St & Roosevelt Rd, Paulina St & Flournoy St, The Patio, Campus Market, Chiarugi Hardware, Mr. Greek Gyros, Yummy Thai, Kimura Japanese Cuisine, Taylor Tots, Tuk Tuk Indian Street Food, Living Water Tea House, Potbelly, Taylor Wine And Spirits, Sweet Maple Cafe, Hana, First Aid Comics, Chase, Soul City Church, Chipotle, Jimmy John's, Panda Express, Su Taqueria El Rey Del Taco, Taquieria Atotonilco, Five Guys, CVS Pharmacy, Chase, Shell, Shell, Dunkin', DTLR, Rainbow, Baskin-Robbins, Great Clips, Subway, DaVita Dialysis, Joe DiMaggio, FROTH, Bunker, Hippocrates, Mortar & Pestle, Father Arnold Damen S.J., Saint Ignatius, Veterans Canteen Service - Cafeteria, Veterans Canteen Service - Retail Store, Specialty Care Center, 7-Eleven, De Pasada, Taylor’s Tacos, Dunkin', RUSH Pediatric Primary Care, Autism Assessment, Research, Treatment & Services Center, RUSH Adult and Pediatric Primary Care, RUSH Behavioral Medicine, RUSH Behavioral Medicine, EVgo, Blink ParkChip Garage - 1035 Van Buren, Dunkin', Crave Kabob, Harold's Chicken Shack, Gunzo's Sports Center, Gathers Tea Bar, Bar 10 Doors, ML Kitchen, KURIMU, Mochinut, 7-Eleven, Caliber Collision, Scrub Depot, Pizza Hut, Starbucks, Papa John's, the Bite, IDOF - I Dream of Falafel, Chicago School Of Grappling, Stax Cafe, MiMi's Craft Kitchen, Insomnia Cookies, Scafuri Bakery & Cafe, Wine on Taylor, Jimmy John's, Busy Burger, Jarabe, Subway, Thai Bowl, Gents Barber Lounge, Chicago French Press, Enamel Dental, Sherwin-Williams, Animal Advocate Pet Hospital, Jersey Mike's Subs, Vintage Bar, The Embassy, Chilango Mexican Street Food, Bruno and Sallie Pasquinelli Outpatient Surgery Center, The Barn Hockey Bar, Edible Arrangements, Curry On Fire, Magoo – For Lord Buckley, Route 66, Shipping & Beyond, OverLay Cafe, Erie Neighborhood House, Azul 18, Casa Michoacán, Conte Di Savolia, Taco Bell, MK Noodle, Tous les Jours, Central West Regional Senior Center, Mayor's Office for People woith Disabilites, Park Tavern, Ricano’s, La Lagartija, Auntie Anne's, Pita Pita, Cinnabon, Carvel, Buffalo Wild Wings, Chick-fil-A, Schlotzsky's, Smoothie King, Wood St & Taylor St, Food Hive, Illinois Medical District, Bright Horizons, Emergancy Entrance, Emergancy Entrance, Emergancy Room, Illinois Center for Rehabilitation, Whitney M. Young Magnet High School, Rush University, University of Illinois Chicago West Campus, University of Illinois Chicago, Saint Ignatius College Preparatory School, John H. Stroger, Jr. Hospital of Cook County, Rush University Medical Center, University of Illinois at Chicago Hospital, Holy Family Church, Al's Beef, Chicago World Language Academy, UIC Theatre, Saint Basil Greek Orthodox Church, Notre Dame Roman Catholic Church, Richard J. Daley Library, John Paul II Roman Catholic Center, Our Lady of Pompeii Roman Catholic Church, Chicago Police Department 12th District Station, SOS Children's Villages of Illinois, CVS Pharmacy, Public Storage, Bank of America, Church's Chicken, Children's Advocacy Center, First Immanuel Lutheran Church, Mobil, New Zion Missionary Baptist Church, Zion Hill Missionary Baptist Church West, Greater Mount Sinai Baptist Church, The Neighborhood Hotel - Little Italy, Immanuel Baptist Church, Union Health Service, The Chicago Lighthouse for People Who Are Blind or Visually Impaired, New Zion Childcare Academy, Illinois Center for Rehabilitation and Education, Ruth M. Rothstein CORE Center, Cook County Medical Examiner, Courtyard by Marriott Chicago at Medical District / UIC, Library of the Health Sciences, Mobil Mart, Giuseppe Garibaldi Monument, Hyatt House Chicago - Medical / University District, Chicago Fire Department Engine Company 103, The Salvation Army Chicago Temple Corps Community Center, Christ Temple Apostolic Faith Church, Salvation Army Booth Manor, Billy Goat Tavern & Grill, Papo's Express, BP, Hotel Chicago West Loop, Costco, Chicago Fire Department Engine Company 18, Tuscany, Carm's Little Italy, Old Second National Bank, Fontano's Subs, Shell, Crown Family YMCA Center, Mercy Home for Boys & Girls, Circle K, Blue Bird Day Care, Fresenius Kidney Care, Extra Space Storage, Shell, Chicago Children's Theatre, Skinner West Elementary School, Epiphany Center for the Arts, Target, Smyth Elementary School, Galileo Elementary School, Malcolm X College, Chicago Tech Academy, U-Stor-It, BP, Mile Square Health Center, DS Luxury, Therapeutic School and Center for Autism Research, Stroger Hospital Professional Building, Jesse Brown VA Medical Center, Emergency Room, Jesse Brown VA Outpaitiant Pharmacy, Joan and Paul Rubschlager Building, Costco Gasoline, STEM Magnet Academy, UIC College Prep, Skinner West Elementary School, Hampton Inn & Suites Chicago Medical District UIC, National Public Housing Museum, Mario's Italian Lemonade, Intercultural Montessori Language School, Children of Peace Catholic School, Little Italy Branch Library, Hyatt Place Chicago - Medical / University District, Hermitage Ave & Polk St"
872664caaffffff,151,36,"school, school, place_of_worship, place_of_worship, place_of_worship, place_of_worship, place_of_worship, school, place_of_worship, place_of_worship, school, place_of_worship, artwork, artwork, artwork, restaurant, bar, artwork, bicycle_rental, cafe, gallery, electronics, convenience, beauty, bicycle_rental, bicycle_rental, bicycle_rental, bicycle_rental, alcohol, mobile_phone, convenience, convenience, convenience, shoes, bank, shoes, clinic, clinic, social_facility, artwork, artwork, mobile_phone, clothes, clothes, bank, bicycle_rental, bicycle_rental, information, information, social_facility, information, restaurant, hairdresser, tool_library, convenience, furniture, clinic, restaurant, convenience, art, gallery, information, information, information, information, information, information, information, information, information, artwork, information, information, information, information, bicycle_rental, bicycle_rental, school, school, school, cafe, bicycle_rental, school, fire_station, community_centre, place_of_worship, clothes, shoes, place_of_worship, place_of_worship, bank, fuel, fuel, supermarket, fuel, convenience, fire_station, place_of_worship, place_of_worship, place_of_worship, place_of_worship, place_of_worship, childcare, fast_food, money_transfer, fuel, car_wash, shoes, fast_food, place_of_worship, place_of_worship, variety_store, fuel, library, clinic, social_facility, place_of_worship, place_of_worship, place_of_worship, place_of_worship, school, school, hospital, school, school, school, place_of_worship, convenience, place_of_worship, place_of_worship, fuel, place_of_worship, place_of_worship, school, school, social_facility, school, social_facility, school, school, hospital, variety_store, clinic, school, community_centre, gift, convenience, place_of_worship, bicycle_rental, bicycle_rental, garden_centre","Saint Philip Basilica High School, Saint Mathews School, Olivet United Methodist Church, New Morning Star Missionary Baptist Church, Greater Star Missionary Baptist Church, Chicago Christian Church, The Tree of Life Church of Christ, Debbies School of Beauty Culture, Emanuel Church of God in Christ, Greater Mount Nebo Baptist Church, Our Lady of Sorrows School, Rose of Sharon Community Baptist Church, Robert Burns Memorial, Lincoln the Rail-Splitter, Bulls with Maidens (World's Fair Bulls), Inspiration Kitchens, Lakeside Bar, Bulls with Maidens (World's Fair Bulls), Kedzie Ave & Lake St, Bridge Cafe, 345 Gallery, Essannay Show It, Three Stars Food Market, Star Nails, Sacramento Blvd & Franklin Blvd, Central Park Blvd & 5th Ave, Karlov Ave & Madison St, Pulaski Rd & Congress Pkwy, Franklin Super Foods & Liquors, Boost Mobile, Citgo, BP Shop, Mobil Mart, Foot Locker, BMO, Kids Foot Locker, PCC Clinic at The Boulevard, LCHC at Garfield Park FamilyPlex, Breakthrough Fresh Market, Idyl, Metro by T-Mobile, DTLR, DTLR, U.S. Bank, Sacramento Blvd & Fulton St, Central Park Ave & Ohio St, Garfield Park, Garfield Park, Covenant House, Momentum Coffee, The Shop Barber Co., The Chicago Tool Library, Pulaski & Lake Food Mart, West Town Liquidators, Westside Community Triage & Wellness Center, Taste Buds, Flash Food Mart, Goldfinch Gallery, Julius Caesar Chicago, How to Read a Plant Label, Photosynthesis: Making Sugar from the Sun, Fern Room, Life Cycle of a Fern, Landscape Art Under Glass, Plants and People, Green Scene, Humongous Houseplants, Resilience Over Time, Persian Lilies, Amazing Adaptations, A Tree with Only Two Leaves, Function Follows Form, Boojum Tree, Troy St & Jackson Blvd, Kedzie Ave & Jackson Blvd, LEARN 8 Middle School, LEARN Excel School, LEARN 7 Elementary School, Semaphore Cafe, Central Park Ave & Washington Blvd, Al Raby High School, Chicago Fire Department Engine Company 95, Off The Street Club, Keystone Baptist Church, Rainbow, Foot Locker, Garfield Park Baptist Church, St. Michael MB Church, Chase, Citgo, Citgo, Save-A-Lot, BP, Citgo, Chicago Fire Department Engine Company 44, Central Memorial Missionary Baptist Church, Shiloh Missionary Baptist Church, Monroe Street Church of Christ, People's Church of the Harvest, Philadelphia Missionary Baptist Church, YMCA Child Care, White Castle, Western Union, Mobil, Mobil, Snipes, Jerk Taco Man, First Church of the Brethren, First Divine Providence Church, Family Dollar, Falcon, Henry E. Legler Regional Library, Fresenius Kidney Care, Senior Suites of West Humboldt Park, Good News Community Baptist Church, New Tabernacle of Faith, Union Missionary Baptist Church, Mount Ebenezer Baptist Church, Jacob Beidler Elementary School, Providence Saint Mel High School, RML Specialty Hospital, Faraday Elementary School, Marshall Metro High School, George Westinghouse College Prep, Walls Memorial Christian Methodist Episcopal Church, BP Shop, New Greater Exodus Missionary Baptist Church, Saint Joseph Baptist Church, BP, New Greater Saint John Missionary Baptist Church, Our Lady of Sorrows Basilica, Laura S. Ward Elementary School, Tilton Elementary School, Hope Manor I, Morton School of Excellence, Breakthrough Urban Ministries FamilyPlex, Genevieve Melody Elementary School, Leif Ericson Scholastic Academy, Garfield Park Behavioral Hospital, Dollar Tree, DaVita Dialysis, Community Room, Garfield Conservatory Gift Shop, Falcon, Spirit of Truth Church, Conservatory Dr & Lake St, Pulaski Rd & Lake St, City Escape Garden Center and Design Studio"
872664cabffffff,184,34,"school, place_of_worship, place_of_worship, place_of_worship, place_of_worship, place_of_worship, place_of_worship, place_of_worship, place_of_worship, place_of_worship, place_of_worship, place_of_worship, place_of_worship, place_of_worship, place_of_worship, place_of_worship, place_of_worship, school, school, place_of_worship, place_of_worship, place_of_worship, place_of_worship, place_of_worship, place_of_worship, school, bar, courthouse, fast_food, bicycle_rental, bicycle_rental, wholesale, restaurant, restaurant, bakery, garden_centre, bakery, place_of_worship, restaurant, bicycle_rental, bicycle_rental, bicycle_rental, bicycle_rental, bicycle_rental, clinic, cannabis, fast_food, car_parts, clothes, fast_food, mobile_phone, arts_centre, clothes, bank, clinic, convenience, restaurant, bicycle_rental, bicycle_rental, bicycle_rental, bicycle_rental, bicycle_rental, bicycle_rental, artwork, information, cafe, school, kindergarten, clinic, social_facility, restaurant, cafe, car_wash, school, information, coffee, restaurant, school, restaurant, courthouse, prison, supermarket, police, place_of_worship, fast_food, police, studio, place_of_worship, school, social_facility, fire_station, fast_food, place_of_worship, studio, fast_food, fuel, convenience, convenience, studio, place_of_worship, place_of_worship, place_of_worship, place_of_worship, place_of_worship, car_wash, restaurant, social_facility, convenience, fast_food, place_of_worship, school, school, hospital, school, studio, school, fuel, school, hospital, studio, studio, studio, studio, studio, studio, studio, studio, studio, studio, studio, studio, studio, studio, studio, studio, studio, studio, studio, studio, studio, studio, studio, studio, studio, studio, studio, studio, place_of_worship, fuel, social_facility, fast_food, school, school, school, social_facility, school, social_facility, studio, studio, studio, studio, studio, studio, studio, studio, studio, studio, studio, studio, studio, studio, studio, studio, studio, studio, studio, studio, studio, studio, studio, community_centre, convenience, fuel, car","Shepard School, Light House Gospel Missionary Baptist Church, Mars Hill Missionary Baptist Church, Christian Greater Rock Baptist Church, Greater Thyatiya Missionary Baptist Church, Greater Mount Zion Baptist Church, Mary F Butler Memorial African Methodist Episcopal Church, Gods Miracle Temple of Christ, Good Hope Freewill Baptist Church, New Bethel Temple United Methodist Church, Church of the Lord Jesus Christ of the Apostolic Faith, Instant Deliverance Church of God in Christ, Saint Luke Church of God in Christ, Revelation Church of God in Christ, Precious Blood Roman Catholic Church, Saint Anthony Spiritual Church, Saint Agatha's Roman Catholic Church, Saint Agatha's School, Saint Francis Cabrini Learning Center, Holy Temple True Church of Christ, Siloam Baptist Church, Holy Sanctuary Community Church, Zion Travelers Missionary Baptist Church, Saint Marks Lutheran Church, Temple of Christ, Sears YMCA Day Care Center, The Slide Bar, Cook County Municipal Court, Burger King, Fairfield Ave & Roosevelt Rd, Kedzie Ave & Roosevelt Rd, Central Baking Supplies, EL Ideas, Jarabe- Mexican Street Food, K-suerte Cookies & Cards, Herban Produce, Original Ferrara Bakery, Light of the World Baptist Church, Bacci Pizzeria, Washtenaw Ave & Ogden Ave, Kedzie Ave & Harrison St, Ogden Ave & Roosevelt Rd, Western Ave & Fillmore St, Western Ave & Congress Pkwy, The Encompassing Center, Zen Leaf, Damenzo's Pizza, O'Reilly Auto Parts, Rainbow, Subway, Boost Mobile, Art West Chicago, Fort Maner, Wintrust Bank, One Lawndale Community Care & Surgery Center, Ja’Grill, Mozart St & Jackson Blvd, Sacramento Blvd & Polk St, Whipple St & Roosevelt Rd, Albany Ave & 16th St, Albany Ave & Douglas Blvd, California Ave & 16th St, Douglass Park, Momentum Coffee, North Lawndale College Prep - Collins, Dorie Miller Child Parent Center, Chicago VA Clinic, Deborah's Place, Joe Willie's, Monday Coffee Co., BP, Nancy B. Jefferson Alternative School, Route 66, Muse Coffee Studio, Taco Pros, LEARN Charles and Dorothy Campbell Campus, Jerky Jerk, Cook County Juvenile Court, Juvenile Temporary Detention Center, Freshway Market, Homan Square, Greater Open Door Baptist Church, McDonald's, Chicago Police Department 11th District, Cinespace Main South Studio Building, Greater Christian Fellowship Missionary Baptist Church, Chalmers Elementary School, A Safe Haven Foundation, Chicago Fire Department Engine Company 107, KFC, Healing Temple Church of God in Christ, Cinespace Main North Studio Building, White Castle, Shell, Mobil Mart, Shell, Cinespace Main Center Studio Building, Free Will Missionary Baptist Church, Solid Rock MB Church, Pleasant Grove Baptist Church, The Holy Trinity Baptist Church, Saint Francis Cabrini Roman Catholic Church, Mobil, Vince & Pat Foglia Family & Youth Center, Marathon, Lulu's Hot Dogs, Holy Cross Baptist Church, Washington Irving Elementary School, Johnson Elementary School, Mount Sinai Hospital, Plamondon Elementary School, Cinespace Chicago Film Studios, Collins Academy High School, Mobil, Joseph Kellman Corporate Community Elementary School, Schwab Rehabilitation Hospital, Stage 2, Stage 7, Stage 9, Stage 8, Stage 1, Stage 15, Stage 4, Stage 14, Stage 3, Stage 6, Stage 18, Stage 43, Stage 17, Stage 20, Stage 32, Stage 42, Stage 22, Stage 34, Stage 33, Stage 23, Stage 16, Stage 40, Stage 19, Stage 47, Stage 41, Stage 39, Stage 24, Stage 21, Mount Bethlehem Missionary Baptist Church, Marathon, Rauner Family Veteran Studios, McDonald's, Chicago Hope Academy, Precious Blood School, Manley High School, Jensen Elementary Scholastic Academy, Stage 5, Stage 10, Stage 11, Stage 12, Stage 13, Stage 28, Stage 27, Stage 26, Stage 25, Stage 36, Stage 35, Stage 44, Stage 31, Stage 30, Stage 29, Stage 37, Stage 38, Stage 51, Stage 50, Stage 49, Stage 48, Stage 46, Stage 45, Starling, BP Shop, BP"
872664cacffffff,704,102,"school, school, place_of_worship, place_of_worship, place_of_worship, school, place_of_worship, place_of_worship, place_of_worship, school, school, school, place_of_worship, place_of_worship, public_bath, bar, bar, bar, bicycle, post_office, restaurant, restaurant, restaurant, restaurant, cafe, restaurant, florist, florist, florist, convenience, bar, restaurant, convenience, restaurant, supermarket, hostel, bicycle_rental, bicycle_rental, bicycle_rental, restaurant, clothes, bicycle, alcohol, bicycle_rental, bicycle_rental, bicycle_rental, bicycle_rental, bicycle_rental, bicycle_rental, bicycle_rental, bicycle_rental, bicycle_rental, bicycle_rental, restaurant, cafe, bakery, restaurant, pub, restaurant, cafe, restaurant, restaurant, restaurant, e-cigarette, bank, theatre, artwork, sports, restaurant, bar, optician, bar, sports, video, restaurant, clothes, clothes, cosmetics, bar, fast_food, restaurant, cafe, bar, music, music, alcohol, dry_cleaning, laundry, music, restaurant, bar, bar, restaurant, cafe, restaurant, restaurant, restaurant, pub, pub, restaurant, restaurant, restaurant, clothes, florist, restaurant, pub, optician, alcohol, bar, bar, fast_food, restaurant, hostel, hostel, greengrocer, beauty, restaurant, restaurant, restaurant, hifi, books, atm, restaurant, fast_food, bar, alcohol, restaurant, pub, viewpoint, viewpoint, atm, restaurant, second_hand, clothes, music, clothes, bar, clothes, shoes, shoes, shoes, clothes, clothes, optician, ice_cream, houseware, clothes, clothes, bakery, pawnbroker, clothes, clothes, shoes, restaurant, art, restaurant, clothes, clothes, bar, clothes, jewelry, fast_food, clothes, second_hand, optician, beauty, art, laundry, convenience, sports, restaurant, veterinary, books, alcohol, restaurant, bakery, art, furniture, art, restaurant, restaurant, dry_cleaning, restaurant, dry_cleaning, alcohol, bag, restaurant, beauty, cannabis, wine, clothes, restaurant, restaurant, bank, clothes, music, cafe, restaurant, beauty, dry_cleaning, bank, convenience, fast_food, fast_food, dentist, restaurant, beauty, shoes, restaurant, restaurant, mobile_phone, watches, fast_food, clothes, sports, clothes, clothes, cosmetics, clothes, clothes, car_repair, cafe, cafe, pub, restaurant, beauty, clothes, restaurant, dry_cleaning, tobacco, tyres, tobacco, hairdresser, restaurant, restaurant, restaurant, tobacco, car_parts, fast_food, video_games, dentist, pub, tattoo, restaurant, restaurant, artwork, restaurant, doityourself, pub, bar, hostel, restaurant, electronics, restaurant, restaurant, bar, restaurant, restaurant, bar, furniture, bureau_de_change, fast_food, supermarket, cafe, restaurant, restaurant, bar, restaurant, bicycle, greengrocer, beauty, hairdresser, restaurant, bicycle_rental, bicycle_rental, restaurant, bicycle, restaurant, department_store, bar, restaurant, bakery, restaurant, bakery, restaurant, coffee, restaurant, restaurant, clothes, alcohol, furniture, restaurant, bar, bar, bar, restaurant, restaurant, bar, cafe, cafe, cafe, restaurant, bar, restaurant, cafe, restaurant, pastry, restaurant, restaurant, bakery, cafe, cafe, restaurant, bar, restaurant, cafe, bar, restaurant, bakery, restaurant, restaurant, restaurant, cafe, cafe, restaurant, restaurant, bar, bar, bar, bakery, cafe, bar, bar, restaurant, cafe, cafe, restaurant, restaurant, restaurant, bar, restaurant, restaurant, bar, bar, bakery, restaurant, mobile_phone, shoes, mobile_phone, fast_food, shoes, restaurant, restaurant, restaurant, artwork, dry_cleaning, bicycle, cannabis, educational_supply, beauty, car_rental, clothes;stationary, paint, optician, cafe, bicycle_rental, bicycle_rental, bicycle_rental, bicycle_rental, bicycle_rental, bicycle_rental, bicycle_rental, gallery, fast_food, restaurant, restaurant, bank, fast_food, fast_food, restaurant, convenience, cafe, ice_cream, dry_cleaning, hairdresser, cafe, ice_cream, restaurant, cafe, bicycle_rental, restaurant, fast_food, artwork, e-cigarette, hairdresser, events_venue, convenience, hairdresser, spa, clinic, bicycle, medical_supply, doctors, restaurant, dentist, restaurant, antiques, dry_cleaning, restaurant, beauty, pet, fast_food, second_hand, restaurant, fashion_accessories, post_office, laundry, mobile_phone, post_office, bed, music, music_school, cafe, dentist, beauty, information, information, information, information, information, florist, books, bicycle, cannabis, information, information, information, ice_cream, bank, cafe, pub, beauty, social_centre, artwork, cafe, fast_food, wigs, beauty, candles, toys, clothes, restaurant, ice_cream, restaurant, dry_cleaning, restaurant, restaurant, optician, cafe, ice_cream, beauty, hairdresser, fast_food, cafe, fast_food, clinic, fashion_accessories, fast_food, shoes, restaurant, clothes, restaurant, clothes, tattoo, beauty, clothes, restaurant, hairdresser, doctors, theatre, pub, bar, cafe, bakery, ice_cream, restaurant, fast_food, restaurant, books, restaurant, clothes, clothes, cannabis, restaurant, sports, cafe, ice_cream, books, dry_cleaning, clinic, massage, ice_cream, hairdresser, restaurant, cafe, restaurant, clothes, restaurant, restaurant, cafe, gift, cafe, childcare, cafe, clothes, clothes, ice_cream, information, information, artwork, information, information, information, information, artwork, information, information, information, information, information, information, information, information, bank, bicycle_rental, clothes, restaurant, restaurant, convenience, convenience, houseware, bar, ice_cream, cafe, childcare, cafe, pet, clinic, clothes, alcohol, cafe, restaurant, furniture, school, bank, school, hospital, library, school, fire_station, place_of_worship, clinic, place_of_worship, place_of_worship, clinic, restaurant, restaurant, bank, place_of_worship, place_of_worship, place_of_worship, paint, car_repair, restaurant, car_repair, fuel, laundry, clinic, pharmacy, alcohol, car_wash, school, school, school, fire_station, place_of_worship, restaurant, bakery, restaurant, restaurant, music, place_of_worship, place_of_worship, restaurant, theatre, restaurant, car_repair, restaurant, fuel, pub, place_of_worship, place_of_worship, fast_food, convenience, police, sports, bank, fast_food, copyshop, convenience, fuel, place_of_worship, fast_food, restaurant, pub, pharmacy, bar, fuel, bar, restaurant, cafe, convenience, fire_station, hairdresser, restaurant, restaurant, restaurant, place_of_worship, bar, place_of_worship, car_repair, clothes, kindergarten, restaurant, car_repair, restaurant, restaurant, restaurant, bar, bakery, childcare, pet, bag, fast_food, fast_food, clothes, fast_food, social_facility, cafe, alcohol, dry_cleaning, books, restaurant, veterinary, pub, clothes, bank, fast_food, nightclub, bar, restaurant, cannabis, place_of_worship, car_wash, monastery, school, school, school, school, school, school, school, school, car, car, car_parts, social_facility, fast_food, place_of_worship, clinic, car, school, artwork, hotel, convenience, hospital, fast_food, school, restaurant, fast_food, convenience, optician, fast_food, pet, party, storage_rental, fast_food, dentist, cosmetics, mobile_phone, restaurant, school, school, fuel","Annunciation School, Holy Trinity High School, Miracle Healing Temple, Church of the Comforter, Rehoboth Christian Church, Puerto Rican High School, Hoyne Avenue Wesleyan Church, New Hope Bible Church, Our Lady of Algona Catholic Church, Oak Therapeutic School, Saint Mark Headstart Center, Saint Mary of Nazareth Hospital School of Nursing, Samaria Evangelical Church, San Marco United Presbyterian Church, Red Square, J&M Tap, Nilda's Place, Innertown Pub, Ciclo Urbano, Wicker Park Post Office, Sultan's Market, Jack & Ginger's, Le Bouchon, Milk and Honey Cafe, Starbucks, Piece Brewery & Pizzeria, Daffodils, Pistil & Vine, Asrai Garden, Olivia's Market, Lincoln Tavern, Club Lucky, Bucktown Market, Lucia’s Gourmet Italian Cuisine, Jewel-Osco, Urban Holiday Lofts, Ashland Ave & Augusta Blvd, Damen Ave & Pierce Ave, Wood St & Milwaukee Ave, Brü Chicago, Mildblend Supply Co., West Town Bikes, Boriken, Ashland Ave & Blackhawk St, Paulina St & Division St, Campbell Ave & North Ave, Claremont Ave & Hirsch St, Damen Ave & Cortland Ave, Damen Ave & Division St, Leavitt St & Armitage Ave, Leavitt St & North Ave, Milwaukee Ave & Wabansia Ave, Western Ave & Division St, Cafe Laguardia, Sarima Cafe, Alliance Bakery, Bordel, Nick’s Beer Garden, The Bongo Room, La Colombe Coffee Roasters, The Wormhole Coffee, Lucky's Sandwich Co., Antique Taco, Level Vape, PNC Bank, The Den, Charles Gustavus Wicker, Bandit Running, Dove's Luncheonette, Rainbo Club, Sight Optical, Red & White Wine Bar, Uprise, Odd Obsession, Silom 12, Apartment No. 9, RSVP Gallery, Lush, Lemming’s Tavern, George's Hot Dogs, Seoul Stick, Stan's Donuts & Coffee, Blue Line Lounge & Grill, Reckless Records, Shuga Records, Garfield's Beverage Express, Village Laundry, Wild Prairie Vinyl & Vintage Clothing, Boeufhaus, Sportsman's Club, Stella's Tap, Enoteca Roma Ristorante, Letizia's Natural Bakery, Folklore, Mirella's Tavern, Thai Village, Innjoy, The Fifty/50, Mirai Sushi, El Bagel Cafe, Whadda Jerk, Penelope's, Cattails, The Boil Seafood, Mac's American Food & Drink, D/V Optical, Division Street Liquors, Gold Star Bar, Bangers & Lace, La Pasadita, Alegrias Seafood Chicago, IHSP Chicago Hostel, Holiday Jones, Go Grocer, Pink Nail Spa, Handlebar, Thai Lagoon, Rangoli, Decibel Audio, Myopic Books, Chase, En Hakkore, Sarpino's Pizzeria, Polonia Food & Liquors, Presidio, Bucktown Pub, Chase, Taxim, 2nd STREET, Carhartt, The Exchange, Una Mae's, Little Olive Lounge, Levi's, Dr. Martens, Steve Madden, Saint Alfred, G-Star Raw, Crossroads Trading Co., Urban Eyecare, Red Mango, Goldblatt Sewing Machines, Vintage Underground, Ragstock, Artemio's Bakery, Cash America Pawn, Free People, Buffalo Exchange, Endless Supply, Nori, Jackson Junge Gallery, Oiistar, Transit Tees, Futurgarb, The Standard, Kokorokoko, Fausto's Jewelry, Falafel & Grill, Belmont Army, The Ark, Forsite Optical, Salon M-Oka, David Leonardis Gallery, Green Arch Food Mart, City Sports, Usagi Ya, Wicker Park Veterinary Clinic, Occult Bookstore, Crater Food & Liquor, Kin Sushi & Thai Cuisine, Lovely Bake Shop, 1112 Gallery, An Orange Moon, Tom Robinson Gallery, So Gong Dong, The Tamale Spaceship, Craft Pizza, Wicker Park Cleaners, D&D Liquors, Flight 001, Lou Malnati's Pizzeria, Wicked Nails, THC by Chitiva Wicker Park Bucktown, Liquor Park, Akira Men, Amaru, Pasta Bowl, Chase, Akira Chicago, Ave N Guitars, Gallery Cafe, 5411 Empanadas - Wicker Park, Asia Nails, U.S. Cleaners, First Merit, Wicker Park Bodega, Flash Taco, Underdog, Sushi Para M, Trim, Tom's, Enso Sushi & Bar, Dimo's Pizza, AT&T, Shinola, Potbelly, Lululemon, Finish Line, Belly Dance Maternity, Diptyque, Aesop, Steven Alan, Joe's, Damen Auto Repair, Señor Pan Cafe, Starbucks, Anthem, Lilac Tiger, Ruby Room, Trillium, Fame Cleaners, SmokeTimes, Tire Shop, Wicker Park Tobbaconist, Winchester Club, Phodega, Via Carducci, Shawarma Garden, Genie Smoke Shop, O'Reilly Auto Parts, Subway, GameStop, Dental Magic, West On North, Chicago True Blue Tattoo, Barbaro Taqueria, Roots Handmade Pizza, A Greater Perspective, Doña Naty's Tacos, Lowe's, Pub Royale, Queen Mary Tavern, Alexandra's place, BIG & little’s Restaurant, L&L Appliance Mart, West Town Bakery & Diner, Sunrise Cafe, Forbidden Root Restaurant & Brewery, Yuzu Sushi + Robata Grill, Joey G's Mac 'N Cheese, EZ Inn, North Avenue Collection, Check Express, Café Istanbul, Aldi, Ipsento 606, Urbanbelly, Clever Rabbit, The Royal Palms Shuffleboard Club, The StopAlong, Trek, Garden Gourmet Grocery, Karyn's, Chicago Barbershop, Paradise Park, Walsh Park, Elston Ave & Wabansia Ave, Paulie Gee's, Comrade Cycles, 1492 Cuban Fusion, Target, TRUCE, Dell’s Rooster, Bake, Bonchon Chicken, Brobagel, Bulerias Tapas Bar, Caffe Gelato, Caspian Kabab Fine Persian Cuisine, Cleos, Iridium, Garfield's Beverage Company, Milwaukee Furniture, Cup & Spoon, Dorian’s, Easy Bar, Ed and Jean’s Tavern, En Hakkore 2.0, Sharpies, Gigi’s Kitchen, Goddess and Grocer, Volumes Bookcafe, Haven Lounge, The Chicago Teachers’ Lounge & Eatery, High Dive, Homestead on the Roof, Hot Shots Cafe, Schwa, Insomnia Cookies, Silli Kori, Soule to Soule, Pierre’s Bakery, Rapha - Chicago, Red Square Cafe And Lounge, Salsa Picante, The Revel Room, Sabroso! Mexican Grill, Starfruit Cafe, Stella’s Sports Bar, Sushi Taku, Sweet Delights, The Tankard, Takito Kitchen, Temporis, Toms Roasting Co, Tropikava, Elia, The Delta, The Empty Bottle, The Flat Iron, The Map Room, Urban Icing, Werewolf Coffee Bar, Whiskey Business, Zakopane, JuiceRx, Kanela Breakfast Club, Kanela Breakfast Club, Kimchi Pop, Komorebi Sushi, Mariscos La Costa, Rory Lake’s Karaoke Dreams, Tai Nang, Nellie’s, No Bones Beach Club, Ola’s Liquor, Olivia’s Market, Papa’s Cache Sabroso, Verizon, Foot Locker, Cricket Wireless, Dunkin', Yes Shoes, etta, 5411 Empanadas - Division, Chengdu Bistro, Shit Fountain, Advanced Cleaners, BFF Bikes, Chicago Teacher, Karen Marie Salon, Enterprise, Bow & Arrow, C.G. Floor Finishes and Paint Supply, Coco Ice Cream, Wood St & Chicago Ave, Paulina St & North Ave, Damen Ave & Thomas St (Augusta Blvd), Wood St & Augusta Blvd, Leavitt St & Division St, Honore St & Division St, Western Ave & Walton St, Young Chicago Authors, Popeyes, Tortello, Seadog Sushi Bar, Belmont Bank & Trust, Kung FU Pizza Slices, Naty's Pizza, Koko's Mediterranean, Shell, Drink Happy Thoughts, Vaca's Creamery, Cleaners On Division, The Grooming Lounge, Philz Coffee, Kurimu, Dr. Bird's Jamaican Patty Shack, Typica Cafe, Damen Ave & Wabansia Ave, Meraki Room, Jimmy John's, Blaze Chicago, Charisma Hair Studio, Create Your Space Studio, Amish & Healthy Foods, Rare Bird Beauties Studio, Spa Social, Specialized Forensic Unit PC, Earth Rider Cycling, Total Home Health, Dr. Barbara Klempel M.D., Do-Over Diner, Dente Complete Dentistry, Seoul Taco, Olive Jewel Vintage & Antiques, Village Laundry Dry Cleaners, Pizza Friendly Pizza, BadazzNailzz Salon, Doggy Style Pet Shop, Dunkin', CEA Estate Sale Finds & Consignments, World Nutrition, Mulberry & Me, The UPS Store, Coin Laundry, Verizon, The UPS Store, Mattress Firm, Terror Vision, Bucktown Music, Sun Rey Cafe, 32 & U Dental, Epoch Salon, InFlorEscence, 826CHI, Stellar Cycleworks, Spark'd Dispensary, Black Dog Gelato, Chase, Cafe Robey, Louie's Pub, H Med Spa, AMVETS FDR Post 923, thrd, Salt Burgers + Fries, Wigs & Plus, Chrome Beauty Lounge, Black Luxe Candle Co., Building Blocks Toy Store, Seraphine, The Coach House by Wazwan, Baskin-Robbins, Bourbon On Division, Pure Cleaners, Huaraches Mexican Restaurant, Sunshine Daydream, Village Eyecare, Engine Coffee, La Flor Michoacana 3, The Ordinary, Fringe / A Salon, Taco Bell, Uni Uni Bubble Tea, Devil Dawgs Wicker Park, Kindbody (formerly Vios), Topdrawer, Sweetgreen, Supreme, Tacombi, Adidas Originals, rumi Middle Eastern Grill, Free People, Metamorph Tattoo studios, Mojo Spa, store B vintage, CAVA, Great Clips, Innovative Primary Care, The Comedy Clubhouse, The Perch Kitchen and Tap, Rite Liquors, Foxtrot Market, Tous les Jours, The Original Rainbow Cone, Little Wok, Cheba Hut ""Toasted"" Subs, Janik's Cafe, Barnes & Noble, Daebak Korean BBQ, Salomon, Big Bud Press, Ivy Hall Dispensary, La Condesa, Rapha, Colectivo Coffee, Ava's Italian Ice, Passages Wine and Books, Division Cleaners, Midwest Express Clinic, Massage Envy, Baskin-Robbins, Izakaya Shinya, Foxtrot Market, Indian Paradise, Past Studies, Bon Bon Sandwiches, Greek Corner, Plenty Goods Cafe, Paperish Mess, Altar Cafe, The Nook, Kung Fu Tea, Demolition Collective, Round Two, Jeni's Splendid Ice Creams, Wells Fargo, Damen Ave / Wicker Park Ave, Abercrombie & Fitch, Little Victories, Wolf & Company, Frutería y Carnicería San José, La Cuencanita, Altar Home, Valedor, Van Leeuwen Ice Cream, Discourse Coffee Workshop, iLearn Center, Oro Chocolate & Coffee, Kriser's Natural Pet, Physicians Immediate Care, The Moth, Liquor Park, Tap Tea, Milly’s in the Pan, Modern Drama, Roberto Clemente Community Academy, Byline Bank, Near North Montessori School, Saint Mary of Nazareth Hospital, Bucktown-Wicker Park Branch Library, Pritzker Elementary School, Chicago Fire Department Engine Company 57, Sure Foundation Missionary Baptist Church, Saint Volodymyr Ukrainian Orthodox Cathedral, Saint Helen Catholic Church, Erie Family Health Center, New China Restaurant, Guerrero's Tacos and Pizza, Fifth Third Bank, Corinth Baptist Church, Saint Aloysius Roman Catholic Church, Saint George Belarusian Orthodox Church, Sherwin-Williams, Delgado's, Irazu, Shell, Angelo Medical Clinic, Walgreens, La Junqueña, Jose de Diego Community Academy, Josephinum Academy of the Sacred Heart, Acero Santiago Elementary School, Chicago Fire Department Engine Company 30, Thai Buddhist Temple, Kasama, Bear Stewart Corporation, El Barco Mariscos, The Frontier, Dusty Groove, Holy Trinity Orthodox Cathedral, Holy Trinity Catholic Church, Lawn Craft Hamburger, Chopin Theatre, Podhalanka, Augusta & Paulina Auto Repair, Pizza Metro, Shell, Fatpour Tap Works, Saint Stephen King of Hungary Roman Catholic Church, Saint George Orthodox Cathedral, Wendy's, Shell, Cook County Sheriff's Central Warrants Division, Espace Running & Trail, Fifth Third Bank, Burger King, Copy Max, BP Shop, BP, Saint Stanislaus Kostka Roman Catholic Church, Harold's Chicken Shack, Bigsuda, Emporium Arcade Bar, Walgreens, Davenport's, Shell, Phyllis' Musical Inn, Parlor Pizza Bar, Purple Llama, Shell, Chicago Fire Department  Engine Company 35, Floyd's 99 Barbershop, Cumin, Ina Mae Tavern & Packaged Goods, First Bethlehem Evangelical Lutheran Church, Swig, Wicker Park Lutheran Church, Arandas Tires & Rims, Urban Outfitters, Guidepost Montessori, Big Star, Bloom Plant Based Kitchen, Hollywood Grill, The Hat, Backstory Tavern, Mindy’s Bakery, Best Friends Pet Care, BAGGU, Wingstop, Chopper's, Club Monaco, Chipotle, The Night Ministry, Mindy's Hot Chocolate, Vin Chicago, Express Cleaners, Quimby's, Pierogi Kitchen, Lottie's Pub, PNC Bank, Bodega Bay Chicago, Subterranean, Estelle's, Chop Shop, Elevated Minds, Saint Paul Evangelical Lutheran Church, BP, Saint Mary of the Angels Convent, Ruth Bader Ginsburg Elementary School, Wells Community Academy High School, Rowe Elementary School, LaSalle II Magnet School, Drummond Elementary School, Saint Mary of the Angels School, Burr Elementary School, Sabin Magnet Dual Language School, Mercedes-Benz of Chicago, Fletcher Jones Audi, AutoZone, Chicago Community Counseling Center, Dunkin', Saint Mary of the Angels, Northwestern Medicine Bucktown, Rudy Lozano Bilingual & International Center Elementary School, Paseo Bourica Gateway Flags, Hyatt Place Chicago / Wicker Park, BP Shop, Saint Elizabeth Hospital, Small Cheval, Saint Stanislaus Kostka Academy, Mott St, Chipotle, Circle K, America's Best Contacts & Eyeglasses, Potbelly, Pet Supplies Plus, Halloween Hallway Costume Store, Extra Space Storage, Subway, Urban Smiles Dental, Ulta Beauty, T-Mobile, Iron Age Korean Steakhouse, Saint Helen's School, BP"
872664cadffffff,599,92,"school, school, school, school, bar, fast_food, cafe, fast_food, convenience, cannabis, bicycle_rental, bicycle_rental, bicycle_rental, bicycle_rental, bicycle_rental, bicycle_rental, bicycle_rental, bicycle_rental, bicycle_rental, bicycle_rental, bakery, bicycle_rental, bicycle_rental, bicycle_rental, bicycle_rental, bicycle_rental, bicycle_rental, restaurant, restaurant, bicycle_rental, bicycle_rental, pub, cafe, deli, bakery, restaurant, bar, restaurant, restaurant, charity, artwork, artwork, convenience, bar, restaurant, restaurant, bar, bar, bar, restaurant, bar, cafe, cafe, art, butcher, museum, charity, restaurant, cafe, restaurant, cafe, fast_food, books, bank, restaurant, cafe, restaurant, restaurant, restaurant, restaurant, music_school, restaurant, restaurant, restaurant, restaurant, funeral_directors, restaurant, clothes, restaurant, cafe, restaurant, restaurant, restaurant, restaurant, restaurant, restaurant, bakery, cafe, fast_food, restaurant, fast_food, restaurant, bar, bar, restaurant, restaurant, restaurant, restaurant, restaurant, bar, restaurant, restaurant, restaurant, cafe, restaurant, restaurant, restaurant, restaurant, restaurant, restaurant, bar, ice_cream, restaurant, restaurant, bar, restaurant, bar, deli, restaurant, restaurant, restaurant, restaurant, restaurant, restaurant, restaurant, restaurant, restaurant, cafe, restaurant, bar, restaurant, pub, bar, restaurant, frame, restaurant, restaurant, fast_food, alcohol, cafe, bar, restaurant, bakery, cafe, bar, bar, restaurant, restaurant, bakery, restaurant, cafe, bar, bakery, restaurant, restaurant, restaurant, cafe, cafe, cafe, cafe, cafe, restaurant, cafe, cafe, cafe, restaurant, nightclub, restaurant, pub, bar, bar, fast_food, restaurant, restaurant, bar, restaurant, restaurant, restaurant, bar, bar, restaurant, restaurant, restaurant, bar, restaurant, restaurant, car_repair, hairdresser, clothes, greengrocer, bank, fast_food, hardware, copyshop, ice_cream, convenience, restaurant, gallery, gallery, variety_store, optician, dentist, variety_store, bicycle_rental, bicycle_rental, bicycle_rental, bicycle_rental, bicycle_rental, bicycle_rental, events_venue, bicycle_rental, bar, restaurant, restaurant, cafe, restaurant, books, restaurant, gallery, cafe, butcher, cafe, cannabis, chemist, fast_food, events_venue, convenience, clothes, car_repair, bar, restaurant, bicycle_rental, bicycle_rental, bicycle_rental, bar, gallery, bank, bicycle, place_of_worship, restaurant, art, cafe, restaurant, bar, fast_food, restaurant, restaurant, restaurant, florist, restaurant, restaurant, restaurant, gallery, gallery, gallery, restaurant, restaurant, fast_food, restaurant, clothes, restaurant, bakery, restaurant, restaurant, household_linen, restaurant, fast_food, bank, restaurant, social_facility, furniture, outdoor, clothes, furniture, furniture, furniture, mobile_phone, restaurant, restaurant, convenience, restaurant, pub, bar, restaurant, hairdresser, restaurant, restaurant, bar, ferry_terminal, clinic, bar, restaurant, fast_food, convenience, restaurant, fast_food, cafe, pharmacy, restaurant, restaurant, restaurant, bicycle_rental, bicycle_rental, cafe, ice_cream, restaurant, restaurant, restaurant, restaurant, ice_cream, bicycle_rental, information, convenience, bicycle_rental, information, bank, dry_cleaning, artwork, clinic, restaurant, cafe, beauty, museum, florist, restaurant, beauty, pet, restaurant, restaurant, restaurant, bar, restaurant, hairdresser, supermarket, dentist, fast_food, beauty, dentist, restaurant, post_office, beauty, dry_cleaning, restaurant, pet_grooming, beauty, dentist, frame, cosmetics, restaurant, bar, cafe, clothes, dry_cleaning, jewelry, fast_food, restaurant, butcher, restaurant, jewelry, veterinary, clothes, optician, fast_food, fast_food, post_office, post_office, dry_cleaning, dry_cleaning, restaurant, bakery, theatre, bank, alcohol, beauty, restaurant, bakery, restaurant, prep_school, hairdresser, books, school, fast_food, interior_decoration, clothes, clinic, bank, clothes, fast_food, bar, bar, clothes, jewelry, car, frame, fast_food, veterinary, dentist, doctors, cafe, restaurant, leather, beauty, houseware, alcohol, restaurant, gift, bank, shoes, furniture, restaurant, cosmetics, car_repair, bar, bar, cafe, nightclub, dentist, fast_food, shoes, alcohol, hairdresser, hotel, cafe, alcohol, restaurant, training, marketplace, restaurant, bar, animal_boarding, furniture, fast_food, restaurant, fast_food, bed, beauty, beauty, furniture, car_wash, beauty, tobacco, bank, florist, restaurant, restaurant, bicycle, car_repair, dentist, restaurant, bicycle, butcher, restaurant, fast_food, fast_food, bicycle_rental, bicycle_rental, cafe, bag, cheese, hairdresser, beauty, toys, tattoo, hospital, beauty, post_office, dry_cleaning, bar, clothes, bicycle_rental, shoes, cafe, furniture, gallery, gift, kindergarten, bicycle_rental, studio, artwork, wine, restaurant, fast_food, restaurant, restaurant, information, information, dancing_school, locksmith, restaurant, e-cigarette, beauty, beauty, alcohol, restaurant, bar, fast_food, bar, fast_food, school, supermarket, supermarket, bank, storage_rental, social_centre, fast_food, convenience, social_facility, car_repair, place_of_worship, fuel, place_of_worship, library, childcare, community_centre, restaurant, car_repair, car_repair, place_of_worship, laundry, restaurant, bar, restaurant, restaurant, bar, bank, library, furniture, clinic, restaurant, events_venue, restaurant, fast_food, pub, convenience, fuel, bar, restaurant, storage_rental, pub, studio, fast_food, fire_station, social_facility, bank, place_of_worship, social_facility, social_facility, bank, museum, pharmacy, fast_food, place_of_worship, events_venue, veterinary, school, social_centre, school, school, convenience, fuel, fast_food, bank, restaurant, hotel, artwork, hotel, hotel, car_repair, restaurant, artwork, school, school, school, school, school, artwork, bicycle_rental, school, school, school, fast_food, marketplace, fast_food, restaurant, hairdresser, restaurant, veterinary, restaurant, restaurant, bar, restaurant, fast_food, clothes, bar, optician, cosmetics, jewelry, hairdresser, clothes","Chicago Institute of Technology, Esperanza Elementary School, Montessori Midwest Teacher Training Center, Montessori School - Near North, Haymarket Pub & Brewery, Dunkin', The Goddess and Grocer, Jimmy John's, Green Grocer, Mint Ventures, Clinton St & Lake St, Desplaines St & Kinzie St, Milwaukee Ave & Grand Ave, Kingsbury St & Erie St, Larrabee St & Kingsbury St, Carpenter St & Huron St, Morgan St & Lake St, Eckhart Park, Noble St & Milwaukee Ave, Ogden Ave & Chicago Ave, Hoosier Mama Pie Company, Ashland Ave & Grand Ave, Ashland Ave & Lake St, Green St & Randolph St, Green St & Madison St, Ogden Ave & Race Ave, Sangamon St & Washington Blvd, Taqueria Traspasada, Tortorice's Pizza, Ada St & Washington Blvd, Ashland Ave & Chicago Ave, New Line Tavern, Starbucks, Bari, D'Amato's Bakery, Motel Bar, Cobra Lounge, High Five Ramen, Green Street Smoked Meats, The Salvation Army, Carter Harrison Memorial, James Connolly Monument, 7-Eleven, Lush Wine & Spirits, Opart Thai House Restaurant, Next, The Aviary, The Pearl Club, Richard's Bar, La Scarola, The Drop In, Mano Modern Cafe, Big Shoulders Coffee, Roots & Culture, Butcher & Larder, Polish Museum of America, Goodwill, The Publican, Starbucks, Nando's, La Colombe Coffee Roasters, Subway, Open Books, Chicago Patrolmen's Federal Credit Union, Bar Siena, Pickwick Coffee, The Allis, Jerk Jamaican Barbecue, Gyu-Kaku, JJ Thai Street Food, Merit School of Music, Taqueria El Jardin, The Izakaya at Momotaro, Monteverde Restaurant & Pastificio, Kaiser Tiger, Michalik Funeral Home, Bonci Pizzeria, Lululemon, Windy City Cafe, Starbucks, Duck Duck Goat, Fire, Beatrix Fulton Market, Swift & Sons, Forno Rosso Pizzeria Napoletana, Viaggio Ristorante & Lounge, Nohea Cafe, Do-Rite Donuts & Coffee, Shake Shack, Saigon Sisters, Sarpino's Pizzeria, Tanoshii, Esco, Fox Bar, Nonna's Sandwiches and Sundries, El Che Steakhouse & Bar, Formento's, Federales, Oriole, Moneygun, SUNNYGUN, Leña Brava, Cruz Blanca Brewery & Taquería, BomboBar - West Loop, BLVD, The Loyalist, Talay Sushi & Thai, Bocaditos Chicago, Ryota, The Great American Bagel, Third Rail Tavern, Cone Gourmet Ice Cream, Ciao! Cafe & Wine Lounge, Elske, Emporium Arcade Bar, Punch Bowl Social Chicago, Diego, J.P. Graziano Grocery, La Josie, Macello, Alhambra Palace, Piccolo Sogno, Smyth, The Breakfast Club & Grill, The Press Room, Mister Tiger, Sushi by Bou, Sparrow Coffee, Gyuro Ramen, Beatnik, Chicago Waffles, All Rise Brewing Company, On Tour Brewing, Brasero, April 7s Custom Framing, Ramen-San, PERILLA fare, The Roost Carolina Kitchen, BWS, Starbucks, Tavern El Chubasco, Aba, Amy Beck Cake Design, Arabia Café & Hookah Lounge, Beauty Bar, Blind Barber, Butterfly Sushi Bar & Thai Cuisine, Cafe Central, Cake Sweet Food Chicago, Carnivale, Caribou Coffee, Clover, D’Amato’s Wholesale Bakery, Sabroso! Mexican Grill, Flo, PB&J, Healthy and Simple, HERO Coffee Bar, Sawada Coffee, Iguana Café, Move Along Coffee, Omakase Shoji, Peet's Coffee, Stan's Donuts & Coffee, Standing Passengers, Tempesta Market, Good Night John Boy, The Dawson, The Irish Nobleman, The Matchbox, The Office, Vinnie’s Sub Shop, Wishbone, La Calavera Chicago, Loop Tavern, Momotaro, Oggi Trattoria, Noble Thai, The Stanley Club, District Brew Yards, Jeong, Cabra, Cira, Lazy Bird, Baobing, Mako, Chicago Auto Repair Service Inc., Volume Hair Salon, Alcala's Western Wear, Epic Spices, South Central Bank, Domino's, JC Licht TrueValue Hardware, FedEx Office, Jeni's Splendid Ice Creams, 7-Eleven, ROOP, Western Exhibitions, Rhona Hoffman Gallery, Family Dollar, Pearle Vision, East Village Dental, Jerusalem Home Decor, Elizabeth St & Fulton St, Aberdeen St & Monroe St, Racine Ave & Randolph St, Racine Ave & Washington Blvd, Desplaines St & Randolph St, Aberdeen St & Randolph St, City Hall, Halsted St & North Branch St, The Dandy Crown, Stax Cafe, Koi Noodles, Groundswell Coffee Roasters, Spicy Fingers Seafood Kitchen, Madison Street Books, Boqueria, Marianne Ibrahim Gallery, Contrast Coffee, Peoria's Packing, Starbucks, Dispensary33, Walgreens, McDonald's, Morgan's on Fulton, Blue Bell Mart, BLVDier, Erie LaSalle Body Shop, Tiki Tiki at the Silver Palm, Recess, Washington Blvd & Peoria St, Green St & Lake St, Carpenter St & Lake St, Kumiko, Patron Gallery, Chase, Specialized, City Church Chicago, Eggholic, McCormick Gallery, Vietfive Coffee, Kai Sushi, Estereo FM, Velvet Taco, Bodega Taqueria y Tequila, Coquette, Bambola, Steve's Flower Market, Jordyn's Soul Cafe, Elina's, Salerno's Pizza at Chicago, Kavi Gupta Gallery, Povos, A very Serious Gallery, Chicago Empanada Mama, Taco Bell Cantina, Tacombi, Notre, Trivoli Tavern, Levain Bakery, HIDE+SEEK, Trino, Brooklinen Chicago, Texan Taco Bar, Sweetgreen, Chase, Gaijin, West Town Satellite Senior Center, Carefully Picked, Fjällräven, Patagonia, UPLIFT Desk at Fulton Market, Herman Miller, Design Within Reach, Verizon, Maxwells Trading, Ranalli's, West Loop Market, Poke Poké, Black Barrel Tavern, Stelios Bottles & Bites, Taqueria Mexicana, Old Town Barbershop, LÝRA, Rose Mary, Bisous, Chicago Avenue, Passport Health Chicago - West Loop Travel Clinic, Rebel & Rye, Fioretta, Tapicozza, West Loop Mart, Riccardo Osteria, Dunkin', Matcha Cita, CVS Pharmacy, Pasta Veneta, Lou Malnati's Pizzeria, Tamu, Green St & Washington Blvd, Green St / Randolph St, Drip Collective, Baskin-Robbins, Italian Homemade Company, Bar La Rue, La Serre, Sunda, Amorino, Fulton Market, West Loop Market, Elizabeth St / Fulton St, BMO, Morgan Cleaners, Oprah Winfrey Mural, RUSH, Ramen Wasabi, Good Ambler, NAILàCARTE, WNDR Museum, Jazzy Flowers, Jet's Pizza, LaserAway, Paw Naturals, Yokocho, The Oakville Grill & Cellar, Nobu, The Lounge, Costera Cocina Tulum, Art + Science Salon, Gangnam Market, Ora Dental Studio, Voodoo Doughnut, Face Foundrié, Millennium Dental, Nancy's Pizzeria, The UPS Store, Allure Nail Spa, Gen Cleaners, All Well, Sandy's Pet Spots, 7AM Nail Care, West Loop Smile Studio, Framebridge, bluemercury, Ever, After Lounge, Fairgrounds Coffee & Tea, Pep Club Vintage, Chicago Cleaners, Brilliant Earth, SunLife Organics, Beity, Publican Quality Meats, Sushi Pink, Mejuri, Bond Vet, Beyond Yoga, Big City Optical, Prince Street Pizza, Mac's Deli, The UPS Store, FedEx Office, Shiny Cleaners, Kinzie Cleaners, Blue Agave, Brownie Points Bakery, Vittum Theater, Fifth Third Bank, West Loop Wine & Spirits, eyelashworks, Pitaki, Bittersweet Pastry Shop, Lillie's Q, Mathnasium, 4 elements, Semicolon Books, Chicago Academy for the Arts, Kim and Carlo's Chicago Style Hotdogs, Urban Source, Dovetail, Northwestern Medicine Immediate Care, Wells Fargo, Anthropologie, Roti, inkwell, Broken Hearts, Public Rec, Taköhl Custom Jewelry, McLaren, Supreme Frame, Fulton Sub Market, Lovet Pet Health Care, motto Clear Aligners, Chapter Aesthetic Studio, Foxtrot, Un Amor, Mend Atelier, Tokyo Nails, The Unwaste Shop, Aqua Wine & Spirits, TABÚ, Smitten Boutique, Belmont Bank & Trust, Leaders, Sandler, Il Carciofo, Aesop, Ogden Automotive, Reading Room, Grapes & Grains, Third Season, Garcia's Chicago, West Loop Dental Associates, Tilly Bagel, Marc Nolan, Keg N Bottle, Prohibition Barber, The Publishing House Bed & Breakfast, Café Crèmerie, West Loop 2 Wine & Spirits, Uncle Mike's Place, Hamburger University, Green City Market, Fora, The Wild Hare, Wag Hotels, Miller Knoll, Pasta Via, Taverna 1821, Taquería Chingón, Casper, L.A. Tan, ELLE Nail Salon, Morlan Sinoway Atelier, WeWash, West Loop Nail Spa, Chillaxx, Wintrust Bank Fulton Market, Juliet Tan Floral Design, Bartoli’s Pizza, The Original Pancake House, Peregrine Bicycle Studio, Fulton-Desplaines Garage, Gleam Dental Studio, Pizz’Amici, Mox Multisport, Halsted Packing House, Adalina Prime, Pie-Eyed Pizzeria, Subway, Halsted St & Lake St, Halsted St & Fulton St, Postcard, Monos, Cheese & Board, State Street Barbers - River North, The Wispy Brow, play, Insight Studios Tattoo, Action Behavior Centers - ABA Therapy for Autism, J Salon, FedEx Office, Grand Cleaners, City Pool Hall, Filson, Halsted St & Court Pl, Erica Maya Dance Shoes, Bar Tutto, South Loop Loft, Kavi Gupta Gallery, The Fig Tree, Guidepost Montessori, Sangamon St & Lake St, Kit Studios Chicago, Grand Cru, Bocadillo Market, Zayna Mediterranean Grill, Tsukiji Sushi Sake Bar, Latin Rhythms, The Professional Locksmith, Creepies, Morgan Smoke & Vape, Healthy Spa, Love You Nail Salon, Aqua Wine & Spirits, Kama Bistro, Everything, All Too Well, G-Cue Billiards, Pizza Lobo, Rudolph Elementary Learning Center, Whole Foods Market, Jewel-Osco, Bank of America, East Bank Storage Company, Chicago Fraternal Order of Police, Ramirez Fast Food, Citgo, Little Brothers Friends of the Elderly, Carson Tire Service, First Baptist Congregational Church, Citgo, Apostolic Assembly of the Faith in Christ Jesus, West Town Branch Library, John & Mary Madden Center, Erie Neighborhood House, El Taco Veloz, Gateway Auto Service & Repair, Orlando Auto Glass & Trim, Holy Innocents Catholic Church, Yo Yo Coin Laundromat, Hiro Izakaya, The Chipp Inn, Madison Crab House, The CrossRoads Bar & Grill, City Winery, First Eagle Bank, West Loop Branch Library, Montauk Sofa, Concentra Urgent Care Center, Coalfire, Plumbers Hall, Bottom Lounge, Burger Baron, Jefferson Tap & Grille, Marathon, Marathon, The Aberdeen Tap, Mart Anthony's, Metro Self Storage, Guiness Open Gate Brewery, WCIU-TV Studios, Dunkin', Chicago Fire Department Engine Company 14, Polish Roman Catholic Union of America, Byline Bank, Santa Maria Addolorata Catholic Church, Erie Neighborhood House, The Salvation Army, U.S. Bank, Intuit: The Center for Intuitive and Outsider Art, CVS Pharmacy, Dunkin', Saint John Cantius Roman Catholic Church, Galleria Marchetti, VCA Lake Shore Animal Hospital, Ogden International High School, Esperanza Community Services, Otis Elementary School, Rauner College Prep, Shell, Shell, McDonald's, Chase, Parlor Pizza Bar, Hoxton Hotel, Commemorative Ground Ring, Hyatt House Chicago West Loop-Fulton Market, Nobu Hotel, Fletcher Jones Chicago Service Center, Small Cheval - West Loop, Flame Of The Millennium, Bennett Day School, Fulton Market District Gateway, Elizabeth St & Randolph St, Golder College Prep, Rowe Lower School, Noble Street College Prep High School, Modern Relish, Box Shops by Related, Jubilee Juice & Grill, Nia Restaurant and Wine Bar, Mirror Mirror Spa, Girl & The Goat, West Loop Veterinary Care, sushiDOKKU, Au Cheval, Lone Wolf, Nisos Prime, Raising Cane's, Billy Reid, Bandit, Warby Parker, Scratch Goods, Uncommon James, Thrive Hair Collective, Madewell"
872664caeffffff,212,61,"place_of_worship, place_of_worship, place_of_worship, place_of_worship, place_of_worship, place_of_worship, place_of_worship, place_of_worship, driving_school, school, place_of_worship, place_of_worship, kindergarten, place_of_worship, place_of_worship, place_of_worship, alcohol, supermarket, cafe, bar, bar, convenience, bicycle_rental, bicycle_rental, atm, alcohol, laundry, restaurant, tattoo, artwork, bicycle_rental, bicycle_rental, restaurant, museum, restaurant, pastry, restaurant, viewpoint, fast_food, bar, cafe, restaurant, bar, supermarket, arts_centre, pet, restaurant, ice_cream, mobile_phone, convenience, fast_food, variety_store, alcohol, tobacco, restaurant, fast_food, beauty, bank, pastry, fast_food, mobile_phone, money_lender, pawnbroker, cafe, department_store, garden_centre, garden_centre, bank, place_of_worship, restaurant, convenience, restaurant, bar, cafe, bar, bar, bar, bar, bakery, bicycle_rental, bicycle_rental, bicycle_rental, variety_store, cafe, fast_food, shoes, clothes, fast_food, fast_food, mobile_phone, fast_food, mobile_phone, marketplace, clinic, garden_centre, information, greengrocer, alcohol, cafe, laundry, bicycle_rental, artwork, artwork, information, car_repair, restaurant, convenience, money_transfer, car_parts, pharmacy, bicycle_rental, bar, houseware, fast_food, hairdresser_supply, laundry, clinic, clothes, fast_food, restaurant, variety_store, theatre, beauty, art, hairdresser_supply, convenience, hairdresser, dentist, storage_rental, artwork, artwork, artwork, artwork, artwork, hairdresser, bureau_de_change, money_transfer, wholesale, community_centre, department_store, perfumery, fast_food, beauty, clothes, mobile_phone, restaurant, furniture, artwork, hospital, clinic, school, convenience, place_of_worship, social_facility, place_of_worship, place_of_worship, place_of_worship, supermarket, car_parts, place_of_worship, place_of_worship, school, fast_food, fuel, place_of_worship, place_of_worship, social_facility, convenience, fast_food, gallery, place_of_worship, place_of_worship, convenience, place_of_worship, library, school, variety_store, restaurant, school, fuel, fast_food, restaurant, place_of_worship, library, artwork, artwork, artwork, place_of_worship, supermarket, fast_food, school, school, school, library, school, convenience, clinic, place_of_worship, convenience, fuel, fuel, social_facility, school, social_facility, social_facility, clinic, social_facility, artwork, college, car_wash, fuel, school","Living Christ Missionary Baptist Church, Walker Memorial Church of God in Christ, Church of Christ, Free Lance Deliverance Church, Church of God, Rockwell Baptist Church, Central Spanish Baptist Church, All Nation Pentecostal House of Prayer, Borenquen Driving School, Maternity of the Blessed Virgin Mary School, Saint Lukes United Church of Christ, Saint Fidelis Roman Catholic Church, Luis Munoz Marin Primary Center, North Avenue Baptist Church, Youth Center Church of God in Christ, Templo Voces Espiritules, Tip Top Liquor, Municipal Market, Cafe Marie-Jeanne, California Clipper, Archie's, Puerto Rico Food and Liquors, California Ave & Division St, California Ave & North Ave, Yauco Food & Liquors, Bubbleland, Flying Saucer, Brown Brothers Tattoo, Home (Miner & Child), Troy St & North Ave, Central Park Ave & North Ave, Feed, National Museum of Puerto Rican Arts & Culture, Zoku Sushi, Roeser's Bakery, La Encantada, Central Observatory, Best Submarine #2, Boulevard Sports Lounge, The Boathouse Cafe, Humboldt Haus, Humble Bar & Lounge, Aldi, Kimball Arts Center, For Dogs Sake, Aztec Dave's Cantina, Baskin-Robbins, Cricket Wireless, Dollar Market Plus, Dunkin', Family Dollar, Foremost Liquors, North Tobacco & Convenience, La Monarca Michoacana, Little Caesars, Magic Touch Nails, PNC Bank, San Juan Bakery, Subway, T-Mobile, Currency Exchange, Café Colao, LCM Dollar, Christy Webber Farm & Garden, Adams & Son Gardens, Chase, Chùa Liên Hoa Temple, ArePA George, Ha-Grocery Food Mart, Diana’s Food & Restaurant, Dr J’s Place, Spinning J, Rooster’s Place, Rootstock Wine & Beer Bar, Steve’s Sports Bar & Lounge, The Continental, Not Just Cookies Wholesale Bakery, California Ave & Cortez St, Kedzie Ave & Chicago Ave, Spaulding Ave & Division St, Rotating Market, Dayglow, Dunkin', Foot Locker, Rainbow, Domino's, Wingstop, Cricket Wireless, Subway, Boost Mobile, Mercado del Pueblo, University of Illinois Mile Square Health Center - Humboldt Park, The Succulent City, Humboldt Park, Rio Grande Fruit Market, Eddie & Sons Food & Liquor, Etheria Cafe, Spincycle, Central Park & Augusta Blvd, Yellow Brick Road, Dr. Pedro Albizu Campos, Humboldt Park, Grandpa's Garage Auto Repair, Tha Wing Lounge, Mi Lindo San Jose Grocery Store, Western Union, O'Reilly Auto Parts, AllCareX Discount Pharmacy, Hamlin Ave & Grand Ave, The Hi-Lo, Humboldt House, Lucy’s Fried Chicken & Burgers, Star Beauty Supply, Sudz Coin Laundry, Louise Landau Health Center, Dress Code, Steingold's, New Best Sub, Five Below, House of Belonging, Refilleri, The WasteShed Chicago, Sokhna Beauty Supply, Tamara #1, Natural Hair Therapy Salon, Sonrisa Family Dental, Midway Moving & Storage, Graffiti Garden, Graffiti Garden, Graffiti Garden, Graffiti Garden, Graffiti Garden, Luquillo's Barbershop, Kedzie Chicago Currency Exchange, Western Union, Stock 'n Save, Mary L. Greenwood Community Center, Burlington, Khalifa Perfumes, JJ Fish & Chicken, Polished Nail Spa Lash & Brow, DTLR, Total by Verizon, See Thru Chinese Kitchen, Rent-A-Center, World's Fair Bison, Humboldt Park Health, Howard Brown Health at La Casa Norte, Polaris Charter Academy, BP Shop, Association House, Church of God Spanish, First Congregational Church of Chicago, Evangelical Christian Church, Central Park Fresh Market, AutoZone, Solid Rock Pentecostal Church, Lutheran Family Mission, Rowe-Clark Math & Science Academy, Popeyes, BP, Telefurerza Diaria Church, La Casa Del Carpintero, Envision Unlimited Westtown Training Center, BP Shop, McDonald's, Adds Donna, Simon Peter Lutheran Church, Church of God, Speedway, Maternity of the Blessed Virgin Mary Roman Catholic Church, Humboldt Park Branch Library, Community Career Training and Economic Development Center, Family Dollar, La Bruquena, Dr. Pedro Albizu Campos High School, Mobil, Lola's Coney Island, Taco el Jalisciense, Holy Protection Ukrainian Orthodox Cathedral, Read / Write Library, Alexander Von Humboldt Monument, Fritz Reuter Monument, Leif Ericsson Monument, Mount Gilead Missionary Baptist Church, Cermak Produce, Burger King, Chicago High School for the Arts, Lowell Elementary School, Stowe Elementary School, Richard M. Daley Branch Library, Cameron Elementary School, Mobil Mart, Humboldt Park Health Wellness Center, New Life Covenant Church, SNK Fuels, SNK Fuels, BP, The Salvation Army Freedom Center, Pablo Casals School, The Salvation Army Freedom Center, 65th Infantry Regiment ""Borinqueneers"" Veterans Housing, Fresenius Kidney Care, The Salvation Army Shield of Hope, Paseo Bourica Gateway Flags, Humboldt Park Vocational Education Center, SNK Fuels, Speedway, Erie Elementary Charter School"
872664cb0ffffff,110,44,"school, place_of_worship, optician, ice_cream, fast_food, fast_food, supermarket, fast_food, bank, restaurant, pharmacy, bureau_de_change, dentist, furniture, school, fast_food, supermarket, mobile_phone, variety_store, pub, car_repair, bar, coffee, bakery, bar, bar, restaurant, bar, ice_cream, fast_food, fast_food, fast_food, optician, bicycle_rental, bicycle_rental, bicycle_rental, bicycle_rental, dentist, hairdresser, music_school, clothes, bicycle_rental, bicycle_rental, restaurant, restaurant, cafe, laundry, hearing_aids, photo, rental, nuts, bicycle_rental, hairdresser_supply, beauty, shoes, atm, bicycle_rental, bicycle_rental, artwork, beauty, hairdresser, bed, fast_food, school, fast_food, car_parts, fuel, convenience, convenience, place_of_worship, place_of_worship, restaurant, post_office, restaurant, fast_food, fast_food, fast_food, variety_store, pharmacy, supermarket, bank, fire_station, bakery, restaurant, place_of_worship, fast_food, fuel, cafe, place_of_worship, place_of_worship, fast_food, fast_food, fast_food, bank, vehicle_inspection, car_repair, place_of_worship, fast_food, bank, fast_food, bank, place_of_worship, fast_food, convenience, place_of_worship, school, department_store, hospital, social_facility, school","Benson Art Beat, Grace Evangelical Free Church, Affinity Optical, Baskin-Robbins, China Chef, Dunkin', Jewel-Osco, Subway, Huntington Bank, A's Restaurant & Pancake House, Osco Drug, J Kim Dental Ltd, Idea, Maryville Center for Children, Mr Zee's Famous Chicken, Montrose Food Mart & Deli, T-Mobile, Family Dollar, BG's Lounge, BJ's Auto Repair, Cafe Prague, Café San Francesco, Smakowski Bakery, The Brewery, The Nest Bar & Eatery, Jibarito’s on Harlem, OverTime Sports Bar and Grill, Baskin-Robbins, Jimmy John's, Domino's, Dunkin', America's Best Contacts & Eyeglasses, Harlem Ave & Irving Park Rd, Harlem Ave & Grace Ave, Oak Park Ave & Wellington Ave, Shabbona Park, Tunes and Taps, Annabella, Oketo Ave & Addison St, Roscoe St & Harlem Ave, Pizza y Pan pa'ya, Magic Jug, Gosa Tea, Belmont Laundry, Beltone, Victor Studio, U-Haul, Superior Nut Chicago, Narragansett Ave & School Ave, Sally Beauty, H&D Nails Spa, Skechers, Bank of America, Newcastle Ave & Irving Park Rd, Oconto Ave & Belmont Ave, Nesewin - How to Breathe Underwater, H&D Nail Spa, Gallery of Hair, Discount Mattress, Lucky Dawgs, Our Saviour Lutheran School, Burger King, AutoZone, Shell, Shell, 7-Eleven, Christadelphian Church, Watson Park Congregational Church, Bia's Cafe Marianao, Roger P. McAuliffe Post Office, Jolly Inn Restaurant & Banquet Hall, Luke's on Harlem, White Castle, Taco Burrito King, Dollar Tree, Walgreens, La Tienda Michoacana, Bank of America, Chicago Fire Department Engine Company 86, Pasta Fresh, BarTucci, Our Saviour Lutheran Church, McDonald's, BP, Starbucks, Saint John Syrian Orthodox Church, Norwood Bible Church, Mr. Beef & Pizza on Harlem, KFC, Wendy's, PNC Bank, Air Team Vehicle Emissions Testing Station, Mayer's, Martin Luther Lutheran Church, Dunkin', Old National Bank, Franksville, Huntington Bank, Saint Priscillas Church, Taco Bell, BP Shop, Forest Preserve Bible Church, Norman Bridge Elementary School, TJ Maxx, Chicago-Read Mental Health Center, Illinois Veterans' Home Chicago, Taft High School Freshman Academy"
872664cb1ffffff,190,53,"place_of_worship, school, place_of_worship, school, department_store, department_store, supermarket, convenience, restaurant, pub, artwork, artwork, cafe, bakery, bakery, nightclub, bar, bakery, bakery, bakery, bakery, convenience, convenience, fuel, bank, hardware, clothes, party, fast_food, mobile_phone, nutrition_supplements, fast_food, hairdresser, restaurant, mobile_phone, mobile_phone, fast_food, fast_food, ice_cream, shoes, shoes, shoes, optician, clothes, sports, hairdresser_supply, variety_store, mobile_phone, video_games, fast_food, mobile_phone, bar, supermarket, department_store, bicycle_rental, bicycle_rental, bicycle_rental, clinic, bicycle_rental, bicycle_rental, sports, hairdresser, artwork, restaurant, bicycle_rental, social_facility, bicycle_rental, bicycle_rental, bicycle_rental, bicycle_rental, bicycle_rental, restaurant, restaurant, dentist, supermarket, fast_food, copyshop, hairdresser, bakery, alcohol, restaurant, car_wash, bicycle_rental, ice_cream, ice_cream, fast_food, ice_cream, restaurant, restaurant, dentist, car, money_lender, fast_food, mobile_phone, mobile_phone, fast_food, mobile_phone, money_transfer, place_of_worship, school, school, fast_food, pharmacy, convenience, fuel, convenience, supermarket, place_of_worship, supermarket, variety_store, social_facility, laundry, charity, restaurant, fast_food, fuel, car_parts, fuel, variety_store, community_centre, fuel, fire_station, convenience, fuel, place_of_worship, place_of_worship, place_of_worship, restaurant, laundry, place_of_worship, bed, convenience, fast_food, supermarket, variety_store, supermarket, place_of_worship, doityourself, bank, place_of_worship, cafe, fast_food, fast_food, dentist, place_of_worship, hairdresser, place_of_worship, variety_store, place_of_worship, convenience, bank, social_centre, bank, fast_food, clinic, supermarket, fast_food, events_venue, events_venue, place_of_worship, laundry, fast_food, place_of_worship, place_of_worship, variety_store, fuel, bank, alcohol, supermarket, department_store, library, ranger_station, convenience, car_repair, doityourself, storage_rental, place_of_worship, place_of_worship, place_of_worship, place_of_worship, school, bank, school, school, fast_food, school, garden_centre, school, school, fuel","Mont Clare Gospel Church, ICCI Academy, Freeman Evangelical Lutheran Church of Chicago, Socrates Greek-American Elementary School, Marshalls, Ross, Tony's Fresh Market, 7-Eleven, Central Gyros, New Polonia Club, Cakes & Beyond, Gorski’s Bakery, Happy Cake Bakery, Stereo Nightclub, J & A Sports Bar, Wiklanski’s Bakery, Zorba’s Pastry Shop, La Dulce Bakery, Las Delicias, Shell, BP Shop, Marathon, Chase, Harbor Freight Tools, Rainbow, Party City, Papa John's, T-Mobile, GNC, Subway, Hair Cuttery, Buffalo Wild Wings, Boost Mobile, Cricket Wireless, Chipotle, Dunkin', Baskin-Robbins, Kids Foot Locker, Shoe Carnival, Foot Locker, America's Best Contacts & Eyeglasses, Avenue, Champs Sports, Sally Beauty, Five Below, Verizon, GameStop, Jimmy John's, AT&T, Chicago by Night, Farmers Best Market, dd's Discounts, Fullerton Ave & Monitor Ave, Narragansett Ave & Wrightwood Ave, Mulligan Ave & Wellington Ave, PCC Community Wellness Center, Mason Ave & Belmont Ave, Central Ave & Parker Ave, Winter Globe Ski Shop, JV Hair Design, Giant Radio Flyer Wagon, Jasmine Rise, Central Ave & Wellington Ave, Safer Foundation, Mango Ave & Diversey Ave, Meade Ave & Diversey Ave, Central Ave & Altgeld St, Meade Ave & Fullerton Ave, Mason Ave & Grand Ave, Meson Del Taco, Jerusalem Grill, International Dental Center, Al-Bayan Grocery, Little Caesars, Clementi Printing Inc., Panaderia ""La Luna No. 2"", DJ Wine & Spirits, La Piri Resturant & Taqueria, Shell, Narragansett & Wrightwood, Baskin-Robbins, Baskin-Robbins, Dunkin', Baskin-Robbins, El Capitan Snacks and Cafe, La Authentica De Guerrero, Forever Dental - Belmont Avenue, Quick Sales Corporation, OneMain Financial, Wingstop, Boost Mobile, Total by Verizon, Sbarro, Cricket Wireless, Western Union, Christ Lutheran Church, St. James School, Saint Patrick High School, McDonald's, Walgreens, Falcon, Falcon, Citgo, Tony's Fresh Market, Aldi, Family Dollar, New Life Family Center, SpinXpress Laundry, The Salvation Army, Golden Nugget, Dunkin', Citgo, AutoZone, BP, Dollar Tree, The Miracle Center, Shell, Chicago Fire Department Engine Company 125, Shell, Shell, Word of Life Church of God, Saint John Bosco Roman Catholic Church, Saint James Roman Catholic Church, Marco's Beef & Pizza, Express Coin Laundry, Christian Congregation Church, Mattress Firm, BP Shop, Burger King, Gordon Food Service Store, Dollar Tree, Jewel-Osco, Lowe's, Fifth Third Bank, Saint Nicholas Albanian Orthodox Church, Starbucks, McDonald's, Wendy's, Rapha Dental Care, Polskie Centrum Chrześcijańskie, Leroy Avenue Barbers, Islamic Community Center of Illinois (ICCI), Dollar General, Saints Cyril and Methodius Polish National Catholic Church, Marathon, U.S. Bank, Alliance of Polish Clubs in the USA, U.S. Bank, Dunkin', Carnicerias Guanajuato, The Dog Stop, Tono Banquetes, Lago Banquet Hall, Belmont Evangelical Church, The Blue Kangaroo Laundromat, Dunkin', Northwest Church of God, Marantha Baptist Church, Dollar Tree, Shell, Republic Bank, Circle-G, Aldi, Target, West Belmont Branch Library, Riis Park Security, Shell, Auto Repair, The Home Depot, Extra Space Storage, Saint Gregory's Armenian Apostolic Church, Saint Ferdinand Roman Catholic Church, Trinity Evangelical Lutheran Church, Holy Trinity Greek Orthodox Church, Mary Lyon Elementary School, Bank of America, CICS West Belden School, Steinmetz College Prep, Panda Express, Saint Ferdinand School, Marvin Camras Children's Engineering Elementary School, Belmont-Cragin Elementary School, BP"
872664cb2ffffff,26,14,"bar, cafe, bar, bicycle_rental, bicycle_rental, bicycle_rental, bicycle_rental, hairdresser, car_repair, school, deli, bar, bank, place_of_worship, community_centre, place_of_worship, place_of_worship, bank, place_of_worship, fast_food, fast_food, school, school, library, bus_station, kindergarten","Draft Bar, La Capannina Coffee, Old 41 Saloon, Orange Ave & Addison St, Pittsburgh Ave & Irving Park Rd, Panama Ave & Grace St, Overhill Ave & Belmont Ave, Angie's Hair Studio, Uno Auto Service, Dever Elementary School, Nottoli & Son, Club Belmont, Belmont Bank & Trust, Leyden Baptist Church, Saint Francis Borgia Parish Hall, Saint Michael Lutheran Church, Saint Francis Borgia Church, Fifth Third Bank, Irvingwood - Acacia Presbyterian Church, Bob-O's Hot Dog's, Lonnie's Pizzeria, Saint Francis Borgia School, Canty Elementary School, Dunning Branch Library, Addison & Cumberland Terminal, Dever Early Childhood Center"
872664cb3ffffff,49,25,"library, bar, bakery, bakery, bakery, bar, cafe, bakery, bar, bakery, hairdresser, bicycle_rental, bicycle_rental, bicycle_rental, electronics, social_centre, place_of_worship, florist, place_of_worship, fast_food, fast_food, restaurant, car, car, car, car_repair, laundry, car_parts, car_parts, bakery, bank, place_of_worship, furniture, place_of_worship, childcare, clinic, convenience, car_repair, bank, social_centre, school, school, bank, storage_rental, cafe, bus_station, bus_station, car, car_wash","Galewood-Mont Clare Branch Library, Bistro Grand, Delipan Bakery, Eat Me Sweetheart Bakery, El Rincon Del Sabor, Eva’s Sports Bar, I Due Mondi, Il Giardino Del Dolce, Jacqueline Lounge, Kolatek’s Bakery & Deli, The Goat Parlor, Nordica Ave & Medill Ave, Newcastle Ave & Belden Ave, Sayre Ave & Diversey Ave, Level 5 future of technology, Knights of Columbus Council, Lutheran Church of the Good Shepherd, Same Day Flower Delivery Chicago, Mont Clare Congregational Church, Taco Bell, Popeyes, Applebee's, McGrath City Mazda, McGrath City Honda, McGrath City Hyundai, Pep Boys, Speed Queen, O'Reilly Auto Parts, AutoZone, Reuter’s Bakery, Chase, Mount Clare Baptist Church, The Room Place, Saint Williams Church, Tots Land, Advanced Dermalogy & Urology Center, 7-Eleven, Jiffy Lube, Wintrust Bank Montclare Branch, VFW Armed Forces Post 8322, Saint Williams School, Locke Elementary School, Hoyne Savings Bank, Public Storage, Starbucks, Diversey & Neva Terminal, Grand & Nordica Terminal, Jet Brite Car Wash"
872664cb4ffffff,85,40,"school, theatre, atm, library, fast_food, cafe, books, cafe, florist, restaurant, hairdresser, dentist, restaurant, beauty, dentist, video, hairdresser, bar, atm, atm, greengrocer, hairdresser, fast_food, alcohol, beauty, fast_food, dry_cleaning, fast_food, ice_cream, beauty, car_wash, car_repair, hairdresser, dojo, convenience, charging_station, cafe, convenience, post_office, bicycle_rental, beauty, bicycle_rental, bicycle_rental, college, fuel, school, place_of_worship, bakery, place_of_worship, funeral_directors, pub, fast_food, restaurant, electrical, pastry, restaurant, dentist, alcohol, dry_cleaning, nutrition_supplements, deli, convenience, bar, convenience, childcare, place_of_worship, fuel, place_of_worship, place_of_worship, place_of_worship, place_of_worship, fuel, restaurant, bank, pharmacy, place_of_worship, school, school, school, school, kindergarten, doctors, car_repair, theatre, bakery","New Horizon Center for the Developmentally Disabled, Stage Wright Theater, Tom & Jerry's Gyros, SGA cafe, Casa Blanca Flowers, Taquería Amigo Chino, Art of Hair Beauty Salon, Lawrence Plaza Dental, A Taste of the Philippines, OM Spa, Marszalek Dental Clinic, Monica's Video, Simply Chic Beauty Salon, Friendly Tavern, PNC Bank, Kordian's Market, European Hair Salon, Nick's Gyros, Jay's Food & Liquors, Ms. Z Nails, Subway, Sam Cleaner, Dunkin', Baskin-Robbins, Nail Care, Final Touch Hand Car Wash, Preferred Auto Service, Anna's Hair Salon & Spa, Tae Kwon Do, Gaelic Imports, Eli’s Cheesecake, BP Shop, The UPS Store, Narragansett Ave & Montrose Ave, Callista Beauty and Medical Spa, Melvina Ave & Giddings St, Higgins Ave & Austin Ave, Wilbur Wright College, BP, Chicago Latvian Krisjanis Barons School, Chicago Latvian Zion Lutheran Church, Eli's Cheesecake Factory, Saint Robert Bellarmine Roman Catholic Church, Lawrence Funeral Home, Printer's Row Brewing, Dunkin', Earl's BBQ, MGD Electric, Delightful Pastries, Broasted Chicken Royale, Klempka Dental, Prestige Liquors, Trim N Tidy Cleaners, Natural Beginnings Health Food, J & J European Deli, Mobil Mart, Charlotte's Bar & Grill, 7-Eleven, Promiseland Learning Center, Meditation Center of Chicago, Mobil, Norwood Gospel Chapel, Foster Avenue Baptist Church, Gladstone Park Lutheran Church, Citgo, The Big Top Restaurant, PNC Bank, CVS Pharmacy, Saint Sophia Ukrainian Orthodox Church, Beard Elementary School, John Garvy Elementary School, Smyser Elementary School, Saint Bellarmine School, Pinocchio Child Care, Harwood Chiropractic, Ernie's Automotive, Sicilia Bakery"
872664cb5ffffff,131,45,"school, school, school, place_of_worship, place_of_worship, school, fast_food, fast_food, fast_food, laundry, cafe, ice_cream, bicycle, restaurant, restaurant, bakery, bar, bar, bar, bar, cafe, cafe, cafe, fast_food, cafe, convenience, bicycle_rental, bicycle_rental, bicycle_rental, bicycle_rental, restaurant, cafe, jewelry, convenience, supermarket, florist, clothes, second_hand, dentist, clothes, clinic, childcare, florist, childcare, place_of_worship, wool, deli, hairdresser, supermarket, restaurant, bicycle_rental, bicycle_rental, bicycle_rental, bicycle_rental, bicycle_rental, bicycle_rental, bicycle_rental, driving_school, bed, deli, hairdresser, cafe, tattoo, artwork, school, school, fuel, pharmacy, convenience, place_of_worship, place_of_worship, place_of_worship, fuel, place_of_worship, ice_cream, place_of_worship, convenience, fuel, car, pet_grooming, place_of_worship, car, car_rental, place_of_worship, convenience, place_of_worship, fast_food, convenience, fuel, hardware, fuel, convenience, deli, seafood, fire_station, cinema, fast_food, variety_store, restaurant, pharmacy, place_of_worship, bank, fuel, fast_food, convenience, library, childcare, dry_cleaning, place_of_worship, place_of_worship, place_of_worship, place_of_worship, place_of_worship, car_repair, school, school, school, bank, car, car, car, school, hospital, school, school, chemist, social_facility, car, car, car, storage_rental","Messiah School, Saint Pascal's School, Saint Ladislaus School, Nebo Lutheran Church, Nebo Lutheran Church Hall, Portage Park Day Nursery, Scoop's, Flip, Pete's Pizzeria, Perkolator, Baskin-Robbins, Rudy's Cycle and Fitness, Bistro 6050, BRGRBELLY, Cake’n It - Home Bakery, Di’s Den, Easy Street, Six Penny Bit, Sutherland’s Food & Spirits, Tea’se Tea Shoppe, Mather’s More Than a Cafe, New Waves Cafe & Deli, Little Caesars, Portage Grounds, BP Shop, Meade Ave & Addison St, Narragansett Ave & Irving Park Rd, Long Ave & Irving Park Rd, Central Ave & Roscoe St, Burgundy Restaurant, Chicago Billiard Cafe, Drake Quick Stop, La Bodega - Food Market, Dahlia Blooms, Kasia's Bridal & Special Occasion Boutique, Greater Goods Community Thrift, Copeland Dental Care, J G Uniforms, Chicagoland Foot and Ankle, Kinder Academy Daycare, 4 Get Me Not, Happy Kids Preschool & Daycare Center, Shrine of the Sacred Heart Jesuit Millennium Center, The Bloomin' Spindle, Saravale Meat Market, Betty's & Nick's, Supermarket Martins, Bluebird Portage Park, Laramie Ave & Irving Park Rd, Grace St & Central Ave, Marmora Ave & Irving Park Rd, Laramie Ave & Addison Ave, Major Ave & Addison St, Linder Ave & Montrose Ave, Mason Ave & Montrose Ave, Progressive Truck Driving School Inc., Sleep Haven Mattresses, Qasr al Nakhil Grocery, Aurora's Family Hair Care, Ciao Ciao Gelato Cafe, Vasil Levski, Hyman Rickover Naval Academy, Portage Park Elementary School, Shell, Walgreens, Shell, Saint Ladislaus Catholic Church, The Bridge Community Church, Chicago Fil-Am Seventh-day Adventist Church, Shell, Living Witness Apostolic Faith Temple, Mia's Gelato, Romanian Eastern Orthodox Church of Saint Mary, Shell, BP, Marino Chrysler Jeep Dodge, Bark Out Loud, Fil-American Baptist Church, Autobarn City Volkswagen, Enterprise, Saint Andrews Lutheran Church, 7-Eleven, Portage Park Gospel Chapel, DQ Grill & Chill, Shell, Shell, Crafty Beaver, Mobil, Mobil Mart, Montrose Deli, Hagen's Fish Market, Chicago Fire Department Engine Company 94, Patio Theater, McDonald's, Dollar Tree, Giordano's Pizzeria, Walgreens, Portage Park Evangelical Covenant Church, BMO, BP, Dunkin', BP Shop, Austin-Irving Branch Library, Little Scholars Learning Center, Norwood Cleaners, Saint Pascal Roman Catholic Church, Messiah Lutheran Church, LightSource Foundation Church, Sv. Ivan Rilski Bulgarian Orthodox Church, Community of Christ, Montrose Auto Clinic, Vaughn Occupational High School, Providence Center, O A Thorp Scholastic Academy, Chase, Marino Chrysler Jeep Dodge, Chicago Academy Elementary/High School, Community First Medical Center, William P. Gray School, Peter A. Reinberg Elementary School, CVS Pharmacy, St. Mary of Providence, Mike Anderson Chevrolet, Marino Chrysler Jeep Dodge, CubeSmart"
872664cb6ffffff,2,2,"bicycle_rental, funeral_directors","Oriole Ave & Irving Park Rd, Rago Brothers Funeral Homes"
872664cc0ffffff,113,35,"place_of_worship, place_of_worship, bar, events_venue, charging_station, cafe, police, bicycle_rental, bicycle_rental, bicycle_rental, variety_store, bicycle_rental, restaurant, fast_food, convenience, restaurant, convenience, convenience, department_store, post_office, fast_food, mobile_phone, mobile_phone, convenience, restaurant, information, rental, information, artwork, artwork, artwork, artwork, artwork, childcare, bicycle_rental, money_transfer, car_wash, information, community_centre, artwork, post_office, school, convenience, fuel, convenience, fire_station, place_of_worship, place_of_worship, convenience, fuel, place_of_worship, place_of_worship, social_centre, place_of_worship, arts_centre, place_of_worship, place_of_worship, place_of_worship, place_of_worship, fast_food, place_of_worship, place_of_worship, place_of_worship, fuel, place_of_worship, place_of_worship, place_of_worship, fire_station, community_centre, convenience, place_of_worship, place_of_worship, library, convenience, place_of_worship, place_of_worship, place_of_worship, place_of_worship, place_of_worship, community_centre, place_of_worship, clinic, supermarket, place_of_worship, place_of_worship, car_parts, place_of_worship, events_venue, place_of_worship, place_of_worship, dry_cleaning, motel, place_of_worship, convenience, laundry, place_of_worship, fuel, school, school, place_of_worship, school, hospital, school, school, fuel, supermarket, fuel, school, social_facility, social_facility, social_facility, convenience, fuel","Christian Love Baptist Church, McKie's DJ Lounge, Grand Ballroom, ChargePoint, Greenline Coffee, University of Chicago Police Department, Cottage Grove Ave & 63rd St, MLK Jr Dr & 63rd St, Eberhart Ave & 61st St, Family Dollar, Wentworth Ave & 63rd St, Daley's Restaurant, Baba's Halal, New Food Mart, 2 Potz & A Pan Eatery, Woodlawn Neighborhood Market, Tony's Dollar Store, City Sports, The UPS Store, Subway, Metro by T-Mobile, Boost Mobile, Citgo, Conscious Plates, Washington Park, U-Haul, Welcome to Englewood, Wonder of Woodlawn, Stop The Violence Chicago, Black Panther, Child's World Academic Inc., Wabash Ave & 59th St, 63rd and King Currency Exchange, Mobil, Univercity of Chicago, Chicago Alliance Against Racist and Political Oppression, Fountain of Time, Jackson Park Post Office, John Fiske Elementary School, Shell, Citgo, Citgo, Chicago Fire Department Engine Company 84, Saint Anselm Catholic Church, Jubilee Christian Methodist Episcopal Church, BP Shop, Citgo, Kingdom Hall of Jehovah's Witnesses, El-Bethel Baptist Church, American Legion Hall George L. Giles Post, Prayer Garden Church of God in Christ, Civic Arts Church, Greater Metropolitan Baptist Church, Mount Calvary Church of God Holiness, Joy of Fellowship Baptist Church, Everybody's Bible Church, Church's Chicken, Mount Hope Baptist Church, Saint Edmund's Episcopal Church, Full Gospel Pentecostal Church, BP, Gorham United Methodist Church, Holy Cross Temple, Coppin Memorial African Methodist Episcopal Church, Chicago Fire Department Engine Company 47, Edward G. Irvin Center, Clark's Pump-N-Shop, Parkway Garden Christian Church, New Beginnings Church, Bessie Coleman Branch Library, D Train Food Mart, Kindest United House of Prayer, Church of the Good Shepherd, Saint Augustines Cathedral, Greater True Vine Missionary Baptist Church, Freedom Temple Church of God in Christ, Harriet Harris Community Center, Saint Philips Lutheran Church, Friend Health Clinic, Woodlawn Fresh Market, St. Peter Word Church, Vernon Baptist Church, AutoZone, Living Hope Church, The Green Living Room, Cosmopolitan Church Of Prayer, Woodlawn African Methodist Episcopal Church, Tailorite Complete Clothing Care, Best Motel, Langley Avenue Church of God, Mobil Mart, Rainbow Brite Laundromat, South Side Gospel Church, Mobil, Englewood High School, Emmett Louis Till Math and Science Academy, Lincoln Memorial Congregational United Church of Christ, Dulles Elementary School, Saint Bernard Hospital, Carter School of Excellence, Brownell Elementary School, Clark, Jewel-Osco, The Roux, CICS Washington Park School, The Roux, The Roux"
872664cc1ffffff,150,46,"place_of_worship, place_of_worship, place_of_worship, place_of_worship, place_of_worship, place_of_worship, place_of_worship, place_of_worship, place_of_worship, place_of_worship, place_of_worship, place_of_worship, place_of_worship, dojo, childcare, cinema, bicycle_rental, ticket, supermarket, bar, bar, bakery, bar, restaurant, bicycle_rental, bicycle_rental, bicycle_rental, bicycle_rental, bicycle_rental, bicycle_rental, car_repair, fast_food, mobile_phone, convenience, mobile_phone, convenience, artwork, fast_food, beauty, ice_cream, restaurant, beauty, dry_cleaning, school, money_transfer, clinic, beauty, fast_food, restaurant, hairdresser, beauty, fast_food, laundry, rental, bicycle_rental, school, university, school, school, place_of_worship, school, fire_station, fuel, place_of_worship, motel, convenience, place_of_worship, social_facility, supermarket, convenience, fuel, storage_rental, storage_rental, place_of_worship, fast_food, place_of_worship, place_of_worship, place_of_worship, trade, fuel, convenience, place_of_worship, place_of_worship, place_of_worship, money_transfer, place_of_worship, social_facility, police, supermarket, theatre, fuel, fuel, convenience, place_of_worship, place_of_worship, place_of_worship, place_of_worship, alcohol, restaurant, car_repair, place_of_worship, variety_store, pharmacy, social_facility, storage_rental, bank, place_of_worship, social_facility, museum, place_of_worship, childcare, car_repair, fuel, convenience, fast_food, fast_food, cafe, car_parts, bank, place_of_worship, variety_store, place_of_worship, gallery, fast_food, supermarket, place_of_worship, nightclub, car_repair, place_of_worship, fast_food, fast_food, fuel, place_of_worship, library, school, bank, school, place_of_worship, social_facility, school, school, veterinary, school, kindergarten, social_facility, car_wash, school, social_facility, social_facility, school","Greater Bethel Missionary Baptist Church, First Christian Community Baptist Church, Church of God, Grace Fellowship Baptist Church, Celestial Church of Christ, Prince of Peace Apostolic Church, Holy Covenant Non-Denominational Church, Holy Stranger Home Church, Israel Methodist Community Church, Moorish Science Temple of America, Rising Sun Spiritual Church, Emmanuel Community Church, Grace Conservative Baptist Church, Tanksons Martial Arts Academy, Topsy Turby Nursery and Kindergarten, Black Cinema House, Cottage Grove Ave & 67th St, Pinkie April Snow Enterprises, Zees Supermarket Plus, Randy's Lounge, Club Escape, Firehouse Bakery & Grill, President’s Lounge, The Foodie’s Spot, Stony Island Ave & 75th St, Stony Island Ave & 71st St, Evans Ave & 75th St, Cottage Grove Ave & 71st St, Woodlawn Ave & 75th St, Rhodes Ave & 71st St, Midas, Subway, Boost Mobile, BP Shop, Boost Mobile, BP Shop, Harold's Chicken Shack, 777 nails, Baskin-Robbins, Vegan Now 2 Go, Top 10 Nail and Spa, City Cleaners, Gary Comer College Prep Middle School, Western Union, DaVita Dialysis, Beautiful Sistera Nail Spa, See Thru Chinese Kitchen, Fisherman's Island, Da Cuttin' Image, Rose Beauty, JJ Fish, Stony Laundry, U-Haul, University Ave & 65th St, Clara Muhammad Elementary School, Muhammad University of Islam, Wadsworth Elementary School, Woodlawn Community Academy, Mosque Maryam, South Shore Fine Arts Academy, Chicago Fire Department Engine Company 63, Amstar, Ingleside-Whitfield United Methodist Church, Empire Motel, Quick Stop Gas & Mini Mart, Park Manor Christian Church, YWCA Laura Parks and Mildred Francis Center, Aldi, Citgo, Citgo, StorageMart, StorageMart, Martin Temple AME Zion Church, JJ Fish & Chicken, Tabernacle of Love, Temple of God Pentecostal Church, Vineyard Spiritual Temple, Banner Plumbing Supply, Citgo, Citgo, Saint Mark African Methodist Episcopal Zion Church, Saint Lawrence Church of God and Christ, Faith Tabernacle Church of God, 75th & Cottage Currency Exchange, Rock of Ages Church of God in Christ, Gary Comer Youth Center, Chicago Police Department 3rd District, Jewel-Osco, ETA Creative Arts Foundation, Citgo, BP, Citgo, Bray Temple Christian Methodist Episcopal Church, New Testament Memorial Baptist Church, The Lord's Way Missionary Baptist Church, Haven of Prayer and Praise Church, Midway #2 Food and Liquor, Chuckies Grill, Melbar Import Car, Fidelity Life Full Baptist Church, Dollar General, Walgreens, Maranatha Community Youth Center, U-Haul, Chase, Family of Faith, Good Shepherd Manor, Stony Island Arts Bank, Celestial Church of Christ, DJ Brooks Child Development Center, Pit Stop 500, Shell, Shell, Dunkin', Church's Chicken, Starbucks, Advance Auto Parts, Bank of America, Carey A.M.E. Temple, Dollar Tree, South Shore Bible Baptist Church, Theaster Gates Studio, Burger King, Save-A-Lot, Christ Temple Community Church, Lee's Unleaded Blues, Car-X, Just Christ Ministries, KFC, Popeyes, BP, Living Testimony Ministry, Greater Grand Crossing Branch Library, James Madison Elementary School, PNC Bank, Revere Elementary School, New Life Covenant Church, Montclare Senior Residences of Avalon Park, Tanner Elementary School, Park Manor Elementary School, Hyde Park Animal Hospital, Saint Paul Evangelical Lutheran School, Children's Developmental Institute, Eden South Shore, Buddy Bear Car Wash, Gary Comer College Prep"
872664cc2ffffff,151,32,"school, place_of_worship, place_of_worship, place_of_worship, place_of_worship, place_of_worship, place_of_worship, place_of_worship, place_of_worship, place_of_worship, place_of_worship, place_of_worship, place_of_worship, place_of_worship, place_of_worship, place_of_worship, place_of_worship, place_of_worship, place_of_worship, childcare, place_of_worship, place_of_worship, bank, clothes, fast_food, pharmacy, bicycle_rental, bicycle_rental, bicycle_rental, bicycle_rental, bicycle_rental, bicycle_rental, bicycle_rental, bicycle_rental, clinic, cafe, mobile_phone, atm, fast_food, fast_food, clothes, social_facility, supermarket, mobile_phone, mobile_phone, cafe, hairdresser, second_hand, atm, artwork, artwork, artwork, dentist, clothes, atm, mobile_phone, convenience, hardware, pharmacy, variety_store, school, money_transfer, place_of_worship, clinic, place_of_worship, place_of_worship, place_of_worship, car_parts, fast_food, fuel, fast_food, place_of_worship, place_of_worship, place_of_worship, clinic, place_of_worship, place_of_worship, place_of_worship, place_of_worship, community_centre, social_facility, place_of_worship, community_centre, place_of_worship, place_of_worship, place_of_worship, place_of_worship, place_of_worship, place_of_worship, place_of_worship, place_of_worship, place_of_worship, convenience, convenience, place_of_worship, place_of_worship, place_of_worship, place_of_worship, fuel, place_of_worship, place_of_worship, school, place_of_worship, place_of_worship, community_centre, place_of_worship, place_of_worship, place_of_worship, place_of_worship, money_transfer, clothes, place_of_worship, place_of_worship, social_facility, convenience, convenience, police, fuel, fuel, place_of_worship, place_of_worship, place_of_worship, place_of_worship, post_office, place_of_worship, supermarket, clinic, place_of_worship, place_of_worship, chemist, library, school, school, college, school, place_of_worship, school, place_of_worship, school, supermarket, social_facility, fuel, cafe, fast_food, clinic, social_facility, social_facility, bus_station, fuel, convenience, theatre","Saint Benedict School, New Mount Sinai Missionary Baptist Church, Mount Sinai Missionary Baptist Church, New Era Missionary Baptist Church, Hope Bible Church, Englewood United Missionary Baptist Church, Blooming Rose Deliverance Church, First Community Baptist Church, Apostolic Faith Temple, Bethel Tabernacle, Missionary Church of God in Christ, New Bethlehem Missionary Baptist Church, Christian Hope New Testament Church, Holy Trinity Non-Sectarian Temple, Holy Nazarene Tabernacle, Ogden Park Congregation of Jehovahs Witnesses, United Church of Holiness, Unity Church of God in Christ, Zion City Missionary Baptist Church, Southtown Day Care Center, Strangers Home Missionary Baptist Church, Solid Rock Missionary Bapist Church, U.S. Bank, Dress Code, Wingstop, Oak Street Pharmacy, Stewart Ave & 63rd Street, Racine Ave & 61st St, Halsted St & 63rd St, May St & 69th St, Racine Ave & 65th St, Halsted St & 69th St, Halsted St & 59th St, Carpenter St & 63rd St, Howard Brown Health 63rd Street, Kusanya Cafe, AT&T, PNC Bank, Subway, Dunkin', Englewood Branded, IMAN Food and Wellness Center, Go Green Community Fresh Market, Metro by T-Mobile, Boost Mobile, Momentum Coffee, Powell’s Barbershop, Marie|Wesley, Englewood Junction, Beloved Community Family Wellness Center - Dental Clinic, DTLR, SNKFuels, Englewood Hardware & Paint, Walgreens, Family Dollar, Nicholson School for Science and Math, Western Union, Revival Tabernacle, Englewood Health Center of Cook County, Green Grove Missionary Baptist Church, The Lebanon Baptist Church, Laflin Gospel Chapel, O'Reilly Auto Parts, White Castle, SNK Fuels, Checkers, True Church House of Prayer to all Nations, Christ Chapel Missionary Baptist Church, Prayer Tower Church of God in Christ, Beloved Community Family Wellness Center, Word & Holy Ghost Apostolic Faith Church, Burning Bush Missionary Baptist Church, Holy Nazarene Rescue Mission, Zion Temple Baptist Church, The Center of Englewood, Englewood Community Services, Manuel Memorial Missionary Baptist Church, Adele and Robert Stern Red Shield Center, Survival Awakening Church of Holiness, Holy Rock Church & Outreach Ministries, Saint Mary's Missionary Baptist Church, Silver Cloud Missionary Baptist Church, Rejecte Stone MB Church, New Greater Love Pentecostal Church, Full Gospel Evangelistic Church, Englewood Church of God, Christian Faith Fellowship Church, Citgo, Marathon, St. John EMBC Church, Hope Presbyterian Church, Beautiful Zion Baptist Church, Victory Outreach Church, Citgo, New Canaan Land Missionary Baptist Church, Church of the Living God, Bottles to Books, Sunrise Missionary Baptist Church, Mount Carmel Christian Methodist Episcopal Church, Primo Center, Trinity Baptist Church, New Jerusalem Pentecostal Church, Greater Saint John African Methodist Episcopal Church, 63rd & Morgan Currency Exchange, Rainbow, Christ United Methodist Church, Saint Stephens Lutheran Church, Chicago Englwood Senior Satellite Center, Citgo, Chicago Police Department 7th District, GoLo, Citgo, Union Tabernacle Baptist Church, Full Gospel Church, Canaan Baptist Church, True Vine Missionary Baptist Church, Englewood Post Office, Big Zion Missionary Baptist Church, Aldi, Englewood Health Center, Englewood United Methodist Church, Greater Mount Vernon Baptist Church, Walgreens, Kelly Branch Library, Johnson College Prep, Benjamin Mays Elementary School, Kennedy-King College, Kershaw Elementary School, Saint Benedict the African Roman Catholic Church, Anna R. Langford Community Academy, Saint Paul Missionary Baptist Church, Bass Elementary School, Save-A-Lot, Hope Manor II, Marathon, Starbucks, Chipotle, Fresenius Kidney Care, Montclare Englewood, Ashland/63rd Green Line Station, Citgo, Citgo"
872664cc3ffffff,126,29,"school, place_of_worship, place_of_worship, place_of_worship, place_of_worship, place_of_worship, place_of_worship, place_of_worship, place_of_worship, place_of_worship, place_of_worship, place_of_worship, school, place_of_worship, childcare, school, place_of_worship, kindergarten, restaurant, supermarket, bar, supermarket, convenience, alcohol, atm, bicycle_rental, bicycle_rental, bicycle_rental, bicycle_rental, bicycle_rental, bicycle_rental, bicycle_rental, bicycle_rental, convenience, convenience, convenience, variety_store, department_store, attraction, fast_food, mobile_phone, artwork, artwork, artwork, fast_food, mobile_phone, ice_cream, fast_food, convenience, convenience, fast_food, place_of_worship, pharmacy, place_of_worship, fast_food, money_transfer, fast_food, fuel, convenience, fast_food, place_of_worship, fast_food, place_of_worship, fuel, fuel, fuel, car_wash, fast_food, restaurant, bank, place_of_worship, fuel, fire_station, place_of_worship, variety_store, place_of_worship, fuel, fast_food, place_of_worship, place_of_worship, fuel, place_of_worship, place_of_worship, place_of_worship, convenience, place_of_worship, social_facility, place_of_worship, place_of_worship, fuel, restaurant, restaurant, art, place_of_worship, convenience, place_of_worship, bakery, place_of_worship, place_of_worship, place_of_worship, place_of_worship, fuel, convenience, place_of_worship, community_centre, place_of_worship, fast_food, fuel, social_facility, school, school, school, school, supermarket, fuel, convenience, convenience, fuel, convenience, school, school, convenience, fuel, bus_station, bus_station, fast_food","Shiloh Academy, Perlie Gates Missionary Baptist Church, Mount Carmel Ridge Missionary Baptist Church, Prayer Band General Assembly, Christs Temple Church of God in Christ Baptist Church, Evening Star Baptist Church, Greater Mount Tabor Baptist Church, Bethel Temple, Divine Church of Prayer, Lamb of God Church, Mount Olive Church of God in Christ, All Nations Pentecostal Church, Chicago Academy, Cathedral Temple of Divine Love, Angel Land Nursery School, Saint Carthage School, Holy Temple Evangelistic Church of God in Christ, Shiloh Nursery, Smoke Signals BBQ, M & H Market, Frances' Cocktail Lounge, Shop-N-Save, Grand Palace, Stewart Liquors, Vincennes Currency Exchange Bitcoin ATM, State St & 79th St, Perry Ave & 69th St, Vernon Ave & 75th St, Vincennes Ave & 75th St, Calumet Ave & 71st St, Michigan Ave & 71st St, State St & 76th St, Eggleston Ave & 69th St, BP Shop, Shell, Mobil Mart, Family Dollar, Forman Mills, Al Capone's House, Subway, Metro by T-Mobile, Mahalia Jackson, Haire's Gulf Shrimp, Boost Mobile, Baskin-Robbins, Subway, Aladdin's Food, Citgo, Harold's Chicken Shack, Cluster Baptist Church, Walgreens, Greater Omega Missionary Baptist Church, Dunkin', Western Union, Fred & Jack's, Citgo, Citgo, Church's Chicken, Faith United Methodist Church, Popeyes, Pleasant Green MB Church, BP, Mobil, Citgo, Mobil, McDonald's, Jerk Taco Man, Providence Bank & Trust, Carter Temple Christian Methodist Episcopal Church, Shell, Chicago Fire Department Engine Company 54, Rising Star Missionary Baptist Church, Family Dollar, Shiloh Seventh Day Adventist Church, Shell, McDonald's, Antioch Baptist Church South, Calvary Light Pentecostal Church, BP, New Mount Olivet Baptist Church, Greater Salem Baptist Church, Saint James Missionary Baptist Church, First Progressive Church of Christ, Maria Shelter, Saint Carthage Roman Catholic Church, Falcon, Soul Veg City, Lem's Bar-B-Q, The Woodshop, Grace and Glory Gospel Chapel, Marathon, Salem Lutheran Church, Brown Sugar Bakery, Cathedral of Love Missionary Baptist Church, New Beginnings in Christ Ministries, Kelly United Methodist Church, Park Manor Congregational Church, Mobil, Citgo, Saint Columbanus Church, Saint Columbanus Church Social Center, Martin Temple African Methodist Episcopal Zion Church, Dunkin', Marathon, SOS Children's Village, Englewood STEM High School, Saint Columbanus School, Dr. Martin Luther King, Jr Academy of Social Justice, Harvard Elementary School, Aldi, Shell, Shell, Mobil Mart, Citgo, BP Shop, Parker Community Academy, Deneen Elementary School, 76, 76, 79th Street & Perry Terminal, 69th Street Red Line Station, Dunkin'"
872664cc4ffffff,207,53,"school, place_of_worship, school, artwork, fast_food, greengrocer, bank, atm, restaurant, bicycle_rental, bicycle_rental, bicycle_rental, bicycle_rental, bicycle_rental, bicycle_rental, alcohol, fast_food, artwork, bank, restaurant, alcohol, community_centre, fast_food, arts_centre, bicycle_rental, bicycle_rental, bicycle_rental, bicycle_rental, cafe, restaurant, variety_store, restaurant, arts_centre, cafe, cafe, bar, cafe, bar, social_facility, restaurant, convenience, restaurant, clinic, clinic, gallery, cafe, bicycle_rental, optician, restaurant, shoes, bank, mobile_phone, mobile_phone, fast_food, trade, cafe, gift, information, fast_food, artwork, artwork, artwork, fast_food, artwork, artwork, artwork, artwork, information, information, arts_centre, artwork, mobile_phone, restaurant, hairdresser, artwork, artwork, artwork, artwork, artwork, artwork, artwork, artwork, artwork, artwork, artwork, restaurant, restaurant, beauty, doctors, fast_food, fast_food, beauty, pet, clothes, supermarket, hairdresser, dry_cleaning, restaurant, beauty, beauty, restaurant, clothes, pharmacy, supermarket, artwork, artwork, bicycle_rental, sports, hairdresser, school, school, furniture, pawnbroker, artwork, atm, clinic, restaurant, artwork, artwork, artwork, artwork, art, clothes, clothes, shoes, restaurant, fast_food, hairdresser, furniture, fast_food, hairdresser, convenience, restaurant, museum, place_of_worship, clinic, pharmacy, place_of_worship, place_of_worship, theatre, university, school, school, school, place_of_worship, community_centre, bank, museum, place_of_worship, library, place_of_worship, place_of_worship, place_of_worship, events_venue, place_of_worship, place_of_worship, place_of_worship, social_facility, fast_food, convenience, car_repair, place_of_worship, place_of_worship, place_of_worship, fast_food, place_of_worship, fuel, school, fuel, place_of_worship, place_of_worship, place_of_worship, place_of_worship, place_of_worship, place_of_worship, storage_rental, place_of_worship, social_facility, place_of_worship, social_facility, arts_centre, chemist, fire_station, events_venue, place_of_worship, school, place_of_worship, post_office, bank, theatre, car_parts, fast_food, fast_food, school, school, pharmacy, hospital, school, kindergarten, place_of_worship, convenience, money_transfer, school, social_facility, clinic, place_of_worship, marketplace","Corpus Christi School, Ebenezer House of Prayer, Walter H. Dyett High School, George Washington Memorial, Small Cheval, Hyde Park Produce, Maroon Financial Credit Union, Dirty Tiff's Cafe, Greenwood Ave & 47th St, Kimbark Ave & 53rd St, MLK Jr Dr & 47th St, Prairie Ave & Garfield Blvd, Cottage Grove Ave & 47th St, Cottage Grove Ave & 51st St, 200 Cut Rate Liquors, Harold's Chicken Shack, Gotthold Ephraim Lessing, Chase, Cedars Mediterranean Kitchen, A&S Beverages, A Listening Space, Burger King, Little Black Pearl Art Gallery, Ellis Ave & 55th St, Ellis Ave & 53rd St, DuSable Museum, MLK Jr Dr & 56th St, 5 Rabanitos, Dollar Tree, Sitdown Cafe and Sushi Bar, Green Line Performing Arts Center, Carver 47 Cafe, Spoken Word Cafe, Renaissance Bronzeville, Te’amo Boba Bar, Odyssey II, K.L.E.O. Community Family Life Center, Friistyle, Red Apple Food & Liquor, Skidoe's Café & Grill, John Sengstacke Health Center, Washington Park Children's Free Health Clinic, Gallery Guichard, Insomnia, Calumet Ave & 51st St, Pearle Vision, Nicky's Chinese Food, Snipes, Associated Bank, Metro by T-Mobile, Boost Mobile, The Hot Dog Box, Hyde Park Building & Material Supplies, Southside Grinds Coffee Co., L1, Washington Park, Harold's Chicken Shack, Walter Dyett, Mayor Harold Washington, Louisiana Famous Fried Chicken, Washington Park, Washington Park, 4th Ward, Cricket Wireless, Gorée Cuisine, Marimarshe' 2.0 Salon & Suites, Keep Loving Each Other, Kobe Bryant Memorial, Sim's Corner Wall of Respect, Carver 47, Roux, Sharks Fish & Chicken, Modern Beauty, Adult Emergency Room, Jimmy's Famous Burgers, Subway, Sister Nail & Spa, Sprocket & Stone, Kayra Imports, Valley of Jordan, Page Too Hair Design, Ivory #3 Cleaners, De Rice, Egyptian Style, Queen Noir, Jerk Yard, Afro Heritage Boutique, Walgreens, Adom African Market, Wabash Ave & 49th St, City Sports, Another Barber Shop, Bronzeville Scholastic Institute, Daniel Hale Williams Preparatory School of Medicine, Glam Furniture, United Loan Co., UChicago Medicine Kenwood, Little Wok, Kilimanjaro International Inc., The Top Price, Dress Code Clothing, Shoe Avenue, Two Fish Crab Shack, Moore Poppin', Blessed Hands Hair Studio, Everyhome Furniture, Red Snapper, NBWS Barber, Garfield Food Mart, The Park Bar and Grill, DuSable Black History Museum and Education Center, The Church of Jesus Christ of Latter-day Saints, Friend Health Cottage Grove Clinic, CVS Pharmacy, St. Ambrose Catholic Church, KAM Isaiah Israel Temple, Court Theatre, Lutheran School of Theology, Israel School, Kozminski Community Academy, Reavis Elementary School, First Baptist Church of Chicago, Operation PUSH Community House, BMO, African American Firefighters Museum, Greater Harvest Baptist Church, George C. Hall Branch Library, Greater Bethesda Baptist Church, Greater Mount Moriah Baptist Church, Cathedral Missionary Baptist Church, Charles A. Hayes Family Investment Center, Progressive Community Church, Saint Luke United Methodist Church, Forrestville Hyde Park Congregation of Jehovah Witnesses, Fred C. Matthews III Senior Housing, Five One Food Fresh Grill, Citgo, Jones Auto Center, Greater Shiloh Missionary Baptist Church, Cosmopolitan Peoples Community Church, Hopeful Missionary Baptist Church, McDonald's, First Unity Baptist Church, Citgo, Chicago Baptist Institute, Amstar, Second Faith Temple, Liberty Baptish Church, Corpus Christi Roman Catholic Church, Greater King David M.B. Church, McGee Temple, First Tabernacle Community Church, Hyde Park Self Storage, Old Friendship MBC, Chicago Youth Programs, Holy Trinity Missionary Baptist Church, Ronald McDonald House, Washington Park Arts Incubator, Walgreens, Chicago Fire Department Engine Company 45, Parkway Ballroom, Ebenezer Missionary Baptist Church, Well Home, Mount Pisgah MB Church, Henry W. McGee Post Office, GN Bank, Harold Washington Cultural Center, O'Reilly Auto Parts, McDonald's, Popeyes, Burke Elementary School, Educare Chicago, Outpatient Pharmacy, Provident Hospital of Cook County, DuSable High School Campus, UChicago Child Development Center - Drexel, Hyde Park Seventh-day Adventist Church, Western Union, Northwestern Medicine Bronzeville Outpatient Center, Church of God, Boxville"
872664cc5ffffff,231,57,"kindergarten, cinema, post_office, bakery, pharmacy, bar, cafe, books, cafe, restaurant, bakery, bicycle_rental, bicycle_rental, bicycle, restaurant, bicycle_rental, restaurant, supermarket, restaurant, bicycle_rental, cafe, books, museum, restaurant, hairdresser, hairdresser, bank, post_office, restaurant, restaurant, variety_store, deli, charging_station, artwork, bicycle_rental, artwork, artwork, cafe, school, school, fast_food, information, restaurant, cafe, information, viewpoint, viewpoint, library, cafe, convenience, convenience, books, bicycle_rental, bicycle_rental, bicycle_rental, bicycle_rental, bicycle_rental, fast_food, cafe, restaurant, restaurant, florist, atm, bank, theatre, fast_food, dry_cleaning, cafe, hairdresser, restaurant, cafe, food_court, restaurant, bicycle, books, bakery, cafe, bar, bar, cafe, cafe, fast_food, fast_food, fast_food, food_court, bicycle_rental, restaurant, clinic, supermarket, artwork, fast_food, wine, restaurant, cafe, convenience, restaurant, atm, atm, gift, ticket, gift, atm, fast_food, cafe, shoes, toys, atm, cafe, restaurant, restaurant, cafe, fast_food, restaurant, bicycle_rental, attraction, information, craft, atm, animal_boarding, beauty, library, library, library, convenience, fast_food, convenience, dentist, viewpoint, viewpoint, viewpoint, viewpoint, viewpoint, viewpoint, viewpoint, restaurant, social_facility, restaurant, doctors, marketplace, dry_cleaning, bank, bicycle_rental, locksmith, bicycle_rental, bicycle_rental, bicycle_rental, artwork, information, atm, information, cafe, information, viewpoint, viewpoint, cinema, picnic_site, picnic_site, picnic_site, picnic_site, picnic_site, picnic_site, picnic_site, picnic_site, dry_cleaning, restaurant, clothes, atm, theatre, books, museum, university, library, museum, attraction, attraction, social_facility, place_of_worship, place_of_worship, place_of_worship, place_of_worship, place_of_worship, library, place_of_worship, place_of_worship, fire_station, books, community_centre, place_of_worship, museum, place_of_worship, place_of_worship, place_of_worship, library, theatre, museum, arts_centre, library, school, place_of_worship, place_of_worship, place_of_worship, school, school, school, school, school, library, place_of_worship, place_of_worship, social_facility, clinic, place_of_worship, fast_food, fuel, mall, school, restaurant, hospital, school, community_centre, conference_centre, artwork, school, hotel, school, social_facility, social_facility, information, bicycle_rental, artwork, museum","Saint Clara Headstart, Max Palevsky Cinema, Lake Park Post Office, La Boulangerie & Co, Walgreens, Woodlawn Tap, Starbucks, 57th Street Books, TrueNorth Cafe, Noodles Etc, Medici Bakery, Shore Dr & 55th St, Woodlawn Ave & 55th St, Blackstone Bicycle Works, Nile Restaurant, Lake Park Ave & 56th St, Maravilla's, Open Produce, The Snail, Ellis Ave & 58th St, Robust Coffee Lounge, Seminary Co-op Bookstore, The Renaissance Society, Salonica, 57th Street Hair Salon, Hair Design International, Hyde Park Bank, FedEx Office, Dawn A.M. Eatery, Kikuya Japanese Restaurant, Cornell Dollar Plus, Morry's Deli, ChargePoint, Flock, 63rd Street Beach, Dialogo, Nuclear Energy, Plein Air Cafe, Hyde Park Day School, Sonia Shankman Orthogenic School, Burrito Beach, Garden of the Phoenix, Saucy Porka, Build Coffee, Jackson Park, D'Angelo Law Library, French Press Coffee, Midway Market, Maroon Market, University of Chicago Bookstore, University Ave & 57th St, Harper Ave & 59th St, Ellis Ave & 60th St, Stony Island Ave & 64th St, Dorchester Ave & 63rd St, Pret A Manger, Ex Libris, Mahari, Litehouse Whole Food Grill, Cornell Florist, Citibank, BankFinancial, Definition Theatre, Arley D. Cathey Dining Commons, Vogue Cleaners, Grounds of Being, University Hair Stylists, Nella Pizza e Pasta, Quantum Cafe, Hutchinson Commons Food Court, Siam Thai Cuisine, Tamago, First Aid Comics, Chloe’s Sweets & Treats, Harper Cafe, The Cove Lounge, The University of Chicago Pub, Belly Up, Hallowed Grounds, Bartlett Dining Commons, Baker Dining Commons, Panera Bread, Sky Cafe, Cornell Dr & Hayes Dr, Seoul Taco, Howard Brown Health, Trader Joe's, Mother Peace, Woodlawn Dining Commons, 57th Street Wines, B'Gabs Goodies, Fairgrounds Coffee, BP Shop, Ascione Bistro, Admissions, Citibank, Jimmy John's, Cobb Coffee Shop, Wesley's Shoe Corral, toys et cetera, Peach's Cafe, Thai 55, Huaraches Mexican Restaurant, Starbucks, Panera Bread, Jet's Pizza, Hyde Park Blvd & 55th St, U-505 Submarine, Fiber Friends Studio, Citibank, Hyde Bark Dog Walking and Pet Care, Happy Nails, Eckhart Library, The Social Work Library, Special Collections Research Center, Harper Foods, Subway, Quick Snacks, Manus Dental, Leon's Bar-B-Q & Grill, Love Fridge at Augustana Lutheran Church, Truth Be Told, Pediatric Emergency Room, 61st Street Farmers Market, The Golden Touch, Vicinity Credit Union, Blackstone Ave & 59th St, Security Shop, Drexel Ave & 60th St, University Ave & 59th St, Woodlawn Ave & 58th St, Yes And, Stan's Donuts & Coffee, Giant Dome Theater, Jackson Park - Grove 9, Jackson Park - Grove 10, Jackson Park - Grove 8, Jackson Park - Grove 7, Jackson Park - Grove 6B, Jackson Park - Grove 6A, Jackson Park - Grove 19B, Jackson Park - Grove 19A, BARDAVID, Gilda Designer Thrift Boutique, The Elie Wiesel Auditorium, Barnes & Noble, Institute for the Study of Ancient Cultures Museum, The University of Chicago, Obama Presidential Center Chicago Public Library, Griffin Museum of Science and Industry, Japanese Garden, Frederick C. Robie House, Montgomery Place, First Unitarian Church of Chicago, Hyde Park Union Church, Saint Thomas the Apostle Catholic Church, Christ Church Chicago, St. Gelasius Church, Center for Research Libraries, Augustana Lutheran Church, University Church, Chicago Fire Department Engine Company 60, Powell's Books Chicago, Hyde Park Neighborhood Club, Bishop Brent Episcopal Center, Hyde Park Historical Society Museum, 57th Street Meeting of Friends, Rockefeller Memorial Chapel, Bond Chapel, John Crerar Library, Logan Center for the Arts, David and Alfred Smart Museum of Art, Mandel Hall, Joe and Rika Mansueto Library, Carnegie Elementary School, Apostolic Church of God, Christian Temple Baptist Church, First Presbyterian Church, William H. Ray Elementary School, Saint Thomas the Apostle Grade School, Mount Carmel High School, Hyde Park Academy High School, University of Chicago Laboratory School, Joseph Regenstein Library, Woodlawn Baptist Church, Cornerstone Baptist Church, Parkshore Estates, Woodlawn Health Center, Institute of Christ the King Sovereign Priest, McDonald's, BP, Hyde Park Shopping Center, Bret Harte Elementary School, Medici on 57th, University of Chicago Medicine Campus, University of Chicago Laboratory School Early Childhood Campus, Barack Obama Presidential Center, Rubenstein Forum, Statue of the Republic, UChicago Charter School Woodlawn Campus, The Study at the University of Chicago, AKArama Foundation Inc Community Service Center, Meuseum of Science and Industry, Museum of Science & Industry, Sky Landing, Obama Presidential Center Museum"
872664cc6ffffff,76,21,"place_of_worship, place_of_worship, place_of_worship, place_of_worship, place_of_worship, place_of_worship, place_of_worship, place_of_worship, alcohol, variety_store, clinic, fast_food, bicycle_rental, cafe, bicycle_rental, bicycle_rental, bicycle_rental, bicycle_rental, convenience, shoes, mobile_phone, clothes, clinic, mobile_phone, mobile_phone, mobile_phone, beauty, restaurant, mobile_phone, fast_food, car_wash, artwork, restaurant, school, clinic, school, place_of_worship, fire_station, convenience, place_of_worship, convenience, fuel, social_facility, place_of_worship, fuel, place_of_worship, clinic, place_of_worship, fuel, fuel, fuel, convenience, fast_food, fuel, place_of_worship, convenience, fast_food, place_of_worship, place_of_worship, fast_food, money_transfer, school, police, school, school, school, school, school, school, clothes, fast_food, school, fast_food, school, school, convenience","Who So Ever Will Let Him Come Missionary Baptist Church, Willing Workers of God Christian and Missionary Alliance Church, Alev Rose of Sharon Baptist Church, First Timothy Missionary Baptist Church, Douglas - Tubman Christian Center, New Philadelphia Missionary Baptist Church, House of Prayer for All People, Unity of Love Baptist Church, Midway Liqours, Family Dollar, Heartland Alliance Health Center, Pizza Hut Delivery, Princeton Ave & Garfield Blvd, Evelyns Food Love, Halsted St & 51st St, State St & 54th St, Halsted St & 47th Pl, Halsted St & 56th St, Shell, Foot Locker, Cricket Wireless, Rainbow, Fresenius Kidney Care, Metro by T-Mobile, Boost Mobile, T-Mobile, CT Nails, Jamaica Island Jerk Chicken, Boost Mobile, S2 Express Grill, Shell, Bell Heir’s BBQ, KIPP Bloom School, DaVita Dialysis Woodlawn, John Hope College Prep, Bethsaida Missionary Baptist Church, Chicago Fire Department Engine Company 50, Citgo, Liberty Temple Church of God in Christ, Shell, Shell, Westhaven Homes, St. Basil Visitation Catholic Church, Citgo, The Chicago-Salem Church, Howard Brown Health at Thresholds South, Chicago Embassy Church, Shell, 76, BP, BP Shop, Dunkin', Super Save, Berean Baptist Church, Checkers, Life Center Church of Universal Awareness, Holy Spiritual Temple II, Burger King, Western Union, ACE Technical Charter High School, Chicago Police Department 2nd District, Tilden High School, Edward W. Beasley Academy, Sherman School of Excellence, Visitation School, Holmes Elementary School, Dewey Elementary School, DTLR, Wendy's, Sherwood Elementary School, Taco Bell, 76"
872664cc8ffffff,106,36,"school, place_of_worship, school, place_of_worship, driving_school, place_of_worship, school, place_of_worship, place_of_worship, supermarket, motel, mobile_phone, restaurant, fast_food, money_lender, fast_food, bed, clinic, bar, paint, convenience, department_store, optician, convenience, convenience, clinic, bicycle_rental, bicycle_rental, bicycle_rental, bicycle_rental, fast_food, bank, mobile_phone, mobile_phone, fast_food, fast_food, convenience, bakery, university, ice_cream, fast_food, car_parts, shoes, bank, restaurant, clothes, books, fast_food, pharmacy, pharmacy, money_transfer, clothes, car_repair, school, school, place_of_worship, place_of_worship, place_of_worship, place_of_worship, convenience, fast_food, fuel, bank, fuel, chemist, place_of_worship, place_of_worship, school, fuel, fast_food, supermarket, car_repair, fuel, place_of_worship, fast_food, bank, fast_food, fast_food, fast_food, fast_food, car_parts, place_of_worship, fuel, motel, place_of_worship, chemist, bureau_de_change, fast_food, variety_store, fast_food, car_wash, variety_store, fuel, dancing_school, place_of_worship, place_of_worship, fast_food, school, school, school, museum, social_facility, school, school, convenience, car_wash","Saint Ailbe School, Free Salvation Missionary Baptist Church, Crickets Child Day Care Center, Blessed Trinity Temple of Divine Science, Midway Driving School, Saint Ailbes Roman Catholic Church, Fellowship Christian Academy, Spiritual Love Missionary Baptist Church, South Side Baptist Church, Jewel-Osco, Skyway Motel, T-Mobile, Grand Chinese Kitchen, Subway, Americash Loans, Wingstop, Mattress Firm, DaVita Dialysis, Family Den, Sherwin-Williams, Marathon, dd's Discounts, America's Best Contacts & Eyeglasses, Citgo, Clark's Pump-N-Shop, Fresenius Kidney Care, East End Ave & 87th St, Stony Island Ave & 90th St, Greenwood Ave & 91st St, Constance Ave & 95th St, Subway, Chase, T-Mobile, Boost Mobile, Little Caesars, Subway, BP Shop, Justice of the Pies, University of Illinois Extension - Cook County Office, Baskin-Robbins, WingStreet, O'Reilly Auto Parts, Snipes, Huntington Bank, BJ's Market & Bakery, DTLR, Underground Bookstore, Harold's Chicken Shack, Walgreens, CVS Pharmacy, Western Union, Ashley Stewart, C&T Auto Services, Daisy Bates Academy of Social Justice, Harold Washington Elementary School, Hosea Temple Church, New Hope Christian Missionary Baptist Church, Kingdom Hall of Jehova Witness, Outreach Missionary Baptist Church, Circle K, KFC, Marathon, Bank of America, Shell, CVS Pharmacy, Tree of Life Missionary Baptist Church, Upright MB Church, Our Lady of Hungary School, Clark, McDonald's, Pete's Produce, Goodyear, BP, Southlawn United Methodist Church, Wendy's, Citibank, Checkers, Popeyes, Dunkin', Pizza Hut Delivery, AutoZone, Christ Apostolic Church, Citgo, Stony Island Motel, Saint Mark Church of God in Christ, Walgreens, 95th & Jeffrey Currency Exchange, McDonald's, Dollar Tree, White Castle, Marathon, Dollar General, BP, Mayfair Academy of Fine Arts, Bethany Lutheran Church, Fireball Faith Church, Burger King, Warren Elementary School, Amelia Earhart Elementary School, Mary E. McDowell Elementary School, Bronzeville Children's Museum, Montclare Senior Residences of Calumet Heights, Robert A. Black Elementary School, Davis Development Center, BP Shop, Buddy Bear Car Wash"
872664cc9ffffff,43,18,"school, supermarket, restaurant, ice_cream, convenience, variety_store, bicycle_rental, bicycle_rental, bicycle_rental, bicycle_rental, fast_food, ice_cream, fire_station, fuel, fast_food, fast_food, car_repair, place_of_worship, restaurant, place_of_worship, place_of_worship, restaurant, tyres, clinic, bakery, police, place_of_worship, supermarket, place_of_worship, place_of_worship, place_of_worship, place_of_worship, car_wash, place_of_worship, place_of_worship, place_of_worship, library, place_of_worship, school, school, school, fast_food, clinic","Our Lady School, South Deering Food Mart, Gusi's Pizza, Baskin-Robbins, BP Shop, Family Dollar, Commercial Ave & 100th St, Oglesby Ave & 100th St, Torrence Ave & 106th St, Bradley Park, Domino's, La Original Michoacana, Chicago Fire Department Engine Company 81, BP, Subway, Heinie's Shrimp House, Cedano's Auto Repair, Inspired Word Church of Jesus Christ, L & G, Saint Kevin Roman Catholic Church, Pray in Faith Ministries, Tacos Don Memo, Armando's Tire Shop, Fresenius Kidney Care, Calumet Bakery, Chicago Police Department 4th District, D.C. Coleman Temple African Methodist Episcopal Church, Aldi, Our Lady Gate of Heaven Roman Catholic Church, Great Morning View Missionary Church, Manor Community Church, New Mount Olive Missionary Baptist Church, National Pride Car Wash, Redemption Way Church of God, South Spanish Congregation of Jehovah's Witnesses, Mount Sinai Deliverance Missionary Baptist Church, Jeffery Manor Branch Library, Sacred Heart Croatian Catholic Church, Burnham Elementary School, John L. Marsh Elementary School, Sacred Heart School, Dunkin', DaVita Dialysis"
872664ccaffffff,54,19,"school, place_of_worship, place_of_worship, place_of_worship, place_of_worship, place_of_worship, childcare, childcare, place_of_worship, place_of_worship, place_of_worship, storage_rental, convenience, storage_rental, bicycle_rental, bicycle_rental, bicycle_rental, artwork, police, bicycle_rental, bus_station, bus_station, school, school, university, variety_store, money_transfer, place_of_worship, social_facility, place_of_worship, fast_food, place_of_worship, storage_rental, fast_food, fast_food, fuel, library, place_of_worship, alcohol, convenience, fuel, social_facility, motel, fire_station, place_of_worship, place_of_worship, place_of_worship, place_of_worship, place_of_worship, place_of_worship, school, school, place_of_worship, school","Saint Joachims School, New Faith Missionary Baptist Church, Good Temple Missionary Baptist Church, Burnside Community Baptist Church, Bethlehem Star Missionary Baptist Church, Christ Temple Missionary Baptist Church, Chesterfield Tom Thumb Day Care Center and Kindergarten School, The Children Village, Christ Temple Pentecostal Church, New Mount Zion Missionary Baptist Church, Grace Temple Church of God Established in Christ, Extra Space Storage, BP Shop, Public Storage, Eberhart Ave & 91st St, State St & 95th St, Chicago State University, Chicago State University Police Department, Wentworth Ave & 92nd St, 95th/Dan Ryan - North Terminal, 95th/Dan Ryan - South Terminal, McDade Classical Elementary School, Burnside Scholastic Academy, Chicago State University, Family Dollar, Western Union, Resurrection Lutheran Church, Abbott Park Senior Center, Saint James African Methodist Episcopal Church, Burger King, Wesley United Methodist Church, U-Haul, Wendy's, Popeyes, BP, Gwendolyn Brooks Library, Faith Temple House of God by Christ, Foremost Liquors, Citgo, Citgo, Burnside Community Services Center, Admiral Motel, Chicago Fire Department Engine Company 82, Vincent United Methodist Church, Saint Basil Catholic Mission, New Bethlehem #4 MB Church, Spiral Temple of Truth, Evangelistic Crusaders Church of God in Christ, Wallace Temple, Harlan Community Academy High School, Turner-Drew Language Academy, New Progressive Missionary Baptist Church, Gillespie Elementary School"
872664ccbffffff,25,11,"bicycle_rental, bicycle_rental, bicycle_rental, bicycle_rental, bicycle_rental, artwork, artwork, fast_food, place_of_worship, museum, fast_food, convenience, place_of_worship, fuel, place_of_worship, college, school, school, school, school, post_depot, post_depot, bus_station, artwork, artwork","Greenwood Ave & 97th St, Olive Harvey College, Dauphin Ave & 103rd St, Woodlawn Ave & 103rd St, Maryland Ave & 104th St, The Love Juice, Pullman Presbyterian Church, A. Philip Randolph Pullman Porter Museum, Popeyes, Citgo, Christ Community Church, Citgo, Grove Heights Baptist Church, Olive-Harvey College, Corliss High School, Schmid Elementary School, Edgar Allan Poe Classical School, Wendell Smith Elementary School, Amazon DC / SCJ DC, Amazon Logistics - DLN4 Chicago, 103rd Street & Stony Island Garage Terminal"
872664cccffffff,102,31,"school, place_of_worship, place_of_worship, place_of_worship, prep_school, fast_food, cafe, bicycle_rental, bicycle_rental, bicycle_rental, bicycle_rental, bicycle_rental, bicycle_rental, bicycle_rental, bicycle_rental, clothes, atm, fast_food, car_repair, car_repair, convenience, funeral_directors, restaurant, beauty, clothes, clothes, mobile_phone, money_lender, attraction, fast_food, place_of_worship, place_of_worship, library, social_facility, fire_station, fast_food, bank, place_of_worship, theatre, place_of_worship, place_of_worship, place_of_worship, place_of_worship, variety_store, car_parts, place_of_worship, fast_food, supermarket, events_venue, place_of_worship, place_of_worship, motel, place_of_worship, variety_store, place_of_worship, convenience, fuel, place_of_worship, storage_rental, fast_food, place_of_worship, place_of_worship, car_repair, storage_rental, place_of_worship, place_of_worship, place_of_worship, fuel, fast_food, fast_food, place_of_worship, place_of_worship, fuel, variety_store, clinic, place_of_worship, social_facility, place_of_worship, convenience, community_centre, convenience, fuel, convenience, school, place_of_worship, place_of_worship, school, storage_rental, hospital, place_of_worship, school, school, school, fuel, place_of_worship, hospital, school, social_facility, social_facility, social_facility, school, school","Saint Felicitas School, Bible Deliverance Temple, Greater Mount Pleasant Missionary Baptist Church, Paxton Avenue Church of Christ, Second Chance Tutoring, That's a Burger, Heritage Cafe, Phillips Ave & 79th St, Jeffery Blvd & 76th St, Stony Island Ave & South Chicago Ave, Bennett Ave & 79th St, Phillips Ave & 83rd St, South Chicago Ave & Elliott Ave, South Chicago Ave & 83rd St, Stony Island Ave & 82nd St, Citi Trends, Bank of America, Stony Sub, Meineke, MAACO, Citgo, Cage Memorial Chapel Funeral & Cremation Services, Inc., Beggars Pizza, Benkady African Hair Braiding, DTLR, K&G Fashion Superstore, Boost Mobile, CFSC Checks Cashed, Michelle Obama's Childhood Home, A.P. Deli, Gods House of All Nations, Zion Lutheran Church, Avalon Branch Library, Southeast (Atlas) Regional Senior Center, Chicago Fire Department Engine Company 72, White Castle, Fifth Third Bank, Church of Christ Stony Island, Avalon Regal Theater, New Original Church of God in Christ, First Unity Cathedral, Temple of Brotherly Love Community Church, Church of Living Faith, Family Dollar, AutoZone, Prayer Mission Church of God in Christ, Taco Bell, Aldi, Dr. John L. Connor Fellowship Hall, Haven of Rest Missionary Baptist Church, United Church of Christ, South Shore Motel, Faith Tabernacle Baptist Church, Family Dollar, Messiah and Saint Bartholomew Episcopal Church, Citgo, Citgo, The New Jerusalem Evangelistic Church, Public Storage, Carl's Red Hots, King of Glory Tabernacle Church of God in Christ, Jiffy Lube, CubeSmart, Colony All Nation Pentecostal Church, Saint John Church Temple, Calvary Baptist Church of Chicago, Citgo, Subway, McDonald's, New Nazareth Missionary Baptist Church, Saint Thomas Lutheran Church, All Star, Family Dollar, Fresenius Kidney Care, Excellent Way Church of God in Christ, South Central Community Services: South Shore Campus, Free Salvation M.B. Church, Rebecca K. Crown Youth Center, Exxon, Mobil Mart, Horace Mann Elementary School, The Calvary Baptist Church, Our Lady of Peace Roman Catholic Church, Our Lady of Peace School, CubeSmart, Jackson Park Hospital, Saint Felicitas Roman Catholic Church, Avalon Park Elementary School, Chicago Vocational High School, South Shore International College Preparatory High School, Fuel Star, Saint Paul Evangelical Lutheran Church, South Shore Hospital, CICS Avalon/South Shore School"
872664ccdffffff,151,49,"school, school, school, place_of_worship, place_of_worship, school, place_of_worship, place_of_worship, place_of_worship, place_of_worship, place_of_worship, place_of_worship, place_of_worship, place_of_worship, doityourself, bakery, bakery, restaurant, fast_food, beauty, alcohol, fast_food, social_facility, artwork, supermarket, artwork, fast_food, fast_food, laundry, ice_cream, bank, mobile_phone, optician, clothes, jewelry, sports, fast_food, dentist, beauty, atm, cannabis, bicycle_rental, bicycle_rental, bicycle_rental, artwork, bicycle_rental, artwork, artwork, place_of_worship, pharmacy, mobile_phone, restaurant, clinic, school, bicycle_rental, school, school, school, clinic, clinic, place_of_worship, place_of_worship, community_centre, place_of_worship, fuel, convenience, place_of_worship, tyres, fire_station, variety_store, childcare, supermarket, community_centre, bank, community_centre, social_facility, place_of_worship, bar, place_of_worship, place_of_worship, place_of_worship, supermarket, place_of_worship, money_transfer, mobile_phone, restaurant, restaurant, funeral_directors, place_of_worship, car_parts, community_centre, hairdresser, restaurant, alcohol, place_of_worship, supermarket, florist, place_of_worship, restaurant, place_of_worship, restaurant, supermarket, religion, place_of_worship, place_of_worship, beauty, supermarket, place_of_worship, clothes, clothes, car_repair, place_of_worship, car_repair, beauty, mobile_phone, chemist, clinic, fast_food, bank, place_of_worship, bank, tyres, restaurant, paint, dry_cleaning, post_office, car_wash, library, car_repair, restaurant, place_of_worship, school, hospital, social_facility, convenience, fuel, clinic, clothes, ice_cream, cafe, school, school, school, school, social_facility, school, college, social_facility, social_facility, social_facility, bicycle_rental","Saint Bronislava School, Saint Joseph School, Cosmetologist Educational Institute, Saint Joseph Catholic Church, Saint Bronislava Catholic Church, Oxford Community Center for Academics, Mount Helm Missionary Baptist Church, First Day Christian Community Church, Jesus Christ House of Prayer, New Grace Emmanuel Community Church, Zion Temple Church of Christ, Ecclesia Word Center, End Time Full Gospel Church, Cornerstone Church of Chicago, Hyman's Ace Hardware, Maxi Bakery, Panaderia Marzeya, Hua's Open Kitchen, Gomez Tacos & Pizza, Expert Nails, D&O Food and Liquors, Maya's Pizza, The Catholic Charities, We All Come Together as One, La Jerezana, The Mural @ 91st & Commercial, Dunkin', Subway, South Chicago Coin Laundry, Baskin-Robbins, Chase, Cricket Wireless, Tropical Optical, Venus Fashions, B M Jewelry, City Sports, Attock Submarine, Family Dental Care, Gel Nails, Fifth Third Bank, Mission Illinois, Houston Ave & 92nd St, Clyde Ave & 87th St, Yates Blvd & 93rd St, Vietnam Veteran's Memorial Mural, Marquette Ave & 89th St, Sky Art, National Shrine of St Jude, Walgreens, Metro by T-Mobile, A Town Wings, Athletico Physical Therapy, LEARN South Chicago Campus, Commercial Ave & 90th St, Arnold Mireles Academy, J.N. Thorp Elementary School, Bowen High School, Christ Universal Church, Unity Center of Truth, Chicago Youth Centers - Calumet Heights, Higher Love Ministries, Citgo, Citgo, Power Circle Congregation, RCB Tire Shop, Chicago Fire Department Engine Company 46, Family Dollar, Shining Star Child Development, 1st Choice Market, SkyART, Fifth Third Bank, The Salud Center, El Valor Ray Gonzalez Children & Family Center, Our Lady of Guadalupe Roman Catholic Church, Loncar Chico, Pilgrim Baptist Church, Trinity Resurrection United Church, New Prospect Missionary Baptist Church, Cecy's Molino De Masa, Gabaon Baptist Church, Western Union, Metro by T-Mobile, Birrieria Ocotlan, El Progreso, Hudson Funeral Home, Immaculate Conception Roman Catholic Church, AutoZone, Centro Comunitario Juan Diego, Esperanza Salon De Belleza, Cocula Restraunt, 8900 Commercial Food & Liquor, South Haitian Church of God, La Fruteria, Samantha's Flowers, Saint Paul African Methodist Episcopal Church, Casa Del Sol, Christ Life Church, TNT Mexican Restaurant, Macias Produce, Botanica Elegua, New Holy Trinity Temple, Greater Rising Sun Baptist Church, Diamond Nails, El Guero, Beyth-el Temple & College, City Sports, Rainbow, Pely's Auto Repair, Church of God, Firestone, Hair World, Boost Mobile, Walgreens, Fresenius Kidney Care, McDonald's, Peoples Bank, Iglesia De Dios Pentecostal, U.S. Bank, R.C.B Tire Shop, Roma's, Benjamin Moore, Dry Clean Direct, South Chicago Post Office, M & A Hand Car Wash, South Chicago Branch Library, Cabrales Auto Repair Service, El Jacalito, Compassion Baptist Church, Hoyne Elementary School, Advocate Trinity Hospital, Chicago Youth Centers - Calumet Heights, Amstar, South Chicago Health Center, D'Light Boutique, La Michoacana Del Sur, Dulce's Café, Coles Elementary School, Great Lakes Academy, Immaculate Conception School, Our Lady of Guadalupe School, Olive Harvey College South Chicago Learning Center, Victory Centre of South Chicago, Baltimore Ave & 87th St"
872664cceffffff,121,38,"place_of_worship, place_of_worship, childcare, school, place_of_worship, bakery, variety_store, hardware, bar, alcohol, hotel, nightclub, convenience, restaurant, atm, bakery, bakery, restaurant, florist, bicycle_rental, bicycle_rental, bicycle_rental, bicycle_rental, bicycle_rental, bicycle_rental, bank, storage_rental, restaurant, clothes, clothes, bicycle_rental, shoes, clothes, mobile_phone, mobile_phone, clothes, fast_food, bank, mobile_phone, convenience, pharmacy, shoes, dry_cleaning, fast_food, convenience, mobile_phone, fast_food, ice_cream, fast_food, dentist, dentist, dentist, money_transfer, money_lender, money_transfer, school, fire_station, place_of_worship, place_of_worship, fuel, fuel, convenience, storage_rental, variety_store, bank, fast_food, bar, car_wash, confectionery, place_of_worship, bank, fast_food, place_of_worship, car_parts, place_of_worship, chemist, mobile_phone, place_of_worship, place_of_worship, social_facility, convenience, restaurant, place_of_worship, variety_store, place_of_worship, place_of_worship, place_of_worship, restaurant, fast_food, fast_food, variety_store, place_of_worship, school, fuel, convenience, fuel, place_of_worship, place_of_worship, convenience, funeral_directors, library, post_depot, post_office, place_of_worship, place_of_worship, school, place_of_worship, hardware, school, place_of_worship, school, school, school, car_parts, place_of_worship, fuel, fuel, fast_food, bar, bank, school","Christian Love Christian Church, Black Methodist for Church Renewal, Crickets Child and Infant Daycare Center, Saint Clotildes School, First Cumberland Presbyterian Church, Dat Donut, Dollar Tree, Aranoff True Value Hardware, Murphy's Lounge, Dady Mart Food & Liquor, East of the Ryan, East of the Ryan, Food Town, City Life, Tony’s Original Steak & Gyros, West Indies Bakery, The Woodlawn, Majestic Florist, Vernon Ave & 79th St, Greenwood Ave & 79th St, Cottage Grove Ave & 83rd St, MLK Jr Dr & 83rd St, Ellis Ave & 83rd St, Cottage Grove Ave & 78th St, Self-Help Federal Credit Union, Extra Space Storage, Reggio's Pizza, Nike, America's Kids, Dauphin Ave & 87th St, Foot Locker, Rainbow, Boost Mobile, AT&T, DTLR, Subway, Chase, Cricket Wireless, Paradise Grocery, Walgreens, Kids Foot Locker, Tailorite Complete Clothing Care, Domino's, Boost Mobile, Harold's Chicken Shack, Baskin-Robbins, Old Chicago Pizza Company, Robin L. Ferguson DDS, Chicago Dental Dream Team, Dr. Yetta McCullom, Western Union, MoneyGram, Ruggles Elementary School, Chicago Fire Department Engine Company 122, Salvation Church of God, Saint James Evangelical Lutheran Church, Citgo, Phillips 66, Citgo, Metro Self Storage, Family Dollar, ISF Bank, Church's Chicken, Red Pepper's Masquerade, Quality Car Wash, Garrett's Popcorn, Chatham-Bethlehem United Presbyterian Church, PNC Bank, Fatburger, Harvey Memorial Community Church, Advance Auto Parts, Saint Stephen's Evangelical Lutheran Church, Walgreens, Metro by T-Mobile, Saint Clotilde's Roman Catholic Church, Crerar Memorial Presbyterian Church, Senior Suites of Chatham, Pepe's Mexican Restaurant, Come and See Missionary Baptist Church, Dollar General, Grace Eden Baptist Church, Saint Francis De Paula Catholic Church, Pepe's Mexican Restaurant, McDonald's, Burger King, Family Dollar, Chatham Fields Lutheran Church, Saint Francis School, Marathon, Marathon, Falcon Fuel, Jehovahs Witnesses Avalon Park Unit, Ephphatha Lutheran Church of the Deaf, Falcon Fuel, Leak and Sons Funeral Home, Whitney M. Young Jr. Branch Library, Grand Crossing Post Office Annex, Grand Crossing Post Office, Vernon Park Church of God, Helen Durhams Temple, Saint Dorothy School, Saint Dorothy Church, Acme Lumber & Building Supply, Arthur Ashe Elementary School, Saint Mark United Methodist Church, Pirie Elementary School, Dixon Elementary School, Neil Elementary School, AutoZone, New Covenant MB Church, Amstar, Falcon Fuel, Dunkin', Licorice Lounge, Providence Bank, Hirsch Metropolitan High School"
872664cd0ffffff,133,38,"school, school, kindergarten, place_of_worship, place_of_worship, school, place_of_worship, restaurant, bakery, bakery, bakery, bakery, bakery, bakery, bakery, restaurant, grocery, restaurant, arts_centre, mobile_phone, mobile_phone, video_games, fast_food, fast_food, mobile_phone, fast_food, ice_cream, ice_cream, bicycle_rental, bicycle_rental, bicycle_rental, bicycle_rental, bicycle_rental, bicycle_rental, bicycle_rental, bicycle_rental, beauty, hairdresser, money_transfer, childcare, mobile_phone, laundry, information, information, rental, car_repair, alcohol, supermarket, restaurant, restaurant, car_repair, tobacco, restaurant, convenience, restaurant, restaurant, beauty, convenience, hairdresser, restaurant, clinic, dentist, hairdresser, atm, mobile_phone, social_facility, school, school, school, school, school, place_of_worship, community_centre, fuel, convenience, convenience, fuel, fuel, variety_store, restaurant, fast_food, supermarket, fast_food, place_of_worship, convenience, fast_food, place_of_worship, mobile_phone, place_of_worship, place_of_worship, storage_rental, convenience, bank, variety_store, place_of_worship, social_facility, convenience, fuel, library, bank, convenience, fuel, place_of_worship, convenience, chemist, place_of_worship, place_of_worship, convenience, fast_food, car_repair, fuel, convenience, place_of_worship, school, school, car, car, car, fuel, library, post_office, bank, convenience, cafe, social_facility, school, school, social_facility, social_facility, school, place_of_worship, school, bank","Nazareth School, Saint Gall School, Merry Go Round Nursery School, Church of the Christ Light, Rumanian Pentecostal Assembly, Study Progress School, Saint Rita Parish Sisters Convent, Tacos Villa, Del Real Bakery, Don Pan Bakery, Famosa Bakery, Torres Bakery, La Baguette Bakery, La France Bakery, Luna’s Bakery, Carnitas Uruapan Restaurant, La Hacienda, Papa T's, IMAN Beloved Community Ceramics Studio, T-Mobile, T-Mobile, GameStop, Subway, Wingstop, Boost Mobile, Subway, Baskin-Robbins, La Michoacana, Maplewood Ave & 59th St, Richmond St & 59th St, St. Louis Ave & 59th St, Kedzie Ave & 57th St, Rockwell St & 57th St, Artesian Ave & 55th St, St. Louis Ave & Norman Bobbins Pl, Kedzie Ave & 52nd St, Royalty Spa, Chic Hair Studio, Western Union, Creative Kids Daycare Center, Metro by T-Mobile, Su Nueva Lavanderia, U-Haul, Nunez Auto Repair Shop, Ike's Liquors, Mi Mexico, Taqueria Vallarta, Taqueria La Hacienda, Ramirez Auto Parts & Repair, Tobacco 5 Stars, 5 Estrellas Restaurant, Rosa's Tamales, Jesse's Place, Cup Board Food & Liquors, Reyna's Salon Unisex, Outpatient Recovery Services, Chicago Barbers, Boost Mobile, Sothwest Regional Senior Center, Morrill Elementary School, Monarcas Academy, Sawyer Elementary School, Gage Park High School, Fairfield Academy, Elsdon United Methodist Church, IMAN Community Center, Amstar, Marathon, Marathon, Gas Center, Family Dollar, Taquería Atotonilco, Wendy's, Pete's Market, McDonald's, New Covenant Baptist Church, Citgo, Dunkin', Nazareth Evangelical Lutheran Church, Cricket Wireless, Grace United Church of Christ, First Baptist Church of Marquette Manor, U-Haul, 7-Eleven, Citibank, Dollar General, Saint Rita Roman Catholic Church, Senior Suites Of Gage Park, Citgo, Gage Park Branch Library, Peoples Bank, Clark's Pump-N-Shop, Clark, Tabor Lutheran Church, Walgreens, St. Clare of Montefalco Catholic Church, Saint Gall Catholic Church, BP Shop, KFC, Pep Boys, Mobil, Mobil Mart, Saint Elizabeth's Episcopal Church, Rachel Carson Elementary School, Saint Clare Catholic School, AllStar, Chicago Lawn Branch Library, Chicago Lawn Post Office, Bank of America, Starbucks, Irene C. Hernandez Middle School, Socorro Sandoval Elementary School, Fifth Third Bank"
872664cd1ffffff,115,26,"school, school, place_of_worship, place_of_worship, place_of_worship, place_of_worship, place_of_worship, place_of_worship, place_of_worship, place_of_worship, place_of_worship, place_of_worship, place_of_worship, place_of_worship, driving_school, place_of_worship, place_of_worship, place_of_worship, place_of_worship, place_of_worship, place_of_worship, place_of_worship, place_of_worship, place_of_worship, place_of_worship, place_of_worship, arts_centre, artwork, restaurant, bicycle_rental, bicycle_rental, convenience, convenience, artwork, fast_food, mobile_phone, shoes, bank, fast_food, bicycle_rental, bicycle_rental, bicycle_rental, bicycle_rental, place_of_worship, ice_cream, school, place_of_worship, hardware, place_of_worship, fire_station, fast_food, place_of_worship, place_of_worship, place_of_worship, fuel, place_of_worship, place_of_worship, fast_food, convenience, fast_food, place_of_worship, car, variety_store, fuel, convenience, fuel, car_parts, place_of_worship, variety_store, fast_food, bank, car, fuel, pharmacy, car_repair, fast_food, post_office, convenience, place_of_worship, fuel, place_of_worship, supermarket, place_of_worship, place_of_worship, bank, fast_food, place_of_worship, car, car_parts, place_of_worship, library, place_of_worship, place_of_worship, school, school, hospital, school, school, social_facility, fast_food, car, car, school, school, fast_food, variety_store, school, school, school, school, social_facility, convenience, school, fuel, place_of_worship","Golgotha School, Benedict the African School, Prince of Peace Missionary Baptist Church, New Salem Missionary Baptist Church, Greater Pisidia Missionary Baptist Church, First Southern Baptist Church, Greater Rock of Ages Missionary Baptist Church, Church of Jesus Christ, Saint John Evangelist Missionary Baptist Church, Little Saint Matthews Baptist Church, Faith Tabernacle Baptist Church, Christ Haven Center, Marquette Park Presbyterian Church, Golgotha Lutheran Church, Nationwide Trucking School, Community Vinegard Missionary Baptist Church, Church of God, Saint Justin Martyr Catholic Church, Rainbow Church of Faith, Shining Light Baptist Church, Shield of Faith Baptist Church, Unity Tabernacle Church, Spirit of Truth Church, New Hope Inspirational Baptist Church, Temple of Faith Church, Calvary Hill Baptist Church, Ephraim Bajar Cultural Center, Garifuna Flava, Ashland Ave & 66th St, Ashland Ave & 63rd St, Clark's Pump-N-Shop, Citgo, Abraham Lincoln, Subway, Boost Mobile, Foot Locker, Chase, Subway, Western Ave & 62nd St, Rockwell St & 63rd St, Artesian Ave & Marquette Rd, Artesian Ave & 71st St, The Victory Missionary Baptist Church, Baskin-Robbins, McKay Elementary School, Nativity of the Blessed Virgin Mary Church, Kuhl's Hardware, Hope Lutheran Church, Chicago Fire Department Engine Company 101, JJ Fish & Chicken, Living Hope Missionary Baptist Church, Peoples Church of God in Christ, West Englewood United Methodist Church, Marathon, New St. Paul C.O.G.I.C. Church, Abundant Life Missionary Baptist Church, White Castle, Shell, McDonald's, Hopewell Missionary Baptist Church, Kingdom Chevrolet, Dollar General, Shell, Marathon, Clark, Advance Auto Parts, Family Dollar, Church's Chicken, Bank of America, Toyota on Western, Midwest, Walgreens, Midas, Western Tacos, Ogden Park Post Office, Bread of Life Missionary Baptist Church, Citgo, First New Bethany Missionary Baptist Church, Aldi, New Ninevea Missionary Baptist Temple, Goodhope Baptist Church, Marquette Bank, McDonald's, Messiah Lutheran Church, Metro Ford, AutoZone, New Hope Congregational Church of God and Christ, West Englewood Library, New Birth Church of God in Christ, Saint Adrian Roman Catholic Church, Catalyst Maria School, Nativity School, Holy Cross Hospital, Sir Miles Davis Academy, Claremont Academy, Mitzi Friedheim Englewood Child + Family Center, Dunkin', Kingdom Chevrolet, Providence Englewood Charter School, Lindblom Technical High School, Wendy's, Family Dollar, Earle Elementary School, O'Toole Elementary School, Saint Adrian's School, The Roux, Montessori School of Englewood, The Roux, Nazarene All Nations Church"
872664cd2ffffff,160,52,"school, picnic_site, information, cafe, newsagent, restaurant, fast_food, convenience, convenience, fast_food, mobile_phone, convenience, beauty, bakery, cafe, bar, bar, bakery, bakery, cafe, bar, fast_food, fast_food, cafe, fast_food, electronics, food_court, restaurant, fast_food, books, clothes, bar, artwork, mobile_phone, fast_food, car_repair, convenience, artwork, bicycle_rental, bicycle_rental, bicycle_rental, bicycle_rental, bicycle_rental, bicycle_rental, toys, convenience, artwork, hairdresser, clinic, fast_food, restaurant, atm, gift, jewelry, restaurant, atm, fast_food, fast_food, cafe, fast_food, information, information, social_facility, police, atm, place_of_worship, perfumery, cosmetics, confectionery, fast_food, information, newsagent, mobile_phone, fast_food, events_venue, restaurant, pharmacy, pharmacy, artwork, money_transfer, atm, bureau_de_change, atm, atm, dentist, bicycle_rental, school, clinic, fast_food, convenience, convenience, fuel, place_of_worship, place_of_worship, social_centre, supermarket, convenience, community_centre, butcher, restaurant, fast_food, place_of_worship, fast_food, fuel, bank, variety_store, museum, fast_food, fast_food, fuel, bureau_de_change, school, school, school, school, school, school, school, fire_station, fuel, convenience, cafe, restaurant, place_of_worship, convenience, fuel, convenience, car_repair, bank, bank, place_of_worship, car_parts, fuel, chemist, place_of_worship, supermarket, car_parts, bank, place_of_worship, library, place_of_worship, school, chemist, fast_food, convenience, restaurant, social_facility, restaurant, bag, restaurant, fast_food, pub, fast_food, restaurant, restaurant, restaurant, bus_station, convenience, fast_food, vehicle_inspection","Teddy Bear Pre-School #3, Food Court, Fuel Bar, Southside News, Big City Chicken, Big & Little’s, Hudson, Hudson, Porkchop, Xtreme Mobile, 7-Eleven, Audiffred Salon, BomBon Cafe, Razpachos Neveria, Sloppy Joes Dive Inn Spirits & Music, West 55th Street, Le Paris Bakery, La Fiesta Bakery, Los Pekes Ice Cream & Coffee, Mr C’s Midway Bar, Nuts on Clark, Woodgrain, Big Shoulders Coffee, Arami, iStore, Reilly's Daughter, Billy Goat Tavern, Ink, Chicago Sports, Harry Carry’s Shortstop, Eye Can See Now, Boost Mobile, Subway, Car-X, Circle K, Flight Forms, Hamlin Ave & 62nd Pl, Kostner Ave & 63rd St, Tripp Ave & 65th St, Pulaski Rd & 60th St, Komensky Ave & 55th St, Kildare Ave & 55th St, FAO Schwartz, BP Shop, Giant Cow, Glenna's Hair Salon, UI Health 55th & Pulaski Health Collaborative, Einstein Bros. Bagels, Cielo Cantina, The Atrium, Sergio V Jewelry, Tamales Rebe, BMO, AD&B America's Dog, Garrett Popcorn Shops, Caffé Vita, Beecher's Handmade, The Technology, The Chicago Connection, USO, Chicago Police Department, Chapel, Jo Malone, MAC Cosmetics, Sarah's Candies, Garrett Popcorn Shops, The Battle, Departure News, Metro by T-Mobile, Pizza Nova, Midway Catering & Banquet Hall, Mariscos La Diabla Restaurant, Walgreens, CVS Pharmacy, Space Junction of Energy, Western Union, Avila Dental, Midway Orange Line, Richardson Middle School, Greater Lawn Health Center, KFC, 7-Eleven, BP Shop, BP, Saint Mary Star of the Sea Church, Christian Fellowship Church, American Legion Clearing Post 600, Save-A-Lot, 7-Eleven, St Mary's Parish Center, Winston's Sausages, Top View Restaurant, White Castle, Good Shepherd Lutheran Church, AV Anthony's, BP, Republic Bank of Chicago, Family Dollar, Balzekas Museum of Lithuanian Culture, Burger King, Dunkin', Shell, 55th & Pulaski Currency Exchange, Pasteur Elementary School, Lee Elementary School, Sor Juana Elementary School, Saint Turibius School, Peck Elementary School, Hubbard High School, Saint Nicolas School, Chicago Fire Department Engine Company 88, Mobil, Mobil Mart, Palermo's of 63rd Pizza and Restaurant, Divine Word Polish National Catholic Church, Phillips 66, Phillips 66, BP Shop, Valvoline, Bank of America, Marquette Bank, Saint Nicolas School, Advance Auto Parts, BP, Walgreens, Saint Turibius Roman Catholic Church, Pete's Market, AutoZone, BMO, West Lawn Free Methodist Church, West Lawn Branch Library, Calvary Lutheran Church, Saint Mary School, CVS Pharmacy, M Burger, Hudson, Connie's Pizza, Paisans Pizzeria, Tumi, White Sox Bar And Grill, Dunkin', Reilly's Daughter, Tallboy Taco, Big Bowl Chinese & Sushi, Gene's Bistro, Hubbard Inn, Midway Orange Line Station, Urban Snack Mart, Dunkin', Inspection Pit"
872664cd3ffffff,59,23,"school, kindergarten, place_of_worship, artwork, restaurant, bakery, mobile_phone, convenience, bicycle_rental, bicycle_rental, bicycle_rental, information, information, information, bicycle_rental, bicycle_rental, bicycle_rental, bicycle_rental, bicycle_rental, bicycle_rental, bicycle_rental, pharmacy, ice_cream, atm, bicycle_rental, school, place_of_worship, place_of_worship, fuel, fast_food, car_parts, car_repair, fast_food, convenience, fuel, convenience, place_of_worship, place_of_worship, convenience, fuel, supermarket, chemist, fast_food, school, school, car_repair, place_of_worship, bank, place_of_worship, place_of_worship, police, school, fuel, fast_food, social_facility, school, social_facility, bus_station, school","Magic Mirror Learning Center, Southwest Cooperative Pre-School, Grace Christian Ministries, MLK Living Memorial, Birrieria De La Torre, La Chiquita Bakery, T-Mobile, BP Shop, California Ave & Marquette Rd, Spaulding Ave & 63rd St, Homan Ave & 65th St, Kedzie Ave & Redfield Dr, St. Louis Ave & 71st St, Springfield Ave & 71st St, Kedzie Ave & 66th Pl, California Ave & 71st St, Kedzie Ave & 73rd St, Central Park Ave & 66th St, Walgreens, Baskin-Robbins, Pulaski Rd & 68th St, Eberhart Elementary School, Trinity Baptist Church of Chicago, Iglesia De La Santa Cruz, BP, McDonald's, O'Reilly Auto Parts, Jiffy Lube, Dunkin', Filling Station, Falcon Fuel, BP Shop, Beth Shalom B’nai Zaken Ethiopian Hebrew Congregation, Lithuanian Evangelical Lutheran Church, Mobil Mart, BP, Rio Valley Market, Walgreens, Burger King, Marquette Elementary School, Hurley Elementary School, Collision Revision, Chicago Lawn United Methodist Church, U.S. Bank, Chicago Lawn Presbyterian Church, Thomas Memorial Congregational Church, Chicago Police Department 8th District, Queen of the Universe School, Mobil, Dunkin', Saint Adrian School, Kedzie & 63rd Place Terminal, Tarkington Elementary School"
872664cd4ffffff,132,43,"school, place_of_worship, school, school, school, kindergarten, fast_food, library, variety_store, hairdresser, coffee, coffee, bar, bakery, restaurant, cafe, bakery, bar, bakery, bakery, bicycle_rental, bicycle_rental, community_centre, childcare, variety_store, clothes, mobile_phone, mobile_phone, fast_food, convenience, clinic, furniture, hairdresser_supply, shoes, restaurant, restaurant, department_store, mobile_phone, bicycle_rental, bicycle_rental, bicycle_rental, bicycle_rental, bicycle_rental, bicycle_rental, mobile_phone, information, information, information, restaurant, restaurant, clothes, florist, place_of_worship, restaurant, hairdresser, place_of_worship, mobile_phone, hairdresser, convenience, laundry, convenience, money_lender, ice_cream, clothes, school, school, fast_food, variety_store, bar, convenience, fuel, bank, pharmacy, pawnbroker, place_of_worship, museum, convenience, library, fire_station, car_parts, second_hand, money_lender, car_wash, place_of_worship, place_of_worship, place_of_worship, laundry, chemist, place_of_worship, bakery, restaurant, fuel, convenience, supermarket, place_of_worship, fuel, convenience, social_facility, convenience, fast_food, restaurant, doityourself, fast_food, fuel, convenience, fuel, fuel, school, school, school, car_parts, school, fuel, bank, fast_food, school, bank, school, clinic, school, school, school, school, mobile_phone, school, bank, school, school, school, fast_food, bus_station, garden_centre","Peace Lutheran School, First Christian Charismatic Church La Nueva Uncion, Little Peoples Nursery School, Franciscan Sisters School, Holy Martyrs School, Teddy Bear Pre-School, Dunkin', Back of the Yards Branch Library, Dollar Tree, Maria’s Beauty Salon, Back of The Yards Coffeehouse and Roastery, Cafe El Meson, El Plan, Grecias Bakery, Birrieria y Taqueria El Arandas, Sputnik Coffee Company, Tom Tom Tamale & Bakery Company, Xavier Players Club, La Central Bakery, Monterrey Bakery, Western Blvd & 48th Pl, Hoyne Ave & 47th St, Gads Hill Center, Brighton Park Early Learning Center, Dollar Tree, Rainbow, Boost Mobile, Cricket Wireless, Subway, La Bodeguita Beto’s Produce, Esperanza Brighton Park, Rent-A-Center, Sally Beauty, Foot Locker, El Pescador, Naples Pizza, Forman Mills, Boost Mobile, Campbell Ave & 51st St, Kedzie Ave & 48th Pl, Francisco Ave & 47th St, Kedzie Ave & 45th St, Archer Ave & 43rd St, Fairfield Ave & 44th St, T-Mobile, D'Nuez, Tacos De Canasta, DTLR, Diamond Florist, Iglesia del Evangelio de Cristo, El Publano, International, Iglesia Christina Alcance Victoria, Tecnophone, Chavez Unisex, Baskin-Robbins, Zemsky's, Christopher Elementary School, Nightingale Elementary School, Popeyes, Family Dollar, Frankie's Place, Citgo, Citgo, Byline Bank, Walgreens, Cash America Pawn, Saint Simon Catholic Church, Fire Museum of Greater Chicago, Marathon, Brighton Park Branch Library, Chicago Fire Department Engine Company 65, AutoZone, Village Discount Outlet, PLS, Buddy Bear Car Wash, Grace Community Church, Peace Lutheran Church, Five Holy Martyrs Church, Speed Queen, Walgreens, Immaculate Conception Roman Catholic Church, Le Paris Bakery, Carnitas Don Rafa, Shell, Shell, Supermercado El Guero, Saint John's Polish National Catholic Church, Amstar, Aperion Care International, Clark's Pump-N-Shop, Burger King, Pizza Hut, The Home Depot, Taco Bell, BP, BP Shop, BP, Food 4 Less, Gunsaulus Scholastic Academy, Back of the Yards College Preparatory High School, Shields Elementary School, Advance Auto Parts, Columbia Explorers Academy, Clark, Brighton Park Community Bank, McDonald's, Mansueto High School, Huntington Bank, Kelly High School, DaVita Dialysis, James Shields Middle School, Pathways in Education, Acero Officer Donald J. Marquez Elementary School, Boost Mobile, Acero Brighton Park School, Huntington Bank, Acero Rufino Tamayo Elementary School, Saint Rose Center, Saint Michael the Archangel Catholic School, Dunkin', Western Orange Line Station"
872664cd5ffffff,80,19,"school, school, place_of_worship, place_of_worship, place_of_worship, school, place_of_worship, school, place_of_worship, school, place_of_worship, place_of_worship, place_of_worship, place_of_worship, bicycle_rental, bicycle_rental, bicycle_rental, bicycle_rental, bicycle_rental, bicycle_rental, bicycle_rental, bicycle_rental, bicycle_rental, convenience, clinic, artwork, fast_food, mobile_phone, information, alcohol, car_parts, convenience, artwork, school, place_of_worship, variety_store, fuel, fire_station, variety_store, place_of_worship, fuel, fuel, storage_rental, place_of_worship, fuel, convenience, fire_station, convenience, fast_food, fuel, place_of_worship, place_of_worship, place_of_worship, fuel, convenience, convenience, place_of_worship, place_of_worship, place_of_worship, car_parts, car_parts, fuel, social_facility, library, school, school, clinic, car, school, school, school, fuel, school, farm, school, school, school, social_facility, school, school","Assumption School, Saint Raphael School, Kingdom of Christ Baptist Church, Greater New Mount Zion Missionary Baptist Church, Cannon Temple Missionary Baptist Church, Charles Harrison Mason Bible College, Christ Temple Apostolic Church, Mays School, New Way Mission Church, Philadelphia Church of God in Christ School, Lithuanian Jesuit Fathers Roman Catholic Church, Stone Temple Church of God in Christ, Spirit of Love Missionary Baptist Church, Samuel Temple Church of God in Christ, Elizabeth St & 59th St, Racine Ave & Garfield Blvd, Ashland Ave & Garfield Blvd, Seeley Ave & Garfield Blvd, Throop St & 52nd St, Marshfield Ave & 59th St, Ashland Ave & 50th St, Damen Ave & 59th St, Damen Ave & 51st St, Citgo, ACCESS Ashland Family Health Center, Paul Cornell, Subway, Metro by T-Mobile, Sherman Park, D&A Food & Liquor, Robbin's, Clark's Pump-N-Shop, Sherman American History Series, Fulton Elementary School, Saint Peter and Paul Russian Orthodox Church, Dollar Tree, Marathon, Chicago Fire Department Engine Company 116, Family Dollar, Philadelphia Church of God in Christ, BP, Citgo, Extra Space Storage, Assumption Blessed Virgin Mary Roman Catholic Church, Clark, Clark's Pump-N-Shop, Chicago Fire Department Engine Company 123, Dunkin', Amstar, Spiritual Rock M.B. Church, Julia Gay Memorial United Methodist Church, Spiritual Wholistic Ministries of Love and Faith, Clark, Citgo, Saint Mary's Byzantine Catholic Church, Apostolic House of Prayer, New Life Seventh Day Adventist Church, AutoZone, O'Reilly Auto Parts, GoLo, Su Casa, Sherman Park Branch Library, Richard J. Daley Academy, Richards Career Academy, Access Center For Discovery And Learning, Henderson Elementary School, Libby Elementary School, Citgo, Peace & Education Coalition Alternative High School, Growing Home Farm Stand, Horizon Science Academy (Southwest Chicago), Saint Mary's School, The Peace and Education Coalition Alternative High School, Lithuanian Institute of Education, CICS Basil School"
872664cd6ffffff,120,49,"supermarket, supermarket, supermarket, supermarket, fast_food, mobile_phone, hotel, bank, variety_store, beauty, fast_food, hairdresser_supply, clothes, video_games, restaurant, restaurant, bar, restaurant, bar, cafe, bar, bakery, bar, bar, cannabis, nutrition_supplements, variety_store, fast_food, clinic, ice_cream, post_office, car_parts, department_store, variety_store, restaurant, car_parts, car_wash, bicycle_rental, bicycle_rental, bicycle_rental, bicycle_rental, bicycle_rental, fast_food, mobile_phone, fast_food, fast_food, hairdresser, optician, school, school, school, pharmacy, charging_station, dentist, marketplace, mobile_phone, hairdresser_supply, pawnbroker, ice_cream, bank, fast_food, fast_food, storage_rental, dentist, dentist, tyres, convenience, place_of_worship, place_of_worship, bank, fuel, library, fire_station, childcare, bar, chemist, convenience, doityourself, fuel, fuel, bank, place_of_worship, car_repair, convenience, restaurant, restaurant, restaurant, fast_food, motel, social_centre, car_wash, bank, storage_rental, supermarket, department_store, bank, fast_food, supermarket, car, convenience, restaurant, laundry, car_parts, school, school, school, bank, school, school, fuel, mobile_phone, fuel, car_wash, convenience, fast_food, post_depot, bureau_de_change, bus_station, bus_station, car_parts","Aldi, Jewel-Osco, Pete's Market, Cermak Fresh Market, Chipotle, Metro by T-Mobile, Carlton Inn Midway, Peoples Bank, Dollar Tree, Lux Nail Studio, Subway, Sally Beauty, Discovery Clothing Company, GameStop, El Taconazo, Birrieria Zaragoza, Chicago Sports Bar & Grill, Coco Club, Illinois Bar & Grill On 47th, Pastel! Cakes and More, Watra Night Club, La Central Bakery, MaddAnthonys Bar & Grill, Michael’s Sport Lounge, Maribis of Chicago, GNC, Dollar Tree, Little Caesars, ACCESS Kedzie Family Health Center, De Colores, Elsdon Post Office, AutoZone, TJ Maxx, Family Dollar, Chuck E. Cheese, O'Reilly Auto Parts, BP, Kenneth Ave & 50th St, Pulaski Rd & 51st St, Springfield Ave & 47th St, Kildare Ave & 47th St, Pulaski Rd & Ann Lurie Pl, Wingstop, Cricket Wireless, Subway, Pizza Hut Delivery, Made Barber Lounge, Visionworks, Acero SPC Daniel Zizumbo Elementary School, Acero PFC Omar E. Torres Elementary School, Acero Major Hector P. García M.D. High School, Walgreens, Tesla Supercharger, Sonrisa Family Dental, Super Mall, Metro by T-Mobile, CosmoProf, Casa de Empeno, La Michoacana Premium, Chase, Mr. Submarine, Domino's, Public Storage, Forever Dental, Premiere Family Dental- Archer, Archer Premier Tire Shop, Citgo, Midway Church of God, Saint Richard Catholic Church, PNC Bank, Citgo, Archer Heights Branch Library, Chicago Fire Department Engine Company 34, Los Pequenos Angelitos Day Care, The Apartment Lounge, Walgreens, Shell, Lowe's, Shell, BP, Self-Help Federal Credit Union, Saint Bruno's Roman Catholic Church, Valvoline, Citgo, Giordano's Pizzeria, Red Lobster, Restaurante Cocula, McDonald's, Midway Inn, Polish Highlanders Alliance, Citgo, First American Bank, Extra Space Storage, Pete's Market, Target, United Credit Union, Dunkin', Aldi, Carfect, BP Shop, Leon's BBQ, The Blue Kanagaroo Laundromat, Advance Auto Parts, Curie Metropolitan High School, Saint Bruno School, Edwards Elementary School, Chase, Saint Richard School, Eric Solorio Academy High School, Citgo, T-Mobile, BP, BP, BP Shop, Taco Bell, Amazon DIL3, 47th & Pulaski Currency Exchange, Kedzie Orange Line Station, Pulaski Orange Line Station, AutoZone"
872664cd8ffffff,90,24,"school, school, kindergarten, place_of_worship, place_of_worship, place_of_worship, place_of_worship, place_of_worship, place_of_worship, place_of_worship, place_of_worship, school, place_of_worship, place_of_worship, school, place_of_worship, place_of_worship, place_of_worship, kindergarten, place_of_worship, picnic_site, picnic_site, picnic_site, picnic_site, picnic_site, picnic_site, picnic_site, bar, bicycle_rental, bicycle_rental, bicycle_rental, mobile_phone, rental, ice_cream, bicycle_rental, bicycle_rental, bicycle_rental, bicycle_rental, place_of_worship, bank, car_rental, place_of_worship, place_of_worship, place_of_worship, picnic_site, information, picnic_site, picnic_site, picnic_site, picnic_site, fire_station, fuel, post_office, library, place_of_worship, variety_store, convenience, convenience, supermarket, storage_rental, place_of_worship, convenience, place_of_worship, place_of_worship, car_parts, motel, convenience, place_of_worship, place_of_worship, fuel, fuel, fuel, fuel, variety_store, fast_food, fast_food, school, school, school, school, school, convenience, fuel, variety_store, school, fast_food, school, bus_station, bus_station, school","Saint Ethelreda School, Emmanuel Christian School, Little Flower School, Pillars of Jerusalem Missionary Baptist Church, Mount Zion Missionary Baptist Church, Emmanuel Baptist Church, Eightyseventh Street Church of Christ, Everlasting Gospel Mission, Evangelist Temple, Holiness is the Way Gospel Temple, Progressive Beulah Pentecostal Church, L H Day School, Mount Helm Missionary Baptist Church, Mount Carmel Children of God Church, Lenas Artistic Beauty College, Love and Unity Prayer Chapel, Stratford Revival Center Southside Move of God Church, Saint Mark Pentecostal Church of Holiness, Three Kittens Day Nursery and Kindergarten, School of Wisdom of Truth Class, Dan Ryan South Picnic Grove 12, Dan Ryan Woods East Picnic Grove 13, Dan Ryan Woods East Picnic Grove 14, Dan Ryan Woods East Picnic Grove 9, Dan Ryan Woods South Picnic Grove 14, Dan Ryan Woods West Picnic Grove 7, Dan Ryan Woods West Picnic Grove 8, Wild Blossom Meadery & Winery, Prospect Sq & 91st St, Loomis St & 89th St, Loomis St & 84th St, Boost Mobile, U-Haul, Baskin-Robbins, Wood St & 84th St, Paulina St & 87th St, Damen Ave & 87th St, Damen Ave & 81st St, New Nation Anoited Ministries, United Fidelity Bank, Enterprise, Greater Walters African Methodist Episcopal Zion Church, Saint Ethelreda Church, Christian Youth Missionary Baptist Church, Dan Ryan Woods West Picnic Shelter Grove 5, Dan Ryan Woods Visitor Center, Dan Ryan Woods Central Picnic Shelter Grove 4, Dan Ryan Woods Central Picnic Shelter Grove 3, Dan Ryan Woods Central Picnic Shelter Grove 2, Dan Ryan Woods East Picnic Shelter Grove 10, Chicago Fire Department Engine Company 129, Marathon, Auburn Park Post Office, Brainerd Branch Library, Saint Kilian Roman Catholic Church, Family Dollar, Marathon, Citgo, Pete's Produce, U-Haul, Beverly Congregational Jehovah Witnesses, BP Shop, Memorial Missionary Baptist Church, Community of Christ, AutoZone, New Budget Motel, Cross Temple Church of God in Christ, Shiloah Baptist Church, Amstar, Phillips 66, Citgo, BP, Dollar General, Wendy's, McDonald's, Fort Dearborn Elementary School, Foster Park Elementary School, Cook Elementary School, Cuffe Elementary School, Marathon, Dollar General, CICS Ralph Ellison High School, Dunkin', Saint Kilian School, Damen & 87th Street Terminal, Racine & 87th Street Terminal, LEARN Hunter Perkins Campus"
872664cd9ffffff,53,17,"school, school, school, place_of_worship, place_of_worship, school, place_of_worship, cafe, bicycle_rental, bicycle_rental, bicycle_rental, bicycle_rental, bicycle_rental, bicycle_rental, bicycle_rental, dentist, bicycle_rental, gift, childcare, motel, nursing_home, motel, variety_store, place_of_worship, fast_food, fast_food, convenience, place_of_worship, place_of_worship, school, fast_food, fast_food, convenience, fuel, fuel, fuel, place_of_worship, fuel, clinic, library, place_of_worship, convenience, place_of_worship, place_of_worship, school, school, school, school, school, car_wash, school, social_facility, school","Saint Margaret School, Marra Collins South Preparatory School, Saint Thaddeus School, New Calvary Missionary Baptist Church, Greater Mount Bethel Missionary Baptist Church, Collins South School, Saint Matthew-Gordon African Methodist Episcopal Zion Church, Poppin Dough, Halsted St & 96th St, Eggleston Ave & 92nd St, Elizabeth St & 92nd St, Loomis St & 95th St, Vincennes Ave & 95th St, Princeton Ave & 95th St, Halsted St & 93rd St, Sonrisa Family Dental, Throop St & 99th St, Edible Arrangements, Daycare, Motel 6 Chicago - Halsted, Southpoint Nursing and Rehabilitation Center, Beverly Motel & Suites, Family Dollar, Saint Margaret of Scotland Catholic Church, Subway, Dunkin', BP Shop, New Covenant Coptic Temple, Baptist Church Without a Spot or Wrinkle, Oakdale Christian Academy, Popeyes, McDonald's, Shell, Super Save, Shell, Citgo, Zion Lutheran Church, BP, Fresenius Kidney Care, Carter G. Woodson Regional Library, Fernwood United Methodist Church, Citgo, Saint Thaddeus Church, Trinity United Church of Christ, Medgar Evers Elementary School, Kipling Elementary School, Wendell Green Elementary School, Chicago International Charter School Loomis-Longwood, Fernwood Elementary School, Wacker Elementary School, Evangelical Christian School"
872664cdaffffff,20,17,"picnic_site, fast_food, ice_cream, fast_food, mobile_phone, bicycle_rental, supermarket, clothes, clinic, restaurant, restaurant, bakery, bank, social_facility, library, bicycle, picnic_site, school, bus_station, car_wash","Dan Ryan Woods West Picnic Grove 6, Dunkin', Baskin-Robbins, Subway, Metro by T-Mobile, Francisco Ave & 85th St, Pete's Market, DTLR, Union Health Service, Lawrence's Fish & Shrimp, Chicago's Chicken Coop, D&D’s Place, Chase, Vet Center, Wrightwood-Ashburn Branch Library, Beverly Bike & Ski, Dan Ryan Woods South Picnic Shelter Grove 11, Carroll Elementary School, 87th Street & Western Terminal, Buddy Bear Car Wash"
872664cdbffffff,70,29,"kindergarten, school, place_of_worship, museum, cafe, bakery, bakery, cafe, mobile_phone, charity, cafe, cafe, fast_food, mobile_phone, fast_food, bank, bicycle_rental, cafe, printer_ink, artwork, clinic, restaurant, bicycle_rental, place_of_worship, place_of_worship, school, car_repair, place_of_worship, funeral_directors, pharmacy, cafe, events_venue, library, car_wash, fire_station, place_of_worship, fast_food, fast_food, place_of_worship, restaurant, fast_food, clothes, fast_food, variety_store, bank, fast_food, place_of_worship, clinic, fast_food, place_of_worship, fast_food, convenience, restaurant, supermarket, fuel, car, place_of_worship, school, school, place_of_worship, school, school, place_of_worship, bank, variety_store, place_of_worship, bank, pharmacy, place_of_worship, bus_station","Lolly Pop Nursery School and Kindergarten, The Reading House, Southside Unity Center of Christianity, Vanderpoel Art Museum, Two Mile Coffee Bar, Ain't She Sweet Cafe, Jimmy Jamm Sweet Potato Pies, Two Mile Coffee Bar. Co, AT&T, Goodwill, AndySunflower Café, Munchiez, Subway, Boost Mobile, Chipotle, Chase, Walden Pkwy & 100th St, Afro Joe's Coffee & Tea, Essential Creations, Passport Health Evergreen Park Travel Clinic, Sanders BBQ Supply Co, Western Ave & 101st St, Trinity United Methodist Church, Christ the King Roman Catholic Church, Sutherland Elementary School, Car-X, Beverly Unitarian Church, Heavenly Angels Funeral Home, CVS Pharmacy, Starbucks, The Vineyard, Beverly Branch Library, Sparkle Express Car Wash, Chicago Fire Department Engine Company 121, Saint Barnabas Roman Catholic Church, Taco Bell, Burger King, Saint Paul's Union Church, Barraco's Pizza, Top Notch Beefburgers, Andriana Furs, Rainbow Cone, Dollar Tree, Citibank, McDonald's, Prayer Tabernacle Church of God in Christ, Wendy's, Saint Andrews-Cheney Memorial Reformed Episcopal Church, Janson's Drive-In, Shell, Fox's Pub, Jewel-Osco, Shell, Evergreen Kia, Bethany Union Church, Saint Barnabas School, Vanderpoel Magnet School, Church of the Holy Nativity, Kate S Kellogg Elementary School, Christ the King School, Bethlehem Lutheran Church, BMO, Dollar Tree, Beverly Hills Seventh Day Adventist Church, Old Second National Bank, Walgreens, Third Baptist Church, Ashland & 95th Street Terminal"
872664cdcffffff,136,28,"place_of_worship, place_of_worship, place_of_worship, place_of_worship, place_of_worship, place_of_worship, place_of_worship, place_of_worship, place_of_worship, place_of_worship, place_of_worship, place_of_worship, place_of_worship, place_of_worship, kindergarten, place_of_worship, place_of_worship, place_of_worship, place_of_worship, kindergarten, kindergarten, place_of_worship, place_of_worship, place_of_worship, place_of_worship, place_of_worship, place_of_worship, school, music_school, childcare, place_of_worship, childcare, place_of_worship, place_of_worship, place_of_worship, place_of_worship, place_of_worship, place_of_worship, place_of_worship, place_of_worship, childcare, place_of_worship, place_of_worship, place_of_worship, place_of_worship, place_of_worship, place_of_worship, social_facility, artwork, variety_store, variety_store, pharmacy, restaurant, bicycle, convenience, bicycle_rental, bicycle_rental, bicycle_rental, furniture, bank, bicycle_rental, artwork, convenience, convenience, mobile_phone, fuel, alcohol, place_of_worship, supermarket, fast_food, variety_store, place_of_worship, place_of_worship, place_of_worship, convenience, supermarket, supermarket, fuel, fuel, place_of_worship, community_centre, cafe, social_facility, social_facility, chemist, fast_food, place_of_worship, place_of_worship, place_of_worship, convenience, fast_food, place_of_worship, clinic, place_of_worship, social_facility, place_of_worship, school, police, place_of_worship, place_of_worship, convenience, library, fuel, fuel, convenience, place_of_worship, place_of_worship, social_facility, place_of_worship, place_of_worship, place_of_worship, place_of_worship, place_of_worship, place_of_worship, fuel, place_of_worship, place_of_worship, place_of_worship, place_of_worship, hardware, car_parts, place_of_worship, place_of_worship, school, school, school, school, fuel, supermarket, school, fast_food, convenience, school, school, fast_food, school","Back to God Christian Reformed Church, New Third Heaven Missionary Baptist Church, New Birth Strong Hope Missionary Baptist Church, Mount Elim Missionary Baptist Church, Faith of Abraham Missionary Baptist Church, Faith of Truth Missionary Baptist Church, Rayfield Missionary Baptist Church, Revealing Missionary Baptist Church, Shining Star Missionary Baptist Church, Second Mount Calvery Missionary Baptist Church, Theorem Missionary Baptist Church, Kendrick Memorial Missionary Baptist Church, Little Mount of Hope Missionary Baptist Church, Community Faith Baptist Church, Auburn-Gresham Preschool, Chicago Assembly Hall of Jehovah's Witnesses, Apostolic Little Rock Church, Evangelical Church of God in Christ, Boosters for Christ Revival Center, Childrens House Preschool, Childrens Hour Pre-School Center, Beulah Mission Full Gospel Church, Beulah Land Church of God in Christ, New Hope Spiritual Church, Little Friendly Spiritual Church, Jehovahs Witnesses South Unit, Christian Doctrine Baptist Church, Sacred Heart School, Portias Piano Methods School, Highland Educational Day Care Center, Holly Memorial Temple, Highland Day Care Center, North Wells Gospel Mission, Original Church of God, Original Church of Jesus Christ, Original Glorious Apostolic Faith Church, First Mennonite Church, Faith Pentecostal Holiness Church, Faith Revival Center Church, Victory Apostolic Faith Church, Zion Hill Day Care Center School, Zion Hill Missionary Baptist Church, Truth Bethesda Missionary Baptist Church, True Church of Christ Devine, True Church of Holiness, Sweet Holy Spirit Missionary Baptist Church, Saint Michael Church, Auburn Gresham Senior Satellite Center, Renaissance Park Sculpture, Family Dollar, Family Dollar, Walgreens, Dirty Birds Southern Kitchen, John's Hardware & Bicycle Shop, BP Shop, Ashland Ave & 74th St, Halsted St & 73rd St, Ashland Ave & 78th St, Top Home Furniture, Bank of America, Halsted St & 78th St, Thurgood Marshall, Shell, Not Far From A Dollar, Cricket Wireless, Falcon Fuel, Rothschild Liquors, Sion Temple, Dearborn Wholesale Grocers, Dolphin's Fish & Chicken, Dollar Tree, Daniel Baptist Missionary Baptist Church, Evangelist Hope Church, True Believers Missionary Baptist Church, Village Food Mart, Food 4 Less, BP, Falcon Fuel, Stir Up The Gifts Ministries Church, Englewood Community Service Center, Brewer Coffee & Custard, Senior Suites of Auburn Gresham, St. Sabina Elders Village Apartments, Walgreens, White Castle, Freedom Temple Church of God In Christ, First Corinthian Baptist Church, Christian Hope Missionary Baptist Church, Popeyes, Saint Peters Holiness Missionary Baptist Church, Auburn-Gresham VA Outpatient Clinic, Southside Worship Center, St Leo's Residence for Veterans, Grace-Calvary United Methodist Church, Saint Sabina School, Chicago Police Department 6th District, Saint Sabina Roman Catholic Church, Saint Matthew Evangelical Lutheran Church, Citgo, Thurgood Marshall Branch Library, Citgo, Falcon, Falcon Mart, Holy Latter Rain Pentecostal Church, Rose Of Light MB Church, Wheeler House Senior Residence, West Seventy Fourth Street Church of Christ, Gethsemane Church of God in Christ, Atonement Evangelical Lutheran Church, Second Temple Church of Christ Holiness, Travel Rest Spiritual Church, Shiloh Baptist Church, Shell, Spirit of Faith Missionary Baptist Church, Faith Temple Church of God in Christ, Mount Hebron Baptist Church, Second Birth Missionary Baptist Church, John's Hardware & Bicycle Shop, AutoZone, Holy Miracle Pentecostal Fellowship Church, Harris Temple Church of God and Christ, Stagg Elementary School, Daniel S. Wentworth Elementary School, Oglesby Elementary School, Clara Barton Elementary School, Food 4 Less, Walmart Neighborhood Market, Excel Academy of Englewood, Burger King, Shell, Bond Elementary School, Scott Joplin Elementary School, Dunkin', Leo High School"
872664cddffffff,101,32,"place_of_worship, place_of_worship, childcare, school, supermarket, variety_store, bakery, school, storage_rental, bicycle_rental, bicycle_rental, restaurant, cafe, laundry, variety_store, shoes, fast_food, mobile_phone, clothes, mobile_phone, bank, video_games, fast_food, jewelry, cosmetics, clothes, department_store, fast_food, nutrition_supplements, mobile_phone, fast_food, bicycle_rental, bicycle_rental, flooring, clothes, optician, mobile_phone, fast_food, fast_food, clothes, fast_food, fast_food, mobile_phone, money_transfer, fire_station, place_of_worship, place_of_worship, fuel, place_of_worship, convenience, convenience, place_of_worship, variety_store, restaurant, convenience, place_of_worship, fuel, fuel, car_parts, cosmetics, cafe, doityourself, fast_food, fast_food, place_of_worship, place_of_worship, place_of_worship, car_parts, convenience, place_of_worship, fuel, bank, fuel, convenience, place_of_worship, cafe, place_of_worship, place_of_worship, place_of_worship, place_of_worship, convenience, fuel, bank, doityourself, supermarket, school, school, school, school, school, school, clinic, school, fast_food, bank, fuel, supermarket, garden_centre, fast_food, bus_station, fast_food","Little Mercy Seat Missionary Baptist Church, Beacon Light Baptist Church, Auburn Park Day Care Center, Chatham Montessori School, Food 4 Less, Dollar Tree, Salaam Restaurant and Bakery, Perscpectives Leadership Academy, Extra Space Storage, Wabash Ave & 83rd St, Wabash Ave & 87th St, Jamaican Jerk Villa, Afro Joe's, Mr. Bubbles Laundromat, Five Below, Foot Locker, Subway, Verizon, Rainbow, Boost Mobile, BMO, GameStop, Potbelly, Freeman Jewelers, Beauty One Beauty Supply, Citi Trends, dd's Discounts, Chipotle, GNC, T-Mobile, Harold's Chicken Shack, Stewart Ave & 83rd St, Summit Ave & 86th St, Floor & Decor, DTLR, America's Best Contacts & Eyeglasses, Metro by T-Mobile, Dock's, Subway, DTLR, Wingstop, Just Turkey Grill, Boost Mobile, Western Union, Chicago Fire Department Engine Company 73, Gresham United Methodist Church, New Faith Missionary Baptist Church, GoLo, New Berea Missionary Baptist Church, BP Shop, Acme Missionary Baptist Church, Family Dollar, Faith Evangelical Lutheran Church, Amstar, Falcon, AutoZone, Sistar Beauty, Starbucks, The Home Depot, Burger King, McDonald's, Prayer Band of Faith Deliverance Church, Chatham-Avalon Church of Christ, O'Reilly Auto Parts, BP Shop, Saint Luke's Pentecostal Church, Shell, Huntington Bank, BP, Shell, Commonwealth Community Church, Mather’s More Than a Cafe, Greater Bethlehem Missionary Baptist Church, Mount Hermon Missionary Baptist Church, Pleasant Hill Missionary Baptist Church, Goshen SDA Church, Shell, Shell, Bank of America, Lowe's, Aldi, Simeon Career Academy, Westcott Elementary School, Lenart Elementary Regional Gifted Center, Mahalia Jackson Elementary School, Perspectives High School of Technology, Ryder Elementary School, Fresenius Kidney Care, Gresham Elementary School, Wendy's, Chase, BP, Jewel-Osco, Dunkin', Halsted & 79th Street Terminal, Harold's Chicken Shack"
872664cdeffffff,58,18,"place_of_worship, place_of_worship, fast_food, convenience, fast_food, storage_rental, atm, bicycle_rental, place_of_worship, bicycle_rental, bicycle_rental, bicycle_rental, bicycle_rental, mobile_phone, fast_food, place_of_worship, storage_rental, place_of_worship, place_of_worship, vehicle_inspection, place_of_worship, picnic_site, fast_food, convenience, fast_food, variety_store, place_of_worship, chemist, fuel, car, car, fast_food, fuel, convenience, social_facility, picnic_site, fuel, picnic_site, convenience, fast_food, car, place_of_worship, fuel, driving_school, school, place_of_worship, school, social_facility, variety_store, social_facility, fast_food, fast_food, clinic, school, school, school, bus_station, bus_station","Second Mount Vernon Baptist Church, Holy Healing Temple Church, Shark's Fish & Chicken, Citgo, Subway, Public Storage, Damen Ave & 74th St, Liberty Temple, Western Ave & 79th St, Dan Ryan Woods & 83rd St, Western Ave & 81st St, Damen Ave & 77th St, Aiden Team Wireless, Harold’s Chicken Shack, Kingdom Hall of Jehovah's Witnesses, Metro Self Storage, Gethsemane Evangelical Lutheran Church, Calvary Covenant Church, State Of Illinois Auto Inspection, Monument Of Faith Church, Dan Ryan Woods Central Picnic Shelter Grove 1, Pepe's Mexican Restaurant, Citgo, Krispy's Chicken & Seafood, Family Dollar, First Church of Love and Faith, CVS Pharmacy, Citgo, Western Avenue Nissan, Car Credit 7600, McDonald's, Marathon, Marathon, BRIA of Forest Edge, Dan Ryan Woods North Picnic Shelter Grove 15, Citgo, Dan Ryan Woods North Picnic Shelter Grove 16, The Adding Mart, Popeyes, South Chicago Dodge Chrysler Jeep, Second Mount Calvary Missionary Baptist Church, Citgo, Chicago Truck Driving School, Rosenwald Elementary School, Saint Thomas More Roman Catholic Church, Asa Philip Randolph Elementary School, Wrightwood Senior Apartments, Dollar Tree, Senior Suites Of Marquette Village, Taco Bell, Dunkin', DaVita Dialysis, St. Rita of Cascia High School, CICS Wrightwood School, Southside Occupational Academy High School, 79th Street & Western Terminal, 74th Street & Damen Terminal"
872664ce2ffffff,70,22,"school, bicycle_rental, bicycle_rental, bicycle_rental, artwork, artwork, cafe, cafe, artwork, bicycle_rental, fast_food, fast_food, convenience, bar, restaurant, restaurant, restaurant, bicycle_rental, artwork, artwork, artwork, clinic, artwork, bicycle, mobile_phone, clinic, fast_food, massage, artwork, artwork, place_of_worship, supermarket, place_of_worship, school, school, school, school, school, place_of_worship, place_of_worship, social_facility, car_wash, variety_store, social_facility, place_of_worship, variety_store, place_of_worship, place_of_worship, place_of_worship, place_of_worship, place_of_worship, social_facility, social_centre, place_of_worship, fuel, convenience, place_of_worship, place_of_worship, university, place_of_worship, community_centre, supermarket, bank, community_centre, school, school, school, school, school, social_facility","Christ the King Lutheran School, Cottage Grove Ave & 43rd St, Cottage Grove Ave & Oakwood Blvd, MLK Jr Dr & Pershing Rd, Mermaid (La Sirena), Restoration, Ain’t She Sweet Cafe, Sip & Savor, Gwendolyn Brooks: The Oracle of Bronzeville, Woodlawn Ave & Lake Park Ave, Mr. Captain Hook, Just Turkey Grill, Tony's Stop & Save, Some Like It Black, Cleo's Southern Cuisine, Surf's Up Bronzeville, Bronzeville Winery, Lake Park Ave & 35th St, Mercy Care Center, Small Shop Cycles & Service, Metro by T-Mobile, DaVita Dialysis, Reggio's Pizza, House of Hands, La Ronda Parkata, South Park Baptist Church, One Stop Foods, Kenwood United Church of Christ, King College Prep, Donoghue Elementary School, Jackie Robinson Elementary School, Ariel Community Academy, Woodson Elementary School, Morning Star Baptist Church, Evening Star Missionary Baptist Church, Centers For New Horizons: Effie Ellis Center, BP, Family Dollar, Kenwood Village, Pleasant Gift Missionary Baptist Church, Dollar General, Holy Angels Catholic Church, Blackwell-Israel Samuel A.M.E. Zion Church, South Central Church of Christ, Monumental Baptist Church, Dr. Martin Luther King Jr. Community Service Center, Most Worshipful Prince Hall Grand Lodge, The CityLight Church, BP, BP Shop, West Point Baptist Church, Sixth Grace United Presbyterian Church, Jacob H. Carruthers Center for Inner City Studies, Bright Star Church, Arts & Recreation Center at Ellis Park, Mariano's Fresh Market, CIBC Bank USA, Oakwood Center, Holy Angels Catholic School, Former Holy Angels School, James Farmer Jr. Elementary School"
872664ce3ffffff,151,51,"restaurant, fast_food, restaurant, fast_food, bicycle_rental, cafe, theatre, pharmacy, artwork, bank, restaurant, restaurant, restaurant, variety_store, bank, fast_food, restaurant, tobacco, cafe, artwork, supermarket, department_store, bicycle_rental, doityourself, department_store, department_store, alcohol, restaurant, pharmacy, restaurant, restaurant, cafe, fast_food, dry_cleaning, paint, fast_food, bakery, bakery, restaurant, bar, bar, restaurant, fast_food, bar, attraction, bicycle_rental, hairdresser, restaurant, hairdresser, bank, bank, fast_food, ice_cream, fast_food, bank, ice_cream, fast_food, fast_food, convenience, restaurant, restaurant, restaurant, cafe, cafe, clothes, fast_food, beauty, hairdresser, fast_food, atm, restaurant, mobile_phone, fast_food, fast_food, restaurant, fast_food, car_wash, pet_grooming, restaurant, hairdresser, post_office, interior_decoration, atm, cafe, fast_food, massage, telecommunication, restaurant, money_transfer, pastry, dry_cleaning, hairdresser, beauty, gift, hairdresser_supply, dentist, fast_food, cafe, beauty, dentist, hairdresser, frame, fast_food, restaurant, chemist, fast_food, beauty, fast_food, dry_cleaning, hairdresser_supply, books, cafe, laundry, fast_food, restaurant, ice_cream, restaurant, bar, dentist, beauty, clothes, place_of_worship, artwork, arts_centre, place_of_worship, place_of_worship, clothes, place_of_worship, convenience, place_of_worship, university, fast_food, fuel, convenience, library, cinema, place_of_worship, school, school, school, school, fuel, music, hotel, restaurant, hotel, school, fuel, hotel, bus_station, bicycle_rental","Pizza Capri, Five Guys, Valois, Italian Fiesta Pizzeria, Blackstone Ave & Hyde Park Blvd, Starbucks, The Promontory, Walgreens, Ecstasy, Fifth Third Bank, Nando's, Rajun Cajun, Chant, Jeffery Dollar Store, Bank of America, Potbelly, Bob's Pizza, Hyde Park Cigars, Almendro Cafe, jenitor, Whole Foods Market, Target, Cornell Ave & Hyde Park Blvd, Elston Ace Hardware, Marshalls, Ross, Binny's Beverage Depot, The Original Pancake House, Katsaros Pharmacy, Virtue, Tacos El Pastor 53, Sip & Savor, Wingstop, Kenwood Cleaners, Sherwin-Williams, Subway, Arifa’s Kitchen, Cafe 53, 14 Parish, Falcon Inn, The Hyde, Litehouse, Deep Purpl, Mesler Kitchen | Bar | Lounge, Obama Kissing Rock, Dorchester Ave & 49th St, Hyde Park Barber Studio, Uncle Joe's Jerk Chicken, Hyde Park Hair Salon, Hyde Park Bank, PNC Bank, Dunkin', Baskin-Robbins, Dunkin', Citibank, Baskin-Robbins, Subway, Krispy Krunchy Chicken, BP Shop, Can't Believe It's Not Meat, Nathan's Chicago Style and Taste of Jamaica, Eto'o Modern Asian Cuisine, Capital One Café, Philz Coffee, Silver Room, Sweetgreen, Black Beauty Collective, Chickie Curls Studio, Chipotle, Shinju Sushi, T-Mobile, Papa John's, Taco Bell, Beggars Pizza, Roti, BP, A Paw Place, Strings Ramen, Yehia & Co Hair Designs, The UPS Store, Recycled Modern Hyde Park, Hyde Park Bank, Stan's Donuts & Coffee, Charleys Philly Steaks, Bettye O Day Spa, Xfinity, Red Snapper, Western Union, Strugglebeard Bakery, Hyde Park Cleaners, Max & Co Hair Designs, Nikki Nails, Edible Arrangements, Viking General Merchandise, Smile Studio Chicago, Domino's, Love & Light Cafe, Milan Laser Hair Removal, Comfort Dental Studio, Ossama's Hair Design, The Great Frame Up, Fruve Xpress Juicery, Jordyn's Soul Cafe, Walgreens, JJ Fish & Chicken, Eyebrow Threading Studio, Fung's Chop Suey, Spotless Solutions, Beauty Supply, Call & Response, Sweet Drip Dessert Cafe, Your Neighborhood Laundromat, Taco Pro's, Ja' Grill, Kilwins, Daisy's Po-Boy and Tavern, Cantina Rosa, Smile Design Studio Of Hyde Park LLC, Hyde Park Nail Salon, Fashion Geek, St. Makarios Orthodox Mission, Hyde Park Art Center, United Church of Hyde Park, Hyde Park Christian Reformed Church, Akira, Congregation Rodfei Zedek, BP Shop, St. Paul and the Redeemer Church, Academic Conference Center - Catholic Theological Union, McDonald's, BP, BP Shop, Blackstone Memorial Library, Harper Theater, Masjid Al-Faatir, Shoesmith Elementary School, Kenwood Academy, Philip Murray Language Academy, Ancona School, BP, Hyde Park Records, Sophy Hotel, Giordano's Pizzeria, Hyatt Place Chicago-South/University Medical Center, Akiba Schechter Jewish Day School, BP, Chicago Lake Shore Hotel, Lake Park & 47th Street Terminal, Lake Park Ave & 47th St"
872664ce6ffffff,5,4,"artwork, artwork, fast_food, bar, restaurant",Caracol
872664ceaffffff,115,42,"bicycle, cafe, restaurant, hairdresser, restaurant, fast_food, bar, hairdresser, hairdresser, fast_food, restaurant, shoes, fast_food, hairdresser, dry_cleaning, shoes, mobile_phone, convenience, copyshop, restaurant, clothes, hairdresser, hairdresser, convenience, artwork, tattoo, computer, dry_cleaning, dry_cleaning, artwork, artwork, artwork, hairdresser, bicycle_rental, place_of_worship, bar, fast_food, convenience, greengrocer, events_venue, bicycle_rental, restaurant, restaurant, restaurant, restaurant, restaurant, bakery, bakery, cafe, convenience, cosmetics, bicycle_rental, bicycle_rental, bicycle_rental, furniture, fast_food, fast_food, mobile_phone, bank, mobile_phone, convenience, restaurant, pub, clothes, fast_food, shoes, picnic_site, convenience, hairdresser, picnic_site, community_centre, supermarket, school, social_facility, social_facility, community_centre, fire_station, place_of_worship, fuel, place_of_worship, events_venue, doityourself, childcare, restaurant, fuel, nursing_home, place_of_worship, clinic, place_of_worship, kindergarten, trade, place_of_worship, place_of_worship, place_of_worship, place_of_worship, social_facility, social_facility, convenience, fuel, library, place_of_worship, place_of_worship, school, school, school, school, police, bus_station, bicycle_rental, bicycle_rental, hospital, theatre, theatre, events_venue, events_venue","Bicycle Clinic, Chef Sara's Cafe, House of Bing, Salon Exhale, Ming's Chop Suey, Hoagy House, Tom's, Haley's African Hair Braiding, B Selfish, Kennedy Fish and Chicken, Surf's Up, J-BEES, Shark's Fish and Chicken, Hair 4 U Salon, Quad Valet Cleaners, Shoe! Time, Boost Mobile, Big Salem's Food Market, It's Major, Italian Fiesta, Chez Vouz, Guyse Salon of Beauty, Dubose Barber Shop, El Barakah Supermarket, Fishing Eagle, Tattoo World Studio, CBI Computer, Cleaner Quality One Hour, Quality First Cleaners, Mr. Big, BlammO, Leap, Mena's Hair Design, South Shore Dr & 71st St, McKenzie Mission Chicago, Jeffery Pub, Dunkin', Mobil Mart, Healthy Food Hub, The Quarry Event Center, Stony Island Ave & 67th St, Good Foods Health Center, The Slab Bar-B-Que, Taste of Chicago, Ta'golazo, Magal Restaurant, Bot Bakery, Give Me Some Sugah, South Shore Brew, South Shore Pantry, The Scentuary, Yates Blvd & 75th St, Jeffery Blvd & 71st St, South Shore Dr & 74th St, Rent-A-Center, Subway, Domino's, Metro by T-Mobile, Chase, Cricket Wireless, Citgo, Majani, Reggies On The Beach, DTLR, Imani's Original, Snipes, Jackson Park - Grove 16, Jordan Valley Food, Izi African Hair Braiding, South Shore Picnic Grove, South Shore Cultural Center, Local Market Foods, Parkside Community Academy, WIC Food and Nutrition Center, ABJ Community Services, Don Nash Community Center, Chicago Fire Department Engine Company 126, Greater Metropolitan Church of Christ, Mobil, Christian Fellowship Missionary Baptist Church, Studio 2226, Metro Hardware, Kenyatta's Day Care and Learning Center, Taste Jamaica, Citgo, Renaissance at South Shore, Saint Margaret's Episcopal Church, University of Chicago Outpatient Senior Health Center, The Old Landmark Church of God Holiness in Christ, Ada S. McKinley, Ersula Howard Child Care Center, South Shore Plumbing and Heating, Saint Luke's Missionary Baptist Church, South Shore United Methodist Church, All Nations Worship Assembly, South Shore Community Church, Grand Regency Of South Shore, Senior Suites of South Shore, BP Shop, BP, South Shore Branch Library, Saint Philip Neri Roman Catholic Church, Bryn Mawr Community Church, Saint Phillip Neri School, Edward A. Bouchet Math & Science Academy, Robert A. Black Magnet Elementary School, O'Keeffe Elementary School, Chicago Police Department Mounted Unit Horse Stables, 67th Street & Oglesby Terminal, South Shore Dr & 67th St, Jeffery Blvd & 67th St, La Rabida Children's Hospital, South Shore Paul Robeson Outdoor Theatre, South Shore Paul Robeson Theatre, South Shore Solarium, South Shore Dining Room"
872664cebffffff,51,16,"place_of_worship, restaurant, variety_store, hardware, bicycle_rental, bicycle_rental, bicycle_rental, fast_food, mobile_phone, car_wash, artwork, cafe, mobile_phone, artwork, variety_store, place_of_worship, convenience, place_of_worship, place_of_worship, fuel, post_office, fast_food, place_of_worship, place_of_worship, place_of_worship, restaurant, convenience, school, place_of_worship, place_of_worship, place_of_worship, place_of_worship, restaurant, place_of_worship, supermarket, place_of_worship, place_of_worship, place_of_worship, place_of_worship, school, place_of_worship, school, school, school, school, school, place_of_worship, school, school, fuel, bus_station","Gospel Way Covenant Church, L&G Restaurant, Family Dollar, Midwest True Value Hardware, Rainbow Beach, Exchange Ave & 79th St, Commercial Ave & 83rd St, Little Caesars, Metro by T-Mobile, Citgo, Urban Luxe Café, Boost Mobile, Dollar General, Greene African Methodist Episcopal Church, Citgo, Labor of Love Apostolic Church, Windsor Park Evangelical Lutheran Church, Citgo, Charles A. Hayes Post Office, Rainbow Beach Sub Shop, Israel of God Church, Mountain of the Lord World Wide Ministries, Faith Chapel Deliverance Center, Rocky's Pancake House, Citgo, Camelot Academy, Kingdom Hall of Jehovahs Witnesses, Lighthouse Missionary Baptist Church, Tabor Christian Church, Eglise Haitienne De La Grace, Pepe's Mexican Restaurant, Restoration Tabernacle Church, Save-A-Lot, Saint Michael the Archangel Catholic Church, Morning Star Bible Baptist Church, Christ Bible Church, New Spiritual Light Baptist Church, Saint Bride's School, Saint Bride Roman Catholic Church, Adam Clayton Powell, Jr. Paideia Academy, New Sullivan Elementary School, Bradwell Elementary School, EPIC Academy, Niños Heroes Community Academy, Grace Apostolic Church, Excel Academy of South Shore, Saint Michael High School, Citgo, 79th Street & Lake Shore Drive Terminal"
872664cf0ffffff,187,67,"school, school, place_of_worship, school, place_of_worship, school, school, school, cafe, fast_food, video_games, fast_food, bicycle_rental, bicycle_rental, bicycle_rental, bicycle_rental, bicycle_rental, bicycle_rental, bicycle, doityourself, cafe, chemist, restaurant, bar, restaurant, variety_store, bank, deli, tobacco, restaurant, convenience, arts_centre, cafe, bakery, bar, bakery, bar, bakery, cafe, restaurant, pub, restaurant, bicycle_rental, bicycle_rental, bicycle_rental, bicycle_rental, restaurant, fast_food, mobile_phone, fast_food, bank, mobile_phone, bank, mobile_phone, paint, mobile_phone, bed, nutrition_supplements, hairdresser_supply, pet, car_parts, fast_food, convenience, restaurant, events_venue, fast_food, books, bank, pet, jewelry, tobacco, atm, storage_rental, laundry, post_office, coffee, motel, dentist, restaurant, restaurant, restaurant, bakery, museum, collector, music, restaurant, restaurant, clinic, telecommunication, art, restaurant, beauty, ice_cream, prep_school, restaurant, laundry, bank, restaurant, fast_food, bicycle_rental, museum, pharmacy, restaurant, florist, restaurant, coffee, school, supermarket, police, fire_station, bar, fast_food, fast_food, fast_food, bank, fast_food, storage_rental, trade, fast_food, fuel, library, fire_station, fuel, restaurant, arts_centre, place_of_worship, place_of_worship, restaurant, flooring, supermarket, car_repair, convenience, place_of_worship, place_of_worship, guest_house, place_of_worship, social_centre, social_centre, community_centre, bar, restaurant, social_facility, variety_store, furniture, restaurant, theatre, hairdresser, cafe, bar, clothes, bank, place_of_worship, chemist, car_repair, place_of_worship, clinic, restaurant, car_repair, convenience, fire_station, social_facility, bank, place_of_worship, school, school, convenience, fuel, hardware, fast_food, school, school, social_facility, school, bar, convenience, fuel, fuel, cafe, mobile_phone, school, school, post_depot, fast_food, post_depot, bank, monastery, bus_station","Saint Mary Perpetual Help High School, Trinity School, Victory Bible Church, Bridgeport Academy West, New Life Community Church in Bridgeport, Immaculate Conception School, Special Religious Education Division (SPRED), Saint Mary of Perpetual Help Elementary School, Bridgeport Coffeehouse, Subway, GameStop, McDonald's, Emerald Ave & 28th St, Emerald Ave & 31st St, Halsted St & 35th St, Halsted St & 37th St, Morgan St & 31st St, Wallace St & 35th St, Blue City Cycles, Bridgeport Ace Hardware, Jackalope Coffee & Tea House, Walgreens, Stussy's Diner, Maria's Packaged Goods & Community Bar, Kimski, Dollar Tree, Pulaski Savings Bank, Nonna Soluri’s Italian Deli, Smoker Zone Chicago, Han 202 Restaurant, Martinez Grocery, Bridgeport Art Center, Base Community Cafe, Bourbon On Division, Bridgeport Inn, El Churrito Rojas, Shinnick’s Pub, Impallaria Bakery & Deli, The Stockyard Coffeehouse, Zaytune Mediterranean Grill, Marz Community Brewing, Min’s Noodle House, Loomis St & Archer Ave, Morgan St & Pershing Rd, Racine Ave & 35th St, Ashland Ave & Archer Ave, Buffalo Wings & Rings, Little Caesars, T-Mobile, Wingstop, Chase, Verizon, Citibank, Boost Mobile, Sherwin-Williams, T-Mobile, Mattress Firm, GNC, Sally Beauty, Pet Supplies Plus, O'Reilly Auto Parts, Domino's, BP Shop, 3LP, Co-Prosperity Sphere, Martinez Grocery Taqueria, Tangible Books, U.S. Bank, Bark N' Bites, Oscar and Sons Jewlers, Smokey's Smoke Shop, CubeSmart, The UPS Store, Bad Owl Coffee House, The Polo Inn, Lee Orthodontics, Potsticker House, Four Seasons Dumplings, Happy Lamb Hot Pot, Fat Peach Bakery, Chicago Maritime Museum, Bridgeport Hobby Sports Cards, Bridgeport Records, La Mexicana Taqueria, Fabulous Freddies Italian Eatery, Xfinity, Hoofprint Chicago, With U, Salon Hydrate, Runaway Cow, Smart Kids Digital Tutoring Center, Cowabunga Pizza Pies, Bridgeport Express Laundromat, NuMark Credit Union, Uncle Zhang Chinese Cusine, George's Gyros, Parnell Ave & 31st St, Heritage Museum of Asian Art, CVS Pharmacy, Slice Factory, Chicago Flower Exchange, JM Seafood Restaurant, Ctrl Z Coffee, Armour Elementary School, Mariano's Fresh Market, Chicago Police Department 9th District, Chicago Fire Department Engine Company 39, One City Tap, Burger King, Popeyes, White Castle, Pacific Global Bank, Dunkin', Public Storage, Columbia Pipe & Supply Co., Vienna Beef Factory Store, BP, Richard J. Daley Branch Library, Chicago Fire Department Engine Company 29, VP Fuels, Antique Taco, Zhou B Art Center, Ling Shen Ching Tze Temple, Saint Mary of Perpetual Help Roman Catholic Church, Phil's Pizza, Midwest Carpet & Flooring, Cermak Fresh Market, Car One Complete Auto Repair, BP Shop, Monastery of the Holy Cross, First Lutheran Church of the Trinity, Benedictine Bed and Breakfast, Holy Cross Lutheran Church, Mark White Square VFW Post, Bridgeport VFW Post 5079, Wilson Community Center, Bernice's Tavern, The Adelitas Mexican Restaurant, Boys & Girls Club, Family Dollar, Romo Mattress and Furniture, Ramova Grill & Taproom, Ramova Theatre, Antonia's Beauty Salon, Iron Café, Schaller's Pump, Grandstand, Marquette Bank, Nativity of Our Lord Catholic Church, CVS Pharmacy, Jiffy Lube, Central Assembly of God Church, Fresenius Kidney Care, GREEK PRIME, Alex & A Auto Repair, Chicago Fire Department Engine Company 28, Senior Suites of Bridgeport, People's Bank, Saint Barbara Roman Catholic Church, Saint Barbara Grammar School, Holden Elementary School, Citgo, Citgo, Joe Harris Paint & True Value Hardware Store, 35th Street Red Hots, Minnie Miñoso Academy, Bridgeport Catholic Academy, Archer Avenue Senior Residences, Healy Elementary School, Mitchell's Tap, Shell, Shell, BP, Starbucks, AT&T, Amazon DXH5 Delivery Station, Dunkin', UPS Morgan Street Center, Lakeside Bank, Ashland Orange Line Station"
872664cf1ffffff,109,33,"school, school, kindergarten, beauty, pub, alcohol, fast_food, hairdresser, bicycle_rental, fast_food, bakery, bicycle_rental, bicycle_rental, hairdresser, bar, bar, cafe, ice_cream, bicycle_rental, bicycle_rental, bicycle_rental, artwork, fast_food, social_facility, rental, social_facility, newsagent, restaurant, alcohol, hairdresser, fast_food, fast_food, ticket, ticket, ticket, convenience, convenience, fast_food, beauty, place_of_worship, artwork, library, school, school, convenience, bakery, place_of_worship, storage_rental, library, car_repair, clinic, place_of_worship, post_office, fast_food, convenience, fast_food, restaurant, motel, storage_rental, community_centre, fuel, fuel, place_of_worship, place_of_worship, cafe, car_repair, place_of_worship, place_of_worship, butcher, convenience, restaurant, fast_food, restaurant, convenience, social_facility, arts_centre, social_facility, place_of_worship, social_facility, fuel, school, school, school, school, fire_station, school, place_of_worship, place_of_worship, place_of_worship, place_of_worship, place_of_worship, place_of_worship, place_of_worship, fuel, fuel, car_wash, school, college, social_facility, school, convenience, school, school, place_of_worship, school, car_wash, fuel, artwork, artwork","Horner School, Saint Elizabeth School, Saint Elizabeth Headstart, INail, Kelly's Tavern, Bravo Food and Liquor, Takito Grill, Joe's Barbershop, Indiana Ave & 40th St, Nicky's Gyros, Pookie Crack Cakes, Shields Ave & 43rd St, Princeton Ave & 47th St, Bronzeville Salon Suites, The BallPark Pub, Village Inn, Sip & Savor, Shawn Michelle's Homemade Ice Cream, State St & Pershing Rd, Prairie Ave & 43rd St, Union Ave & Root St, Melville Fuller, Bronzeville Wingz, WIC Grocery, U-Haul, The Renaissance Collaborative, Pearl's Place Restaurant, Rothschild Liquors, Africa Hair Braiding, Subway, Tony's Carryout, BP Shop, Kennedy Fish & Chicken, Baby Beauty Bar, Masjid Al Ihsan, Bronzeville Renaissance Mural, Chicago Bee Branch Library, Graham Elementary School, Air Force Academy High School, Clark's Pump-N-Shop, Bake for Me, Union Avenue United Methodist Church, Extra Space Storage, Canaryville Branch Library, Stokes Auto Service, DaVita Dialysis, Saint Gabriel's Catholic Church, Stockyards Post Office, Louisiana Famous Fried Chicken, Mobil Mart, Petey's, Chicago Rib House, Amber Inn Motel, U-Haul, Elliot Donelley Youth Center, BP, Citgo, First Church of Deliverance, Snack Shop, City Tire and Auto Repair, St. Paul Church of God in Christ, Fellowship Missionary Baptist Church, Parker House Sausage Company, BP Shop, Mi Lindo Mexico, Kevin's Hamburger Heaven, Pizza Nova Express, Citgo, Matthew House, South Side Community Art Center (SSCAC), Trinity Acres Senior Apartments, Metropolitan Apostolic Community Church Of Christ, Centers For New Horizons, Mobil, Beethoven Elementary School, Bronzeville Classical School, Hendricks Elementary School, Saint Gabriel School, Chicago Fire Department Engine Company 16, Mollison IB World Elementary School, Omega Missionary Baptist Church, Church of The Living God CWFF, Al Sadiq Mosque, United House of Prayer for All People, Roberts Temple Church of God in Christ, Progressive Baptist Church, Apostolic Faith Church, BP, BP, Wendell Phillips Academy High School, Dawson Technical Institute of Kennedy-King College, Elliot Donelley Youth Center, BP Shop, Saint Paul Christian Methodist Episcopal Church, Chicago Kids Klub, Adam’s Ultimate Carwash, Clark, Canaryville, Bridgeport"
872664cf2ffffff,111,37,"school, school, place_of_worship, restaurant, restaurant, supermarket, video, bakery, restaurant, bakery, cafe, bakery, bar, bakery, bicycle_rental, bicycle_rental, bicycle_rental, bicycle_rental, bicycle_rental, bicycle, mobile_phone, laundry, tobacco, laundry, bar, bicycle_rental, bicycle_rental, bicycle_rental, bicycle_rental, information, department_store, convenience, mobile_phone, fast_food, information, information, restaurant, fast_food, artwork, pharmacy, ice_cream, restaurant, dentist, bank, bakery, cafe, bicycle_rental, veterinary, place_of_worship, car_repair, fuel, convenience, mobile_phone, mobile_phone, fast_food, fuel, car_wash, post_depot, fuel, fuel, convenience, fast_food, fuel, convenience, place_of_worship, fire_station, clinic, fuel, convenience, pharmacy, social_centre, convenience, variety_store, fuel, place_of_worship, variety_store, place_of_worship, place_of_worship, place_of_worship, supermarket, place_of_worship, fast_food, place_of_worship, library, department_store, college, school, school, fast_food, bank, school, bank, fuel, school, car_parts, fast_food, post_depot, school, school, school, convenience, fuel, fuel, school, social_facility, cafe, convenience, fast_food, fuel, kindergarten, bus_station","Longfellow School, Felician Sisters School, Seventh Day Adventist South Spanish Church, Tio Luis, La Palapa Mariscos, Cermak Fresh Market, Video Strip, East Balt, Huck Finn Restaurant, Poppie’s Bakeshop, T Opera Cafe, Kristoffer’s Cakes, Mario & Sandra’s, La-Concha, Leavitt St & Archer Ave, Wood St & 35th St, Archer Ave & 37th St, Damen Ave & Pershing Rd, Western Ave & 28th St, Pilsen Bike Shop, AT&T, Hart's Coin Laundry, Kush Smoke and Tobacco, Su Nueva Lavanderia, Confessions, Rockwell St & Archer Ave, California Ave & 36th St, Hoyne Ave & 34th St, Damen Ave & 33rd St, McKinley Park, Ross, BP Shop, T-Mobile, Subway, Chile Toreado, Laredo Taco Company, CVS Pharmacy, Baskin-Robbins, Taste of Canton, Sonrisa Family Dental, BMO, Cadinho, Cafe Consume, Rockwell St & Archer Ave, Brighton Park Animal Hospital, Saint Joseph & Saint Anne Catholic Church, Valvoline, Citgo, Citgo, Metro by T-Mobile, Total by Verizon, Dunkin', BP, Amazon DCH1, Road Ranger, GoLo, Burger King, Road Ranger, Road Ranger, Our Lady of Fatima Church, Chicago Fire Department Special Operations Section, ACCESS Cabrini Family Health Center, Marathon, Marathon, Walgreens, American Legion McKinley Post 231, Shell, Dollar Tree, Shell, Bethany Baptist Church, Family Dollar, Our Lady of Good Counsel Roman Catholic Church, Saint Maurice Roman Catholic Church, McKinley Park United Methodist Church, Jewel-Osco, Saint Andrew Lutheran Church, KFC, Saints Peter and Paul Roman Catholic Church, McKinley Park Branch Library, Target, Arturo Velasquez Institute, Brighton Park Elementary School, Burroughs Elementary School, McDonald's, Fifth Third Bank, Nathanael Greene Elementary School, Byline Bank, Power Gas, Evergreen Academy Middle School, AutoZone, Wendy's, FedEx Distribution, Everett Elementary School, Saint Andrew's School, Namaste Charter School, Thorntons, Thorntons, Acero: Sandra Cisneros Elementary School, Starbucks, 7-Eleven, Dunkin', 7-Eleven, Velma Thomas Early Childhood Center, 35th/Archer Orange Line Station"
872664cf3ffffff,75,28,"supermarket, variety_store, clothes, social_facility, bar, variety_store, bakery, greengrocer, bar, bar, bakery, bicycle_rental, bicycle_rental, bicycle_rental, bicycle_rental, convenience, fast_food, fast_food, optician, clinic, clinic, fast_food, mobile_phone, car_parts, fast_food, mobile_phone, clothes, shoes, bank, clothes, mobile_phone, restaurant, clothes, money_transfer, ice_cream, bakery, cafe, department_store, car_parts, school, supermarket, bank, place_of_worship, place_of_worship, fire_station, supermarket, bank, pharmacy, place_of_worship, convenience, place_of_worship, fast_food, fuel, marketplace, bank, fast_food, mobile_phone, place_of_worship, variety_store, school, convenience, community_centre, fast_food, pharmacy, school, school, school, school, fast_food, fuel, fast_food, fast_food, money_transfer, clinic, fast_food","Fairplay Foods, Family Dollar, Rainbow, Casa Catalina, Whiner Beer Co., Dollar Tree, Central Bakery, Fruteria Favela, Homer’s, Stanley’s, La Baguette Bakery, Marshfield Ave & 44th St, Elizabeth St & 47th St, Ashland Ave & McDowell Ave, Ashland Ave & Pershing Rd, Citgo, Little Caesars, Beijing 88, America's Best Contacts & Eyeglasses, University of Illinois - Mile Square Health Center at Back of The Yards, FFHC-Ashland, Domino's, T-Mobile, Advance Auto Parts, Subway, Cricket Wireless, Rainbow, Foot Locker, Chase, Citi Trends, Metro by T-Mobile, Tom's Place Pancake House, Midwest Ink Bros, PLS, Baskin-Robbins, Benitez Bakery, Back of the Yards Coffeehouse, Burlington, Midwest Truck & Autoparts, Hamline Elementary School, Supermercado El Gurero, Citibank, Saint Michael the Archangel Catholic Church, Saint Joseph's Catholic Church, Chicago Fire Department Engine Company 49, Aldi, Fifth Third Bank, Walgreens, New Life Community Church, 47th Dollar Food Mart, Inc, Holy Cross Catholic Church, Church's Chicken, Citgo, Swap-O-Rama, Bank of America, Dunkin', Metro by T-Mobile, Immaculate Heart Of Mary Church, Dollar General, Holy Cross School, BP Shop, Back of the Yards Park Fieldhouse, McDonald's, Walgreens, William H. Seward Communication Arts Academy, Augustin Lara Academy, Hedges Elementary School, Chavez Multi-Cultural Academy, McDonald's, BP, Checkers, Popeyes, Western Union, Fresenius Kidney Care, Dunkin'"
872664cf4ffffff,334,80,"place_of_worship, school, ferry_terminal, bar, cafe, bicycle_rental, bicycle_rental, bicycle_rental, restaurant, bicycle_rental, bicycle_rental, bicycle_rental, bicycle_rental, bicycle_rental, bicycle_rental, bicycle_rental, sewing, fast_food, second_hand, artwork, artwork, artwork, artwork, artwork, artwork, artwork, artwork, bar, restaurant, artwork, artwork, restaurant, restaurant, post_office, alcohol, restaurant, restaurant, artwork, restaurant, cafe, restaurant, restaurant, cafe, pub, bar, restaurant, restaurant, gallery, ice_cream, fast_food, hairdresser, restaurant, restaurant, bar, fast_food, nightclub, restaurant, bar, restaurant, restaurant, restaurant, bakery, bar, restaurant, restaurant, cafe, restaurant, bakery, bakery, restaurant, bar, bar, restaurant, bar, bakery, bakery, bakery, restaurant, bakery, bakery, bar, bar, cafe, restaurant, restaurant, fast_food, restaurant, cafe, restaurant, restaurant, restaurant, cafe, restaurant, bar, restaurant, gift, bank, pharmacy, gift, gift, gift, artwork, artwork, artwork, artwork, information, restaurant, cafe, school, bank, health_food, tea, jewelry, travel_agency, convenience, mobile_phone, restaurant, restaurant, supermarket, restaurant, gift, bicycle_rental, gift, travel_agency, gift, gift, restaurant, restaurant, fast_food, supermarket, restaurant, convenience, supermarket, restaurant, information, fast_food, arts_centre, arts_centre, gallery, charging_station, charging_station, charging_station, artwork, artwork, bank, appliance, hardware, chocolate, tattoo, prep_school, bakery, restaurant, cafe, cafe, variety_store, hairdresser, restaurant, music, restaurant, cafe, cafe, cafe, beauty, information, information, artwork, artwork, artwork, cafe, fast_food, ice_cream, art, books, restaurant, cafe, cosmetics, restaurant, bank, atm, artwork, massage, car_repair, confectionery, beauty, cafe, restaurant, art, museum, dentist, florist, cafe, gift, restaurant, restaurant, restaurant, restaurant, training, fast_food, restaurant, restaurant, pub, restaurant, bakery, restaurant, restaurant, cafe, cafe, cafe, fast_food, viewpoint, boat_rental, artwork, fast_food, restaurant, restaurant, events_venue, cafe, fast_food, clothes, pharmacy, fast_food, dry_cleaning, fast_food, cafe, bakery, restaurant, restaurant, fast_food, food_court, restaurant, houseware, convenience, artwork, laundry, bakery, restaurant, restaurant, fast_food, restaurant, restaurant, restaurant, restaurant, restaurant, artwork, bicycle, bicycle_rental, fast_food, cafe, hairdresser, restaurant, restaurant, hairdresser, cafe, tattoo, restaurant, clothes, information, school, pet_grooming, beauty, social_facility, school, school, bicycle, place_of_worship, bank, supermarket, bank, chemist, clinic, locksmith, events_venue, restaurant, fast_food, place_of_worship, theatre, pub, supermarket, convenience, storage_rental, events_venue, place_of_worship, fast_food, fuel, studio, place_of_worship, post_depot, fire_station, convenience, fuel, police, museum, fire_station, wholesale, supermarket, social_facility, seafood, social_facility, dentist, place_of_worship, bank, restaurant, restaurant, restaurant, community_centre, social_facility, fuel, convenience, restaurant, bank, trade, school, school, school, school, bank, school, library, school, fast_food, fast_food, supermarket, hotel, restaurant, hotel, school, school, garden_centre, artwork, information, school, bicycle_rental, bus_station, bicycle_rental","Chinese Christian Union Church, Pros Arts Studio, Chinatown, Skylark, Kristoffer’s Cafe & Bakery, Wells St & 19th St, Morgan St & 18th St, Racine Ave & 18th St, Joy Yee Noodle, Clinton St & 18th St, Halsted St & 18th St, Halsted St & 21st St, Halsted St & Maxwell St, Morgan St & 14th Pl, Normal Ave & Archer Ave, Wentworth Ave & 24th St, Mr. G's Sewing Machine Shop, Dia De Los Tamales, Knee Deep Vintage, Dog, Ox, Horse, Rabbit, Dragon, Rooster, Snake, Ram, Simone’s, Phoenix, Stone Talk, Dr. Sun Yat-Sen, Mariscos San Pedro, La Vaca Margarita Bar, Chinatown Post Office, Amador Liquors, Penelope's Vegan Taqueria, Xi'an Cuisine, Justice Laura C. Liu, HaiSous Vietnamese Kitchen, Starbucks, Triple Crown Restaurant, Chi Cafe, Step Down Café, Monochrome Brewing, Moody Tongue Brewing Company, Gao’s Kabob, Quesabirria Jalisco, Prospectus Art Gallery, Cold Stone Creamery, Dog Haus, Great Clips, Lalo's Mexican Restaurant, Hashbrowns, Bar Louie, Rosati's, Digital Art Demo Space, MingHin Cuisine, ATE Music House, Azul 18, Bonchon Chicken, Rubi’s Tacos, Chiu Quon Bakery and Dim Sum, Del Toro, Dolo Restaurant and Bar, Don Pedro Carnitas, Elite Boba, Go 4 Food, Golden Apple Cafe & Bakery, Golden Dragon Fortune Cookies, The Tonk, Sakura Karaoke Bar, Ph.D Pub, Pho Cafe, Punch House, Saint Anna Bakery & Cafe, Sunlight Cafe, The Spoke & Bird Bakehouse, Taipei Cafe, Tasty Place, Tous les Jours, Jack’s Place, The Green Room Tap, Workwell Food and Beverage, Yummy Yummy Noodles, Yvolina’s Tamales, Zero Degrees, Joy Yee Noodle, Kung Fu Tea, Qing Xiang Yuan Dumplings, Happy Lamb Hot Pot, MCCB Chicago, Saint’s Alp Teahouse & Gourmet, Lao Sze Chuan, No.18 Karaoke, Takumi Ramen, Central Port Emporium, South Central Bank, Peace Pharmacy, MM Giftland, EK Souvenirs, Pacific Furniture Inc, Pig, Monkey, Tiger, Rat, Store Directory, Cai Restaurant, Chicha San Chen, Pui Tak Christan School, Pacific Global Bank, Kent Young Health Products, Asian Tea, Dor Fook, Mag Vacations, Best Choice Oriental Grocery, Chinatown Mobile, Evergreen Restaurant, Sze Chuan Cuisine, Silver State City Food Company, Tai Ho Yee Food Company, Color's Flowers and Gifts, May St & Cullerton St, Gifts R Us, China Tours and Travel, Ka Oriental Gift, Grace Trading, Gourmet Food Inc, China Cafe, Carbon Mexican Grill, Park To Shop Supermarket, Pilsen Yards, 7-Eleven, FreshMart, Ken Kee Restaurant, Kong Dog, Strewn, Art of Imagination, Chicago Art Department, Blink, eVgo, Blink, Leonard M. Louie, Ping Tom Portrait Bust, Citibank, Felix Appliances, Alvarez Hardware, Chocolat, Hammerhead Tattoo, Project Vision, Fei Da Bakery, Daiquan Noodles, Tbaar, Oriental Tea House, Miniso, V Salon, Veggie House, K Pop of Chinatown, Aroma Hot Pot, Hello Jasmine, TSAoCAA, Autea Sweets & Eats, Pink Mi Up, Maxwell Street, Maxwell Street, Maxwell Street Vendor, Maxwell Street Musician, Maxwell Street, Starbucks, Popeyes, Baskin-Robbins, Woman Made Gallery, Pilsen Community Books, May Flower, Tiger Sugar, Shiseido, Hing Kee, American Metro Bank, Cathay Bank, Tokyo Spa, Tony's Auto Center, Aji Ichiban, JaKaylaMadeBeauty, La Malinche Coffee & Tea House, Cairo Kebab, Gucha Gucha, Children's Museum of Art and Social Justice, Pilsen Smiles, Zins Flower Shop, Woke Soul Coffee, MASHALLAH, Bobijoa, Golden Gai Sushi & Bar, La Luna, Ghareeb Nawaz, Paul Mitchell The School Chicago, Subway, The Momo World, Lotus Cafe & Banh Mi Sandwiches, Phlavz Bar & Grille, Shoo Loong Kan, Paris Baguette, Daebak, So Gong Dong Korean Tofu & BBQ, Mango Mango Dessert, TE'AMO Boba Bar, Uni Uni Bubble Tea, 3 Sauces Hainam Chicken Rice, REI Co-op Kayak Rentals at Ping Tom Memorial Park, Return of the Yellow Cranes, CM Korean Fried Chicken, 312 Fish Market, Qiao Lin Hotpot, Cermak Hall, Molly Tea, Dunkin', Everything, Walgreens, Punky's, Village Cleaners, Szechuan Bistro, Pure Tea, Bao Bae Bakery, Sushi Plus Rotary Sushi Bar, Chef Xiong Taste of Sichuan, J’s Snack House, Richland Center Food Court, Ahjoomah's Apron, Sunlight Kitchen Hardware Supplies, Happy Market, Confucius, The Village Wash, TE'AMO Sweets, bb.q Chicken, Kuro Ramen, Nékter Juice Bar, Noodleverse, Slurp Slurp Noodles, Dongpo Impression, HuaFeng Restaurant, Chubby Cattle BBQ, Mural on Morgan, Cycle Bike Shop, Wallace St & 28th St, ZhengXin Chicken Steak Chicago, Ume Tea, Headquarter Salon, Golden Bull Restaurant, Craft Burger, a.salon, A Cup of Joe Coffeehouse, Hammerhead Tattoo, Cerdito Muerto, Some Like Us, University Village Montessori School, Howlistic Grooming, Maxwell Nail Spa, Pacific Garden Mission, Saint Procopius Elementary School, Irv's Bike Shop, Holy Trinity Croatian Catholic Church, Byline Bank, Jewel-Osco, U.S. Bank, Walgreens, Alivio Medical Center, 24/7 Speedy Locksmith Chicago, May St. Cafe, Steak 'n Egger, Pollo Express, Providence of God Roman Catholic Church, Thalia Hall, Pleasant House Pub, 88 Marketplace, Shell, U-Haul, Radius Chicago, King David Missionary Baptist Church, David's Grill, Shell, Chicago Scenic Studios, Saint Procopius Church, UPS Chicago Hub, Chicago Fire Department EMS & Paramedic Office, Shell, Shell, UIC Police Department, Chinese American Museum of Chicago, Chicago Fire Department Engine Company 8, Global Marketing Enterprise Inc, Park To Shop Supermarket, CASL Senior Housing, Lawrence's Fish & Shrimp, Chinese-American Service League, A Tooth Company, St. Therese Chinese Catholic Church, Cathay Bank, Emperor's Choice, Legend Tasty House, Connie's Pizza, Chinese Community Center, Chinatown Elderly Apartments, Gas Depot, KenTone's Drive-In, PNC Bank, Graybar, Manuel Pérez Jr. Elementary School, National Teachers Academy, Walsh Elementary School, John C. Haines Elementary School, Lakeside Bank, Mark Sheridan Magnet School, Chinatown Branch Library, Jungman Elementary School, Jim's Original, Express Grill, Chicago Oriental Wholesale Market, Jaslin Hotel, Strings Ramen, SpringHill Suites Chicago Chinatown, Nine Dragon Wall, Chinatown Visitor Center, Saint Therese Chinese Catholic School, Wentworth Ave & Cermak Rd, Halsted Orange Line Station, Halsted St & Archer Ave"
872664cf5ffffff,159,47,"place_of_worship, kindergarten, school, place_of_worship, school, place_of_worship, place_of_worship, fast_food, books, fast_food, artwork, cafe, bar, studio, convenience, copyshop, supermarket, supermarket, bicycle_rental, bicycle_rental, bicycle_rental, bicycle_rental, bicycle_rental, bicycle_rental, bicycle_rental, bicycle_rental, bicycle_rental, bicycle_rental, artwork, restaurant, bakery, bar, bar, bakery, restaurant, restaurant, cafe, restaurant, bar, cafe, cafe, fast_food, bicycle_rental, bicycle_rental, bicycle_rental, bicycle_rental, cafe, cafe, ice_cream, fast_food, post_office, clothes, fast_food, mobile_phone, fast_food, bank, mobile_phone, bank, copyshop, money_transfer, fast_food, fast_food, mobile_phone, medical_supply, artwork, rental, information, restaurant, charging_station, charging_station, charging_station, information, information, restaurant, bank, grocery, convenience, restaurant, ticket, ticket, ticket, bar, bar, doctors, beauty, mobile_phone, fast_food, veterinary, restaurant, artwork, car, fishing, restaurant, artwork, charging_station, charging_station, charging_station, school, school, place_of_worship, storage_rental, restaurant, library, university, music_school, school, bank, fast_food, fast_food, convenience, community_centre, place_of_worship, place_of_worship, convenience, fuel, nursing_home, place_of_worship, clinic, place_of_worship, fast_food, hotel, place_of_worship, events_venue, place_of_worship, storage_rental, car, social_facility, hospital, fire_station, place_of_worship, school, fast_food, place_of_worship, fuel, fast_food, social_facility, library, fast_food, college, school, school, school, school, school, fast_food, clinic, school, school, school, school, research_institute, social_facility, fuel, school, social_facility, school, artwork, artwork, fast_food","Liberty Union Baptist Church, Midwest Pre-School-South Commons, Saint James School, Saint Jerome's Croatian Catholic Church, Sisters of Notre Dame School, Santa Lucia Catholic Church, Santa Maria Roman Catholic Church, Center Court, IIT Campus Bookstore, Jimmy John's, Man on a Bench, Starbucks, The BOG, WIIT-FM, 7-Eleven, IIT Campus Business Center, Jewel-Osco, Fat Lee Supermarket, Calumet Ave & 33rd St, Fort Dearborn Dr & 31st St, Indiana Ave & 26th St, Indiana Ave & 31st St, MLK Jr Dr & 29th St, Rhodes Ave & 32nd St, State St & 29th St, State St & 33rd St, State St & 35th St, Calumet Ave & 35th St, Paul Laurence Dunbar Monument, Furama Restaurant, Biscotti’s Galore and More, ChiSox Bar & Grill, Cork and Kerry at the Park, Dim Dim, Lawrence Fish Market Chinatown, Franco’s Ristorante, Global Grounds Cafe, Stix n Brix Wood Fired Pizza, Turtles Bar and Grill, Joy Cafe, South Loop Cafe, Ricobene's, Wentworth Ave & 33rd St, Shields Ave & 28th Pl, Wentworth Ave & 35th St, Shields Ave & 31st St, Eméché Cakery & Cafe, John + Pat Anderson's Cafe, Baskin-Robbins, Wingstop, The UPS Store, Rainbow, Taco Bell, AT&T, Dunkin', Chase, AT&T, PNC Bank, FedEx Office, Western Union, Subway, Harold's Chicken Shack, Boost Mobile, Chyodo Medical Supplies, U-Haul, Bronzeville, Dragon Bowl, Home Run Inn Pizzeria, Self-Help Federal Credit Union, Siri Indian Groceries, BP Shop, Grand Palace, Miler High Life Sky Lounge, Garenteed Rate Club, South Loop Physicians Group Internal Medicine, Threading Zone, Boost Mobile, Best Southside Gyro, Bronzeville Animal Clinic, Jamaican Jerk King, James R. Thompson, Napleton Downtown, Wentworth Bait Shop, Chinese Kitchen Sushi Grill, De La Salle Institute, John B. Drake Elementary School, Olivet Baptist Church, CubeSmart, The Commons, Paul Galvin Library, Illinois Institute of Technology, Vandercook College Of Music, Dunbar High School, Providence Bank & Trust, Ferro's, McDonald's, Shell, Henry Booth House, Allen Temple African Methodist Episcopal Church, Mount Carmel Baptist Church, BP Shop, Shell, Bronzeville Park Skilled Nursing and Living Center, Indiana Avenue Pentecostal Church of God, Near South Health Center, Carr Memorial Chapel, Maxwell Street Depot, Wyndham Chicago McCormick Hotel, Trinity Episcopal Church, Revel Motor Row, Quinn Chapel African Methodist Episcopal Church, U-Haul, Napleton Downtown Hyundai, Long Life Apartments, Insight Hospital & Medical Center, Chicago Fire Department Engine Comnpany 19, Christ the Mediator Lutheran Church, Olivet Baptist Church Day Care Center, Popeyes, Hartzell United Methodist Church, BP, White Castle, All Faith Pavilion Nursing & Rehabilitation Center, Dr. Martin Luther King, Jr. Branch Library, McDonald's, Illinois College of Optometry, James R. Doolittle Elementary School, James Ward Elementary School, Perspectives/IIT Math & Science Academy, Pershing Elementary School, Chicago Military Academy, Culver's, Advocate Medical Group Immediate Care Center, Ray Graham Training Center High School, Saint Jerome School, Santa Lucia School, BP, Ida B. Wells Elementary School, Urban Prep Charter Academy for Young Men, Monument to Great Northern Migration, Dunkin'"
872664cf6ffffff,225,60,"school, place_of_worship, place_of_worship, school, place_of_worship, place_of_worship, place_of_worship, place_of_worship, cafe, bicycle_rental, bicycle_rental, bicycle_rental, bicycle_rental, bicycle_rental, bicycle_rental, bicycle_rental, bank, dentist, music, restaurant, ice_cream, coffee, supermarket, fast_food, fast_food, fast_food, fast_food, dentist, fast_food, clothes, video_games, restaurant, bank, mobile_phone, fast_food, pawnbroker, supermarket, bank, restaurant, laundry, doctors, motorcycle, fast_food, pub, bar, second_hand, optician, restaurant, restaurant, cafe, restaurant, fast_food, fast_food, restaurant, restaurant, craft, sports, restaurant, bar, restaurant, restaurant, bakery, restaurant, cafe, bakery, restaurant, bar, bakery, cafe, bakery, cafe, bar, bakery, bakery, bakery, hairdresser_supply, fast_food, mobile_phone, restaurant, restaurant, restaurant, alcohol, restaurant, restaurant, dojo, cafe, doctors, restaurant, general, restaurant, chocolate, fast_food, artwork, artwork, artwork, artwork, artwork, artwork, artwork, artwork, artwork, artwork, artwork, artwork, fast_food, bank, deli, hairdresser, bank, clothes, hairdresser, arts_centre, dentist, artwork, artwork, artwork, gift, gallery, clothes, bar, fast_food, restaurant, restaurant, cafe, supermarket, bank, artwork, ice_cream, convenience, restaurant, pharmacy, art, antiques, restaurant, interior_decoration, convenience, fast_food, place_of_worship, school, restaurant, convenience, car_wash, fuel, storage_rental, car_parts, fuel, place_of_worship, bicycle, fast_food, fast_food, supermarket, fuel, convenience, museum, school, convenience, fire_station, car_wash, place_of_worship, cafe, supermarket, bank, supermarket, gallery, restaurant, place_of_worship, laundry, chemist, fuel, bakery, place_of_worship, supermarket, variety_store, social_centre, bank, place_of_worship, place_of_worship, place_of_worship, place_of_worship, trade, fuel, convenience, wholesale, wholesale, trade, post_office, school, convenience, car_wash, fuel, events_venue, bakery, variety_store, convenience, fuel, money_transfer, ice_cream, car_repair, library, fast_food, school, bank, school, school, wholesale, school, fast_food, wholesale, fast_food, school, restaurant, school, school, convenience, school, social_facility, school, school, car_wash, school, social_facility, school, school, school, fast_food","Saint Pius School, Cermak Baptist Church, Bethesda Temple Spanish Assemblies of God Church, Gads Hill Center Social Settlement, Iglesia Casa de Dias, Our Lady of Vilna Roman Catholic Church, Shrine of Saint Jude Thaddeus, Saint Paul Convent, Cafe Jumping Bean, Laflin St & Cullerton St, Blue Island Ave & 18th St, Damen Ave & Coulter St, Damen Ave & Cullerton St, Paulina St & 18th St, Western Ave & 21st St, Western Ave & 24th St, Fifth Third Bank, Orthodontic Experts, Pinwheel Records, Taqueria El Mezquite, El Sabor De Mexico, Brew Brew Coffee & Tea, La Casa del Pueblo, La Casa del Pueblo Taqueria, Taqueria El Milagro, Subway, Super Taqueria El Taconazo, Wingstop, Cermak Discount, GameStop, Wen Gai, Bank of America, Cricket Wireless, Laura's Pizza & Pasta, Cash America Pawn, Fairplay Foods, Chase, Canton Star, Fun Wash, Pilsen Community Health Center Lower West, Motoworks Chicago, Parkview Diner, Alulu Brewery & Pub, Harbee Liquor & Tavern, Very Best Vintage, Big City Optical, Sabas Vega, Bacchanalia, Cafe Mestizo, Bruna's, Pizza Nova, The Jibarito Stop, Ignotz Ristorante, La Fontanella, Artesanias D'Mexico, Ochoa Sporting Goods, 5 Rabanitos Restaurante and Taqueria, Caminos De Michoacan Bar, Cantón Regio, Carnitas Uruapan Restaurant, El Milagro Tortilla, Frida Room, INTERSECT, Pete’s Fresh Market, Taqueria Los Comales 3, The Barrel, Wagner’s Bakery, Xurro, Xurro, L Cafecito Jumping Bean, Martin’s Corner, Panaderia Del Refugio, Panaderia El Acambaro, Meadowbrook Egg & Dairy, Sally Beauty, Domino's, T-Mobile, Rice and Noodles, La Esperanza, Tamale Lady, Evan St. Liquors, Pl-zen, El Berrinches Restaurant, Legacy Taekwondo Academy, Holy Grounds, Apollo Family Medical Center, Aloha Wagon, Workshop Apothecary, Casa Cafe Restaurant, Sleep Walk Chocolateria, Rosie's Donuts, Venustiano Carranza, José María Pino Suárez, Emiliano Zapata, Aquiles Serdán, Cuauhtémoc, Miguel Hidalgo y Costilla, José María Morelos y Pavón, Ignacio Zaragoza, Josefa Ortiz de Domínguez, Vicente Guerrero, Emiliano Zapata, Julián Carrillo, Dunkin', Associated Bank, Urban Treez, Peluqueria Nuevo Mexico, Ashland State Bank, Yami's Fashion, Rockit Barbershop, Pilsen Arts Community House, Dental Sunshine Chicago, Francisco Madero, Rudy Lozano, Álvaro Obregón, AngMir - Hecho con Cariño, Mana Contemporary, Burdeens Chicago, Giant Penny Whistle, Memo's Hot Dogs, Coyotes, Banh Mi City, Jay's Bubble Tea Cafe, La Providencia, Wintrust Bank, Declaration of Immigration Mural, Baskin-Robbins, Carniceria y Licoreria Maribel, Carniceria Maribel, Walgreens, Vault Gallerie x The Mural Movement, Cementerio del Arte, Cecina Grill, Mestizo, Tortilleria Sabinas, Rosca, Saint Pius Church, Cristo Rey Jesuit High School, Don's Grill, BP Shop, BP, BP, Extra Space Storage, AutoZone, Speedway, Saint Michael the Archangel Catholic Church, Working Bikes Cooperative, McDonald's, Burger King, Pete's Market, Marathon, Marathon, National Museum of Mexican Art, Benito Juárez Community Academy, BP Shop, Chicago Fire Department Engine Company, Hand Car Wash & Detail, Bethel Family Chicago, Monsivais Cafe, Cermak Fresh Market, Bank of America, Aldi, Pilsen Art House, Novel Pizza Cafe, Saint Vitus Roman Catholic Church, John's Lavanderia, Walgreens, BP, Bittersweet Pastry Shop, Saint Matthew Lutheran Church, Supermercado El Güero #8, Dollar Tree, American Legion Dorman Dunn Post 547, Mutual Federal Bank, Iglesia de Dios Septimo Dia, Saint Paul Roman Catholic Church, Lincoln United Methodist Church, Grainger, Shell, Shell, Chicago International Produce Market, Food Industry Distribution, Heidler Hardwood Lumber Co, Cesar E. Chavez Post Office, Whittier Elementary School, BP Shop, BP, BP, A. P. O, Panadería Nuevo Leon, Family Dollar, Midwest, Midwest, Currency Exchange, La Michoacana, Carimichael Truck Repair, Rudy Lozano Branch Library, McDonald's, Cooper Elementary School, Fifth Third Bank, Ruiz Elementary School, Finkl Elementary School, La Hacienda Wholesale, Pickard Elementary School, Dunkin', Banner Wholesale Grocers, Taco Bell, Jose Orozco Community Academy, The Duck Inn, Pilsen Community Academy, Speedway, Saint Ann School, Ducky's, Juan Inez de la Cruz School, Saint Paul School, Acero Bartolomé de las Casas Elementary School, Dunkin'"
872664d81ffffff,180,62,"fast_food, fast_food, restaurant, convenience, cannabis, bank, variety_store, department_store, bar, bakery, bar, restaurant, bicycle_rental, bicycle_rental, bicycle_rental, bicycle_rental, bicycle_rental, bicycle_rental, bicycle_rental, bicycle_rental, restaurant, atm, department_store, car_parts, post_office, ice_cream, storage_rental, mobile_phone, bureau_de_change, antiques, bank, ice_cream, beauty, clothes, storage_rental, laundry, dentist, pawnbroker, clothes, clothes, restaurant, ice_cream, cafe, restaurant, convenience, cafe, pharmacy, cafe, artwork, artwork, artwork, artwork, artwork, artwork, convenience, dry_cleaning, tobacco, taxi, mobile_phone, dentist, supermarket, mobile_phone, beauty, car_parts, hairdresser, restaurant, restaurant, mobile_phone, hairdresser, computer, wholesale, childcare, restaurant, restaurant, telecommunication, car_repair, theatre, hairdresser, car_repair, beauty, laundry, restaurant, theatre, massage, fast_food, school, electrical, place_of_worship, variety_store, hairdresser, car_rental, restaurant, money_lender, alcohol, alcohol, art, clothes, restaurant, restaurant, restaurant, place_of_worship, mobile_phone, laundry, beauty, clinic, cafe, restaurant, dry_cleaning, dry_cleaning, hairdresser, restaurant, money_transfer, shoes, convenience, convenience, health_food, pet, convenience, car_repair, variety_store, convenience, clothes, fast_food, supermarket, chemist, fuel, school, car_parts, car_wash, doctors, storage_rental, seafood, car_repair, clinic, fast_food, place_of_worship, restaurant, place_of_worship, bar, convenience, car_parts, place_of_worship, bar, restaurant, car_repair, beauty, restaurant, school, school, fire_station, bar, storage_rental, car_repair, storage_rental, place_of_worship, fast_food, butcher, fuel, greengrocer, chemist, car, community_centre, convenience, fast_food, bicycle, bank, school, school, school, community_centre, fast_food, bank, community_centre, convenience, bus_station, bus_station, tobacco, mobile_phone, fast_food, bicycle_rental","Dunkin', Subway, Tapia's Pizza, Zen Leaf, Chase, Dollar Tree, Burlington, American Ale House, Caribbean American Bakery, Monsen’s Tally Ho Pub, Su Taqueria El Rey Del Taco y Sus Mariscos, Clark St & Touhy Ave, Bosworth Ave & Howard St, Clark St & Jarvis Ave, Wolcott Ave & Fargo Ave, Ridge Blvd & Touhy Ave, Ridge Blvd & Howard St, Western Ave & Howard St, Oakley Ave & Touhy Ave, Anto Pizza & Pasta Chicago, Bank of America, Ross, O'Reilly Auto Parts, The UPS Store, La Michoacana Premium, Extra Space Storage, T-Mobile, Howard & Paulina Currency Exchange, Lost Eras, Associated Bank, Baskin-Robbins, Forever Beauty, Discovery Clothing Company, McCarthy Storage, Tide Laundromat, Aspen Dental, Cash America Pawn, Citi Trends, DTLR, Mi Pueblo Two, Baskin-Robbins, Starbucks, Buffalo Wild Wings, Around the Clock Food Store, Tree House Humane Society Cat Cafe, Walgreens, Starbucks, 24/7, Destination: Points Unknown, Satari Quick Stop, Style Cleaners, King of Flavors, Choice Taxi Association, Boost Mobile, Advantage Dental Care, Morelia Supermarket, Metro by T-Mobile, HairFx, Bee-Zee Auto Parts, Black Pearl, Badou Senegalese Cuisine, Howard Deli, Time Line Communications, North Kutz, Midtronix Inc., DCI Wholesale and Closeout, Future Focus Daycare, Super Bros. Pizzeria, Bina’s Place, The E Companies Inc., Mike’s Total Auto Repairs, The Puppet Place, Phat Fades, Western Auto Repair, Western Nail Bar, Red Laundry Inc,, Jerky Jerk, West Ridge Redbox Building, Natural Resistance Spa, Chyros, Kingdom Academy learning center, Pure Electric, Grace & Mercy Apostolic Church, Devon Discount, Letzly Beauty Salon, U-Haul, Kizin Creole, Sunrise Tax Service, Extra Value Liquor, Basil Food & Liquor, Stan’s Glass Shop, Exclusive Boutique inc, Mica's Mexican Restaurant, Howard Street Soul, Tasty Sub, Way Mission Church, LycaMobile, Som Laundry Todo, April’s Nail Spa, Ridge Medical Center, COZY CAFE, Eng’s Asian Cuisine, 2pro Cleaners, Howard Cleaners, Jaxen&Jillz Barber & Beauty Salon LLC, Bull & Barrel, MoneyGram, PJ Footwear, Aiden’s Mini Mart (Drive - In), 7432 N Oakley, Prime Home Healthcare, The Real Meal, Howard Grocery Plus, GMC & BMW Auto Repairs, Aiden & Chloe’s EZ Shop, AidenDollar.com, Rainbow, Dunkin', Jewel-Osco, Walgreens, Marathon, George Armstrong Elementary School, AutoZone, C & M Car Wash, Tapestry 360 Health, Public Storage, The Fish Keg, Howard Auto Body & Repair, Fresenius Kidney Care, Taco Pros, Saint Margaret Mary Roman Catholic Church, Main Pizza Chalavi, Sixteenth Church of Christ Scientist, Ricky G’s, C & M Food Mart, Advance Auto Parts, Mehdavia Islamic Center of Chicago, Mark II Lounge, Candelite, Midas, Chicago Nail Pro, Aidan's Pizza Shop, Philip Rogers Elementary School, Saint Marys School, Chicago Fire Department Engine Company 102, R Public House, Public Storage, Elite Auto Repair, The Lock Up, Rogers Park Baptist Church, Popeyes, Romanian Kosher Sausage Co, Amoco, Rogers Park Fruit Market, Walgreens, 5 Stars Auto Service And Sales, Howard Area Community Center, Eddy's Food Mart, Buffalo Joe's, The Recyclery Collective, Bank of America, Stephen F. Gale Math and Science Academy, Chicago Math and Science Academy, Jordan Community Elementary School, Willye B. White Park Fieldhouse, Burger King, Wintrust Bank, Howard Area Community Center, Amoco, Western & Birchwood Terminal, Paulina & Howard Terminal, Bestow Smoke & Vape, Metro by T-Mobile, Subway, Paulina St & Howard St"
872664d83ffffff,35,17,"place_of_worship, place_of_worship, religion, optician, restaurant, place_of_worship, bakery, place_of_worship, bakery, information, bicycle_rental, bicycle_rental, bicycle_rental, clothes, artwork, restaurant, dry_cleaning, convenience, money_lender, place_of_worship, place_of_worship, place_of_worship, place_of_worship, social_facility, community_centre, fast_food, school, place_of_worship, convenience, school, car_repair, fast_food, social_facility, place_of_worship, place_of_worship","Kollel Ateres Ami, Congregation Atereth Yehoshua, Kesher Stam, IF Optical, Hamachi Sushi Bar, Lubavitch Chabad of Illinois, JR Dessert Bakery, Ateres Shmuel, North Shore Kosher Bakery, Sacramento Ave & Lunt Ave, California Ave & Touhy Ave, North Boundary Park, Hat-Box-Suit Central, Al Safa Mandi House, Presidential Cleaners, New York Pantry, PLS, Ohel Shalom Torah Center, Congregation Adas Yeshurun, Congregation Sha'arei Tzedek, Beis Medrash Mikor HaChaim, Swartzberg House, Bernard Horwich Jewish Community Center, McDonald's, Decatur Classical School, Ohel Tefillah, 7-Eleven, Cheder Lubavitch Girls School, Howard Auto Service, Eastern Style Pizza, Chicago Mitzvah Campaign, Heritage, Heritage Congregation"
872664d88ffffff,367,90,"theatre, school, school, school, restaurant, restaurant, pub, games, hifi, laundry, cafe, pub, fast_food, artwork, bar, car_repair, bank, convenience, restaurant, alcohol, bicycle_rental, bicycle_rental, restaurant, cafe, fast_food, ice_cream, restaurant, bar, restaurant, books, restaurant, bank, restaurant, cinema, cafe, viewpoint, restaurant, theatre, restaurant, ice_cream, hardware, dry_cleaning, bar, fast_food, alcohol, bar, restaurant, bicycle_rental, copyshop, restaurant, restaurant, restaurant, cafe, restaurant, bakery, restaurant, restaurant, clinic, restaurant, restaurant, restaurant, restaurant, restaurant, bakery, bar, cafe, bar, bar, cafe, restaurant, bakery, seafood, cafe, cafe, bakery, restaurant, bar, bar, restaurant, theatre, bicycle_rental, cafe, bicycle_rental, bicycle_rental, bicycle_rental, clinic, bicycle_rental, bicycle_rental, bicycle_rental, cannabis, restaurant, fast_food, fast_food, bed, books, jewelry, charging_station, charging_station, fast_food, cafe, restaurant, bar, restaurant, restaurant, restaurant, fast_food, dentist, ice_cream, beauty, books, dry_cleaning, fast_food, dentist, interior_decoration, erotic, hairdresser, beauty, fast_food, fast_food, beauty, alcohol, fast_food, clinic, bar, pet, baby_goods, hairdresser, restaurant, mobile_phone, clothes, clothes, post_office, toys, gift, cannabis, optician, stationery, frame, interior_decoration, antiques, furniture, interior_decoration, general, optician, clothes, restaurant, beauty, leather, antiques, fast_food, convenience, music, second_hand, clothes, cafe, fast_food, cafe, restaurant, atm, information, restaurant, cafe, restaurant, music, hairdresser, restaurant, hardware, houseware, beauty, beauty, restaurant, gift, craft, erotic, pub, bakery, atm, atm, massage, storage_rental, restaurant, dry_cleaning, restaurant, fast_food, convenience, fast_food, variety_store, clinic, restaurant, restaurant, jewelry, clothes, restaurant, restaurant, convenience, restaurant, restaurant, restaurant, cafe, optician, car_repair, restaurant, hairdresser, car_repair, mobile_phone, bicycle, craft, bar, car_wash, paint, coffee, deli, restaurant, supermarket, cafe, candles, pharmacy, fast_food, bicycle_rental, pharmacy, second_hand, events_venue, gallery, beverages, interior_decoration, restaurant, dentist, restaurant, artwork, artwork, artwork, artwork, artwork, artwork, artwork, artwork, restaurant, cafe, fast_food, fast_food, clinic, restaurant, social_facility, restaurant, bicycle_rental, craft, restaurant, antiques, restaurant, pet, restaurant, restaurant, restaurant, hairdresser, antiques, dry_cleaning, hairdresser, erotic, restaurant, alcohol, paint, optician, beauty, antiques, bicycle, hairdresser, houseware, restaurant, clothes, antiques, bar, bar, bar, jewelry, shoe_repair, convenience, restaurant, tailor, interior_decoration, restaurant, cafe, supermarket, school, department_store, supermarket, supermarket, school, hospital, school, place_of_worship, doctors, place_of_worship, convenience, fuel, convenience, bar, bank, restaurant, museum, clothes, place_of_worship, gift, restaurant, place_of_worship, bar, shoes, bank, restaurant, museum, social_facility, social_facility, place_of_worship, place_of_worship, motorcycle, chemist, restaurant, tea, supermarket, place_of_worship, convenience, fuel, place_of_worship, car_repair, fast_food, studio, fast_food, place_of_worship, fire_station, social_facility, car_wash, motel, bar, fuel, bank, place_of_worship, theatre, social_facility, car_parts, place_of_worship, place_of_worship, convenience, bank, restaurant, place_of_worship, bar, theatre, place_of_worship, music_school, chemist, storage_rental, fuel, storage_rental, bank, theatre, cafe, school, place_of_worship, school, bank, bank, library, gift, picnic_site, garden_centre, school, bakery, bicycle_rental","Neofuturists, Saint Gregory High School, Saint Gregory Grade School, Saint Gregory Preschool, Ino's Pizzeria, Huaraches Dona Chio, Hopleaf Bar, Chicagoland Games Dice Dojo, Minas, The Coffee Studio, SoFo Tap, Subway, Young Lincoln Statue, Leadway Bar & Grill, Speedline Auto Service, Chase, Middle East Bakery & Grocery, Taste of Lebanon, Andersonville Wine & Spirits, Broadway & Berwyn Ave, Clark St & Winnemac Ave, Lady Gregory's, Starbucks, Potbelly, Jeni's Splendid Ice Creams, Lonesome Rose, Simon's Tavern, Svea Restaurant, Alleycat Comics, Ranalli's, BMO, M Henry, Chicago Filmmakers, La Colombe Coffee, Mas alla del Sol, pH Comedy, Gadabout, Lickety Split, Kim's True Value Hardware, Dry Cleaner's, Double Bubble, Patio Beef, Independent Wine & Spirits, Moody's Pub, Ethiopian Diamond, Broadway & Ridge Ave, Allied Print & Copy, Fiya, Tesfa Ethiopian Cuisine, Regalia Bar & Restaurant, Half Acre Beer Co. Balmoral Tap Room & Garden, Herb Restaurant, La Baguette Bakery, Edgewater Tacos, Antica Pizzeria, Advocate Medical Group, Fireside, Cafe Libra, A Taste Of Heaven, Bar Roma, Big Jones, Defloured, Farraguts, First Slice Pie Cafe, Fritzy’s Tavern, Spiteful Brewing, Phlour Bakery & Cafe, Sweet Virginia’s Kitchen, Isabella Bakery, Hooked on Fish, Kanela Breakfast Club, Kopi Cafe, Lost Larson Bakery, Little Bad Wolf, Replay, Meeting House Tavern, Middle East Bakery & Grocery, Chicago Magic Lounge, Sip and Savor, Damen Ave & Foster Ave, Winchester Ave & Balmoral Ave, Hoyne Ave & Balmoral Ave, Vivent Health + TPAN, Clark St & Bryn Mawr Ave, Clark St & Elmdale Ave, Clark St & Berwyn Ave, Dispensary33, bb.q Chicken, Dunkin', Chipotle, Mattress Firm, Women & Children First, On the Rocks, Papa John's, Side Practice Coffee, Alice and Friends' Vegan Kitchen, Nobody's Darling, Axum Ethiopian, Tanoshii, George's Deep Dish, Boukarou Lounge, Northside Dental, Forever Yogurt, Esmeralda, Graham Crackers Comics, Rainbow Dry Cleaners, Domino's, 1st Family Dental Andersonville, GL Home Decor, Banana Video, Lisseth Unisex, Nina Beauty Salon, Dunkin', Primo Pizza, Alicia Beauty, Spirits and Liquor, Sweetgreen, The Clark, Atmosphere, Kriser's Natural Pet, Sandbox Baby Boutique, Styles Hair Salon, Anteprima, Verizon, Buffalo Exchange, Cowboys and Astronauts, The UPS Store, Play, Enjoy Andersonville, CBD Kratom, Big City Optical, Paper and Pencil, Iloilo Custom Framing, Norcross + Scott, Andersonville Antiques, Cassona, Five Elements Home, Ándale Market, Visionary, Dearborn Denim & Apparel, Jin Ju, Nail Palette, Chicatolia Artisan Collective, Scout, Krispy Krunchy Chicken, To Go, Rattleback Records, The Brown Elephant, Raygun, The Understudy, Wingstop, Starbucks, Buffalo Wild Wings, Bank of America, Sfera Sicilian Street Food, Dulce de Leche Cafe, Safari Somali Cuisine, Music Direct, The Shop, Fat Chris's Pizza and Such, Andersonville Hardware Store, The Wooden Spoon, Sonia Salon, Posh Polish, Dollop, Foursided, Freestyle Ceramics and Tufting, Early To Bed, Konak Pizza and Grill, Macaron Bar, Sir Spa, Honore Storage, Cuckoo, Winona Cleaners, Jet's Pizza, Jimmy John's, Clark Haus, Subway, Dollar General, Planned Parenthood, Uvae Kitchen and Wine Bar, Little Madrid Tapas-Café, Bryn Mawr Jewelry Co, Milk Handmade, Little Vietnam, Taquería Uptown, Green Arch Food and Smoke, Ben's Noodles & Rice, The Little India, Hamburger Mary's, All Meal Prep Kitchen & Cafe, Broadway Eye Institute, Hernandez Auto Repair, Jin Thai Cuisine, Bionic Hair Design, Lakeside International Auto Service, Boost Mobile, Igor Does My Bike, The Dropped Stitch, Marty's Martini Bar, BP, Sherwin-Williams, Happy Monday Coffee Roasters, JB's Deli, Blowfish Sushi & Ramen, Super Food & Liquors, The Lost Hours, Edgewater Candles, Walgreens, Panera Bread, Walgreens, 2nd STREET, Kinowerks, Event Horizon Gallery & VR Lounge, Solar Intentions Non-Alcoholic Beverage Shop, Foursided Custom Framing, Devil Dawgs, Dentologie, La Mom Kitchen, Thrive, Nocturnes, Avian Listening at Midnight, 8 bird species, Today, Water Music, Lake Calls, 12 bird species, Pastorales, Prairie Calls, 14 bird species, Today, Roots with Diversity, Pizzeria Aroma, Colectivo Coffee, Taco Pros, Little Caesers, Endeavor Health - Immediate Care, KOHOKU-KU RAMEN, Care for Real, Little Corner Restaurant, Black Angel Companies, Alexander's, Richard Alan Estate Options, Kanin, Bark Bark Club, Indie Cafe   Sushi + Thai, La Parrilla Latin Food, Chengdu Impression, Father and Son Barber Shop, Andy’s Art, Antiques & Oddities, Smile Cleaners, Via Rose Hair Studio, Full Kit Gear, Minyoli, In Fine Spirits, JC Licht Benjamin Moore Paint & Decor, MyEyeDr., Milan Laser Hair Removal, Andersonville Antiques, Johnny Sprockets, Armand Salon Suites, Rare Form, It's Greek 2 U Grill, Violet Hawthorne, Mercantile M, The Nook, Elixir, Sweet Hearts Bar, Armen's Jewelry, Fix Your Kicks, Castle Food & Liquor, Zenwich Edgewater, Thorndale Cleaners & Tailors, Milk & Holly Home, Desi Boys Pizza, Fried Egg Cafe, Jewel-Osco, Senn High School, Target, Jewel-Osco, Whole Foods Market, Helen C. Peirce School Of International Studies, Thorek Memorial Hospital Andersonville, Rogers Park Montessori School, Horatio N. May Chapel, Lakeshore Cancer Treatment Center, Summerdale Community United Church of Christ, Citgo, Citgo, 7-Eleven, Big Joe’s, North Side Community Bank, Penelope's Vegan Taqueria Andersonville, Swedish American Museum, Strange Cargo, North Shore Baptist Church, Andersonville Galleria, Andie's, First Evangelical Free Church, Bobbie’s Runaway, Alamo Shoes, U.S. Bank, Calo Ristorante, Edgewater Historical Society, Aperion Care Wesley, Aperion Care Wesley, Edgewater Baptist Church, Northside United Pentecostal Church, Scooterworks Chicago, Walgreens, Pizza Lobo, Eli Tea, Edgewater Produce, Saint Gregory Roman Catholic Church, Marathon, Marathon, Ancient of Days Cathedral, Jiffy Lube, McDonald's, Experimental Sound Studio, White Castle, Philadelphia Swedish Pentecostal Church, Chicago Fire Department Engine Company 70, G&A Senior Resindence & Ravenswood, Heart O' Chicago Motel, Barrelman Tavern, BP, Old National Bank, Masjid e Noor, Raven Theatre, Centro Romero, AutoZone, Immanuel Evangelical Lutheran Church, Bethany Evangelical Lutheran Church, Shell, Byline Bank, Hot Pot, Unity Lutheran Church, Burke’s Public House, The Edge Theater, Saint Ita's Roman Catholic Church, School of Rock, Walgreens, Public Storage, Shell, Public Storage, Fifth Third Bank, The Edge Off Broadway Theater, Loaves and Witches, Swift Elementary School, Ebenezer Lutheran Church, St. Gregory School, Fifth Third Bank, Chase, Edgewater Branch Library, Transit Tees, Gethsemane Garden Center, Chicago Waldorf School, Misericordia Hearts & Flour Bakery and Café, Broadway & Thorndale Ave"
872664d89ffffff,313,72,"bicycle, school, school, place_of_worship, school, theatre, bank, bar, bar, fast_food, supermarket, fast_food, atm, bar, bicycle_rental, bicycle_rental, bicycle_rental, bicycle_rental, bicycle_rental, bicycle_rental, bicycle_rental, bicycle_rental, fast_food, restaurant, cafe, bar, restaurant, artwork, restaurant, restaurant, cafe, restaurant, convenience, restaurant, department_store, community_centre, bar, restaurant, convenience, cafe, greengrocer, restaurant, pharmacy, cafe, bank, atm, place_of_worship, bar, mobile_phone, convenience, fast_food, restaurant, cafe, restaurant, ice_cream, bakery, bar, bar, cafe, cafe, bakery, bar, restaurant, restaurant, bakery, restaurant, bakery, restaurant, bakery, bar, supermarket, hostel, sports, bicycle_rental, bicycle_rental, bicycle_rental, supermarket, gift, artwork, bakery, jewelry, jewelry, restaurant, jewelry, doctors, doctors, convenience, interior_decoration, restaurant, restaurant, clinic, restaurant, restaurant, pharmacy, jewelry, restaurant, coffee, video, restaurant, social_facility, community_centre, gift, restaurant, restaurant, jewelry, hairdresser_supply, restaurant, convenience, cosmetics, restaurant, wholesale, hairdresser, restaurant, restaurant, artwork, mobile_phone, cafe, cosmetics, dentist, herbalist, beauty, artwork, beauty, furniture, restaurant, beauty, dry_food, video, beauty, restaurant, beauty, restaurant, fast_food, doityourself, restaurant, fast_food, fast_food, ice_cream, fast_food, variety_store, restaurant, deli, bank, information, information, artwork, car_rental, cafe, restaurant, artwork, artwork, fast_food, telecommunication, charity, fast_food, dry_cleaning, supermarket, hairdresser, fast_food, artwork, bank, artwork, clinic, restaurant, cafe, fast_food, atm, deli, cafe, atm, restaurant, childcare, restaurant, alcohol, restaurant, cafe, artwork, alcohol, fast_food, alcohol, restaurant, pharmacy, bakery, hairdresser, arts_centre, pet, massage, beauty, dry_cleaning, clinic, restaurant, restaurant, childcare, clinic, bureau_de_change, mobile_phone, restaurant, tattoo, mobile_phone, hairdresser, pawnbroker, restaurant, restaurant, restaurant, artwork, convenience, dry_cleaning, restaurant, alcohol, convenience, hairdresser, cafe, cafe, artwork, restaurant, supermarket, convenience, information, bureau_de_change, wigs, fast_food, picnic_site, picnic_site, artwork, coffee, artwork, convenience, restaurant, variety_store, fast_food, convenience, bar, restaurant, restaurant, restaurant, restaurant, restaurant, artwork, artwork, artwork, restaurant, money_transfer, marketplace, restaurant, coffee, social_facility, school, college, school, events_venue, supermarket, bicycle, college, post_office, place_of_worship, place_of_worship, school, library, fire_station, fuel, place_of_worship, clinic, place_of_worship, convenience, place_of_worship, community_centre, bank, fast_food, restaurant, theatre, bank, social_facility, tyres, car_wash, hotel, hotel, social_facility, convenience, events_venue, social_facility, department_store, community_centre, place_of_worship, library, convenience, coffee, storage_rental, bank, fast_food, fast_food, department_store, social_facility, fuel, bicycle, fishing, school, hospital, supermarket, school, school, hospital, pet, fast_food, pharmacy, school, fast_food, bicycle_rental, bicycle_rental, social_facility, artwork, fuel, cafe, social_facility","Broadway Bikes, Ecumenical Institute, Chicago Urban Skills Institute, Chicago Uptown Ministry, Saint Thomas of Canterbury Elementary School, Uptown Theatre, Old National Bank, Green Mill Cocktail Lounge, Bar On Buena, Jimmy John's, Jewel-Osco, The Dock Concession, Fat Cat, Broadway & Argyle St, Broadway & Wilson Ave, Clarendon Ave & Gordon Ter, Clarendon Ave & Junior Ter, Clarendon Ave & Leland Ave, Sheridan Rd & Buena Ave, Sheridan Rd & Lawrence Ave, Sheridan Rd & Montrose Ave, Ba Le, Phở Việt, Dollop Coffee, Uptown Lounge, Tweet, Doctor José Rizal Monument, Bojono's Pizzeria, Agami, Elevate Coffee, Breakfast House, Food Town, Sun Wah Bar-B-Que, Target, JPUSA, Larry's, Demera Ethiopian Restaurant, Clarendon Food Mart, Klein's Bakery & Cafe, Uptown Shop and Save, Hing Wang, Walgreens, Everybody's Coffee, Huntington Bank, Huntington Bank, The People's Church of Chicago, Big Chicks, Metro by T-Mobile, Rainbow Mart, Subway, Shan Food, Bambu, Cariño, Baskin-Robbins, Chiu Quon Bakery, Driftwood, Drink and Ink, Emerald City Coffee, First Sip Cafe, Hong Xuong Bakery, The Reservoir, Phở Xe Tăng (Tank Noodle), Uptown Phở, La Pâtisserie P, Loving Heart, My Chocolate Soul, Nhà Hàng Việt Nam, Nhu Lan Uptown, 2Bears Tavern, Tai Nam Market, Jesus People Evangelical Covenant Community, Get A Grip Trapeze School, Lakefront Trail & Wilson Ave, Winthrop Ave & Lawrence Ave, Marine Dr & Ainslie St, Park to Shop Supermarket, Tân-Thanh Gift Shop, Vietnam, Lucks Food, Kim Hing Jewelry, Heng Heng Jewelry, Hon Kee Restaurant, Kim Long, Lau Medical, J&A Convenience Store, A Touch of China, Phở Loan, Thai Pastry Cafe and Restaurant, Mini Thương Xá, Phở 777, Double Happiness, Mini Thương Xá, Phnom Penh Jewelry, Chinese Lanterns, Boba Teahouse, Đức Hùng Video, Cafe Hoang, Chinese Mutual Aid Association, Bosnian Herzogovinian American Community Center, Dollar Depot, New Chinatown Restaurant & Coffee Shop, Phở Xe Lửa, Hoang Kim Jewelry, Hong Kong Beauty Supply, Miss Saigon, Argyle Store, Shiseido, Phở 888, Qideas, Salon M, Hon Kee Restaurant, Hải Yến, Hong Hiep Mobile, Uni Uni, Tiệm Thuốc Bắc Vĩnh Hoa, Spa Nail Supply, Twin Beauty Salon, New Stars #3, Immm, Tiny, Khô Bò, Kim Video, Queen, Thai Pastry Restaurant, Helen’s Beauty Salon, Lê’s Phở, KFC, Uptown Ace Hardware, The Dock at Montrose Beach, Wingstop, Dunkin', Baskin-Robbins, Subway, Dollar Tree, Selam Ethiopian Kitchen, Uptown Deli, Citibank, Enterprise, Downstate Donuts, In-On Thai, Montrose Yacht Club Anchor, Carved Stumps, Foster Beach Concessions, Xfinity, The Salvation Army, Subway, Lakeshore Cleaners, Old World Market, Orlando Salon and Beauty Supply, Rosati's, Phoenix Rising, PNC Bank, Uptown Color Wheel, Lurie Children's Pediatrics in Uptown, Michuu Ethiopian Restaurant, Starbucks, Jakes, North Buena Deli and Wine, Drink Happy Thoughts, Lucy's, Crown Daycare Center, Wabi Sabi, Epic Wine & Spirits, A Pizza Pie, Sunflower Bakery & Cafe, Provisions Uptown, Gigio's Pizza, Foremost Liquors, Marina's Bistro & Rum Bar, CVS Pharmacy, Le Barkery, Good Cuts, Pride Arts Center, Curious Creatures, Broadway Massage, Island Nails & Spa, Princess Cleaners, Sunnyside Health Center, Siam Noodle & Rice, Hunan Egg Roll King, A Step Ahead Learning Center, Caring Hands Inc, Broadway Montrose Currency Exchange, Green Star, Ragadan, Tattoo Factory, Metro by T-Mobile, 8505 Salon, Just Pawn, Nigerian Kitchen, Kimchi Pop, Taqueria Diamante, Breakers Pantry, Iyanzé, Sky's Beverage Depot, Fine Food Mart, Spoil Me Hair Salon and Spa, Stan's Donuts & Coffee, Fat Miilk Uptown, Kie-Gol-Lanee, Tiệm Tạp Hóa Việt Hoa, Circle K, CFSC Currency Exchange, Elim Wigs & Hair, Birrieria Zaragoza, Lincoln Park - Grove 17, Lincoln Park - Grove 16, From Many Paths We Come, Nabala Cafe, Peace and Justice, Go Grocer, Firebird Grill, Miniso, Mr. Salsa, New York Food Mart & Deli, Baton Show Lounge, Placere Mio, Lao Sze Chuan, Silver Seafood, Carmela's Taqueria, The Mukase, Edgewater Mélange, Argyle-O-Rama, Cornucopia, YooYee, MoneyGram, Argyle Night Market, B&Q Afro Roots, Queen Yemeni Coffee, The Breakers at Edgewater Beach, McCutcheon Elementary School, Truman College, Disney Magnet Elementary School, Byline Bank Aragon Ballroom, Aldi, Bike Rentals, Saint Augustine College, Uptown Post Office, Saint John Holy Apostolic Assyrian Church, Lakeview Church of Christ, Joseph Brennemann Elementary School, Bezazian Branch Library, Chicago Fire Department Engine Company 83, National Car Wash, Uptown Baptist Church, Chicago Women's Health Center, Buddhist Temple of Chicago, 7-Eleven, Saint Mary of the Lake Roman Catholic Church, Clarendon Park Community Center, BMO, McDonald's, Golden House Restaurant, Riviera Theatre, Bank of America, The Salvation Army, Just Tires, National Car Wash, Aragon Arms Hotel, Northmere Hotel, The Carlton, BP Shop, Haymarket House, Alden Lakeland, Ross, Preston Bradley Center, Saint Thomas of Canterbury Roman Catholic Church, Uptown Branch Library, BP Shop, Safeguard Self Storage, International Bank of Chicago, McDonald's, Dunkin', Burlington, The SelfHelp Home, BP, Bike Rentals, Park Bait Shop, Saint Mary of the Lake School, Louis A. Weiss Memorial Hospital, Mariano's Fresh Market, Courtenay Language Arts Center, Goudy Elementary School, Chicago Lakeshore Hospital, PetSmart, Sonic, CVS Pharmacy, Uplift Community High School, Montrose Harbor, Stephens Commons, BP, Uptown Cafe & Gallery, Boys & Girls Club"
872664d8affffff,168,46,"school, school, place_of_worship, place_of_worship, language_school, school, school, social_facility, restaurant, restaurant, general, restaurant, fast_food, fast_food, atm, bicycle_rental, bicycle_rental, atm, restaurant, bar, kindergarten, guest_house, bar, fast_food, coffee, cafe, cafe, bar, cafe, cafe, cafe, cafe, bakery, bakery, cafe, restaurant, garden_centre, pharmacy, bicycle_rental, bicycle_rental, bicycle_rental, bicycle_rental, bicycle_rental, restaurant, restaurant, restaurant, fast_food, convenience, variety_store, mobile_phone, fast_food, car_wash, restaurant, information, information, bicycle, tattoo, bicycle, bicycle_rental, bicycle_rental, bicycle_rental, bicycle_rental, bicycle_rental, bicycle_rental, bicycle_rental, fast_food, restaurant, ice_cream, fast_food, school, school, fast_food, restaurant, motorcycle, fast_food, cafe, childcare, convenience, post_office, cafe, grave_yard, motel, university, fuel, pharmacy, hairdresser, bank, place_of_worship, doctors, florist, bank, place_of_worship, place_of_worship, library, library, fast_food, fast_food, bar, fast_food, bakery, convenience, place_of_worship, community_centre, fuel, place_of_worship, car_repair, convenience, fuel, convenience, place_of_worship, restaurant, ice_cream, motel, car_wash, school, school, school, chemist, school, convenience, library, fire_station, convenience, fuel, place_of_worship, place_of_worship, place_of_worship, place_of_worship, place_of_worship, place_of_worship, place_of_worship, place_of_worship, fast_food, fast_food, car_repair, fast_food, convenience, motel, supermarket, fuel, motel, coffee, motel, convenience, convenience, motel, car_repair, social_facility, restaurant, place_of_worship, funeral_directors, place_of_worship, fuel, police, school, school, school, place_of_worship, social_facility, fuel, school, place_of_worship, hospital, school, school, fast_food, bus_station, convenience","Bais Yaakov School, Camelot School, Korean Sae-Ihl Church of Jehovah, Korean Evangelical Covenant Church of Chicago, Peiraikon Hellenic School, North Park Elementary School, 7th Day Adventist North Shore School, Lawrence Hall, San Soo Gab San, Tre Kronor, The Sweden Shop, Hilltop, Dunkin', Potbelly, St. Louis Ave & Balmoral Ave, Kedzie Ave & Bryn Mawr Ave, Bryn Mawr Breakfast Club, Lincoln Karaoke, Creative Kidz Learning Center, Atlantic Bar & Grill, Au Bon Pain, Baba’s Coffee, Cafe Utjeha, Bel-Ami, Claddagh Ring, Cafe ZoZo, Royal Cafe, The Priory Bar & Kitchen, Java & Mug Cafe, Mariegold Bakery and Fast, Mekato’s Colombian Bakery, Outdoor Cafe, Dancen, City Grange, Walgreens, Budlong Woods Library, Kedzie Ave & Foster Ave, Lincoln Ave & Winona St, Washtenaw Ave & Lawrence Ave, Francisco Ave & Foster Ave, Sheeba Mandi House, Ban Po Jung, Jibek Jolu, Chipotle, Mart of 60645, Dollar Tree, AT&T, Subway, Snappy's Car Wash, Midori, Your Community Bike Shop, Fudo Tattoo, Cog Cycles, North Shore Channel Trail & Argyle St, California Ave & Winona St, Lincoln Ave & Peterson Ave, Richmond Ave & Lincoln Ave, Francisco Ave & Hollywood Ave, Virginia Ave & Catalpa Ave, Ardmore Ave & Western Ave, Domino's, Primo Chukis Uptown #2, Baskin-Robbins, Dunkin', Edison Regional Gifted Center, Albany Park Multicultural Elementary, Tacos los Primos, Han Bat Restaurant, Second City Scooters, Krispy Krunchy Chicken, Café Más, Stepping Stones, Food & Liquor Express, DHL Express Service Point Chicago, Shibam Coffee, Rosehill Mausoleum, Guest House Motel, North Park University, BP, Walgreens, Supercuts, Bank of America, Congregation Beth Shalom Ahavas Achim, Resurrection Health Care Medical Office Building, Blooming City Flowers, Huntington Bank, Northwest Baptist Church, Korean Evangelical Covenant Church, Albany Park Branch Library, Brandel Library, Charcoal Delights, McDonald's, Big Hill Bar & Grill, Subway, BBC Bakery, Shell, Holy Nation Presbyterian Church, Albany Park Community Center, Shell, North Park Covenant Church, Chicago Car Care, BP Shop, BP, 7-Eleven, Islamic Center of Chicago, IHOP, Rita's Italian Ice, Rodeway Inn, Shell, Hibbard Elementary School, Peterson Elementary School, Northside College Preparatory High School, Walgreens, Mather High School, Mobil Mart, Budlong Woods Library Branch, Chicago Fire Department Engine Company 110, Firehouse Pantry, Shell, Saint Philip Evangelical Lutheran Church, Bowmanville Baptist Church, Masjid Darul-Qur'an, Saint Ephrems Roman Catholic Church, Chicago Korean Presbyterian Church, Mikro Kodesh Anshe Tiktin Congregation, Immanuel Evangelical Covenant Church, Mount Calvary Lutheran Church, Chipotle, Shelly's Tasty Freeze, Car-X, Quick Bite, 7-Eleven, Diplomat Motel, Tony's Fresh Market, Mobil, Summit Motel, Bel-Ami, Apache Motel, 7-Eleven, Marathon, O-Mi Motel, Hollywood Services, Inc., Japanese American Service Committee, Afghan Bamyan Kabob, Holy Nativity Romanian Orthodox Church, Drake & Son Funeral Home, Saint Hilary Roman Catholic Church, Marathon, Chicago Police Department 20th District, Saint Hilary School, Jamieson Elementary School, Saint Philip School, North Shore 7th Day Adventist Church, Trellus, Mobil, Budlong Elementary School, Saint Demetrios Greek Orthodox Church, Swedish Covenant Hospital, Von Steuben Metropolitan High School, Culver's, Western & Berwyn Terminal, BP Shop"
872664d8bffffff,468,93,"cafe, restaurant, cafe, school, place_of_worship, dojo, place_of_worship, place_of_worship, restaurant, fast_food, houseware, restaurant, restaurant, cafe, convenience, pub, restaurant, fast_food, fast_food, restaurant, dentist, restaurant, restaurant, restaurant, restaurant, bar, restaurant, restaurant, restaurant, chemist, post_office, restaurant, pub, cafe, pharmacy, alcohol, restaurant, restaurant, childcare, alcohol, restaurant, car_sharing, bank, dentist, atm, car_sharing, pub, restaurant, bar, car_rental, gift, bicycle, restaurant, bicycle_rental, bicycle_rental, bicycle_rental, bicycle_rental, bicycle_rental, bicycle_rental, bicycle_rental, bicycle_rental, bicycle_rental, bicycle_rental, bicycle_rental, shoes, restaurant, restaurant, cafe, spices, jewelry, toys, supermarket, restaurant, fast_food, fast_food, restaurant, second_hand, restaurant, language_school, alcohol, mobile_phone, mobile_phone, bar, bar, cosmetics, restaurant, bar, bar, bicycle_rental, cafe, artwork, artwork, confectionery, bakery, bar, restaurant, pet, bar, alcohol, restaurant, restaurant, cafe, cafe, bakery, cafe, restaurant, restaurant, cafe, cafe, restaurant, bakery, bakery, cafe, bar, bar, restaurant, cafe, bar, cafe, cafe, restaurant, cafe, cafe, restaurant, restaurant, bar, restaurant, restaurant, restaurant, bar, restaurant, restaurant, cafe, restaurant, bar, bakery, bakery, bar, ice_cream, bar, restaurant, restaurant, bar, bakery, bar, bar, cafe, cafe, restaurant, bar, clinic, restaurant, bicycle_rental, bicycle_rental, bicycle_rental, bicycle_rental, restaurant, fast_food, ice_cream, fast_food, convenience, ice_cream, fast_food, cafe, fast_food, restaurant, restaurant, marketplace, music, dry_cleaning, restaurant, restaurant, fast_food, clothes, alcohol, restaurant, restaurant, fast_food, brewing_supplies, restaurant, alcohol, hairdresser, restaurant, restaurant, car_repair, car_repair, clinic, restaurant, restaurant, restaurant, atm, fast_food, cafe, bakery, mobile_phone, university, alcohol, atm, mobile_phone, hobby, tobacco, restaurant, beauty, hairdresser, supermarket, restaurant, bar, restaurant, bakery, cafe, repair, bar, restaurant, pharmacy, doctors, atm, furniture;appliance, beauty, bar, bank, restaurant, theatre, doctors, restaurant, bar, wine, hairdresser, restaurant, restaurant, bicycle_rental, pub, coffee, dojo, restaurant, toys, artwork, fast_food, books, fast_food, restaurant, art, ice_cream, restaurant, restaurant, clothes, restaurant, art, restaurant, restaurant, restaurant, haberdashery, clothes, bar, atm, restaurant, prep_school, restaurant, tattoo, hairdresser, bar, ice_cream, clothes, toys, dry_cleaning, bar, restaurant, car_repair, dry_cleaning, beauty, dentist, convenience, furniture, mobile_phone, art, jewelry, beauty, hairdresser, restaurant, beauty, restaurant, hairdresser, florist, information, information, beauty, restaurant, beauty, museum, pharmacy, restaurant, arts_centre, ice_cream, second_hand, houseware, tailor, information, information, hairdresser, restaurant, books, deli, beauty, dentist, restaurant, beauty, hairdresser, cafe, restaurant, fast_food, jewelry, atm, convenience, tattoo, mobile_phone, cafe, hairdresser, restaurant, bed, dentist, ice_cream, convenience, dentist, bakery, cafe, fast_food, food_sharing, laundry, restaurant, outdoor, shoes, cafe, artwork, restaurant, restaurant, clothes, beauty, tobacco, funeral_directors, veterinary, clinic, hairdresser, doctors, music_school, pastry, veterinary, restaurant, pet_grooming, ice_cream, restaurant, dry_cleaning, hairdresser, collector, gift, clothes, hairdresser, doctors, health_food, pet_grooming, confectionery, music_school, hairdresser, bar, gift, music_school, coffee, pub, restaurant, pastry, restaurant, social_facility, school, school, library, bank, chemist, arts_centre, restaurant, supermarket, school, school, clinic, place_of_worship, community_centre, studio, supermarket, florist, bank, place_of_worship, fast_food, place_of_worship, restaurant, convenience, fuel, bank, community_centre, veterinary, music_school, cinema, convenience, car_parts, variety_store, community_centre, car_repair, fast_food, mobile_phone, supermarket, music_school, place_of_worship, post_office, hospital, school, childcare, school, car_repair, bank, bank, doityourself, bank, bar, hairdresser, place_of_worship, post_office, school, place_of_worship, car_repair, place_of_worship, place_of_worship, place_of_worship, place_of_worship, place_of_worship, place_of_worship, storage_rental, theatre, place_of_worship, place_of_worship, social_facility, convenience, chemist, hardware, fast_food, fast_food, restaurant, convenience, community_centre, fast_food, restaurant, stationery, place_of_worship, place_of_worship, bank, convenience, place_of_worship, place_of_worship, hotel, school, school, bank, car_repair, fuel, fuel, bus_station, artwork, artwork, fuel, school, fast_food, school, school","Starbucks, La Amistad, Starbucks, Pilgrim Lutheran School, Nichiren Buddhist Temple, Aikido Center Midwest, Korean Presbyterian Church of Chicago, Pilgrim Lutheran Church, Bayan Ko Diner, Budacki's, Hazel, Chicago's Pizza, The Bad Apple, Starbucks, Best Buy Food & Liquor, Hop Butcher For The World, The Wild Goose Bar & Grill, Subway, Subway, Marmalade, Lincoln Square Orthodontics, Il Milanese, Pizza Art Cafe, Daily Bar and Grill, Essence of India, Gannon’s Pub, Willow Cafe and Bistro, Gideon Welles, Bloop Bloop, Walgreens, Finance Station T - Post Office, Bayan Ko, Platform 47, The Perfect Cup, CVS Pharmacy, Rayan's Discount Liquor, Urban Vegan, Munno Pizzeria & Bistro, LFC*daycare, Rayan's Liquors, Fin, Fifth Third Bank, Freshworks Dental Studio, Farm Bar, Aroy Thai, O'Shaughnessy's, SP Parking, Lillstreet Gallery & Artisan Gift Shop, Turin Bicycle, Alexander’s Restaurant, Clark St & Leland Ave, Clark St & Montrose Ave, Damen Ave & Leland Ave, Damen Ave & Sunnyside Ave, Lincoln Ave & Belle Plaine Ave, Leavitt St & Lawrence Ave, Paulina St & Montrose Ave, Ravenswood Ave & Berteau Ave, Ravenswood Ave & Irving Park Rd, Western Ave & Leland Ave, Ravenswood Ave & Lawrence Ave, Fleet Feet, Artango, City Skyline Chicago, Savory Spice Shop, Stanley Brown Jewelist, Timeless Toys, Mariano's Fresh Market, Garcia's, Market Square, Potbelly, Ravenswood Breakfast House, Village Discount Outlet, Garcia's Restaurant, German International School Chicago, Bottles and Cans, AT&T, T-Mobile, The Victor Bar, Carol's Pub, Merz Apothecary, Luella's Southern Kitchen, Resi’s Bierstube Restaurant, The Globe Pub, Rockwell St & Eastwood Ave, Albert’s Place Turkish Cafe, Amy’s Candy Bar, Miller Bagel, Begyle Brewing, BienMeSabe, Ruff Haus Pets, Brownstone Tavern & Grill, Cardinal Wine & Spirit, Chayhana, Chicago Grilled Cheese & Mac Factory, Coffee Joint, Coffee Slasticarna Drina, Cookie Spin, Dorothy’s Can Do Cafe, El Llano Restaurant - Northcenter, Atelier Restaurant, First Slice, Geraldine’s, Hellas Pastry Shop, Hilary’s Cookies, Savanna Restaurant, Savemore Liquors, The Ravenswood Tavern, Spacca Napoli, Spoken Cafe, Spyners Pub, Pide Ve Lahmacun, Red Eyes Coffee, Ridman’s Coffee, Ritual Coffeehouse, Sweet Pepper Venezuelan Food Bar, The Warbler, Tiztal Cafe, Tuscan Hen Market, Isla Pilipina, Wolcott Tap, XOchimilco Mexican Restaurant, Amano Bistro, La Boulangerie & Co, Atelier Resturaunt, Loafers, Lutz Cafe & Pastry Shop, M & A Bakery, Maderos Latin Grill & Bar, Margie’s Candies, Max’s Place, Monti’s, Mrs. Murphy & Sons Irish Bistro, My Buddy’s, Nhu Lan Saigon Subs, O’Donovan’s, Oakwood 83, Olympic Club, Oromo Cafe, Nob’s Wine Bar, Lincoln Sqaure Medical Center, Taqueria El Asadero, Campbell Ave & Montrose Ave, Lincoln Ave & Sunnyside Ave, Oakley Ave & Irving Park Rd, Wolcott (Ravenswood) Ave & Montrose Ave, Menya Goku, Dunkin', Baskin-Robbins, Subway, 7-Eleven, Baskin-Robbins, Dunkin', Pick Me Up Cafe, Sarpino's Pizzeria, Crushed Pizzeria, Disco Taco, Lincoln Square Farmers Market, Laurie's Planet of Sound, Forest Cleaners, Dimo's Cafe, Rolls N Bowls, Culver's, Hazel Apparel, Fountainhead Market, Taqueria 5 de Mayo, Moonbowls, Slim's Chicago, Gnome Brew, Jimmy's  Pizza Cafe, Winnemac Liquor Store, Barbershop, Kraken Sushi, Mi Fogata, Alba Auto Service, Al-Medina Auto Repair and Body Shop, NorthShore Immediate Care, Himmel's, Miku Sushi, Capriccio, Fifth Third Bank, Jersey Mike's Subs, Sweet Moon, R&A Bread Bakers, AT&T, Advantage Academy of DeVry University, Bank of America, Cricket Wireless, Magic Inc., Smoke Square, Cho Sun Ok Restaurant, GET NAIL'D Nails & Spa, Shear Image, L&M Fine Foods, Royal Thai, Cobblestone, Pasta Bowl, Au Levain, Elderberries Threefold Café, Chicago Fret Works Guitar and Amp Repair, The Rambler Kitchen & Tap, Pupuseria El Centroamericano, CVS Pharmacy, MinuteClinic, Bank of America, Cole's Appliance & Furniture, Ruby Nails in Chicago, Black Eagle Club, Wintrust Bank, Early Morning Delight, Bughouse Theater, Chicago Pediatric Clinic, Armand's Pizzeria, Ricochet's, Augusta Food and Wine, Great Clips, Cluck'N Wings, Falafel & Grill, Western Ave & Gunnison St, Cultivate by Forbidden Root, Dollop Coffee Co., Taoist Tai Chi Society, Jerry's Sandwiches, Cloud & Bunny, The Chicago Lincoln, Little Caesars, Ravenswood Used Books, Krasy Taco Stop, Caro Mio, Midwest Nice, Vaca's Creamery, Artango Bar & Steakhouse, Pita Express, Monitor Formalwear, Falcon's Handcrafted Sandwiches, iCraft, C'est Bien Thai, Boonie's, Basant, Soutache, Production Mode, Martyrs', Pastores, Mathnasium, Orange Garden, Dwelling Tattoo, Fox Hair, Raizes Mexican Cocktail Bar, Xurro, Kidz Max, Kangaroo Kids, Ann Cleaners, Apero Wine Bar, Irene's, AUTOHaus, Nuri's Cleaners & Tailor, Holy Nails, Dental Clinic, Lucky Mini Mart, SeatingHub, Cell Phone Repair, Larry Roberts Chicago, Tytin, The Parlor Beauty Lounge, Fringe & Flora, Alfarsi, Perfect Brows Threading, Tortorice's Pizza, The Bevy Salon, Blooms, Lena Rose Beauty, Anna's Thai Kitchen Restaurant, Lena Rose Beauty, The Haitian American Museum of Chicago, Walgreens, Kanlaya, Bunny Ears Art House, Sideshow Gelato, Mission Possible, Northside Cutlery, Garcia's Tailor Shop and Alterations, The Attractivators, Laschet's Inn, The Book Cellar, Gene's Sausage Shop & Delicatessen, TT Nails, Allure Dental, Indian Clay Pot, Yeimi's Beauty Salon Inc, Hair Apothecary, I-Cafe, Ekiben, Captain Shrimp, A-1 Jewelry & Coin, Houston Liquor and Food Inc, Indelible Tattoo, Delta Mobile, Colective Coffee, Armand Salon Suites, Lindo Guadalajara, American Mattress, Bartleby's Ice Cream, Piccadilly Market, Affinity Dental, Del Sur Bakery, Hello Jasmine, Small Cheval, Foremost Cleaners, Bistro Campagne, Gearhead Outfitters, Fleet Feet, Beans & Bagels, Sunflowers, Pollo Express, North Center Prime, Embellish, Pick Your Color, Tobacco Express of Chicago, GREIN Funeral Directors, VSx Veterinary Surgery, Donohoe Pediatrics, Revere Hair Studio, Family Doctor Medical Center, LYRIQ Music School, Mochi Donut, Precious Bond Animal Hospital, Poke Burrito, Lovely Pets Chicago, Teddy's Ice Cream, Plenty, Montrose Cleaners, Ankedo's Style Hair Salon, Elite Sports Cards & Comics, Bad Luck Club, Traipse, Hairapy, Nava Segall MD Pediatrics, Cloud 9, Zulu, Dizzy Cow, Voice (R)evolution, R Barber Shoppe & Salon, Carola's Hansa Clipper, Celtica Gifts, ACM School of Music, Bad Coffee, Silvie's, Union Dumpling House, Nothing Bundt Cakes, CoCo Vietnamese Sandwiches & Pho, Bethany Retirement Community, Waters Elementary School, Coonley Elementary School, Sulzer Regional Library, Fifth Third Bank, CVS Pharmacy, Lillstreet Art Center, Lou Malnati's Pizzeria, HarvesTime Foods, Ravenswood Elementary School, McPherson Elementary School, Advocate Medical Group Primary Care, Saint Benedict Catholic Church, Delmark Records, Aldi, Floral Supplies, Wintrust Bank Ravenswood, Saint Matthias Catholic Church, Burger King, Luther Memorial Church of Chicago, Cobblestone Restaurant, Stop & Snack at Chicago, Shell, Albank, Queen of Angels Guild Hall, Lincoln Square Animal Hospital, Old Town School of Folk Music, Davis Theater, 7-Eleven, AutoZone, Dollar Tree, DANK Haus, Lincoln Square Service, McDonald's, T-Mobile, Jewel-Osco, Old Town School of Folk Music East Building, Queen of Angels Roman Catholic Church, Ravenswood Post Office, Kindred Hospital Chicago (North Campus), Saint Matthias School, Montessori Gifted Prep, Queen of Angels School, Auto Service, WinTrust Bank, Wintrust Bank, Lakeview Ace Hardware, Fifth Third Bank, Brownstone, Fernwood, Lakeview Congregation of Jehovahs Witnesses, The UPS Store, North Park Elementary School, All Saints Episcopal Church, Auto Repair, Chicago Chinese Baptist Church, Philadelphia Romanian Church of God, Seventh Day Adventist Church - Spanish North, Christian Community Church, Bethany United Church of Christ, Chùa Quang Minh, Public Storage, Black Ensemble Theater, Ravenswood Baptist Church, Ravenswood United Methodist Church, Northeast (Levy) Senior Center, Shell, Walgreens, Crafty Beaver, Byron's Hot Dogs, Dunkin', Golden Nugget Pancake House, Mobil Mart, Levy Senior Center, Wendy's, Borelli's Pizza, Staples, Our Lady of Lourdes Roman Catholic Church, Chicago Northside Church of the Nazarene, Chase, 7-Eleven, Ravenswood Evangelical Covenant Church, Ravenswood United Church of Christ, The Guesthouse Hotel, Amundsen High School, PNC Bank, Montrose Shell Service Center, Mobil, Shell, Western Brown Line Station, Lincoln Square Gateway, Lincoln Square Gateway, Mobil, Lycée Francais, LFC Cafeteria and Handcut foods, La salle d'SNT, Chappell Elementary School"
872664d8cffffff,339,75,"school, place_of_worship, theatre, bar, bar, cafe, cafe, supermarket, car_wash, restaurant, fast_food, bar, restaurant, restaurant, convenience, fast_food, bank, charity, car_repair, pet, pet, convenience, theatre, supermarket, ice_cream, gift, variety_store, laundry, bicycle_rental, fast_food, fast_food, mobile_phone, fast_food, chemist, convenience, bank, convenience, travel_agency, bakery, restaurant, cinema, bar, books, school, animal_boarding, convenience, alcohol, beauty, cafe, cafe, restaurant, bakery, bakery, bar, restaurant, cafe, cafe, restaurant, paint, pastry, bar, bar, cafe, restaurant, bar, bar, cafe, bar, bar, coffee, cafe, bakery, bakery, restaurant, restaurant, restaurant, restaurant, restaurant, restaurant, restaurant, restaurant, restaurant, restaurant, restaurant, restaurant, restaurant, restaurant, restaurant, restaurant, bicycle_rental, restaurant, bicycle_rental, bicycle_rental, bicycle_rental, bicycle_rental, bicycle_rental, bicycle_rental, pharmacy, bicycle_rental, bank, fast_food, fast_food, department_store, convenience, artwork, bank, restaurant, fast_food, fast_food, bank, ice_cream, artwork, artwork, artwork, artwork, cafe, artwork, information, information, artwork, artwork, artwork, information, artwork, social_centre, social_centre, restaurant, mobile_phone, mobile_phone, mobile_phone, mobile_phone, antiques, convenience, dentist, laundry;dry_cleaning, bar, erotic, bar, bar, hairdresser, fast_food, nightclub, fast_food, ice_cream, pawnbroker, bicycle, pawnbroker, restaurant, restaurant, furniture, library, post_office, mobile_phone, cafe, convenience, fast_food, restaurant, fast_food, alcohol, arts_centre, tattoo, esoteric, convenience, e-cigarette, money_transfer, freeshop, veterinary, fast_food, fast_food, supermarket, florist, restaurant, restaurant, clothes, restaurant, place_of_worship, dentist, grocery, restaurant, convenience, community_centre, cannabis, cafe, restaurant, car_rental, restaurant, restaurant, beauty, convenience, hairdresser, laundry, fast_food, car_repair, alcohol, antiques, books, craft, antiques, bar, dry_cleaning, bar, dry_cleaning, convenience, atm, dry_cleaning, tattoo, fast_food, fast_food, cafe, laundry, erotic, artwork, artwork, artwork, artwork, artwork, artwork, artwork, artwork, artwork, artwork, artwork, artwork, artwork, artwork, artwork, artwork, artwork, artwork, artwork, artwork, artwork, artwork, artwork, artwork, artwork, artwork, artwork, artwork, artwork, artwork, artwork, artwork, artwork, tattoo, ice_cream, variety_store, post_office, mobile_phone, dentist, veterinary, university, restaurant, beauty, pharmacy, school, school, school, antiques, school, hardware, events_venue, social_centre, social_centre, social_centre, place_of_worship, convenience, supermarket, fuel, place_of_worship, fuel, fast_food, bicycle, convenience, restaurant, place_of_worship, fast_food, convenience, museum, social_centre, social_centre, clinic, storage_rental, place_of_worship, mobile_phone, fast_food, restaurant, fast_food, post_office, fuel, police, place_of_worship, restaurant, social_facility, place_of_worship, place_of_worship, school, place_of_worship, furniture, restaurant, theatre, place_of_worship, place_of_worship, supermarket, fuel, social_facility, place_of_worship, motel, bar, library, fast_food, place_of_worship, school, school, school, library, clinic, pharmacy, fast_food, place_of_worship, fast_food, fast_food, place_of_worship, fast_food, library, school, school, cafe, hotel, storage_rental, hotel, bicycle_rental, fuel, bus_station, fast_food, fast_food, restaurant, police, convenience","Lawrence Hall School for Boys, Living Water Community Church, Saint Ignatius Auditorium, Brunos Lounge, Rogers Park Social, Common Cup, Metropolis Coffee, Morse Fresh Market, Ann Sather, Subway, Granville Anvil, Falafel Kebab, Pete's Pizza, Jimmy John's, Currency Exchange, Resale - Second Hand etc, Bark Place, Grooming by Galdy, Sonny's Food Store, Rhapsody Theater, Aldi, La Michoacana, Rogers Park Provisions, Family Dollar, Bubble City, Sheridan Rd & Greenleaf Ave, Potbelly, Chipotle, T-Mobile, Taco Bell, CVS Pharmacy, 7-Eleven, Chase, 7-Eleven, Pleasant Travel, Smack Dab Bakery, Taqueria El Chorrito, The New 400 Movie Theaters, Oasis, The Armadillo's Pillow Bookstore, Chicago Waldorf School - Buttercup Room, Rogers Bark Pet Salon, La Unica Food Mart, Rogers Park Fine Wine and Spirits, Starbucks, Charmers Cafe, Cafe Nova, Co-Op Sauce, Crumb, Cunneen’s, Dak, Rivers & Roads, Gordo’s, Sauce And Bread Kitchen, Insomnia Cookies, Silvana Bar, Sovereign Liquors, Royal Coffee, Taste of Peru, Ireland’s Pub, Gracie O'Malleys, XO Marshmallow, Le Piano, Lighthouse Tavern, Kyoto coffee, Nibbles and Nosh, Panaderia Ayutla, Panaderia Evita, Tamales Lo Mejor De Guerrero, El Sabor Pobloano, La Choza Mexican Grill, Birriería Y Carnitas El Gallito, bopNgrill, Rice Thai Cafe, Twisted Tapas, Great Wall, El Pulpo Loco Restaurant, Roger's Wing, Denden Restaurant, Kimchi Pop, South Of The Border Restaurant & Bar, El Famous Burrito, Asahi Roll, Rocky's Tacos, Glenwood Ave & Morse Ave, Krishna Lunch, Clark St & Lunt Ave, Clark St & Schreiber Ave, Sheridan Rd & Columbia Ave, Clark St & Columbia Ave, Greenview Ave & Jarvis Ave, Glenwood Ave & Touhy Ave, Walgreens, Broadway & Granville Ave, Byline Bank, Dunkin', Subway, Target, Jacks Mini Mart, Jetty, BMO, Blaze Pizza, Raising Cane's, Subway, Bank of America, Paleteria Las Delicias de Michoacán, Lunar Disc I, Los Lobos de Loyola, Chinese Armillary, Connections Café, Arnold J. Damen, S.J., Wounded Angel, Tau Kappa Epsilon, Sigma Chi, Los Portales, Metro by T-Mobile, Boost Mobile, Boost Mobile, Cricket Wireless, Andy’s Art, Antiques & Oddities, Marathon, Devon Dental, Discount Laundry, Touche, Leather 64ten, Dino's Bar, Whiskey Girl Tavern, Ebenezer Family Beauty Salon, Chi Tea, Jackhammer, Tropical Smoothie Cafe, Baskin-Robbins, Cash America Pawn, Robert's Cycle, Cash America Pawn, Jet's Pizza, Nueva Italy Pizzeria, Marjen Furniture of Chicago, Gerber/Hart Library and Archives, The UPS Store, Verizon, Gong Cha, Citgo, Burger Bite, Asian Station, Morse Gyros, Morse Liquor, PO Box Collective, Weird Girl Ink, Malliway Bros., Food Mart, Vape & Dope, Morse Currency Exchange, Rogers Park Free Store, VCA Animal Hospital, Wingstop, Little Caesars, Wild Onion Market, Rogers Park Florist, Taqueria El Dorado, All For Kids, Urban Tables, Solid Foundation Ministry, Casa Roman Food & Liquors, Honeybear Cafe, Shell, Chicago Industrial Arts and Design Center, Perception Cannabis, Taichi Bubble Tea, Khmai Restaurant, U-Haul, YATAI Asian Street Food, Eggs With Benefits, Princess Nails, 2P's Smoke Shop, Hair Salon, Econo Coin Laundry, Vicky's Cafe, Clark Tire Service, Lian's Liquors & Grocery, Las Manos, Heirloom Used Books, Harmony Art Glass Company, Brownstone Antiques, Memories, Dry Cleaner, Randall's Pub, Eve's Cleaners, SKM Convenience, Bank of America, Loyola Dry Cleaners, Theta Tattoo, Auntie Anne's, Auntie Anne's, TBaar - Chicago, Bubble Express, Red Vault, Coloribbean Mural, Mile of Murals, Mile of Murals, Mile of Murals, Mile of Murals, Mile of Murals, Mile of Murals, Mile of Murals, Mile of Murals, Mile of Murals, Mile of Murals, Mile of Murals, Mile of Murals, Mile of Murals, Mile of Murals, Mile of Murals, Mile of Murals, Mile of Murals, Pride Flag, Mile of Murals, Mile of Murals, Granville Avenue Buildings, Towards the nature of light, A Neighborhood Piazza, Lucky Devil Tattoo and Piercings, La Michoacana, Dollar Value Plus, Order Express, Total by Verizon, Dental 360, Broadway Animal Hospital, Loyola University Chicago, Flaco's Tacos, U N Joy, Walgreens, Hayt Elementary School, Northside Catholic Academy, Broadway Antique Market, Chicago Waldorf School, Clark-Devon Hardware, Firehouse Chicago, Tau Kappa Epsilon, Beta Theta Pi, Sigma Chi, Granville Avenue United Methodist Church, 7-Eleven, Devon Market, Citgo, Al-Madinah Islamic Center, BP, Dunkin', Gary's Cycle Shop, Shell, Cozy Corner, Eritrean Orthodox Tewahdo Church of Saint Mary, McDonald's, Erika Food Mart, Leather Archives and Museum, Delta Sigma Phi - Epsilon Kappa, Delta Sigma Phi, Howard Brown Health Clark, Extra Space Storage, Saint Ignatius Roman Catholic Church, Metro by T-Mobile, Domino's, Sebastian’s Coffee and Bakery, McDonald's, Rogers Park Post Office, Shell, Chicago Police Department 24th District, Kingdom Hall of Jehovah's Witnesses, J.B. Alberto's, Farwell House, Rogers Park Presbyterian Church, Saint Jerome Roman Catholic Church, St. Jerome School, International Krishna Consciousness, J. Miller Handcrafted Furniture, Giordano's Pizzeria, Lifeline Theatre, United Church of Rogers Park, Saint Paul's Church by the Lake, Supermercado Chapala, Shell, Aperion Care Lakeshore, Apostolic Catholic Assyrian Church, Super 8 by Wyndham Chicago, Jarvis Square Tavern, Rogers Park Branch Library, Dunkin', Saint Gertrude's Roman Catholic Church, Sullivan High School, Kilmer Elementary School, Field Elementary School, Cudahy Library, Physicians Immediate Care, CVS Pharmacy, McDonald's, Ismaili Center, Dunkin', Popeyes, Madonna Della Strada Chapel, Blue Jay Cafe, Information Commons, New Field Elementary School, Sacred Heart Schools, Starbucks, The Flats at Loyola Station, Extra Space Storage, Hampton Inn Chicago North-Loyola Station, Sheridan Rd & Loyola Ave, Marathon, Clark & Arthur Terminal, Dunkin', Dunkin', Gino's North, Lyola Campus Police, INS Market"
872664d8dffffff,12,7,"information, place_of_worship, bar, convenience, artwork, place_of_worship, place_of_worship, place_of_worship, cafe, place_of_worship, bar, bicycle_rental","Franciscan Friars, La Pharmacie, Hollywood Deli, Come to Light, Church of the Atonement, Edgewater Presbyterian Church, Emanuel Congregation, The Waterfront Cafe, Saint Andrew's Greek Orthodox Church, Aura by Uvae, Lakefront Trail & Bryn Mawr Ave"
872664d8effffff,188,44,"college, place_of_worship, restaurant, place_of_worship, school, artwork, bakery, artwork, artwork, viewpoint, viewpoint, viewpoint, restaurant, bar, supermarket, restaurant, restaurant, restaurant, restaurant, car_repair, place_of_worship, restaurant, carpet, restaurant, restaurant, bakery, restaurant, restaurant, restaurant, restaurant, supermarket, bar, bakery, restaurant, bar, mobile_phone, bakery, bakery, bakery, bakery, bakery, bicycle_rental, bicycle_rental, bicycle_rental, bicycle_rental, bicycle_rental, cafe, fast_food, pet, variety_store, fast_food, convenience, clothes, beauty, restaurant, convenience, laundry, seafood, fast_food, hairdresser, convenience, pawnbroker, fast_food, supermarket, car_repair, convenience, mobile_phone, money_transfer, ice_cream, bank, bicycle_rental, electronics, restaurant, optician, jewelry, fast_food, car_wash, laundry, school, bicycle_rental, ice_cream, bicycle_rental, bicycle_rental, artwork, jewelry, mobile_phone, hairdresser, jewelry, car, restaurant, fast_food, laundry, mobile_phone, mobile_phone, place_of_worship, car, library, place_of_worship, community_centre, supermarket, school, place_of_worship, place_of_worship, place_of_worship, school, place_of_worship, place_of_worship, place_of_worship, variety_store, greengrocer, fuel, social_facility, school, school, school, car, school, car, fire_station, convenience, fuel, convenience, charity, restaurant, place_of_worship, bureau_de_change, community_centre, supermarket, fuel, restaurant, bar, travel_agency, restaurant, place_of_worship, supermarket, jewelry, fast_food, bank, fast_food, bank, bakery, music_school, place_of_worship, fuel, convenience, car, place_of_worship, place_of_worship, chemist, social_facility, supermarket, fast_food, bank, place_of_worship, bakery, car_repair, bank, social_facility, place_of_worship, place_of_worship, place_of_worship, place_of_worship, fast_food, car_repair, convenience, place_of_worship, place_of_worship, place_of_worship, bank, social_facility, fast_food, hardware, car_repair, place_of_worship, place_of_worship, place_of_worship, school, school, place_of_worship, fuel, social_facility, laundry, place_of_worship, social_facility, bank, bank, fast_food, social_facility","Brisk Rabbinical College, Saint Timothy's Roman Catholic Church, Ghareeb Nawaz, Brisk, Yeshiva Migdal Torah, Menorah, Tel Aviv Kosher Bakery, Wind Harp, City Hall Keystone, Spinzer, Cary's Lounge, Par-Birdie Foods, Usmania Fine Dining, Usmania Chinese, Daata Darbar, Hema's Kitchen, K-D Auto Service, Or Menorah, Sabri Nihari, Amar Carpets, Annapurna Simply Vegetarian, Sukhadia's Sweets and Snacks, King Sweets, Uru-Swati, Naan on Devon, Khan BBQ, Nepal House, Fresh Farms International Market, Casey’s Corner, Fresh Farms International Market, Gogi, Greenlight Korean Pub & Karaoke, AT&T, Tahoora Sweets & Bakery, Taza Bakery, World Fresh Market, Mughal Bakery, Pak Sweets & Bakery, Western Ave & Lunt Ave, Western Ave & Granville Ave, Warren Park East, Warren Park West, Maplewood Ave & Peterson Ave, Starbucks, Jimmy John's, Petco, Family Dollar, Subway, Al Noor Meat & Grocery, Destiny Studio, Geo Style Salon & Spa, Italian Express, Malik Food Mart, Laundromat, Sundarban's Fish Bazar, Villa Palermo, Baghdad Hair Styles, Satina World Market, Devon Pawn Shop, Lahore Food and Grill, Rahmat Grocery and Zabiha Halal Meat, Benny's Tire Service, Mobil Mart, Cricket Wireless, Western Union, Lickedy Split Custard, State Bank of Texas, Washtenaw Ave & Peterson Ave, Welectronics, Hadramout Restaurant, Chicago Eye Care Center, Yasini Jewelers, The Halal Burger, $5 Classic Car Wash, Spincycle Laundromat, Shaarei Chinuch Day School, California Ave & Granville Ave, Baskin-Robbins, Fairfield Ave & Pratt Blvd, Sacramento Ave & Pratt Blvd, Our Lady of Guadalupe, Joyalukkas, Metro by T-Mobile, A Barber Shop, Kalyan Jewellers, Wheels of Chicago, China Ling, Mambo Wings, TapWash, Total by Verizon, T-Mobile, Deeper Life Bible Church, North City Honda, Northtown Branch Library, B'nei Ruven, Croatian Cultural Center of Chicago, Cermak Fresh Market, Yeshiva Ohr Boruch/The Veitzner Cheder, Congregation KINS of West Rogers Park, Khal Chasidim, Khal Chasidim, Hanna Sacks Bais Yaakov High School, Congregation Beth Itzchok, Congregation Ezras Israel, Lubavitch Mesivta, Dollar Tree, Ted's Fruit Market, Arco, Park Plaza, West Ridge Elementary School, Mosaic School of Fine Arts, Stone Scholastic Academy, Napleton's Northwestern Chrysler, Jeep & Dodge, Dewitt Clinton Elementary School, Auto Sales, Chicago Fire Department Engine Company 71, Shell, Mobil, Acro, The Salvation Army, Hyderabad House, Dar ul Eimaan Islamic Community Center, Trellus, World Fresh Market, Mobil, Arya Bhavan, Black Sheep, Spice of Life Tours, Udupi Palace, Shree Ganesh Temple of Chicago, Patel Brothers, Malabar Gold and Diamonds, NYC Halal Eats, Republic Bank of Chicago, Wolfy's, Citibank, Levinson’s Bakery, Music House, F.R.E.E., Shell, 7-Eleven, Chicago Northside Toyota, Congregation Mishne Ugmoro, Christ Church of Chicago, Walgreens, West Ridge Senior Apartments, Aldi, Dunkin', Hanmi Bank, Jamia Masjid of Chicago, Best Naan, Gerber Collision & Glass, Devon Bank, The ARK, Chicago Community Kollel, Anshe Motele Congregation, University Bible Fellowship, Congregation Poalei Tzedek, KFC, Jiffy Lube, 7-Eleven, Faizan-e-Madinah Mosque, Bethesda Evangelical Lutheran Church, West Ridge United Methodist Church, Chase, Buckingham Pavilion Nursing and Rehabilitation, McDonald's, Chicago Coast True Value Hardware, Meineke, Truc Lam Temple, Bosnian Educational & Cultural Center of America, Rahmat E Alam Foundation, Saint Timothy School, Bethesda School, Saint Henry Catholic Church, Shell, RYZE at the Ridge, Laundry, Agudath Israel of West Rogers Park, Misericordia, Chase, Byline Bank, Wendy's, JCFS Abe and Ida Cooper Center"
872664d93ffffff,2,1,"fast_food, fast_food","Chicken Inn, White Castle"
872664d98ffffff,75,44,"bicycle, fast_food, restaurant, gift, tiles, ice_cream, hairdresser, restaurant, clinic, restaurant, beauty, dry_cleaning, beauty, gift, beauty, car_rental, confectionery, dentist, clothes, supermarket, alcohol, pet, florist, bakery, childcare, restaurant, information, restaurant, bicycle_rental, bicycle_rental, money_transfer, information, place_of_worship, cafe, artwork, bicycle_rental, bank, place_of_worship, kindergarten, place_of_worship, lost_property_office, library, place_of_worship, veterinary, bar, second_hand, doityourself, post_office, childcare, fast_food, clinic, funeral_directors, bank, fast_food, dry_cleaning, supermarket, place_of_worship, school, school, place_of_worship, school, beauty, car_repair, community_centre, beauty, convenience, fuel, bus_station, restaurant, beauty, car_wash, shoe_repair, hairdresser, fuel, car_wash","Edgebrook Cycle, Domino's, King Pho, Local Goods Chicago, Edgebrook Stone & Tile, Chocolate Shoppe Ice Cream, Nano's Hair & Day Spa, Villa Rosa Pizza Kitchen, USA Natural Health Clinic, Chai Asian Bistro, Deluxe Nails, Eden's Cleaners, S&J Nails, Donegal Imports, Paradise Nails and Spa, Chicago Private Car Service, Nuts 'N More, John J. Kelly DDS, Inspired, Whole Foods Market, Bottles and Cans, Pet Wants, A Vintage Bloom, Mona's Sweet Spot, Sunflower Early Learning Academy, El Tejado Mexican Grill, The Elephant, Kostner Ave & Devon Ave, Egebrook Metra Station, Peterson-Cicero Currency Exchange, Sauganash Smiles, Edgebrook Coffee Shop, Edgebrook, Le Mai Ave & Devon Ave, Wintrust Bank, Sauganash Community Church, School For The Young Years, Queen of All Saints Basilica, CTA Forest Glen Garage, Edgebrook Branch Library, Saint Richard's Episcopal Church, Chicago Cat Clinic, City's Edge, My Sister's Closet, Edgebrook Ace Hardware, Edgebrook Post Office, Little Nest Care, Eden's Fast Food, NorthShore Immediate Care - Sauganash, Smith-Corcoran Funeral Home, Associated Bank, East of Edens, Glad Cleaners, Happy Foods, Edgebrook Lutheran Church, Queen of All Saints School, Edgebrook Elementary School, Edgebrook Evangelical Covenant Church, Sauganash Elementary School, Skin Story Spa, Central & Caldwell Services Inc, Kyrgyz Community Center, Belisima Donna, BP Shop, BP, Central & Caldwell Terminal, Ruk Sushi & Thai, Lee Nails, Kanellos Shoe Repair, Terry's Place, Bus Wash"
872664d99ffffff,107,45,"school, car_repair, restaurant, restaurant, artwork, coffee, bar, cafe, bar, bakery, bakery, bakery, atm, fast_food, convenience, department_store, variety_store, fast_food, fast_food, fast_food, cafe, fast_food, fast_food, artwork, hairdresser_supply, hairdresser, fabric, restaurant, hairdresser, doctors, mobile_phone, restaurant, convenience, mobile_phone, restaurant, copyshop, doctors, dentist, restaurant, cafe, information, wholesale, bicycle_rental, bicycle_rental, bicycle_rental, car_repair, fast_food, laundry, bicycle_rental, bicycle_rental, restaurant, restaurant, cafe, variety_store, ice_cream, bakery, pharmacy, cafe, fast_food, clinic, university, stripclub, chemist, bank, fast_food, fuel, place_of_worship, place_of_worship, library, bank, variety_store, fuel, convenience, doctors, laundry, fuel, clothes, convenience, restaurant, place_of_worship, bank, restaurant, pet, community_centre, variety_store, supermarket, mall, place_of_worship, social_facility, convenience, police, supermarket, place_of_worship, crematorium, picnic_site, place_of_worship, library, studio, school, school, school, place_of_worship, fast_food, mall, social_facility, department_store, hospital","Telshe Yeshiva, Lawrence Fish Market, Hala In, Samuel Gompers Monument, Cafe Descartes, Gamblers, Red Ribbon, Sunnyday Tap, Nak Won Korean Bakery, Nazareth Sweets, Lalich Delicatessens, Jollibee, 7-Eleven, Ross, Five Below, Sarpino's Pizzeria, Chipotle, Smashburger, Starbucks, Pollo Campero, Domino's, Sally Beauty, Cuenca's Family Haircut, Chicago Canvas Supply, Yummy Buffet, Johnny Blades Haircut, Swedish Medical Group - Mayfair, T-Mobile, Jerez, El-Jeeb, Metro by T-Mobile, Mayflower, FedEx Office, Family Doctor, Family Dentist, Mayfair Restaurant, Coffee Chat, Jong Boo Market, Karlov Ave & Lawrence Ave, Keeler Ave & Carmen Ave, Kenneth Ave & Lawrence Ave, Sun Auto Werks, Teriyaki Madness, St. Louis Ave & Foster Ave, Kostner Ave & Bryn Mawr Ave, Ssyal, Chicago Kalbi BBQ, Starbucks, Village Discount Outlet, Baskin-Robbins, Umaga Bakehouse, Walgreens, Cafe Descartes, NEIU Cafeteria, North River Mental Health, Northeastern Illinois University, Admiral Theatre, Walgreens, Fifth Third Bank, Dunkin', Mobil, MASOM, Mayfair Presbyterian Church, Mayfair Branch Library, Parkway Bank, Dollar Tree, Citgo, Citgo, Kidz Health, Marathon, Discovery Clothing Company, Marathon, Shibam, Dar Al-Hadith, Chase, Señor Pan Cafe, Petco, Sokol Community Center, Dollar Tree, Aldi, The Church of Jesus Christ of Latter-day Saints, Mayfair Commons Senior Living, Mobil Mart, Chicago Police Department 17th District, Jewel-Osco, Yugoslavian Seventh Day Adventist Church, Chapel & Crematorium, Irene C. Hernandez Picnic Shelter Grove 1, First Temple of Universal Law Church, Ronald Williams Library, WTTW Studios, Volta Elementary School, Northside Learning Center High School, Palmer Elementary School, Mayfair Lutheran Church, McDonald's, The Salvation Army Chicago Metropolitan Headquarters, Target"
872664d9affffff,103,43,"pub, social_facility, museum, atm, dentist, doctors, alcohol, beauty, hairdresser, restaurant, fast_food, mobile_phone, dentist, restaurant, bakery, bakery, bakery, bar, bakery, bar, cafe, bakery, bar, doityourself, bank, car_wash, rental, dentist, information, fast_food, restaurant, alcohol, beauty, ice_cream, information, bicycle_rental, bicycle_rental, bicycle_rental, bicycle_rental, bicycle_rental, dentist, fast_food, school, pharmacy, supermarket, fast_food, restaurant, storage_rental, money_transfer, dentist, social_facility, dentist, social_centre, doctors, dentist, nutrition_supplements, deli, dentist, studio, dentist, bank, events_venue, paint, dentist, hairdresser, glaziery, bank, convenience, bank, storage_rental, social_centre, place_of_worship, place_of_worship, restaurant, funeral_directors, place_of_worship, fast_food, motel, restaurant, bank, funeral_directors, bank, fast_food, fast_food, fast_food, bar, toys, place_of_worship, school, place_of_worship, school, school, picnic_site, kindergarten, fuel, convenience, bicycle_rental, bank, fuel, post_office, beauty, beauty, beauty","Trinity Pub, Norwood Park Senior Center, Norwood Park Historical Society, Bank of America, Dr. Peter Wlodarczyk, DDS, Chicago Medical Health Group, Community Food & Liquor, Dream Nails, T'soma Hair Salon, Tuxpan Mexican Grill, Rosati's, T-Mobile, Oasis Family Dental, Amitabul, Baking For The Takin, Chicago Sweet Connection, European Classic Bakery, Filonek’s, Sweet World Pastry, The Garage Bar & Sandwiches, Yellow Rose Cafe, Kazik Bakery, Vaughan’s Pub - NW Side, Gordon's Norwood Park Ace Hardware, PNC Bank, Mobil, U-Haul, City Edge Dental, Burrito House, Pasta D'Arte, Sky Liquors, Liv Lash Boutique & Body Sculpt Spa, Baskin-Robbins, Caldwell Preserves, Menard Ave & Milwaukee Ave, Central Ave & Elston Ave, Austin Ave & Milwaukee Ave, Hyacinth St & Milwaukee Ave, Highland Ave & Milwaukee Ave, Smiles on Elston, Dunkin', Taft High School, Walgreens, Shop & Save Market, Duke's, Colletti's, Extra Space Storage, US Money Express, Gordon J. Ziols, DDS, Senior Suites of Jefferson Park, Northwest Chicago Dental, Brotherhood of Achladokambiton Chicago, Dr. Bronislaw J. Orawiec, MD, Bright Smile Dental, Herbaland, Andy's Deli, Kyriaki Ades D.M.D General Dentistry, WCPT Radio Studios, Nova Dental, Bank of America, Lido Banquets, Paulson's Paint, Dr. Barbara L. Mousel, DDS, Continental Salon, Peterson Glass, Fifth Third Bank, Mobil Mart, First Nations Bank, Public Storage, Kolping Society of Chicago, Elston Avenue United Methodist Church, Filipino Immanuel Baptist Church, Smak Tak, Malec & Sons Funeral Home, Chicago Mosque, McDonald's, Esquire Motel, Chikago Pizza, Liberty Bank, Colonial-Wojciechowski Funeral Home, Wintrust Bank - Gladstone Park, Subway, Superdawg, Blaze-N-Grill, Little Bar, Chicagoland Toys and Hobbies, Rumija Islamic Center, Hitch Elementary School, Saint Tarcissus Roman Catholic Church, Saint Tarcissus School, Onahan Elementary School, Care-A-Lot Early Learning Center, Mobil, 7-Eleven, Bike the Preserves, Chase, Exxon, The UPS Store, Mademoiselle Salon, Top Nails, Lee Nail Salon"
872664d9bffffff,182,67,"convenience, pub, tattoo, fast_food, fast_food, bank, artwork, beauty, fast_food, fast_food, convenience, atm, convenience, mobile_phone, restaurant, hairdresser, restaurant, theatre, hairdresser, books, clothes, atm, hairdresser, dentist, doctors, money_transfer, beauty, mobile_phone, restaurant, artwork, alcohol, computer, social_centre, dry_cleaning, atm, pet, pet, hairdresser, bakery, doctors, restaurant, restaurant, variety_store, travel_agency, fast_food, car_parts, hardware, bar, art, laundry, bar, car_parts, bank, laundry, restaurant, nutrition_supplements, hairdresser, hairdresser, driving_school, bicycle, dry_cleaning, restaurant, bar, bar, coffee, coffee, bar, bakery, bakery, bar, bar, restaurant, cannabis, ice_cream, alcohol, restaurant, artwork, veterinary, convenience, convenience, restaurant, variety_store, collector, supermarket, bicycle_rental, bicycle_rental, bicycle_rental, bicycle_rental, bicycle_rental, bicycle_rental, bicycle_rental, ice_cream, beauty, restaurant, dentist, doors, school, school, bank, fire_station, convenience, alcohol, supermarket, bank, pastry, theatre, bank, cafe, dentist, car_wash, clinic, college, fast_food, bar, clinic, bank, place_of_worship, place_of_worship, convenience, place_of_worship, car_wash, storage_rental, arts_centre, place_of_worship, gallery, social_centre, hearing_aids, chemist, restaurant, library, place_of_worship, post_depot, post_office, fuel, fuel, place_of_worship, place_of_worship, convenience, car_repair, pharmacy, place_of_worship, wholesale, place_of_worship, place_of_worship, fuel, police, car_repair, bar, hairdresser, bar, place_of_worship, funeral_directors, dentist, place_of_worship, florist, bank, fuel, car_wash, mobile_phone, money_transfer, restaurant, restaurant, dentist, dentist, kindergarten, bank, place_of_worship, school, school, school, supermarket, cafe, restaurant, restaurant, fast_food, doctors, car_parts, cafe, bakery, restaurant, taxi, bus_station","7-Eleven, Galvin's Public House, Chicago Town Ink, Dunkin', Subway, Huntington Bank, Thomas Jefferson Statue, Illinois Nails, Dunkin', Subway, 7-Eleven, ANG Convenience Store, Citi Wireless, Gorilla Sushi Bar, Quick-Cuts, Jefferson Park Grill, The Gift Theatre, House of Hair, Polonia Bookstore, I Am Trendii Boutique, Hair Express, Brighter Smile, Presence Medical Group, MoneyGram, Nail Experts, Metro by T-Mobile, Kawayan, Quarks VI, Foremost Liquor Center, Computer Planet, Independent Order of Svithiod, Panda Cleaners, Pink Poodle Dog Grooming, Re-tails, Jefferson Park Hair Studio, Beautiful Cakes, Immediate MD, Jet's Pizza, Chinese Kitchen, Dollar Tree, American Travel Abroad, Subway, Advance Auto Parts, H&B True Value Hardware, Ham Tree Inn, Morgan Art Gallery, Gladstone Park Laundromat, Zachary's, O'Reilly Auto Parts, Chase, The Friendly Wash Laundromat, China Star, Monk's Herb Center, Criss Hair Design, Goca's Hair Salon, Warsaw Driving School, Cosmic Bikes, Song's Cleaners, Excelsior Garden, Rabbit’s Bar and Grill, Babe’s On Milwaukee, Cafe Antigua, Cafe Refreshed, Corrib Irish Pub, Ideal Pastry, Valerio's Tropical Bakeshop, Rex Tavern, The Windsor Tavern, El Asadero Colombiano, Columbia Care, Baskin-Robbins, Lis Food-Liquor, Paterno's Pizza, Forest Glen Animal Hospital, Eden's Food and Liquors, BP Shop, La Fogata, Dollar General, Maximum Distractions, Seafood City, Milwaukee Ave & Ainslie St, Milwaukee Ave & Agatite Ave, Menard Ave & Lawrence Ave, Lavergne Ave & Lawrence Ave, Farragut Ave & Central Ave, Lynch Ave & Elston Ave, Elston Ave & Carmen Ave, Baskin-Robbins, EMerge Beauty & Wellness, Migos Fine Foods, Emergency Dentist of Chicago, Illinois Door, Beaubien Elementary School, James B. Farnsworth Elementary School, First American Bank, Chicago Fire Department Engine Company 108, Mobil Mart, Milwaukee Food & Liquor, Jewel-Osco, Hoyne Savings Bank, Ideal Pastry, Windy City Music Theatre, Hoyne Savings Bank, Mr. B's Caribbean Grill, Chicago Center For Restorative Dentistry, Central Medical Clinic of Chicago, Northwestern College, Popeyes, Jefferson Inn, Central Higgins Medical Building, Huntington Bank, Calvary United Methodist Church, Jefferson Park English Lutheran Church, BP Shop, Eden United Church of Christ, Splash Hand Car Wash, Public Storage, Copernicus Center, Our Lady of Victory Roman Catholic Church, Ed Paschke Art Center, Masonic Temple, SpectraSound, CVS Pharmacy, Smakosz Restaurant, Jefferson Park Branch Library, Congregational Church of Jefferson Park, Jefferson Park Post Office Annex, Jefferson Park Post Office, BP, Mobil, Forest Glen Baptist Church, Trinity Slovak Lutheran Church, Marathon, Firestone, Walgreens, First Congregational Church of Forest Glen, Kirman Surplus Sales, The Church of the Chicagoans, Grace Gospel Church, Marathon, Chicago Police Department 16th District, Auto Repair, Bar 57 West, New Reflection Hair Salon, Brigadoon, Hungarian Baptist Church, Muzyka & Son Funeral Home, Dr. John Loos, DDS, CSI Christ Church of Chicago, Wall's Flower Shop, Associated Bank, BP, BP, AT&T, Illinois Currency Exchange, Elly's Pancake House, Moy Lee Chinese Restaurant, Dr. Lawrence Rogus, DDS, Medical Dental Clinic, Catalpa Early Childhood Center, Parkway Bank, Saint Constance Catholic Church, Saint Constance School, Our Lady of Victory School, Ernst Prussing Elementary School, Mariano's Fresh Market, Starbucks, Gale Street Inn, Taqueria La Estrella, McDonald's, Presence Medical Group, AutoZone, Weston's Coffee & Tap Co., Sandy's Bakery & Deli, Bust Outs, Jefferson Park Transit Center"
872664d9dffffff,100,40,"kindergarten, place_of_worship, restaurant, restaurant, bar, restaurant, childcare, bakery, ice_cream, variety_store, cafe, bank, department_store, variety_store, optician, cafe, fast_food, fast_food, department_store, post_office, hairdresser_supply, mobile_phone, fast_food, fast_food, car_wash, restaurant, restaurant, fast_food, restaurant, shoes, beauty, place_of_worship, cosmetics, bicycle_rental, bicycle_rental, bicycle_rental, bicycle_rental, bicycle_rental, artwork, ice_cream, restaurant, restaurant, events_venue, picnic_site, social_facility, school, place_of_worship, place_of_worship, bank, doityourself, car_repair, garden_centre, fast_food, fast_food, car_parts, post_office, fast_food, car_repair, optician, fast_food, place_of_worship, fast_food, supermarket, fast_food, fast_food, social_facility, storage_rental, place_of_worship, bed, car_repair, school, fire_station, storage_rental, storage_rental, place_of_worship, charity, place_of_worship, restaurant, restaurant, fuel, convenience, place_of_worship, fast_food, fast_food, place_of_worship, place_of_worship, fast_food, place_of_worship, museum, motel, motel, car_repair, bed, fast_food, motel, school, childcare, car_wash, bus_station, picnic_site","Basic Beginnings, Congregation Bais Tefila, Hoanh Long, Tel Aviv Pizza, Alarmist Brewing & Taproom, 5Lua, Little Angels, Simple Delights, Baskin-Robbins, Dollar Tree, Starbucks, Chase, Ross, Five Below, America's Best Contacts & Eyeglasses, Starbucks, Panera Bread, Wingstop, TJ Maxx, The UPS Store, Sally Beauty, T-Mobile, Dunkin', Jersey Mike's Subs, BP, Shibam by Devon, Pho Le 777, Subway, Sushi World, Famous Footwear, American Nail Spa, Chicago Chassidishe Kollel, Bath & Body Works, McCormick Blvd & Devon Ave, Granville Ave & Pulaski Rd, Ardmore Ave & Central Park Ave, Bernard St & Peterson Ave, Kedvale Ave & Peterson Ave, Baskin-Robbins, Martino’s Italian Cuisine & Pizzeria, Evita's Steakhouse, Peterson Clubrooms, Peterson Picnic Area, North Park Village, CICS Northtown Academy, Congregation Ohr Yisocher, Congregation Adas B'nai Israel, Chase, The Home Depot, Firestone, Taco Bell, Tropical Smoothie Cafe, AutoZone, Northtown Post Office, Popeyes, Midas, Pearle Vision, Burger King, Congregation Chesed L'Avrohom, Dunkin', City Fresh Market, Domino's, Great Chicago Food & Beverage Company, Lincoln Village Senior Apartments, Extra Space Storage, Kollel Zichron Eliyahu, Bedding Experts Clearance Center, Phil & Ted's Service, Inc., Joan Dachs Bais Yaakov Hebrew School, Chicago Fire Department Engine Company 89, Extra Space Storage, Public Storage, Elim Romanian Penecostal Church, Habitat for Humanity ReStore, Saint Odisho Church, Backyard Grill, Mee Mah Restaurant, Peterson-Pulaski BP, BP Shop, Church of Christ Presbyterian, KFC, Dunkin', Congregation Agudath Israel Bikur Cholim, Congregation Shaare Tikva B'nai Zion, McDonald's, North Park Village Chapel, North Park Village Nature Center, River Park Motel & Suites, Rio Motel, Acorns Goodyear, Mattress Prime, Panda Express, North Park Inn, Solomon Elementary School, Ladybug & Friends Daycare, Nappa Car Wash, Pulaski & Peterson Terminal"
872664d9effffff,28,17,"pawnbroker, collector, tobacco, hairdresser, hairdresser, viewpoint, information, information, information, information, information, information, events_venue, motel, school, place_of_worship, fire_station, restaurant, dentist, tobacco, dentist, place_of_worship, place_of_worship, fast_food, storage_rental, bicycle_rental, marketplace, school","Archie's Coins, Grayland Station, Trading Post Tobacco & Cigars, Rock Hair Scissors, Ann & David's Studio, North Branch Trail System Map, Wilewood, North Edgebrook, North Edgebrook, Wildwood Clubroom, Edgebrook Motel, Wildwood Elementary School, Saint Mary of the Woods Church, Chicago Fire Department Engine Company 79, Pampanga's Cuisine, Edgebrook Dental, Habano Cigar Lounge, Lehigh Dental, Edgebrook Community Church, Edgebrook Evangelical Free Church, Papa Chris' Place, CubeSmart, Bike the Preserves, Edgebrook Farmers Market, Saint Mary of the Woods School"
872664daaffffff,9,8,"school, restaurant, bicycle_rental, convenience, fuel, social_facility, social_facility, place_of_worship, storage_rental","Camelot School, TJam Kitchen, Eastlake Ter & Rogers Ave, Light Mini Mart, BP, The Waterford Care Center, Alden Village North, Abundant Life Mission Church, Kellees Storage"
872759340ffffff,5,4,"police, post_depot, fire_station, bank, fire_station","DOA Communications Service Center, DHL, Chicago Fire Department ARFF Station #4, Alliant Credit Union, ARFF Training Area"
872759341ffffff,29,7,"charging_station, fast_food, charging_station, charging_station, charging_station, charging_station, charging_station, charging_station, charging_station, car_rental, car_rental, car_rental, car_rental, car_rental, car_rental, car_rental, car_rental, car_rental, car_rental, convenience, car_rental, fuel, fire_station, fire_station, car_rental, car_rental, fuel, bus_station, charging_station","Taco John's, Tesla Macau, Tesla Macau, Sixt, Thrifty, Alamo, Payless, National, Hertz, Enterprise, Dollar Car Rental, Budget, Avis, 7-Eleven, Hertz, Mobil, Chicago Fire Department ARFF Station #3, Chicago Fire Department ARFF Station #2, Avis, ATF Fuel Station, O'Hare Multi-Modal Facility, Tesla Supercharger"
872759342ffffff,3,3,"erotic, car_wash, fuel","Adult World, Fuel Station"
872759343ffffff,56,17,"books, atm, convenience, fast_food, newsagent, bakery, convenience, fast_food, restaurant, atm, bar, convenience, restaurant, restaurant, fast_food, fast_food, fast_food, newsagent, fast_food, restaurant, massage, fast_food, fast_food, bar, social_centre, restaurant, bar, electronics, newsagent, bar, information, fast_food, fast_food, fast_food, restaurant, bar, newsagent, restaurant, convenience, jewelry, information, charging_station, information, information, charging_station, information, charging_station, newsagent, charging_station, information, newsagent, newsagent, information, bureau_de_change, artwork, fuel","Barbara's Bookstore, Ciao Gourmet Market, Nuts on Clark, Hudson News, Brioche Dorée, Duty Free Store, Auntie Anne's, The Berghoff Café, Bank of America, beaudevin, Chi Life Market, Reggio's Pizza, Billy Goat Tavern & Grill, McDonald's, Stefani's Tuscany Cafe, Dunkin', Hudson News, The Great American Bagel, Chili's, Terminal Getaway Spa, Pronto Sandwiches, McDonald's, Galileo, United Club (Lower Level), Goose Island, United Club - C16, Brookstone, Hudson News, United Club - Polaris Lounge, United Customer Service Center, America's Dog, Saladworks, Manchu Wok, Zoots Café, Jazz Bar, Hudson News, Reggio's Pizza Express, Fresh Market on the Go, Spirit of the Red Horse, Flight Information, Flight Information, Flight Information, Flight Information, Hudson News, Flight Information, Hudson News, Hudson News, Seaway, City Windows, ATF Fuel Station"
87275934affffff,1,1,post_office,JT Weeker (Chicago) International Service Center
87275934cffffff,4,4,"convenience, restaurant, police, hotel","Six Points Market, Maria's Mexican Restaurant, Chicago Police Department O'Hare Station (ALES), Loews Chicago O'Hare Hotel"
87275934dffffff,17,12,"supermarket, picnic_site, picnic_site, picnic_site, picnic_site, picnic_site, bakery, attraction, post_office, grave_yard, information, information, place_of_worship, bank, school, fast_food, bus_station","Jewel-Osco, Schiller Woods-West Grove #3, Schiller Woods-West Grove #5, Schiller Woods-West Grove #6, Schiller Woods-West Grove #7, Che Che Pin Qua Woods Grove #1, Sicilian Bakery, Schiller Woods Magic Water Pump, The UPS Store, Robinson Family Burial Ground;Indian Cemetery, Our Lady Mother of the Church Roman Catholic Church, Parkway Bank, Our Lady Mother of the Church School, McDonald's, Irving Park & Cumberland Terminal"
87275934effffff,271,44,"cafe, newsagent, cafe, fast_food, fast_food, fast_food, fast_food, atm, artwork, restaurant, information, atm, cafe, fast_food, pub, newsagent, newsagent, restaurant, fast_food, cafe, fast_food, atm, atm, clothes, cafe, electronics, convenience, restaurant, fast_food, convenience, newsagent, video, optician, cafe, clothes, toys, fast_food, atm, atm, confectionery, social_centre, fast_food, fast_food, books, fast_food, clothes, bar, fast_food, newsagent, fast_food, bar, social_centre, newsagent, newsagent, newsagent, newsagent, cafe, atm, gift, fast_food, fast_food, fast_food, fast_food, restaurant, fast_food, fast_food, confectionery, restaurant, bar, shoe_repair, restaurant, cafe, cafe, cafe, optician, fast_food, restaurant, information, confectionery, restaurant, bureau_de_change, atm, atm, social_centre, fast_food, books, cafe, restaurant, convenience, newsagent, newsagent, charging_station, kiosk, cafe, information, restaurant, gift, information, fast_food, books, newsagent, bureau_de_change, fast_food, ticket, convenience, atm, restaurant, convenience, atm, information, information, information, cafe, fast_food, ticket, gift, convenience, electronics, optician, cafe, information, bar, social_centre, information, information, optician, information, charging_station, information, newsagent, information, cafe, bar, newsagent, restaurant, charging_station, chocolate, restaurant, shoes, fast_food, confectionery, gift, information, newsagent, charging_station, hairdresser, gift, electronics, post_office, restaurant, bar, restaurant, gift, restaurant, pet, social_facility, information, ticket, ticket, ticket, ticket, ticket, ticket, kiosk, post_office, cafe, information, information, taxi, ticket, nightclub, ticket, ticket, ticket, ticket, ticket, ticket, ticket, bar, ticket, fashion_accessories, fashion_accessories, ticket, beauty, information, information, information, newsagent, newsagent, restaurant, fast_food, pub, cafe, confectionery, fast_food, restaurant, information, convenience, fast_food, nightclub, information, information, charging_station, charging_station, information, artwork, confectionery, newsagent, bar, bureau_de_change, restaurant, artwork, fast_food, cafe, convenience, fast_food, fast_food, bar, department_store, convenience, convenience, bureau_de_change, gift, fast_food, electronics, convenience, fast_food, convenience, convenience, convenience, restaurant, electronics, bag, cosmetics, bar, place_of_worship, convenience, convenience, gift, convenience, atm, atm, atm, convenience, atm, post_depot, information, information, fast_food, ice_cream, ticket, ticket, ticket, ticket, ticket, ticket, ticket, ticket, ticket, ticket, social_facility, bureau_de_change, bureau_de_change, travel_agency, travel_agency, bar, fire_station, hotel, fuel, restaurant, cafe","Starbucks, Hudson News, Starbucks, Manchu Wok, Subway, The Great American Bagel Bakery, Half Moon Empanadas, Bank of America, Lincoln Memorial Replica, Cubs Bar & Grill, BMO, Argo Tea, Gold Coast Dogs, Goose Island Brewery Restaurant, Hudson News, Hudson News, ICE Dishes and Drinks, McDonald's, Starbucks, Windy City Carvers, BMO, Bank of America, Accessory Boutique, Argo Tea, Brookstone, CIBO Express, Chili's, Garrett Popcorn, Hudson, Hudson News, InMotion Entertainment, Oakley, Starbucks, Talie, The Field Museum Store, The Great American Bagel Deli, BMO, Bank of America, ""Nuts on Clark"", Admirals Club and Executive Center, B-smooth, BJ's Market & Bakery, Barbara's Bookstore, Brioche Dorée, Brooks Brothers, Bubbles, Burrito Beach, CNN Newsstand, Dunkin', Facades, Flagship Lounge, Hudson News, Hudson News, Hudson News, Hudson News, La Tapenade, Bank of America, Liberty Duty Free, Manchu Wok, McDonald's, McDonald's, McDonald's, O'Briens, The Bronze Tap, Reggio's Pizza Express, Rocky Mountain Chocolate Factory, Romano's Macaroni Grill, Rush Street, Shoe Hospital, Skyscrapers, Starbucks, Starbucks, Starbucks, Sunglass Hut, The Great American Bagel, Tortas Frontera, Travelers Aid Chicago, Vosges, Wolfgang Puck Express, SBT, Bank of America, BMO, Admirals Club, Reggio’s Pizza Express, Barbara's Bookstore, Brioche Dorée, Chili's, Farmers Market, Hudson News, Hudson News, La Tapenade, Starbucks, Flight Information, Wicker Park, Duty Free Store, United Customer Service, Tortas Frontera, Barbara's Bookstore, CNN Newsstand, Seaway, Eli's Cheesecake, Air Canada, Hudson, BMO, Wicker Park Seafood & Sushi Bar, CIBO Express Gourmet Market, Bank of America, Starbucks, Smoothie King, Lufthansa, Hoypoloi Gallery, Hudson, InMotion, Oakley, Starbucks, United Club (B6), United Club (Upper Level), Sunglass Hut, United Baggage Service, Hudson News, Starbucks, Goose Island Beer Company, Hudson News, La Tapenade, Vosges, The Bronze Pizza, Johnston & Murphy, Jamba, Garrett Popcorn, The Field Museum Store, United Customer Service Center, Hudson News, Best Buy Express, The UPS Store, Andiamo, Sport Edition Bar, Caffe Mercato, Gaslight Club, Animal Relief Area, USO, Customer Assistance, Skycap, Skycap, Skycap, Skycap, Skycap, Skycap, American Consumer Service, Priority Parcel Service, Starbucks, Customer Service, Customer Service, Sprint Airlines, Admirals Club, American Flagship Check-in, American Airlines, jetBlue Airlines, Frontier Airlines, Alaska Airlines, American Airlines, American Airlines, Publican Tavern, American Airlines, Brighton Collectibles, Montblanc, American Airlines, Terminal Gateway Spa, Flight Information, Flight Information, Flight Information, Hudson News, Hudson News, Chili's, Dunkin', Stanley's, Argo Tea, Nuts on Clark, Auntie Anne's, Uno Pizzeria & Grill, Delta Customer Service, McDonald's, American Flagship Lounge, American Customer Assisance, American Rebooking Center, The Runners, Sarah’s Candies, Hudson News, Connect To Chicago, Seaway, Summer House Santa Monica, Brachiosaurus, McDonald's, The Goddess and Grocer, Hudson, Tortas Frontera, Dunkin', Hub 51, Dufry, Evolve by Hudson, Protein Bar & Kitchen, I Love Chicago, Big Bowl, Brookstone, Garrett, Burger King, Goddess on the Go, Farm2Air Market, Fresh Attraction, tocco, Headphone Hub, Coach, MAC Cosmetics, Connect to Chicago, Interfaith Room, Hudson, Tax And Duty Free, Hudson, BMO, Bank of America, Bank of America, Wicker Park Market, UPS Cargo, Departures, Arrivals, Chick-fil-A, Baskin-Robbins, Emirets Airlines, AeroMexico, Finair, WestJet, Quatar Airlines, CopaAirlines, Swiss Airlines, Eva Air, Icelandair, Air France, USO, Seaway, Seaway, American Airlines Baggage Re-check, United Baggage Re-check, LOT Polish Airlines Business Lounge, Chicago Fire Department ARFF Station #1, Hilton Chicago O'Hare Airport, ATF Fuel Depot, Burger Federation, Starbucks"
87275935dffffff,3,2,"post_depot, post_depot, post_office","FedEx Chicago Regional Sort Operations, FedEx Hevyweight International, FedEx Ship Center"
872759368ffffff,3,3,"bakery;pastry, place_of_worship, bank","House of Cakes, Edison Park Lutheran Church, First Nations Bank"
872759369ffffff,59,26,"variety_store, restaurant, supermarket, restaurant, bakery, bakery, cafe, bank, doityourself, car_parts, pet, car_wash, convenience, atm, pharmacy, pharmacy, ice_cream, convenience, social_facility, hospital, deli, paint, fast_food, fast_food, place_of_worship, car_parts, restaurant, fast_food, fuel, social_facility, social_facility, place_of_worship, place_of_worship, restaurant, bank, fuel, restaurant, place_of_worship, social_facility, place_of_worship, chemist, fire_station, place_of_worship, place_of_worship, place_of_worship, place_of_worship, place_of_worship, chemist, library, school, school, school, school, bank, school, school, school, cafe, bus_station","Dollar Tree, Taco Burrito King, Jewel-Osco, Dino's Pizza, Belarada, The Purple Tulip Cakery, Mather’s More Than a Cafe, Bank of America, Oriole Park Ace Hardware, O'Reilly Auto Parts, Pet Supplies Plus, Shell, Shell, Bank of America, Walgreens, Walgreens, Baskin-Robbins, BP Shop, Resurrection Life Center, Resurrection Medical Center, Nottoli Italian Foods, Benjamin Moore, Popeyes, Dunkin', Saints Constantine & Helen Romanian Orthodox Cathedral, AutoZone, Cozy Corner, Wendy's, Shell, Danish Old Peoples Home, Senior Suites of Norwood Park, Norwood Park Presbyterian Church, Norwood Park Evangelical Lutheran Church, Congas, Liberty Bank, BP, Bakers Square, Immaculate Conception Roman Catholic Church, Resurrection Retirement Community, Saint Monica Roman Catholic Church, Walgreens, Chicago Fire Department Engine Company 119, Norwood Park United Methodist Church, Church of the Full Gospel, Bethel Community Church, Saint James Lutheran Church, Saint Andrew Presbyterian Church, Walgreens, Oriole Park Branch Library, Norwood Park Elementary School, Resurrection High School, Immaculate Conception School, Edison Park Elementary School, Chicago Patrolmen's Federal Credit Union, Saint Paul School, Oriole Park Elementary School, Saint Monica School, Starbucks, Harlem Blue Line Station"
87275936affffff,1,1,place_of_worship,All Saints Cathedral
87275936bffffff,28,15,"convenience, fast_food, bar, bank, restaurant, artwork, restaurant, bicycle_rental, clinic, hotel, hotel, community_centre, place_of_worship, school, place_of_worship, place_of_worship, bank, fire_station, restaurant, picnic_site, picnic_site, picnic_site, school, school, hotel, school, hotel, bus_station","7-Eleven, Plush Pup, Bar Louie, Old National Bank, Outback Steakhouse, Navat Restaurant, Cumberland Ave & Catherine Ave, Action Behavior Centers - ABA Therapy for Autism, Chicago Marriott O'Hare, SpringHill Suites Chicago O'Hare, Saint Eugene Parish Center, Saint Eugene Church, St. Sava Academy, Holy Resurrection Serbian Orthodox Cathedral, Saint Joseph Ukrainian Catholic Church, Selfreliance Federal Credit Union, Chicago Fire Department Engine Company 11, Hooters, Catherine Chevalier Woods Grove #1, Catherine Chevalier Woods Grove #2, Catherine Chevalier Woods Grove #3, Everett McKinley Dirksen Elementary School, Saint Eugene School, Renaissance Chicago O'Hare Suites, Pennoyer Elementary School, Holiday Inn Chicago O'Hare Area, Cumberland Blue Line Station"
87275936cffffff,3,3,"car_repair, school, kindergarten","Caliber Collision, Saint Juliana School, Stock Preschool"
87275936dffffff,61,32,"fast_food, restaurant, convenience, picnic_site, fast_food, fast_food, cafe, bar, bakery, deli, bar, cafe, bank, fast_food, post_office, fast_food, restaurant, beauty, tailor, dentist, travel_agency, clothes, antiques, restaurant, pet_grooming, car_wash, bar, newsagent, atm, cannabis, restaurant, place_of_worship, music_school, dentist, bank, veterinary, car_repair, bar, convenience, storage_rental, place_of_worship, fast_food, place_of_worship, fuel, bar, funeral_directors, place_of_worship, bank, post_office, library, bank, car_repair, place_of_worship, cafe, place_of_worship, school, school, picnic_site, mobile_phone, cafe, bus_station","Dunkin', Zia's Trattoria, BP Shop, Caldwell Woods Picnic Grove 2, Mug's Pizza & Ribs, Nick's Drive-In, Amber’s Coffee Cake, Emerald Isle, Forest View Bakery, Tony’s Italian Deli & Subs, Iron Horse Ale House, Soup & Scoops, U.S. Bank, Dunkin', The UPS Store, Subway, The Norwood Restaurant, Raven Street Salon, Norwood Cleaners, Dr. Joseph Sadowski M.D. Family Practice, Janus Travel, The Pearl Botique, A Peace of Vintage, Bangkok Belly, Pampered Paws Grooming, Norwood Park Hand Car Wash and Detailing, WineStyles, Kaage Newsstand, Consume, Red Apple Polish Buffet, Our Saviour Lutheran Church of Norwood Park, Flatts and Sharpe Music Co., Endodontic Specialty Care, Chase, Avondale Animal Hospital, Cosmetic Auto, Coaches Bar and Grill, 7-Eleven, Safeguard Self Storage, Saint Alban's Episcopal Church, Brandy's Gyros, Saint Thecla Roman Catholic Church, BP, Newark Nook, Olson Funeral Home, Jehovahs Witnesses Norwood Park Unit, Signature Bank, Norwood Park Post Office, Roden Branch Library, PNC Bank, Jiffy Lube, Saint Juliana Church, Café Touché, Edison Park United Methodist Church, Ebinger Elementary School, Saint Thecla School, Verizon, Starbucks, Milwaukee & Imlay Terminal"
