h3_index,poi_category,poi_count,count_poi_types,poi_type_list,poi_list
8826641917fffff,civic_community,3,2,"place_of_worship, community_centre, place_of_worship","Saint Columba Roman Catholic Church, Hegewisch Community Center, Saint Hedwig Church"
8826641917fffff,education,2,1,"school, school","Henry Clay Elementary School, Saint Columba School"
8826641917fffff,nightlife,2,1,"bar, bar","Club 81 Too, Uncle Bobby's"
8826641917fffff,transport,1,1,bicycle_rental,Ave O & 134th St
882664191dfffff,civic_community,1,1,information,Visitors Center
8826641927fffff,civic_community,1,1,fire_station,Chicago Fire Department Engine Company 80
8826641927fffff,entertainment,1,1,artwork,
8826641931fffff,civic_community,1,1,place_of_worship,Lebanon Lutheran Church
8826641939fffff,education,1,1,school,Virgil Grissom Elementary School
8826641939fffff,transport,1,1,bicycle_rental,Torrence Ave & 126th Pl
882664193bfffff,automotive,1,1,car_repair,Cabrales Auto Repair
882664193bfffff,civic_community,3,2,"place_of_worship, social_centre, place_of_worship","Trinity Lutheran Church, American Legion Hall Post 272, Saint Florian Catholic Church"
882664193bfffff,education,2,2,"school, library","Saint Florian School, Hegewisch Branch Library"
882664193bfffff,finance,2,1,"bank, bank","First Savings Bank of Hegewisch, Old Second National Bank"
882664193bfffff,food_drink,6,2,"restaurant, restaurant, ice_cream, restaurant, restaurant, restaurant","Doreen's Pizzeria, Chicago Pita Kitchen, Paleteria Jamay, Taquaria el Taquin, China Garden, Los Cantaritos"
882664193bfffff,grocery,2,1,"supermarket, supermarket","Eric's Food Market, Baltimore Food & Liquor"
882664193bfffff,health,1,1,veterinary,Seven Seas Pet Care Center
882664193bfffff,nightlife,2,1,"bar, bar","Steve's Lounge, Wendol's"
882664193bfffff,services,3,3,"hairdresser, post_office, funeral_directors","Supreme Cuts Barber Studio, Hegewisch Post Office, Frank F. Opyt Funeral Home"
882664193bfffff,shopping,2,2,"mobile_phone, variety_store","Boost Mobile, Family Dollar"
882664193bfffff,transport,1,1,bicycle_rental,Commercial Ave & 130th St
8826641943fffff,civic_community,1,1,social_centre,Knights of Columbus Trinity Council
8826641943fffff,education,2,1,"school, school","George Washington High School, George Washington Elementary School"
8826641943fffff,finance,1,1,bank,Byline Bank
8826641943fffff,grocery,1,1,bakery,Poopsies Pastry
8826641943fffff,leisure_sports,1,1,dojo,Champyon Taekwondo USA Inc.
8826641943fffff,services,1,1,funeral_directors,Elmwood Funeral Chapel
8826641943fffff,transport,1,1,bicycle_rental,Ave L & 114th St
8826641945fffff,food_drink,1,1,restaurant,Taco Mex
8826641949fffff,automotive,2,2,"car_repair, car_parts","East Side Muffler Shop, AutoZone"
8826641949fffff,civic_community,6,3,"place_of_worship, place_of_worship, fire_station, social_centre, place_of_worship, place_of_worship","East Side Bible Church, East Side Baptist Church, Chicago Fire Department Engine Company 74, American Legion Hall Illiana Chapter, Word Evangelistic Church, Christian Fellowship Flock"
8826641949fffff,education,3,3,"childcare, library, school","Shining Star Child Development, Vodak-East Side Branch Library, Gallistel Language Academy"
8826641949fffff,finance,3,2,"money_transfer, bank, bank","Western Union, U.S. Bank, Old National Bank"
8826641949fffff,food_drink,11,4,"fast_food, restaurant, ice_cream, restaurant, restaurant, cafe, restaurant, fast_food, ice_cream, restaurant, restaurant","Waldo Cooney's Pizza, El Charro De San Francisco, Paleteria Lindo Michoacan, New Hot Wok, Nicky'z Gyros, Colibrí Coffee, Los Tres Amigos 2, Gina's Chicken, La Michoacana Premium, Gorditas Loli's, Leon's Barbeque Zone"
8826641949fffff,grocery,4,3,"bakery, supermarket, alcohol, alcohol","La Florencia Bakery, La Flor, Ewing Liquor, Banner Liquors"
8826641949fffff,health,3,2,"pharmacy, pharmacy, clinic","Walgreens, Cornerstone Pharmacy, Chicago Family Health Center"
8826641949fffff,nightlife,3,1,"bar, bar, bar","Small World Inn Bar & Grill, O’Hara’s Tavern, Riverfront Saloon Inc"
8826641949fffff,services,8,5,"hairdresser, hairdresser, beauty, pet_grooming, beauty, travel_agency, beauty, post_office","VIP Cutz, ACE Fadezz Barbershop, Nail Art, Uncle Paws Grooming Salon, Martha's Salon, U. P. Travel & Income Tax Agency, Eastside Beauty Salon, Chicago Post Office Station W"
8826641949fffff,shopping,6,4,"mobile_phone, mobile_phone, florist, clothes, mobile_phone, chemist","T-Mobile, Boost Mobile, East Side Florist, Ocampo Western Wear, Metro by T-Mobile, Walgreens"
882664194bfffff,civic_community,3,1,"place_of_worship, place_of_worship, place_of_worship","Calvary Baptist Church, East Side United Methodist Church, Our Lady Of Nazareth Catholic Church"
882664194bfffff,education,2,1,"school, school","Jane Addams Elementary School, Annunciata School"
882664194bfffff,grocery,2,2,"supermarket, convenience","La Cienega Super Food, 7-Eleven"
882664194bfffff,health,1,1,clinic,Mohana Medical Center
8826641955fffff,civic_community,1,1,fire_station,Chicago Fire Department Engine Company 104
8826641955fffff,finance,1,1,bank,First Savings Bank of Hegewisch
8826641955fffff,food_drink,4,2,"fast_food, ice_cream, fast_food, fast_food","Subway, Baskin-Robbins, Wendy's, Dunkin'"
8826641955fffff,grocery,1,1,supermarket,Pete's Market
8826641955fffff,health,1,1,pharmacy,Walgreens
8826641955fffff,services,1,1,beauty,Love Nails
8826641955fffff,shopping,3,3,"variety_store, department_store, chemist","Dollar Tree, TJ Maxx, Walgreens"
8826641955fffff,transport,1,1,bicycle_rental,Ave O & 118th St
882664195dfffff,civic_community,1,1,place_of_worship,Serbian Saint Simeon Mirotociv Orthodox Church
882664195dfffff,leisure_sports,1,1,picnic_site,Eggers Grove Picnic Grove 2
882664195dfffff,transport,1,1,bicycle_rental,Burnham Greenway & 112th St
8826641963fffff,civic_community,1,1,information,
8826641963fffff,entertainment,1,1,museum,Ford Calumet Environmental Center (FCEC)
8826641963fffff,leisure_sports,1,1,picnic_site,
8826641963fffff,transport,1,1,bicycle_rental,Big Marsh Park
8826641969fffff,education,1,1,school,Orville Bright Elementary School
882664196bfffff,transport,1,1,bus_station,Torrence & 112th Street Terminal
88266419e1fffff,food_drink,1,1,fast_food,Burger King
88266419edfffff,automotive,2,2,"car_repair, car","Leon's Complete Auto Repair, 10th Ward Auto Sales"
88266419edfffff,civic_community,4,3,"fire_station, place_of_worship, place_of_worship, social_facility","Chicago Fire Department Engine Comany 97, Assumption Greek Orthodox Church, Hegewisch United Methodist Church, Senior Suites of Hegewisch"
88266419edfffff,food_drink,2,1,"restaurant, restaurant","Pudgy's Pizza, Gorditas Adrian's"
88266419edfffff,nightlife,2,1,"bar, bar","South Shore Inn, Old Time Tap"
88266419edfffff,shopping,1,1,hardware,Aniol's True Value Hardware
88266419edfffff,transport,1,1,bicycle_rental,Hegewisch South Shore Line Station
8826641b21fffff,automotive,2,2,"car_repair, car_parts","Jara's Auto Rebuilders, ABH Sound & Security"
8826641b21fffff,civic_community,5,2,"place_of_worship, place_of_worship, religion, place_of_worship, place_of_worship","Mighty God Tabernacle, Iglesia del Pacto Evangelico, Mirna's Gift Shop, East Side Full Gospel Church, Saint George Catholic Church"
8826641b21fffff,education,2,1,"school, school","Douglas Taylor Elementary School, Saint George School"
8826641b21fffff,entertainment,1,1,artwork,Pride Of East Side
8826641b21fffff,food_drink,2,1,"restaurant, restaurant","Avy's Pizza, El Quetzal"
8826641b21fffff,grocery,2,2,"convenience, supermarket","Super Leon, Lilly's Supermarket"
8826641b23fffff,civic_community,3,1,"place_of_worship, place_of_worship, place_of_worship","Community Christian Church of Chicago, Community Christian Church Annex, St. Francis de Sales Parish"
8826641b23fffff,education,2,1,"school, school","Saint Francis de Sales High School, Saint Francis De Sales Grade School"
8826641b23fffff,finance,1,1,pawnbroker,Big Pawn
8826641b23fffff,food_drink,2,1,"restaurant, restaurant","Tamales Y Restaurant Costa Grande, Route 66 Pizza"
8826641b23fffff,grocery,2,2,"bakery, supermarket","Gerardo's Bakery, El Tapatio"
8826641b23fffff,services,5,5,"post_office, laundry, beauty, hairdresser, funeral_directors","The UPS Store, A & G Laundromat, Lucha's Beauty Shop, New York Barber Shop, Griesel Jimenéz Stodden Funeral Home"
8826641b23fffff,shopping,2,2,"furniture, florist","Jalisco Furniture, Sandela's Flower Shop"
8826641b23fffff,transport,2,1,"bicycle_rental, bicycle_rental","Calumet Park, Ewing Ave & Burnham Greenway"
8826641b25fffff,automotive,1,1,car_parts,Commercial Auto Supply
8826641b25fffff,civic_community,1,1,place_of_worship,Debretsion Medhanealem Ethiopian Orthodox Tewahedo Church
8826641b25fffff,education,1,1,childcare,Mari's Bumble Bee Academy
8826641b25fffff,food_drink,2,1,"restaurant, restaurant","Mariscos El Malecon, Taquería Picazo"
8826641b25fffff,grocery,2,2,"alcohol, supermarket","Lopez Liquors, La Feria Groceries"
8826641b25fffff,nightlife,2,1,"bar, bar","Jovial Club, Frank's Tap & Grill"
8826641b25fffff,services,1,1,hairdresser,Chanty & Mom Hair Studio
8826641b29fffff,civic_community,1,1,police,Chicago Police/Cook County Helicopter Task Force
8826641b2dfffff,automotive,1,1,car_repair,Gornick's Auto Rebuilders
8826641b2dfffff,civic_community,1,1,social_facility,Victory Centre of South Chicago
8826641b2dfffff,education,1,1,childcare,Restoring the Seed Childcare
8826641b2dfffff,entertainment,1,1,artwork,Sims Metal Management Mural
8826641b2dfffff,food_drink,2,2,"restaurant, fast_food","Calumet Fisheries, Skyway Doghouse"
8826641b35fffff,automotive,1,1,car_parts,O'Reilly Auto Parts
8826641b35fffff,civic_community,1,1,information,Welcome to Indiana
8826641b35fffff,education,1,1,school,Edward Sadlowski Elementary School
8826641b35fffff,food_drink,6,2,"restaurant, fast_food, fast_food, fast_food, fast_food, fast_food","Birrieria Ocotlan, Burger King, KFC, McDonald's, Subway, Pizza Hut Delivery"
8826641b35fffff,grocery,1,1,supermarket,Aldi
8826641b35fffff,nightlife,1,1,bar,Crow Bar Inc
8826641b35fffff,services,4,4,"hairdresser, laundry, storage_rental, beauty","The Trim Barbershop, Blue Kangaroo Coin Laundry, iStorage, Urmi Salon And Spa"
8826641b35fffff,shopping,2,2,"mobile_phone, variety_store","Metro by T-Mobile, Family Dollar"
8826641b35fffff,transport,1,1,bicycle_rental,Burnham Greenway & 105th St
8826641b61fffff,entertainment,1,1,artwork,Tribute to the Past
8826641b61fffff,transport,1,1,bicycle_rental,Steelworkers Park
8826641b65fffff,civic_community,1,1,social_facility,
8826645201fffff,education,2,2,"library, school","Garfield Ridge Branch Library, Saint Jane de Chantal School"
8826645201fffff,entertainment,3,1,"artwork, artwork, artwork","American Eagle, American Eagle, American Eagle"
8826645201fffff,finance,3,2,"atm, bank, bank","Bank of America, Huntington Bank, Bank of America"
8826645201fffff,food_drink,3,3,"fast_food, restaurant, ice_cream","Wingstop, Home Run Inn Pizzeria, Andy's Frozen Custard"
8826645201fffff,grocery,1,1,bakery,Racine Bakery
8826645201fffff,shopping,1,1,variety_store,Family Dollar
8826645203fffff,civic_community,1,1,place_of_worship,Garfield Ridge Presbyterian Church
8826645203fffff,education,1,1,school,Kinzie Elementary School
8826645205fffff,civic_community,1,1,place_of_worship,Saint Daniel the Prophet Roman Catholic Church
8826645205fffff,education,2,1,"school, school","Saint Daniel School, Byrne Elementary School"
8826645207fffff,automotive,1,1,car_repair,Jiffy Lube
8826645207fffff,civic_community,2,2,"fire_station, place_of_worship","Chicago Fire Department Engine Company 32, Garfield Ridge Baptist Church"
8826645207fffff,education,2,1,"school, school",Kennedy High School
8826645207fffff,entertainment,1,1,artwork,CPD Officer Ella French
8826645207fffff,finance,1,1,bank,Archer Heights Credit Union
8826645207fffff,food_drink,4,2,"fast_food, fast_food, fast_food, restaurant","The Shrimp Shack, McDonald's, Dunkin', Lindys Chili"
8826645207fffff,grocery,3,2,"bakery, convenience, convenience","Pticek’s & Son Bakery, 7-Eleven, Shell"
8826645207fffff,health,2,2,"veterinary, clinic","Abbot Animal Hospital, MacNeal Healt Care Center"
8826645207fffff,nightlife,1,1,bar,Tom’s Tap
8826645207fffff,shopping,2,2,"gift, bicycle","Midway Crystals, Carmen's Bicycles"
8826645207fffff,transport,1,1,fuel,Shell
882664520bfffff,automotive,2,2,"tyres, car_repair","Bridgestone, Firestone"
882664520bfffff,civic_community,5,2,"place_of_worship, information, place_of_worship, place_of_worship, place_of_worship","Gloria Dei Evangelical Lutheran Church, Chicago Midway International Airport, Risen Savior Assembly Church, Bethel Reformed Church, Saint Jane de Chantal Roman Catholic Church"
882664520bfffff,education,1,1,school,Gloria Dei School
882664520bfffff,finance,1,1,bank,Huntington Bank
882664520bfffff,food_drink,4,3,"fast_food, ice_cream, restaurant, fast_food","Subway, La Michoacana Gourmet, Bree Thai, KFC"
882664520bfffff,grocery,2,2,"convenience, supermarket","7-Eleven, Jewel-Osco"
882664520bfffff,health,1,1,dentist,Alta Dental
882664520bfffff,nightlife,1,1,bar,Stan’s Corner & Helen’s Kitchen
882664520bfffff,services,4,4,"hairdresser, post_office, funeral_directors, storage_rental","Supercuts, The UPS Store, Parkside Chapel, Midway Storage"
882664520bfffff,shopping,5,4,"mobile_phone, mobile_phone, clothes, chemist, paint","Metro by T-Mobile, T-Mobile, Peaches Boutique, Walgreens, Sherwin-Williams"
8826645211fffff,automotive,1,1,car_parts,ASM Auto Parts
8826645211fffff,civic_community,1,1,fire_station,Chicago Fire Department Engine Company 127
8826645211fffff,education,1,1,flight_school,Aviation Professionals Incorporated
8826645211fffff,finance,2,1,"bank, bank","Chicago Firefighters Credit Union, Fifth Third Bank"
8826645211fffff,food_drink,2,1,"cafe, cafe","Karolinka Club, Xurro"
8826645211fffff,grocery,1,1,bakery,La Petite Pastry
8826645213fffff,education,2,1,"school, school","Robert L. Grimes Elementary School, John Hancock High School"
8826645215fffff,automotive,1,1,car_parts,Carquest
8826645215fffff,civic_community,2,1,"place_of_worship, place_of_worship","Messiah Lutheran Church, Saint Symphorosa's Roman Catholic Church"
8826645215fffff,education,1,1,school,Saint Symphorosa School
8826645215fffff,finance,1,1,bank,Byline Bank
8826645215fffff,food_drink,1,1,fast_food,Dunkin'
8826645215fffff,grocery,1,1,convenience,7-Eleven
8826645215fffff,health,1,1,pharmacy,Walgreens
8826645217fffff,civic_community,3,1,"place_of_worship, place_of_worship, place_of_worship","Baptist Revival Center, Wesleyan Missionary Church, Clearing United Methodist Church"
8826645217fffff,education,1,1,school,Wesleyan Missionary Academy
8826645217fffff,nightlife,1,1,bar,The Twisted Shamrock
8826645217fffff,shopping,2,2,"mobile_phone, variety_store","Boost Mobile, Family Dollar"
8826645219fffff,food_drink,3,2,"restaurant, fast_food, fast_food","The Orange Line, Camden Food Co., Dunkin' Express"
8826645219fffff,shopping,1,1,newsagent,Hudson News
882664521bfffff,automotive,1,1,car_repair,Valvoline
882664521bfffff,civic_community,1,1,information,Chicago Midway International Airport
882664521bfffff,food_drink,5,2,"fast_food, fast_food, fast_food, restaurant, fast_food","Subway, White Castle, AV Anthony's, Giordano's Pizzeria, Burger King"
882664521bfffff,shopping,2,2,"mobile_phone, variety_store","Boost Mobile, Continental Sales “Lots 4 Less”"
882664521bfffff,transport,1,1,fuel,
8826645223fffff,civic_community,1,1,social_facility,Senior Suites Garfield Ridge
8826645223fffff,food_drink,1,1,fast_food,Beefy's
8826645223fffff,grocery,1,1,bakery,Oak Mill Bakery
8826645223fffff,services,1,1,storage_rental,Public Storage
8826645223fffff,shopping,1,1,mobile_phone,Boost Mobile
8826645229fffff,automotive,1,1,car_wash,Jet Brite Car Wash
882664522bfffff,civic_community,1,1,social_centre,"American Legion, Post 735, Argo-Summit"
882664522bfffff,entertainment,1,1,events_venue,Banquets at the Mayor's Mansion
882664522bfffff,finance,1,1,bank,Byline Bank
882664522bfffff,food_drink,14,5,"cafe, restaurant, fast_food, fast_food, ice_cream, fast_food, fast_food, fast_food, restaurant, fast_food, chocolate, fast_food, fast_food, fast_food","A Cup of Joe, Ash GastroPub, Domino's, Little Caesars, Baskin-Robbins, Taco Burrito King, Big 4 Chop Suey, Subway, Healthy Substance, Triano's Pizza, Fannie May, Dunkin', Potbelly, Taco Bell"
882664522bfffff,grocery,3,3,"convenience, supermarket, bakery","BP Shop, Aldi, Weber's Bakery"
882664522bfffff,health,2,2,"clinic, pharmacy","Nordica Medical Center, Walgreens"
882664522bfffff,lodging,1,1,motel,Rainbow Motel
882664522bfffff,nightlife,2,2,"bar, pub","Lawlor's Bar, El Patron"
882664522bfffff,services,1,1,hairdresser,Great Clips
882664522bfffff,shopping,2,2,"mobile_phone, doityourself","T-Mobile, Southwest Ace Hardware"
882664522bfffff,transport,2,2,"fuel, bus_station","BP, Archer & Neva Terminal"
8826645231fffff,education,2,2,"library, kindergarten","Clearing Branch Library, Blair Early Childhood Center"
8826645231fffff,entertainment,1,1,events_venue,Juanitas Restaurant Banquet Hall
8826645231fffff,food_drink,1,1,restaurant,Stunod's Pizzeria
8826645231fffff,grocery,1,1,convenience,7-Eleven
8826645231fffff,shopping,1,1,charity,The Salvation Army
8826645231fffff,transport,1,1,bus_station,Narragansett & 63rd Place Terminal
8826645235fffff,civic_community,1,1,place_of_worship,Saint Rene Roman Catholic Church
8826645235fffff,education,2,1,"school, school","Saint Rene School, John C. Dore Elementary School"
8826645239fffff,education,1,1,school,Hale Elementary School
8826645239fffff,grocery,1,1,supermarket,Fair Share Foods
882664523bfffff,finance,2,1,"bank, bank","Chicago Patrolmen's Federal Credit Union, BMO"
882664523bfffff,food_drink,2,2,"restaurant, ice_cream","New Warsaw 🇵🇱, La Michoacana"
882664523bfffff,grocery,1,1,bakery,Acapulco Bakery
882664523bfffff,health,1,1,clinic,Fresenius Kidney Care
882664523bfffff,shopping,2,2,"mobile_phone, hardware","Metro by T-Mobile, Clear Ridge True Value Hardware"
882664523dfffff,education,1,1,kindergarten,Dore Early Childhood Center
8826645251fffff,automotive,1,1,car,Rocket Auto Sales
8826645251fffff,civic_community,2,1,"place_of_worship, place_of_worship","Iglesia Menonita Cristiana, Our Lady of the Snows Rectory"
8826645251fffff,education,1,1,school,Edwards Center For Young Learners
8826645251fffff,health,1,1,pharmacy,Walgreens
8826645251fffff,lodging,1,1,motel,Skylark Motel
8826645251fffff,nightlife,1,1,bar,Bohica Bar & Grill
8826645251fffff,shopping,1,1,cannabis,Midway Dispensary
8826645251fffff,transport,1,1,bicycle_rental,Lawler Ave & 50th St
8826645253fffff,civic_community,3,1,"information, information, information","Chicago Midway International Airport, Chicago Midway International Airport, Chicago Midway International Airport"
8826645253fffff,finance,1,1,payment_centre,Booting Payment Center
8826645255fffff,education,1,1,school,Mark Twain Elementary School
8826645257fffff,automotive,1,1,car_repair,A-OK Automotive Collison Center
8826645257fffff,civic_community,2,2,"place_of_worship, social_centre","Saint Camillus Roman Catholic Church, Rhine VFW Post 2729"
8826645257fffff,education,2,1,"school, school",Saint Camillus School
8826645257fffff,finance,2,1,"bank, bank","Archer Bank, Chase"
8826645257fffff,food_drink,3,3,"cafe, fast_food, restaurant","Cafe Two07, Wendy's, Orion Restaurant"
8826645257fffff,grocery,2,2,"supermarket, convenience","Shop & Save Market, Mobil Mart"
8826645257fffff,nightlife,1,1,pub,Sammy’s
8826645257fffff,services,2,2,"beauty, post_office","K's Nails, Clearing Post Office"
8826645257fffff,shopping,1,1,florist,
8826645257fffff,transport,9,2,"car_rental, car_rental, car_rental, car_rental, car_rental, car_rental, car_rental, car_rental, fuel","Dollar Car Rental, Avis, Enterprise, Thrifty, Hertz, Budget, National, Alamo, Mobil"
8826645259fffff,automotive,5,3,"car_repair, car_parts, car_wash, car_parts, car_parts","Lara Auto Service 2, O'Reilly Auto Parts, NAPA Auto Parts, AutoZone"
8826645259fffff,civic_community,1,1,social_facility,Cicero Senior Lofts
8826645259fffff,education,1,1,school,Hearst Elementary School
8826645259fffff,entertainment,1,1,events_venue,Los Amantes Banquet Hall
8826645259fffff,finance,1,1,pawnbroker,Cash America Pawn
8826645259fffff,food_drink,5,2,"fast_food, fast_food, cafe, fast_food, fast_food","Subway, Dunkin', Starbucks, McDonald's, Taco Bell"
8826645259fffff,grocery,4,1,"convenience, convenience, convenience, convenience","BP Shop, Mobil Mart, BP Shop, Shell"
8826645259fffff,lodging,1,1,motel,Cicero Motel
8826645259fffff,services,2,2,"beauty, storage_rental","e'Nails, U-Haul"
8826645259fffff,transport,5,2,"bicycle_rental, fuel, fuel, fuel, fuel","Lavergne Ave & 46th St, BP, Mobil, BP, Shell"
882664525bfffff,automotive,3,1,"car_repair, car_repair, car_repair","Archer Knox Auto Rebuilders, Goodyear, Midas"
882664525bfffff,civic_community,2,1,"place_of_worship, place_of_worship","Beautiful Saviour Evangelical Lutheran Church, Saint Richard Catholic Church"
882664525bfffff,education,1,1,school,Saint Richard School
882664525bfffff,finance,1,1,money_transfer,Western Union
882664525bfffff,food_drink,4,3,"restaurant, fast_food, cafe, fast_food","Beggars Pizza, Popeyes, Starbucks, George's"
882664525bfffff,grocery,1,1,convenience,Tiger Mart
882664525bfffff,nightlife,1,1,bar,Angie’s Bar & Sunset Inn
882664525bfffff,shopping,5,3,"variety_store, mobile_phone, mobile_phone, variety_store, chemist","Dollar Tree, Cricket Wireless, Boost Mobile, Family Dollar, Walgreens"
882664525bfffff,transport,3,3,"bicycle_rental, fuel, car_rental","Kenneth Ave & 50th St, Exxon, Hertz"
882664525dfffff,civic_community,3,3,"place_of_worship, social_facility, community_centre","Our Lady of the Snows, Midway Pointe Senior Living, The Salvation Army Midway Citadel Corps Community Center"
882664525dfffff,education,2,1,"school, school",Our Lady of the Snows School
8826645281fffff,automotive,1,1,car_parts,AutoZone
8826645281fffff,shopping,2,2,"clothes, party","Catherines, Party City"
8826645281fffff,transport,2,1,"car_rental, car_rental","Avis, Budget"
8826645283fffff,civic_community,1,1,place_of_worship,Golgotha Lutheran Church
8826645283fffff,education,1,1,school,Golgotha Early Childhood Center
8826645283fffff,finance,1,1,money_transfer,Western Union
8826645283fffff,grocery,1,1,supermarket,Aldi
8826645283fffff,health,1,1,pharmacy,CVS Pharmacy
8826645283fffff,lodging,1,1,motel,Aloha Motel
8826645289fffff,automotive,1,1,car_parts,O'Reilly Auto Parts
8826645289fffff,finance,2,2,"atm, bank",Chase
8826645289fffff,food_drink,8,2,"fast_food, fast_food, fast_food, ice_cream, fast_food, fast_food, fast_food, fast_food","Little Caesars, Subway, Wingstop, Baskin-Robbins, Arby's, Dunkin', Wendy's, Chick-fil-A"
8826645289fffff,leisure_sports,1,1,video_games,GameStop
8826645289fffff,lodging,1,1,motel,Saratoga Motel
8826645289fffff,shopping,5,4,"furniture, mobile_phone, mobile_phone, clothes, doityourself","Aaron's, Metro by T-Mobile, Boost Mobile, Avenue, Lowe's"
882664528bfffff,civic_community,1,1,place_of_worship,Saint Bede the Venerable Church
882664528bfffff,education,1,1,school,Saint Bede School
882664528bfffff,transport,1,1,bicycle_rental,Scottsdale Park
8826645299fffff,food_drink,2,2,"ice_cream, fast_food","Baskin-Robbins, Dunkin'"
882664529dfffff,civic_community,3,1,"place_of_worship, place_of_worship, place_of_worship","Hometown Christian Church Disciplines of Christ, Saint Peter's Evangelical Lutheran Church"
882664529dfffff,education,1,1,school,Durkin Park Elementary School
882664529dfffff,transport,1,1,bicycle_rental,Kildare Ave & 85th St
88266452c3fffff,entertainment,1,1,cinema,AMC Ford City 14
88266452c3fffff,food_drink,1,1,cafe,O’s Donuts and Cafe
88266452c3fffff,grocery,1,1,bakery,Lady Di’s Bakery
88266452c3fffff,shopping,4,3,"department_store, shoes, department_store, mall","JCPenney, Foot Locker, Ross, Ford City Mall"
88266452c7fffff,food_drink,4,3,"cafe, fast_food, restaurant, fast_food","Sweet Honey Tea, Chipotle, IHOP, Potbelly"
88266452c7fffff,lodging,1,1,hotel,Holiday Inn LXG Midway Airport
88266452c7fffff,shopping,6,5,"bed, department_store, variety_store, clothes, clothes, shoes","Mattress Firm, Marshalls, Five Below, Old Navy, Citi Trends, Famous Footwear"
88266452c9fffff,automotive,1,1,car_repair,Auto Repair Classroom
88266452c9fffff,grocery,1,1,convenience,Marathon
88266452c9fffff,services,2,2,"laundry, post_office","Wash Smart Lavanderia, Southwest Carrier Annex"
88266452c9fffff,transport,1,1,fuel,Marathon
88266452cbfffff,civic_community,1,1,social_facility,ICH-1
88266452cbfffff,food_drink,2,2,"restaurant, fast_food","Buffet City, Burger King"
88266452cbfffff,grocery,1,1,bakery,Jessica’s Bakery
88266452cbfffff,health,2,2,"clinic, pharmacy","DaVita Dialysis, Walgreens"
88266452cbfffff,shopping,4,4,"variety_store, mobile_phone, second_hand, chemist","Dollar Tree, Metro by T-Mobile, Family Thrift Store, Walgreens"
88266452cbfffff,transport,1,1,bicycle_rental,Springfield Ave & 71st St
88266452cdfffff,education,1,1,school,Mariano Azuela Elementary School
88266452cdfffff,food_drink,6,2,"fast_food, fast_food, restaurant, fast_food, fast_food, fast_food","McDonald's, Dunkin', Lou Malnati's Pizzeria, Taco Bell, Panda Express, Culver's"
88266452d1fffff,civic_community,1,1,place_of_worship,First Christian Church of Chicago
88266452d1fffff,education,2,1,"school, school","Dawes Elementary School, Bogan High School"
88266452d1fffff,grocery,1,1,convenience,Citgo
88266452d1fffff,services,1,1,post_office,Ashburn Post Office
88266452d1fffff,shopping,1,1,variety_store,Dollar Tree
88266452d1fffff,transport,2,2,"bicycle_rental, fuel","Springfield Ave & 80th St, Citgo"
88266452d3fffff,civic_community,5,2,"place_of_worship, place_of_worship, place_of_worship, place_of_worship, social_facility","Ashburn Lutheran Church, Ashburn Baptist Church, Masjid Al Muhajireen, Ashburn United Methodist Church"
88266452d3fffff,education,2,1,"school, school","Ashburn Community Area Academy, Ashburn Lutheran School"
88266452d3fffff,transport,1,1,bicycle_rental,Columbus Ave & 83rd Pl
88266452d5fffff,education,2,2,"school, library","Adlai E. Stevenson Elementary School, Scottsdale Branch Library"
88266452d5fffff,finance,1,1,bank,Republic Bank of Chicago
88266452d7fffff,automotive,1,1,car_wash,Mobil
88266452d7fffff,food_drink,3,2,"restaurant, restaurant, fast_food","Vito & Nick's Pizzeria, Angie's, McDonald's"
88266452d7fffff,grocery,2,1,"convenience, convenience","Citgo, Mobil Mart"
88266452d7fffff,services,1,1,laundry,Smart Wash
88266452d7fffff,shopping,1,1,variety_store,Family Dollar
88266452d7fffff,transport,3,2,"bicycle_rental, fuel, fuel","Pulaski Rd & 84th St, Citgo, Mobil"
88266452d9fffff,education,2,1,"school, school","Sarah E. Goode STEM Academy, Lionel Hampton Fine & Performing Arts School"
88266452dbfffff,automotive,2,2,"car_repair, car_parts","Caliber Collision, AutoZone"
88266452dbfffff,civic_community,2,2,"social_facility, fire_station","New Foundation Of Hope Inc, Chicago Fire Department Engine Company 15"
88266452dbfffff,education,2,1,"school, school","Southwest School of Business, Owen Scholastic Academy"
88266452dbfffff,food_drink,1,1,fast_food,Burger King
88266452dbfffff,grocery,1,1,convenience,Citgo
88266452dbfffff,nightlife,1,1,bar,Smoke Filled Room
88266452dbfffff,transport,2,2,"bicycle_rental, fuel","Columbus Ave & 79th St, Citgo"
88266452ddfffff,civic_community,1,1,fire_station,Chicago Fire Department Engine Company 64
88266452ddfffff,education,1,1,college,Richard J. Daley College
88266452ddfffff,transport,1,1,bicycle_rental,Pulaski Rd & 75th St
8826645601fffff,civic_community,3,1,"place_of_worship, place_of_worship, place_of_worship","Pure in Heart Missionary Baptist Church, Christian Covenant Baptist Church, Tabernacle of Zion of the Apostolic Faith"
8826645601fffff,education,1,1,school,Alex Haley Academy
8826645601fffff,transport,1,1,bicycle_rental,Eggleston Ave & 115th St
8826645603fffff,civic_community,7,3,"place_of_worship, place_of_worship, fire_station, place_of_worship, place_of_worship, social_centre, place_of_worship","Greater Canaan Missionary Baptist Church, Children Giving Light To A Dark World Spirtual Church, Chicago Fire Department Engine Company 75, Greater Zion Chapel, West Pullman Church of God, Major Charles L. Hunt VFW Post 2024, Greater Canaan Baptist Church"
8826645603fffff,food_drink,1,1,fast_food,Sharks Fish & Chicken
8826645605fffff,automotive,2,2,"car_repair, car_parts","Valvoline, AutoZone"
8826645605fffff,civic_community,1,1,place_of_worship,Sheldon Heights Church of Christ
8826645605fffff,food_drink,6,2,"fast_food, ice_cream, fast_food, fast_food, fast_food, fast_food","Subway, Baskin-Robbins, Popeyes, McDonald's, Dunkin', Wendy's"
8826645605fffff,grocery,3,2,"supermarket, convenience, convenience","Aldi, Citgo, Mobil Mart"
8826645605fffff,health,2,2,"pharmacy, clinic","Walgreens, Planned Parenthood - Roseland Health Center"
8826645605fffff,shopping,3,2,"mobile_phone, mobile_phone, clothes","Cricket Wireless, Metro by T-Mobile, DTLR"
8826645605fffff,transport,3,2,"bicycle_rental, fuel, fuel","Major Taylor Trail & 115th St, Citgo, Mobil"
8826645607fffff,civic_community,11,2,"place_of_worship, place_of_worship, place_of_worship, place_of_worship, place_of_worship, social_facility, place_of_worship, place_of_worship, place_of_worship, place_of_worship, place_of_worship","House of Prayer Missionary Baptist Church, Zion Missionary Baptist Church, House of Prayer Temple Church of God in Christ, Home Mission Pentecostal Tabernacle Church, Holy Trinity Community Church, Community Assistance Programs, Aimwell Missionary Baptist Church, Saint Catherine of Genoa Roman Catholic Church, Christian Reformed Apostolic Church, Christ Fellowship Church, New Vision of Faith Ministries"
8826645607fffff,education,4,2,"school, school, school, library","Assumption Blessed Virgin Mary-Saint Catherine of Genoa School, Saint Catherine School, Bunnyland Developmental Day Care Center, West Pullman Branch Library"
8826645607fffff,finance,3,2,"money_transfer, bank, money_transfer","Western Union, Chase, 119th & Halsted Currency Exchange"
8826645607fffff,shopping,2,2,"variety_store, clothes","Family Dollar, Citi Trends"
8826645607fffff,transport,1,1,bicycle_rental,Halsted St & 119th St
8826645609fffff,automotive,1,1,car_parts,O'Reilly Auto Parts
8826645609fffff,civic_community,10,1,"place_of_worship, place_of_worship, place_of_worship, place_of_worship, place_of_worship, place_of_worship, place_of_worship, place_of_worship, place_of_worship, place_of_worship","Mary Magdalene Missionary Baptist Church, Greater New Jerusalem Missionary Baptist Church, Jehovahs Witnesses Roseland Unit, Greater House of God, House of Inspiration Church of God in Christ, Roseland Bible Church, Roseland Free Christian Center, Roseland Presbyterian Church, Starlight Saint James Missionary Baptist Church, Christ Temple Cathedral Church of Christ Holiness"
8826645609fffff,education,1,1,school,Saint Nicholas School
8826645609fffff,finance,1,1,bank,Self-Help Federal Credit Union
8826645609fffff,food_drink,3,2,"fast_food, fast_food, restaurant","Subway, Baba's Steak & Lemonade, Pepe's Mexican Restaurant"
8826645609fffff,grocery,2,2,"bakery, convenience","Old Fashioned Donuts, Citgo"
8826645609fffff,health,3,3,"clinic, pharmacy, hospital","Fresenius Kidney Care, Roseland Pharmacy, Roseland Community Hospital"
8826645609fffff,services,1,1,post_office,Roseland Post Office
8826645609fffff,shopping,1,1,variety_store,Dollar General
8826645609fffff,transport,3,2,"bicycle_rental, fuel, fuel","Wentworth Ave & 111th St, Super Save, Citgo"
882664560bfffff,civic_community,13,3,"place_of_worship, place_of_worship, place_of_worship, place_of_worship, place_of_worship, fire_station, place_of_worship, place_of_worship, social_facility, place_of_worship, place_of_worship, place_of_worship, place_of_worship","Bethel Apostolic Faith Church, Pilgrim Church of God in Christ, Mosque of Umar, Sound of Praise Evangelistic Center, Saint Willibrords Roman Catholic Church, Chicago Fire Department Engine Company 62, First Corinthians Baptist Church, Reeds Temple Church of God in Christ, Roseland Senior Housing Center, Saint Salomea Catholic Church, St. John Missionary Baptist Church, Evangelism Outreach Ministries Full Gospel Pentecostal Church, Saint Anthony Catholic Church"
882664560bfffff,education,5,1,"school, school, school, school, school","CICS Prairie School, Saint Louis School, Selans Beauty School, Saint Willibrords School, Curtis Elementary School"
882664560bfffff,grocery,1,1,convenience,Citgo
882664560bfffff,health,1,1,clinic,Roseland Public Health Center
882664560bfffff,shopping,2,2,"variety_store, hardware","Family Dollar, Plaza True Value Hardware"
882664560bfffff,transport,3,2,"bicycle_rental, bicycle_rental, fuel","Michigan Ave & 118th St, Michigan Ave & 114th St, Citgo"
882664560dfffff,automotive,1,1,car_repair,Car-X
882664560dfffff,civic_community,3,1,"place_of_worship, place_of_worship, place_of_worship","Church of God in Christ State Temple, Lilydale First Baptist Church, Allen Metropolitan Christian Methodist Episcopal Church"
882664560dfffff,education,2,2,"childcare, school","Me & You Learning Academy, Fenger High School"
882664560dfffff,entertainment,2,1,"artwork, artwork",
882664560dfffff,finance,2,1,"money_transfer, money_transfer","Western Union, 111th & Halsted Currency Exchange"
882664560dfffff,food_drink,1,1,fast_food,White Castle
882664560dfffff,grocery,1,1,convenience,Citgo
882664560dfffff,transport,2,2,"bicycle_rental, fuel","Halsted St & 111th St, Citgo"
8826645613fffff,education,1,1,school,Aldridge Elementary School
8826645613fffff,grocery,2,2,"supermarket, convenience","Roserach Farms, Smily's Convenience Store"
8826645613fffff,services,1,1,laundry,Altgeld Gardens Laundry Building
8826645613fffff,transport,1,1,bicycle_rental,Eberhart Ave & 131st St
8826645615fffff,civic_community,2,1,"place_of_worship, place_of_worship","Greater New Mount Eagle Baptist Church, Labourers For Christ Ministries"
8826645615fffff,education,1,1,school,Jesse Owens Community Academy
8826645615fffff,grocery,2,2,"convenience, alcohol","Karkar Food, J&B Liquors"
8826645615fffff,transport,1,1,bicycle_rental,State St & 123rd St
8826645617fffff,civic_community,1,1,place_of_worship,Progressive Missionary Baptist Church
8826645617fffff,transport,1,1,bicycle_rental,State St & 127th St
8826645619fffff,nightlife,1,1,stripclub,The Factory
882664561dfffff,civic_community,2,1,"place_of_worship, place_of_worship","Jesus the House of Prayer of the Lord Jesus Christ, Gods House of Prayer"
882664561dfffff,education,1,1,school,Saint Salomeas School
8826645621fffff,civic_community,1,1,place_of_worship,Christ Universal Temple
8826645621fffff,education,1,1,school,Johnnie Colemon Academy
8826645621fffff,finance,2,2,"money_lender, bank","Speedy Cash Loans, Fifth Third Bank"
8826645621fffff,food_drink,5,2,"fast_food, fast_food, fast_food, fast_food, restaurant","Wingstop, Pizza Hut Delivery, Subway, Panda Express, Chili's"
8826645621fffff,grocery,1,1,supermarket,Jewel-Osco
8826645621fffff,health,1,1,optician,America's Best Contacts & Eyeglasses
8826645621fffff,leisure_sports,1,1,video_games,GameStop
8826645621fffff,shopping,10,7,"clothes, department_store, variety_store, nutrition_supplements, mobile_phone, clothes, clothes, telecommunication, department_store, shoes","Old Navy, Forman Mills, Dollar Tree, GNC, T-Mobile, DTLR, Rainbow, Xfinity, dd's Discounts, Snipes"
8826645625fffff,civic_community,2,2,"social_facility, place_of_worship","Mercy Home Girls Campus, Sacred Heart Church"
8826645625fffff,nightlife,2,1,"bar, bar","Declan’s Irish Pub, Rucker Cigar Lounge"
8826645629fffff,civic_community,4,1,"place_of_worship, place_of_worship, place_of_worship, place_of_worship","Holy Name of Mary Catholic Church, Lutheran Church of the Holy Spirit, Arnett Chapel African Methodist Episcopal Church, Greater Pleasant Green Baptist Church"
8826645629fffff,education,1,1,school,Whistler Elementary School
8826645629fffff,transport,3,1,"bicycle_rental, bicycle_rental, bicycle_rental","Ada St & 113th St, Laflin St & 115th St, Racine Ave & 115th St"
882664562bfffff,civic_community,5,4,"community_centre, place_of_worship, place_of_worship, social_facility, fire_station","Ray and Joan Kroc Community Center, Maple Park United Methodist Church, Mount Zion Baptist Church, Ray & Joan Kroc Community Center, Chicago Fire Department Engine Company 115"
882664562bfffff,education,1,1,school,Higgins Community Academy
882664562dfffff,civic_community,2,1,"place_of_worship, place_of_worship","Apostolic Pentecostal Church of Morgan Park, Morgan Park Pentecostal Church"
882664562dfffff,education,1,1,school,Esmond Elementary School
882664562dfffff,grocery,1,1,convenience,BP Shop
882664562dfffff,services,1,1,post_office,Morgan Park Post Office
882664562dfffff,shopping,1,1,variety_store,Family Dollar
882664562dfffff,transport,2,2,"bicycle_rental, fuel","Homewood Ave & 115th St, BP"
8826645631fffff,civic_community,2,1,"place_of_worship, place_of_worship","Saints Peter and Paul Catholic Church, Foster Park Church of Christ"
8826645631fffff,education,1,1,school,Ronald Brown Academy
8826645631fffff,food_drink,1,1,fast_food,Harold's Chicken Shack
8826645631fffff,shopping,1,1,variety_store,Dollar General
8826645633fffff,entertainment,1,1,artwork,Marshall Major Taylor
8826645639fffff,civic_community,2,1,"place_of_worship, place_of_worship","Hyde Park African Methodist Episcopal Church, Assumption Catholic Church"
8826645639fffff,education,2,1,"school, school","Assumption School, Ralph H. Metcalfe Community Academy"
8826645639fffff,transport,2,1,"bicycle_rental, bicycle_rental","Major Taylor Trail & 124th St, Stewart Ave & 123rd St"
882664563bfffff,automotive,1,1,car_repair,Dupe's Auto Enterprises
882664563bfffff,civic_community,2,1,"place_of_worship, place_of_worship","Saint Peter's Church of God and Christ, Christ Everlasting Missionary Baptist Church"
882664563bfffff,grocery,1,1,convenience,BP Shop
882664563bfffff,transport,2,2,"bicycle_rental, fuel","Parnell Ave & 127th St, BP"
882664563dfffff,education,1,1,school,Edward White Career Academy
882664563dfffff,nightlife,1,1,bar,The Spot Social Hour
882664563dfffff,transport,1,1,bicycle_rental,Halsted St & 123rd St
8826645641fffff,civic_community,11,2,"place_of_worship, place_of_worship, place_of_worship, place_of_worship, social_facility, place_of_worship, place_of_worship, place_of_worship, place_of_worship, place_of_worship, social_facility","Holy Miracle Church, Apostolic Assembly of the Lord Jesus Christ, Mount Calvary Interdenominational Church, Trinity All Nations Church, Roseland Senior Center, International Deliverance Center Church of God in Christ, Christian Missionary Baptist Church, Brown Temple Mission Church, Emmanuel Reformed Church, Kingdom Hall of Jehovah's Witnesses (Rosemoor), Roseland Place Senior Apartments"
8826645641fffff,education,1,1,school,Langston Hughes Elementary School
8826645641fffff,food_drink,2,1,"fast_food, fast_food","Jimmy's Best, White Castle"
8826645641fffff,grocery,1,1,convenience,Mobil Mart
8826645641fffff,health,1,1,pharmacy,Walgreens
8826645641fffff,lodging,1,1,motel,Royal Motel
8826645641fffff,transport,2,2,"bicycle_rental, fuel","Wentworth Ave & 104th St, Mobil"
8826645643fffff,civic_community,14,1,"place_of_worship, place_of_worship, place_of_worship, place_of_worship, place_of_worship, place_of_worship, place_of_worship, place_of_worship, place_of_worship, place_of_worship, place_of_worship, place_of_worship, place_of_worship, place_of_worship","New Saint John Missionary Baptist Church Number 2, Galilee Missionary Baptist Church, Evangelist Jerry Smith Crusade Memorial Church of God in Christ, Bethel House of Prayer, New Covenant Church of God in Christ, Church of Today, Roseland Faith Temple Church of God in Christ, Holy Mount Zion Pentecostal Church, Lilydale Progressive Missionary Baptist Church, All Saints Catholic Church, Roseland Christian Ministries Center, Christ Bible Center, Saint George and Matthias Episcopal Church, Zion Lutheran Church"
8826645643fffff,education,4,2,"school, school, library, school","All Saints School, Debbies School of Beauty Culture, Pullman Branch Library, Gwendolyn Brooks Preparatory Academy"
8826645643fffff,finance,1,1,money_transfer,Western Union
8826645643fffff,food_drink,1,1,fast_food,A.P. Deli
8826645643fffff,shopping,1,1,books,Burst Into Books
8826645645fffff,civic_community,8,2,"place_of_worship, place_of_worship, place_of_worship, place_of_worship, place_of_worship, fire_station, place_of_worship, place_of_worship","Prayers Warriors Missionary Baptist Church, Ambassadors for Christ Church of God in Christ, House of God, Church of Christ, Gods House of Holiness in Christ, Chicago Fire Department Engine Company 93, Journey Church of Chicago, New Macedonia Baptist Church"
8826645645fffff,grocery,1,1,grocery,Blak's Corner Store
8826645645fffff,shopping,1,1,variety_store,Dollar General
8826645647fffff,civic_community,2,1,"place_of_worship, place_of_worship","Mount Ebal Missionary Baptist Church, First General Assembly Church"
8826645647fffff,education,3,1,"school, school, school","Kwame Nkrumah Academy, Roseland Christian School, Mildred Lavizzo Elementary School"
8826645649fffff,automotive,1,1,car_parts,AutoZone
8826645649fffff,civic_community,2,1,"place_of_worship, place_of_worship","Saint John De La Salle Roman Catholic Church, Damascus Baptist Church"
8826645649fffff,education,1,1,school,Bennett Elementary School
8826645649fffff,finance,1,1,bank,Chase
8826645649fffff,food_drink,5,3,"ice_cream, restaurant, fast_food, fast_food, fast_food","Baskin-Robbins, Sammy's Breakfast, Church's Chicken, Burger King, Subway"
8826645649fffff,grocery,1,1,convenience,Citgo
8826645649fffff,shopping,5,2,"variety_store, mobile_phone, mobile_phone, variety_store, mobile_phone","Family Dollar, Boost Mobile, Metro by T-Mobile, Dollar Tree, T-Mobile"
8826645649fffff,transport,2,2,"bicycle_rental, fuel","Indiana Ave & 103rd St, Citgo"
882664564bfffff,civic_community,3,1,"place_of_worship, place_of_worship, place_of_worship","Pullman Christian Reformed Church, Community Bible Teaching Pentecostal Church, Pullman Presbyterian Church"
882664564bfffff,education,2,1,"school, school","Park Vernon Learning Academy, Cullen Elementary School"
882664564bfffff,food_drink,1,1,fast_food,Dunkin'
882664564bfffff,grocery,1,1,convenience,76
882664564bfffff,transport,2,2,"bicycle_rental, fuel","Vernon Ave & 107th St, 76"
882664564dfffff,education,1,1,school,Hephzibah Christian Academy
8826645651fffff,automotive,2,2,"car_wash, tyres","Shell, Wentworth Tire Service"
8826645651fffff,civic_community,5,4,"courthouse, police, social_facility, place_of_worship, place_of_worship","Cook County Municipal Court, Chicago Police Department 5th District, Illinois DHS Family Community Resource Center in Cook County - Roseland, House of Hope, Greenstone United Methodist Church"
8826645651fffff,education,1,1,school,Pullman Elementary School
8826645651fffff,entertainment,1,1,artwork,
8826645651fffff,food_drink,2,2,"restaurant, cafe","Lexington Betty Smoke House, The Pullman Cafe"
8826645651fffff,grocery,1,1,convenience,Shell
8826645651fffff,health,1,1,veterinary,Kragness Animal Hospital
8826645651fffff,nightlife,1,1,bookmaker,Club Hawthorne Off-Track Betting
8826645655fffff,automotive,2,1,"car_repair, car_repair","One Stop Auto, Auto Driveaway"
8826645655fffff,civic_community,8,1,"place_of_worship, place_of_worship, place_of_worship, place_of_worship, place_of_worship, place_of_worship, place_of_worship, place_of_worship","United Bibleway Community Missionary Baptist Church, Kingdom Hall of Jehovahs Witnesses, Greater Tabernacle Missionary Baptist Church, Holy Rosary Roman Catholic Church, The First Roseland Baptist Church, Reformation Lutheran Church, Kingdom Word Church Chicago, Paradise Temple Church of God in Christ"
8826645655fffff,education,2,1,"school, school","Holy Rosary School, Martin Luther Educational Center"
8826645655fffff,entertainment,4,2,"artwork, museum, artwork, artwork",Historic Pullman Foundation Exhibit Hall
8826645655fffff,services,1,1,funeral_directors,Paradise Garden Funeral Home
8826645655fffff,transport,2,1,"bicycle_rental, bicycle_rental","Cottage Grove Ave & 111th Pl, MLK Jr Dr & 111th St"
8826645657fffff,civic_community,2,1,"place_of_worship, place_of_worship","Saint Peters Spiritual Church of Faith, Crown of Life M.B. Church"
8826645657fffff,food_drink,2,2,"cafe, fast_food","Cal Harbor Restaurant & Lounge, McDonald's"
8826645657fffff,grocery,2,2,"convenience, supermarket","Kensington Korner, Farmfoods"
8826645657fffff,health,1,1,clinic,Chicago Family Health Center
8826645659fffff,finance,1,1,bank,U.S. Bank
8826645659fffff,food_drink,5,1,"fast_food, fast_food, fast_food, fast_food, fast_food","Potbelly, Wingstop, Subway, Culver's, Chick-fil-A"
8826645659fffff,grocery,1,1,supermarket,Walmart Supercenter
8826645659fffff,health,1,1,pharmacy,Walmart Pharmacy
8826645659fffff,shopping,4,4,"department_store, clothes, garden_centre, variety_store","Ross, DTLR, Walmart Garden Center, Dollar Tree"
8826645659fffff,transport,3,3,"bicycle_rental, charging_station, fuel","Doty Ave & 111th St, Tesla Supercharger, Shell"
882664565dfffff,civic_community,2,2,"place_of_worship, information","Beacon Holy Nazarene Church, National Park Service Pullman Visitor Center"
882664565dfffff,entertainment,2,1,"artwork, artwork",
882664565dfffff,food_drink,1,1,cafe,Pullman Club Coffee Shop
882664565dfffff,grocery,1,1,convenience,Citgo
882664565dfffff,transport,1,1,fuel,Pullman Citgo
8826645661fffff,civic_community,2,1,"place_of_worship, place_of_worship","Greater New Testament Missionary Baptist Church, Victory Cathedral Faith Church"
8826645661fffff,education,1,1,school,Mount Vernon Elementary School
8826645661fffff,services,1,1,storage_rental,Metro Self Storage
8826645661fffff,transport,2,1,"bicycle_rental, bicycle_rental","Aberdeen St & 106th St, Vincennes Ave & 107th St"
8826645663fffff,civic_community,3,1,"place_of_worship, place_of_worship, place_of_worship","New Morgan Park Church of God in Christ, Holy Cross Episcopal Church, Mount Calvary Baptist Church"
8826645663fffff,education,3,2,"music_school, school, school","West Point School of Music, West Point School of Music, Mount Calvary Christian Academy"
8826645663fffff,entertainment,2,1,"artwork, artwork",Marshall Major Taylor
8826645663fffff,food_drink,1,1,cafe,Erin's Cup
8826645663fffff,transport,2,2,"bicycle_rental, fuel",Major Taylor Trail & 111th St
8826645665fffff,food_drink,2,1,"cafe, cafe","Ellie’s Cafe, Favia Cafe & Sweets Shop"
8826645665fffff,services,1,1,dry_cleaning,
8826645665fffff,transport,1,1,bicycle_rental,Hale Ave & 107th St
8826645667fffff,civic_community,4,1,"place_of_worship, place_of_worship, place_of_worship, place_of_worship","The Church of Jesus Christ of Latter-day Saints, Beth Eden Baptist Church, New Hope Baptist Church, Morgan Park Seventh Day Adventist Church"
8826645667fffff,education,2,1,"school, school","Shoop Elementary School, Morgan Park High School"
8826645667fffff,food_drink,1,1,cafe,Jean’s Cafe
8826645667fffff,grocery,1,1,convenience,Citgo
8826645667fffff,transport,1,1,fuel,Citgo
8826645669fffff,civic_community,5,2,"place_of_worship, place_of_worship, place_of_worship, place_of_worship, social_facility","Gospel Temple Missionary Baptist Church, The Powerhouse Church of Chicago, The Way of Holiness Mission, Messiah Baptist Church"
8826645669fffff,education,1,1,school,Marcus Garvey Elementary School
8826645669fffff,finance,3,2,"atm, money_transfer, money_transfer","Bank of America, Western Union, 103rd & Halsted Currency Exchange"
8826645669fffff,food_drink,4,2,"restaurant, fast_food, fast_food, fast_food","Beggars Pizza, Subway, KFC, Harold's Chicken Shack"
8826645669fffff,grocery,1,1,convenience,Citgo
8826645669fffff,shopping,3,2,"mobile_phone, mobile_phone, variety_store","Boost Mobile, Metro by T-Mobile, Family Dollar"
8826645669fffff,transport,3,2,"bicycle_rental, bicycle_rental, fuel","Halsted St & 104th St, Aberdeen St & 103rd St, Citgo"
882664566bfffff,automotive,1,1,car_repair,Jiffy Lube
882664566bfffff,civic_community,4,1,"place_of_worship, place_of_worship, place_of_worship, place_of_worship","Logos Baptist Assembly, Greater Mount Eagle Baptist Church, Emerald Avenue Church of God, Bellevue Baptist Church"
882664566bfffff,education,2,1,"school, school","Dunne Elementary School, Children's Developmental Institute"
882664566bfffff,entertainment,1,1,artwork,
882664566bfffff,finance,1,1,bank,United Bank
882664566bfffff,grocery,3,2,"supermarket, convenience, convenience","Save-A-Lot, Citgo, Tiger Mart"
882664566bfffff,health,2,1,"clinic, clinic","Seby Medical Center, DaVita Dialysis"
882664566bfffff,transport,2,1,"fuel, fuel","Citgo, Exxon"
882664566dfffff,civic_community,4,2,"fire_station, place_of_worship, place_of_worship, place_of_worship","Chicago Fire Department Engine Company 24, Holy Ghost Deliverance Temple, Jehovahs Witnesses Fernwood Unit, Trinity Evangelical Lutheran Church"
882664566dfffff,education,2,1,"school, school","Barnard Elementary School, Percy L. Julian High School"
882664566dfffff,finance,1,1,bank,U.S. Bank
882664566dfffff,services,1,1,post_office,Chicago Post Office Finance Station H
882664566dfffff,transport,1,1,bicycle_rental,Vincennes Ave & 104th St
88266456c1fffff,entertainment,1,1,artwork,Prairie Boat
88266456c5fffff,civic_community,6,1,"place_of_worship, place_of_worship, place_of_worship, place_of_worship, place_of_worship, place_of_worship","Our Lady of the Gardens Roman Catholic Church, Mount Olive Missionary Baptist Church, Peter The Rock Church, Lively Stone Church of God in Christ, Jehovahs Witnesses Altgeld Gardens Unit, Altgeld Gardens Seventh Day Adventist Church"
88266456c5fffff,education,3,1,"school, school, school","Wheatley Child-Parent Education Center, CICS Lloyd Bond School, Carver Elementary School"
88266456c5fffff,services,1,1,laundry,Altgeld Gardens Laundry Building
88266456c9fffff,education,1,1,school,Carver Military Academy
88266456cbfffff,leisure_sports,1,1,picnic_site,Beaubien Woods Picnic Shelter Grove 1
88266456cdfffff,civic_community,2,2,"community_centre, place_of_worship","Altgeld Gardens Community Center, United Church of Altgeld Gardens"
88266456cdfffff,education,2,2,"library, childcare",Altgeld Branch Library
88266456cdfffff,services,2,1,"laundry, laundry","Altgeld Gardens Laundry Building, Altgeld Gardens Laundry Building"
88266456cdfffff,transport,1,1,bicycle_rental,Altgeld Gardens
88266456e3fffff,services,1,1,funeral_directors,Higgins Funeral Home (Heavenly Angels)
88266456e9fffff,education,1,1,school,W.E.B. Du Bois Elementary School
88266456e9fffff,transport,1,1,bicycle_rental,Indiana Ave & 133rd St
88266456ebfffff,education,1,1,school,Saint Mary's School
8826645701fffff,civic_community,2,1,"place_of_worship, place_of_worship","Mount Greenwood Reformed Church, Mount Greenwood United Methodist Church"
8826645701fffff,finance,1,1,bank,North Community Bank
8826645701fffff,grocery,1,1,convenience,
8826645701fffff,transport,2,2,"bicycle_rental, fuel","Lawndale Ave & 111th St, SNK Fuels"
8826645703fffff,civic_community,1,1,place_of_worship,Parkwood Baptist Church
8826645703fffff,grocery,1,1,bakery,Dolly’s Delectables
8826645705fffff,food_drink,1,1,fast_food,La Papas
8826645705fffff,services,1,1,storage_rental,Extra Space Storage
8826645705fffff,transport,1,1,bus_station,111th Street & Harding Terminal
8826645707fffff,automotive,1,1,car,McCarthy Ford
8826645707fffff,education,1,1,school,Chicago High School for the Agricultural Sciences
8826645707fffff,transport,1,1,bus_station,115th Street & Springfield Terminal
8826645709fffff,civic_community,1,1,place_of_worship,Mount Greenwood Lutheran Church
8826645709fffff,education,1,1,school,Mount Greenwood Elementary School
882664570bfffff,civic_community,2,2,"place_of_worship, fire_station","Saint Christina's Catholic Church, Chicago Fire Department Engine Company 92"
882664570bfffff,education,3,2,"library, school, school","Mount Greenwood Branch Library, Cassell Elementary School, Saint Cristina School"
882664570bfffff,finance,2,1,"bank, bank","U.S. Bank, CIBC"
882664570bfffff,food_drink,2,1,"fast_food, fast_food","Dunkin', Burger King"
882664570bfffff,grocery,1,1,convenience,7-Eleven
882664570bfffff,health,3,2,"clinic, clinic, pharmacy","Express Med Spa Chicago, DaVita Dialysis, Walgreens"
882664570bfffff,services,1,1,post_office,Mount Greenwood Post Office
882664570bfffff,shopping,4,4,"collector, mobile_phone, variety_store, hardware","Alternate Reality Comics, T-Mobile, Dollar Tree, Chicago True Value Hardware"
882664570bfffff,transport,1,1,bicycle_rental,Kedzie Ave & 110th St
882664570dfffff,civic_community,1,1,place_of_worship,Elim Baptist Church
882664570dfffff,nightlife,1,1,bar,Bar 106
882664570dfffff,shopping,1,1,variety_store,Dollar Tree
8826645719fffff,civic_community,1,1,place_of_worship,Saint Walter's Roman Catholic Church
8826645719fffff,education,1,1,school,Saint Walter School
8826645719fffff,food_drink,1,1,fast_food,Joey's Red Hots
882664571bfffff,finance,1,1,bank,First American Bank
882664571bfffff,health,1,1,pharmacy,Walgreens
882664571bfffff,shopping,2,2,"variety_store, chemist","Family Dollar, Walgreens"
882664571bfffff,transport,1,1,bus_station,Western & 119th Street Terminal
882664571dfffff,automotive,1,1,car_wash,Quick Suds Car Wash
882664572bfffff,education,1,1,school,Marist High School
8826645743fffff,automotive,1,1,car_repair,Jiffy Lube
8826645743fffff,civic_community,1,1,place_of_worship,Mount Greenwood Church of the Nazarene
8826645743fffff,food_drink,5,1,"fast_food, fast_food, fast_food, fast_food, fast_food","Subway, Donut Dudes, McDonald's, Popeyes, Pop's Italian Beef & Sausage"
8826645743fffff,grocery,2,2,"supermarket, convenience","Jewel-Osco, 7-Eleven"
8826645743fffff,shopping,2,2,"doityourself, bicycle","DeJay's Ace Hardware, Chicagoland Bicycle"
8826645743fffff,transport,1,1,bicycle_rental,Kedzie Ave & 104th St
8826645745fffff,civic_community,1,1,social_facility,Mercy Circle
8826645745fffff,education,4,1,"school, school, school, school","Mercy Hall, Brother Rice High School, Mother McAuley High School, Southwest Elementary School"
8826645747fffff,civic_community,1,1,place_of_worship,McDonough Chapel
8826645747fffff,education,1,1,university,Saint Xavier University
882664574bfffff,education,1,1,school,Saint John Fisher School
8826645751fffff,automotive,2,2,"car_repair, car_parts","Meineke, NAPA Auto Parts"
8826645751fffff,civic_community,2,1,"place_of_worship, place_of_worship","Religious Society of Friends, Morgan Park Baptist Church of Chicago"
8826645751fffff,education,1,1,school,Clissold Elementary School
8826645751fffff,finance,1,1,bank,PNC Bank
8826645751fffff,food_drink,6,2,"fast_food, fast_food, restaurant, fast_food, fast_food, restaurant","See Thru Chinese Kitchen, Milano's Pizza, Americanos, Waldo Cooney's Pizza, Buona, Home Run Inn Pizzeria"
8826645751fffff,grocery,2,2,"seafood, supermarket","DiCola's Seafood, County Fair Foods"
8826645751fffff,nightlife,2,2,"bar, pub","O'Rourkes Office, Open Outcry Brewing Company"
8826645753fffff,civic_community,5,2,"place_of_worship, social_facility, place_of_worship, social_facility, social_facility","Morgan Park Church of God, Saint Cajetan Roman Catholic Church, Smith Village"
8826645753fffff,education,2,1,"school, school","Saint Cajetan School, Morgan Park Academy"
8826645753fffff,entertainment,1,1,arts_centre,Beverly Art Center
8826645753fffff,finance,1,1,bank,U.S. Bank
8826645753fffff,grocery,1,1,supermarket,Fairplay Foods
8826645753fffff,shopping,1,1,clothes,111 West Boutique
8826645753fffff,transport,1,1,bicycle_rental,Western Ave & 111th St
8826645755fffff,education,1,1,school,Keller Regional Gifted Magnet School
8826645757fffff,education,1,1,kindergarten,Barbara Vick Early Childhood Center
8826645757fffff,grocery,1,1,convenience,
8826645757fffff,shopping,1,1,florist,Steuber Florist
8826645757fffff,transport,1,1,fuel,Kean
8826645759fffff,civic_community,2,1,"place_of_worship, place_of_worship","Beverly Evangelical Covenant Church, Saint John the Divine Lutheran Church"
8826645759fffff,entertainment,2,2,"artwork, museum",Ridge Historical Society
8826645759fffff,food_drink,3,2,"fast_food, coffee, fast_food","Dunkin', Beverly Bakery & Cafe, KFC"
8826645759fffff,nightlife,1,1,bar,Barney Callaghan’s Pub
8826645759fffff,services,1,1,funeral_directors,Donnellan Funeral Home
8826645759fffff,transport,1,1,bicycle_rental,Western Ave & 104th St
882664575bfffff,civic_community,6,3,"place_of_worship, police, fire_station, place_of_worship, place_of_worship, place_of_worship","Morgan Park Presbyterian Church, Chicago Police Department 22nd District, Chicago Fire Department Engine Company 120, Morgan Park Christian Church, Church of the Mediator, Morgan Park United Methodist Church"
882664575bfffff,education,2,2,"library, school","George C. Walker Branch Library, Council Oak Montessori School"
882664575bfffff,grocery,1,1,bakery,Laine’s Bake Shop
882664575dfffff,civic_community,3,2,"place_of_worship, community_centre, place_of_worship","Saint John Fisher Roman Catholic Church, Munroe Park Fieldhouse, Ridge Evangelical Lutheran Church"
882664575dfffff,nightlife,1,1,pub,Horse Thief Hollow
882664576bfffff,education,1,1,university,Graham School of Management
882664576bfffff,finance,1,1,bank,Chicago Patrolmen's Federal Credit Union
882664576bfffff,food_drink,2,2,"cafe, fast_food","Coffee Cats, Subway"
882664576bfffff,health,1,1,pharmacy,CVS Pharmacy
882664576bfffff,services,1,1,dry_cleaning,CD One Price Cleaners
882664576bfffff,transport,2,2,"bicycle_rental, bus_station","103rd St & Avers Ave, Pulaski & 104th Street Terminal"
882664c101fffff,civic_community,6,3,"information, information, social_centre, social_centre, place_of_worship, place_of_worship","Lincoln Park, North Pond, Elks National Memorial Building, Elks Lodge, Second Church of Christ Scientist, National Shrine of Saint Francis Xavier Cabrini"
882664c101fffff,education,2,1,"kindergarten, kindergarten","Mary Meyer School, Everbrook Academy"
882664c101fffff,entertainment,10,1,"artwork, artwork, artwork, artwork, artwork, artwork, artwork, artwork, artwork, artwork","Johann Wolfgang von Goethe Monument, Brotherhood, Brotherhood, Fraternity, Patriotism, Saint Joseph, Starlight, Richard Oglesby Monument, Alexander Hamilton Monument, John Peter Altgeld Momument"
882664c101fffff,finance,1,1,pawnbroker,Clark Pawners
882664c101fffff,food_drink,19,5,"pastry, fast_food, fast_food, fast_food, restaurant, restaurant, ice_cream, cafe, restaurant, cafe, restaurant, restaurant, restaurant, restaurant, restaurant, restaurant, fast_food, fast_food, restaurant","La Fayette, Chipotle, Papa John's, Wingstop, Del Seoul, Tarascas, Snow Dragon Shavery, HERO Coffee Bar, Pars Cove Restaurant, St. Joseph’s Hospital - Lake Shore Cafe, Tanaka Ramen, Gorkha Kitchen, North Pond, Wheat's End Cafe, Yolk, Happy Lamb Hot Pot, The Wiener Circle, McDonald's, Bacino's Italian Grill"
882664c101fffff,grocery,6,2,"convenience, convenience, convenience, supermarket, supermarket, convenience","Country Fresh Food Mart, 7-Eleven, Deli & More, Go Grocer, Go Grocer, 7-Eleven"
882664c101fffff,health,7,5,"dentist, clinic, clinic, doctors, dentist, veterinary, hospital","Julianne Carrara DMD MS Limited, Howard Brown Health Diversey, AMITA Health Digestive Institute Chicago, Chicago Family Asthma & Allergy, Allure Dental, Boulevard Veterinary, Saint Joseph Hospital"
882664c101fffff,leisure_sports,2,1,"picnic_site, picnic_site","Lincoln Park - Grove 10, Lincoln Park - Grove 8"
882664c101fffff,lodging,1,1,hotel,The Willows
882664c101fffff,nightlife,6,2,"bar, bar, bar, bar, bar, pub","Duke's Chicago Bar and Grill, Compass Bar, Galway Bay, Lakeview Men’s Club, Duffy's Tavern & Bar, Crossroads Public House"
882664c101fffff,services,5,3,"hairdresser, hairdresser, beauty, hairdresser, post_depot","Floyd's 99 Barbershop, Sport Clips, Zindaa Nail, Adel's Hair Sensation Salon, Lincoln Park Carrier Annex"
882664c101fffff,shopping,5,5,"department_store, clothes, mobile_phone, tobacco, books","Target, Crossroads Trading Co., AT&T, Diversey Tobacco, Christian Science Reading Room"
882664c101fffff,transport,5,1,"bicycle_rental, bicycle_rental, bicycle_rental, bicycle_rental, bicycle_rental","Clark St & Drummond Pl, Lake Shore Dr & Diversey Pkwy, Clark St & Wrightwood Ave, Hampden Ct & Diversey Pkwy, Stockton Dr & Wrightwood Ave"
882664c103fffff,civic_community,6,1,"information, information, information, information, information, information","The Peggy Notebaert Nature Museum, The Peggy Notebaert Nature Museum, Lincoln Park Zoo, The Peggy Notebaert Nature Museum, Searle Visitor Center"
882664c103fffff,education,1,1,school,Francis W. Parker School
882664c103fffff,entertainment,56,6,"artwork, artwork, artwork, viewpoint, artwork, viewpoint, viewpoint, viewpoint, viewpoint, artwork, viewpoint, viewpoint, viewpoint, viewpoint, viewpoint, viewpoint, attraction, attraction, viewpoint, viewpoint, artwork, artwork, artwork, artwork, artwork, zoo, museum, events_venue, attraction, artwork, artwork, attraction, attraction, attraction, attraction, attraction, attraction, attraction, attraction, attraction, attraction, artwork, attraction, attraction, attraction, attraction, attraction, attraction, attraction, attraction, zoo, attraction, attraction, attraction, attraction, artwork","Curve XXII (I Will), Steel Roots, Memorial to Extinct Birds, Charlie Haffner Kugel Fountain, Dwarf Crocodile, Klipspringer, Astroterra, Mother and Child Mountain Lions, Bison, Positivity Rules, Lincoln Park Zoo, The Peggy Notebaert Nature Museum, Theater on the Lake, AT&T Endangered Species Carousel, Johann Christoph Friedrich von Schiller Monument, William Shakespeare Monument, Japanese Macaque, Seal, African Penguin, Giraffe, Plains Zebra, Polar Bears, Eastern Black Rhinoceros, Baby Eastern Black Rhinoceros, Red River Hog, African Painted Dog, Adelor The Lion, Trumpeter Swan, Chilean Flamingo, River Otter, American Beaver, Red Wolf, Pritzker Family Children's Zoo, Black Bear, Diana Monkey, Meerkat, Aardvark, Charitas"
882664c103fffff,finance,1,1,atm,
882664c103fffff,food_drink,11,4,"cafe, fast_food, restaurant, restaurant, restaurant, cafe, cafe, restaurant, ice_cream, cafe, restaurant","Park Place Cafe, Dunkin', Sushi Para II, The Lakefront Restaurant, Mon Ami Gabi, Safari Cafe, Eadie Levy's Landmark Café, Green Tea Japanese Restaurant, Yoberri Gourmet, Dollop Coffee Co., Bird's Eye Bar & Grill"
882664c103fffff,grocery,1,1,butcher,Big Apple Butcher
882664c103fffff,health,1,1,optician,A Matter of Sight
882664c103fffff,leisure_sports,1,1,picnic_site,Lincoln Park - Grove 6
882664c103fffff,services,2,2,"beauty, storage_rental","Essential Nail Spa, Reebie Storage & Moving Co"
882664c103fffff,shopping,2,1,"gift, gift","Wild Things gift shop, Wild Gifts"
882664c103fffff,transport,5,1,"bicycle_rental, bicycle_rental, bicycle_rental, bicycle_rental, bicycle_rental","Lakeview Ave & Fullerton Pkwy, Sedgwick St & Webster Ave, Theater on the Lake, Lincoln Park Conservatory, Cannon Dr & Fullerton Ave"
882664c105fffff,civic_community,4,3,"fire_station, place_of_worship, social_facility, place_of_worship","Chicago Fire Department Engine Company 55, Saint George Greek Orthodox Church, Sunrise of Lincoln Park, Holy Covenant Church"
882664c105fffff,education,4,2,"school, childcare, school, school","Illinois Masonic Medical Center School of Nursing, Choo Choo Chicago, Alcott Elementary School, Harriet Tubman Elementary School"
882664c105fffff,entertainment,3,2,"artwork, artwork, cinema","The Nightingale, Ordinary Relic, Landmark Century Cinema"
882664c105fffff,finance,3,3,"atm, money_transfer, bank","MoneyGram, PNC Bank"
882664c105fffff,food_drink,48,4,"fast_food, restaurant, fast_food, restaurant, restaurant, restaurant, restaurant, restaurant, restaurant, restaurant, restaurant, restaurant, restaurant, fast_food, cafe, fast_food, fast_food, cafe, cafe, restaurant, restaurant, restaurant, cafe, cafe, restaurant, restaurant, restaurant, restaurant, restaurant, restaurant, restaurant, cafe, restaurant, fast_food, cafe, fast_food, fast_food, fast_food, restaurant, restaurant, restaurant, restaurant, restaurant, ice_cream, cafe, fast_food, restaurant, restaurant","Potbelly, Sakura, Dunkin', El Nuevo Mexicano, The River Kitchen and Bar, Nori Sushi Lincoln Park, DMK Burger Bar, Kirkwood Bar & Grill, Barcocina, Fish Bar, Andy's Thai Kitchen, The Gundis, Penny's Noodle Shop, Qdoba, Starbucks, Rosati's, BeeZzee Fresh Food, Zizi's Cafe, Stan's Donuts & Coffee, The Mayan Palace, Gyu-Kaku, Bluebird, Courtyard Café, Cafe Deko, Half Shell, Sapori Trattoria, Toro Sushi, La Crêperie, Nando's, The Original Pancake House, 5411 Empanadas - Lakeview, Starbucks, Mild 2 Spicy, Burger King, XO Marshmallow, Jimmy John's, Poppers, Tropical Smoothie Cafe, Comfort African Cuisine, Farm & Sea, WOW Pizzeria Lincoln Park, Tuk Tuk Thai Isan Street Food, Baskin-Robbins, Luckycat Cafe, Rendezvous Café, Las Fuentes, Select Cut Steak House"
882664c105fffff,grocery,7,5,"alcohol, bakery, marketplace, alcohol, convenience, supermarket, supermarket","Binny's Beverage Depot, Jennivee's Bakery, Sheffield Market & Deli, Diversey Prestige Liquors, 7-Eleven, The Fresh Market, Trader Joe's"
882664c105fffff,health,9,4,"pharmacy, optician, optician, dentist, clinic, clinic, pharmacy, clinic, clinic","Walgreens, Big City Optical, LensCrafters, Dentologie, Passport Health Lakeview Travel Clinic, Advocate Illinois Masonic Emergency Services, Advocate Pharmacy, Advocate Illinois Masonic Diagnostic Imaging, Lakeview Healing Oasis"
882664c105fffff,lodging,1,1,hotel,Hotel Versey
882664c105fffff,nightlife,13,2,"pub, bar, bar, bar, bar, bar, bar, bar, bar, bar, bar, bar, bar","Replay Lincoln Park, The Wild Hare, Vaughan’s Pub - Lakeview, Paddy Long’s, aliveOne, Duke of Perth, George Street Pub, Harrigan’s, Jake’s Pub, Matisse Tavern & Grill, The Century Bar, Barrel, Burwood Tap"
882664c105fffff,services,7,6,"cosmetics, hairdresser, dry_cleaning, beauty, massage, pet_grooming, dry_cleaning","bluemercury, refleKTion, CD One Price Cleaners, Salon De Vogue Nail, Massage Envy, Dashing Dog, Wellington Cleaners Alterations"
882664c105fffff,shopping,19,15,"tailor, music, department_store, bed, computer, clothes, clothes, mobile_phone, clothes, books, second_hand, frame, tailor, second_hand, gift, hardware, gift shop, musical_instrument, doityourself","Stitch n Ready, Gramaphone Records, TJ Maxx, Chicago Computerland, J. Crew Factory, Banana Republic, T-Mobile, Second City Bridal, Barnes & Noble, Mt. Sinai Resale Shop, Foursided Custom Framing, Grace Fashion Inc., 2nd STREET, Foursided, Halsted Hardware, Cuddle Bunny, Guitar Center, The Home Depot"
882664c105fffff,transport,5,1,"bicycle_rental, bicycle_rental, bicycle_rental, bicycle_rental, bicycle_rental","Wilton Ave & Diversey Pkwy, Clark St & Wellington Ave, Burling St & Diversey Pkwy, Sheffield Ave & Wellington Ave, Halsted St & Wrightwood Ave"
882664c107fffff,civic_community,5,2,"place_of_worship, place_of_worship, place_of_worship, place_of_worship, social_facility","Lincoln Park Presbyterian Church, Saint Clement Roman Catholic Church, Church of Our Saviour, Saint Paul's United Church of Christ, Belmont Living - Lincoln Park"
882664c107fffff,education,5,2,"school, school, childcare, school, school","Chicago Dance Center, Blackhawk School of Art, Park West Cooperative Nursery School, Lincoln Elementary School, Saint Clement School"
882664c107fffff,entertainment,9,3,"artwork, artwork, artwork, theatre, artwork, artwork, arts_centre, theatre, arts_centre","Dorothy & Toto, Tin Man, Scarecrow, Greenhouse Theater Center, John Dillinger, Sasha and Eugene Jarvis Opera Hall, Biograph Theatre, Holtschneider Performance Center"
882664c107fffff,finance,4,2,"atm, bank, bank, bank","Bank of America, Chase, Fifth Third Bank, Wells Fargo"
882664c107fffff,food_drink,73,7,"fast_food, fast_food, restaurant, restaurant, restaurant, restaurant, restaurant, cafe, fast_food, restaurant, fast_food, fast_food, restaurant, fast_food, fast_food, restaurant, restaurant, restaurant, restaurant, fast_food, cafe, restaurant, cafe, restaurant, cafe, cafe, coffee, pastry, cafe, restaurant, restaurant, restaurant, restaurant, restaurant, restaurant, restaurant, cafe, fast_food, restaurant, fast_food, restaurant, fast_food, cafe, restaurant, restaurant, restaurant, restaurant, restaurant, restaurant, fast_food, pastry, ice_cream, fast_food, chocolate, restaurant, cafe, fast_food, fast_food, restaurant, fast_food, restaurant, cafe, fast_food, fast_food, fast_food, fast_food, restaurant, cafe, restaurant, cafe, restaurant, fast_food, cafe","Chipotle, Five Guys, House of Wings, Nine, Tapas Restarurant/Bar, Kabuki, Basil Leaf, Firecakes Donuts, Sultan's Market, Lincoln Park Pizza, Johnny's, Dairy Queen, Paulas Thai Kitchen, Domino's, Jimmy John's, La Crosta Woodfire Pizzeria Italiana, Toast, Moti Modern Indian Kitchen, Aloha Eats, China Wok, Starbucks, Millie's Supper Club, Colectivo Coffee, Chengdu Impression, Bocadillo Market, Cafe Vienna, Cafecito, Insomnia Cookies, The Bagelers Coffeehouse, The Fat Shallot - Lincoln Park, The Field House, Ghareeb Nawaz, The Pasta Bowl, Noodles In the Pot, Galit, Lincoln Station, Philz Coffee, Velvet Taco, Lito's Empanadas, Orange Julius, Kaathis, Chicago Dog House, Happy Lemon, Egg Tuck, Bacino's Pizza, Xi'an Dynasty Cuisine, Allende, elephant & vine, Allende, Pure Green, Crumbl Cookies, Cold Stone Creamery, Sweetgreen, Kohler Chocolates, Kala, Dash of Salt and Pepper, Taco Bell Cantina, Fry the Coop, CM Chicken, Subway, The Bad Apple, Soloway coffee, Potbelly, Raising Cane's, Proper Pizza, Panera Bread, Moretti's Pizzeria & Bar, Countryside Cafe, Simply it, Serai Cafe & Deli, Cafe Yaya, Dog Haus, Bourgeois Pig Cafe"
882664c107fffff,grocery,8,6,"bakery, supermarket, bakery, wine, tea, convenience, alcohol, alcohol","Cafe Vienna, Big Apple Finer Foods, Swirlz Cupcakes, Verve, Matchacita, Lincoln C Mart, Lakeside #2 Food Wine Spirits, Spirit Hub"
882664c107fffff,health,3,3,"pharmacy, veterinary, clinic","Walgreens, Oz Animal Hospital, Outpatient Center in Lincoln Park"
882664c107fffff,leisure_sports,1,1,dojo,Supreme Jiu Jitsu
882664c107fffff,nightlife,18,2,"bar, bar, bar, pub, bar, bar, bar, bar, bar, bar, bar, bar, bar, bar, bar, bar, bar, bar","Halligan Bar, B.L.U.E.S., Gaslight, Wise Fools Pub, Kelsey's, The Dime, Frank’s Bar, The Tin Lizzie, Hook and Ladder, Parson’s Chicken & Fish, The Red Lion Pub, Tobacco Road Tap Room, The Other Side Bar, Lincoln Hall, Galway Arms, The Golden Dagger, Kingston Mines, Ravens"
882664c107fffff,services,7,5,"hairdresser, massage, beauty, post_office, dry_cleaning, beauty, hairdresser","Great Clips, Lincoln Park Massage Spa, Nails Boutique, FedEx Office, Young's Cleaners, Zenails, Blowout Junkie"
882664c107fffff,shopping,7,7,"hifi, department_store, frame, cannabis, tobacco, tailor, shoes","ProMusica, Target, The Frame Shop, Chicago CBD and Hemp, Mr. Vape & Smoke, Seams, New Balance"
882664c107fffff,transport,3,1,"bicycle_rental, bicycle_rental, bicycle_rental","Larrabee St & Webster Ave, Lincoln Ave & Fullerton Ave, Halsted St & Belden St"
882664c109fffff,entertainment,2,1,"artwork, artwork","The Alarm, ‘Self-Portrait’"
882664c109fffff,leisure_sports,1,1,picnic_site,Lincoln Park - Grove 13
882664c109fffff,transport,1,1,bicycle_rental,Lake Shore Dr & Wellington Ave
882664c10bfffff,entertainment,4,1,"artwork, artwork, artwork, artwork","A Signal of Peace, Emanuel Swedenborg Monument, Chevron, Ten Thousand Ripples"
882664c10dfffff,civic_community,7,2,"community_centre, place_of_worship, place_of_worship, place_of_worship, place_of_worship, place_of_worship, place_of_worship","Chabad East Lakeview Community Center, Second Unitarian Church of Chicago, Our Lady of Mount Carmel Roman Catholic Church, Broadway United Methodist Church, Anshe Sholom Bnai Israel Congregation, Christ Church of Chicago, Saint Peter's Episcopal Church"
882664c10dfffff,education,3,2,"school, library, school","Nettelhorst Elementary School, Merlo Branch Library, Mount Carmel School"
882664c10dfffff,entertainment,4,2,"artwork, theatre, theatre, artwork","Legacy Walk Rainbow Pylon, Laugh Factory, Briar Street Theatre, General Philip Henry Sheridan Monument"
882664c10dfffff,finance,3,1,"bank, bank, bank","Chase, Byline Bank, Bank of America"
882664c10dfffff,food_drink,51,6,"fast_food, cafe, restaurant, restaurant, restaurant, restaurant, cafe, restaurant, cafe, restaurant, fast_food, cafe, restaurant, fast_food, fast_food, restaurant, restaurant, restaurant, fast_food, fast_food, fast_food, restaurant, fast_food, restaurant, restaurant, restaurant, restaurant, cafe, cafe, restaurant, restaurant, restaurant, restaurant, fast_food, confectionery, cafe, restaurant, fast_food, restaurant, ice_cream, fast_food, restaurant, restaurant, restaurant, restaurant, restaurant, pastry, restaurant, cafe, restaurant, restaurant","Clark Street Dog, Peet's Coffee, Wake n Bacon, Stella's Diner, Drew's on Halsted, Eggsperience Pancakes & Cafe, Stan's Donuts & Coffee, Ping Pong Asian-Thai, Intelligentsia, Sandwich Me In, Subway, The Coffee & Tea Exchange, Joy's Noodles & Rice, Taqueria Tejupilco, Domino's, Thaiday Street Cafe, Troy Mediterranean Grill & Turkish Kitchen, Crisp, Peking Chinese Food, Momo Factory, Chicken Hut, Brazilian Bowl, Epic Kitchens Dining Room, Grand Mongolian Hot Pot, Sumo Sushi and Hibachi, The Crepe Shop, Chicago Sugar Daddy Patisserie, Maison Marcel, Modern Grill, Ms. T’s Southern Fried Chicken, Sushi + Rotary Sushi Bar, Kameya Ramen & Sushi, Roebuck, Pizza Hut Delivery, Windy City Sweets, Fancy Plants Cafe, Bombay Wraps, Taco & Burrito House, Wakamono, Brothers Creamery Frozen Custard, Juice RX, Musashiya Ramen, Red Pig Asian Kitchen, Nancy’s Stuffed Pizza, Yummy Yummy Asian Cuisine, Chilam Balam, Crave Cookies, Flub A Dub Chub's, Mini Donut Factory, Little Wok, Wilde Bar & Restaurant"
882664c10dfffff,grocery,5,3,"supermarket, supermarket, convenience, bakery, bakery","Apple Bite Liquor, Mariano's Fresh Market, Belmont Harbor Market, Esencia, Linda’s Magic Brownies"
882664c10dfffff,health,6,3,"dentist, dentist, optician, optician, pharmacy, pharmacy","Dr Fred Purcell General Dentistry, Lakeview Dental Arts, Superior Eye Care, Big City Optical, Walgreens, CVS Pharmacy"
882664c10dfffff,nightlife,12,2,"bar, pub, bar, bar, bar, bar, bar, bar, bar, bar, bar, bar","Friar Tuck, DryHop Brewers, The Closet, Lucky Horsehoe Lounge, Avenue Tavern, Dram Shop, Wang’s, Cubaneo, Muse Spirits, Monsignor Murphys, Nob’s Wine Bar, Cesar’s Killer Margaritas"
882664c10dfffff,services,13,6,"dry_cleaning, beauty, beauty, psychic, beauty, copyshop, beauty, post_office, cosmetics, beauty, dry_cleaning, beauty, cosmetics","Day & Nite Best Dry Cleaners, Blink and Polish Nail Salon, The Nail Collaborative, Lakeview Threading Salon, FedEx Office, Palm Beach Tan, The UPS Store, Choc Choc, Ocean Nail Salon, Manor Cleaners, The Skin Bar at Ulta Beauty, Ulta Beauty"
882664c10dfffff,shopping,17,12,"bicycle, nutrition_supplements, books, clothes, clothes, tobacco, toys, shoes, mobile_phone, clothes, gift, e-cigarette, gift, clothes, frame, chemist, chemist","Johnny Sprockets, GNC, Unabridged Bookstore, Zeglio Custom Clothiers, Gap, House of Hookah, KA-POW Collectibles, Mariny's Shoe Repair, Verizon, CRAM Fashion, The Inkling Shop, Chicago House of Smokes, Rise Up, The Xchange, The Great Frame Up, CVS Pharmacy, Walgreens"
882664c10dfffff,transport,5,3,"bicycle_rental, charging_station, bicycle_rental, bicycle_rental, bus_station","Broadway & Barry Ave, Tesla Supercharger, Broadway & Belmont Ave, Lake Shore Dr & Belmont Ave, Belmont & Halsted Terminal"
882664c115fffff,education,2,2,"school, kindergarten","Old Town Triangle Art Center, Dr. Fisher Early Learning Center"
882664c115fffff,entertainment,27,5,"artwork, viewpoint, viewpoint, viewpoint, viewpoint, artwork, events_venue, artwork, zoo, attraction, attraction, attraction, attraction, attraction, attraction, attraction, attraction, attraction, attraction, attraction, attraction, attraction, attraction, attraction, attraction, attraction, artwork","Rites of Spring, Lincoln Park Passerelle Viewpoint, Lemon Tree, Café Brauer (South Pond Refectory), Benjamin Franklin, Farm-in-the-Zoo, Western Lowland Gorilla, Chimpanzee, Grevy's Zebra, Chacoan Peccary, Bactrian Camel, Red Kangaroo, Patagonian Cavy, Ostrich, Muscovy Duck, Sichuan Takin, Rabbit, Chicken, Pony, Pig, Cow, Goat, Dragon"
882664c115fffff,food_drink,3,2,"restaurant, cafe, cafe","The Kennison, Elaine's Coffee Call, The Patio at Café Brauer"
882664c115fffff,grocery,1,1,marketplace,Farmer's Market
882664c115fffff,leisure_sports,5,1,"picnic_site, picnic_site, picnic_site, picnic_site, picnic_site","Lincoln Park - Grove 4, Lincoln Park - Grove 3, Lincoln Park - Grove 2"
882664c115fffff,lodging,1,1,hotel,Hotel Lincoln
882664c115fffff,nightlife,2,1,"bar, bar","The J. Parker, Shore Club"
882664c115fffff,transport,1,1,bicycle_rental,Clark St & Lincoln Ave
882664c117fffff,civic_community,1,1,information,Wooden Alley
882664c117fffff,education,1,1,school,Latin School of Chicago
882664c117fffff,entertainment,6,3,"artwork, artwork, museum, museum, attraction, artwork","Fountain Girl, Hope and Help, Charnley-Pesky House Museum, International Museum of Surgical Science, Wooden Alley, Greene Vardiman Black"
882664c117fffff,transport,2,1,"bicycle_rental, bicycle_rental","Lake Shore Dr & North Blvd, Ritchie Ct & Banks St"
882664c121fffff,automotive,2,2,"tyres, car_repair","U-Pick-A-Tire Store, Jiffy Lube"
882664c121fffff,civic_community,1,1,social_facility,The Vistas Lincoln Park
882664c121fffff,education,6,4,"driving_school, prep_school, prep_school, music_school, school, prep_school","Central Driving Academy, Mathnasium, Huntington, Chicago Music Lessons, Prescott Elementary School, Russian School of Mathematics"
882664c121fffff,entertainment,1,1,cinema,Facets Multi-Media
882664c121fffff,finance,3,2,"bank, bank, atm","Huntington Bank, PNC Bank, Bank of America"
882664c121fffff,food_drink,19,3,"restaurant, restaurant, restaurant, fast_food, restaurant, fast_food, restaurant, cafe, fast_food, restaurant, fast_food, fast_food, fast_food, fast_food, restaurant, restaurant, fast_food, fast_food, restaurant","The Monkey's Paw, Avli Taverna, Suda's Lebanese Cuisine, Domino's, Vegan Plate, Mr. Submarine, Sushi Payce, The Cuptown, Taco & Burrito House, El Presidente, Taco Bell, McDonald's, Wendy's, Burger King, The Squared Circle, Oliang, Panda Express, Capriotti's, Chuck E. Cheese"
882664c121fffff,grocery,1,1,convenience,BP Shop
882664c121fffff,health,4,3,"dentist, dentist, pharmacy, optician","The Dental Practice of Lincoln Park, Floss & Co. - Lincoln Park, Walgreens, Pearle Vision"
882664c121fffff,leisure_sports,2,2,"sports, video_games","Strings Attached, GameStop"
882664c121fffff,nightlife,6,2,"pub, bar, bar, bar, bar, bar","Bird's Nest, Augie’s, Broken Barrel Bar, The Arrogant Frog Bar, The Warehouse Bar & Pizzeria Chicago, Liars Club"
882664c121fffff,services,11,6,"massage, beauty, hairdresser, massage, beauty, beauty, beauty, storage_rental, laundry, beauty, cosmetics","Foot Smile Spa, MF Aesthetics, Ricci Kapricci, Fit Foot, Threading Point, J-Nail Club, Ette, Public Storage, Riverpoint Coin Laundry, Level Nails Bar, Bath & Body Works"
882664c121fffff,shopping,14,11,"bicycle, doityourself, florist, frame, frame, interior_decoration, florist, bicycle, department_store, electrical, clothes, shoes, fashion_accessories, mobile_phone","Ametric Supply Co., Bunches, Prints Unlimited Galleries, Chicago Center for the Print, Platinum Homes General Contractors, Cattails, Big City Bikes, Marshalls, The Bryant Electric Co., Old Navy, Famous Footwear, claire's, AT&T"
882664c121fffff,transport,5,3,"bicycle_rental, bicycle_rental, bicycle_rental, charging_station, fuel","Ashland Ave & Wrightwood Ave, Greenview Ave & Fullerton Ave, Southport Ave & Wrightwood Ave, eVgo, BP"
882664c123fffff,automotive,3,2,"car_wash, car_wash, car_repair","White Glove Car Wash, Auto Spa Chicago, Midtown Auto Repair"
882664c123fffff,civic_community,2,2,"social_facility, place_of_worship","The Salvation Army Northside Adult Rehabilitation Center, Saint Josaphat Catholic Church"
882664c123fffff,education,4,2,"school, school, school, kindergarten","Thomas School, Sisters of Nazareth School, Saint Josephat School, Crème de la Crème Learning Center of Lincoln Park"
882664c123fffff,entertainment,2,2,"cinema, events_venue","Regal Webster Place 11, Windy City Fieldhouse"
882664c123fffff,finance,2,1,"bank, bank","Chase, Bank of America"
882664c123fffff,food_drink,14,3,"restaurant, restaurant, restaurant, restaurant, restaurant, restaurant, cafe, restaurant, cafe, restaurant, fast_food, restaurant, fast_food, fast_food","Centre Street Kitchen, Old Pueblo Cantina, Corner Kitchen, Interurban Boathouse, Beck’s Chicago, Anor, Floriole Cafe & Bakery, Pequod’s Pizzeria, Vero Coffee & Gelato, Rock Wrap & Roll, Chipotle, Noodles & Company, Potbelly, Fatso's Last Stand"
882664c123fffff,grocery,4,3,"bakery, bakery, convenience, supermarket","Sweet Mandy B’s, Mariano’s Fresh Market, 7-Eleven, Mariano's Fresh Market"
882664c123fffff,health,8,4,"veterinary, clinic, dentist, clinic, optician, clinic, dentist, clinic","Family Pet Animal Hospital, Immediate MD, Pediatric Dental Care, Physician's Immediate Care, MyEyeDr., Premier Allergy, Asthma & Sinus Care, Westend Dental of Lincoln Park Chicago, Advocate Medical Group Outpatient Center"
882664c123fffff,leisure_sports,2,2,"games, sports","Good Games Chicago, Running Away Multisport"
882664c123fffff,nightlife,4,1,"bar, bar, bar, bar","Distilled Chicago, Varsity Club, Whale Tale, Kibbitznest Books, Brews & Blarney"
882664c123fffff,services,8,7,"dry_cleaning, dry_cleaning, hairdresser, beauty, animal_boarding, pet_grooming, shoe_repair, storage_rental","Corner Cleaners, Rinse, Regis, Palm Beach Tan, Wag Hotels, Animal Lovers Pet Salon, Clyborn Cobbler, Self-Storage 1"
882664c123fffff,shopping,17,11,"florist, bicycle, clothes, paint, hairdresser_supply, furniture, pet, bed, houseware, bed, pet, second_hand, pet, charity, clothes, charity, furniture","Chicago Flower Company, Roll, Men's Wearhouse, Sherwin-Williams, CosmoProf, Walter E. Smithe Furniture, Petco, Mattress Firm, The Container Store, Tempur-Pedic, Kriser's Natural Pet, Cynthia's Consignment, JustFoodForDogs, The Salvation Army, Transcending Studios, The Salvation Army, Pottery Barn Kids"
882664c123fffff,transport,1,1,bicycle_rental,Southport Ave & Clybourn Ave
882664c125fffff,automotive,3,3,"car_repair, car_wash, car","Pep Boys, Express Car Wash, Fox Motors"
882664c125fffff,civic_community,1,1,social_facility,Lathrop Elderly Apartments
882664c125fffff,entertainment,2,1,"viewpoint, viewpoint",
882664c125fffff,finance,2,1,"bank, bank","Fifth Third Bank, Chase"
882664c125fffff,food_drink,8,3,"cafe, fast_food, cafe, restaurant, cafe, fast_food, fast_food, fast_food","Chromium, Panera Bread, Hexe Coffee Co., Uno Pizzeria & Grill, Starbucks, Popeyes, Chick-fil-A, Subway"
882664c125fffff,grocery,5,3,"supermarket, supermarket, convenience, supermarket, alcohol","Fresh Thyme, Jewel-Osco, Aldi, Binny's Beverage Depot"
882664c125fffff,health,5,3,"clinic, clinic, optician, optician, doctors","Endeavor Health Orthopaedic & Spine Center - Chicago in Bucktown, DaVita Dialysis, Visionworks, America's Best Contacts & Eyeglasses, Milan Laser Hair Removal"
882664c125fffff,lodging,1,1,hotel,The Hotel At Midtown
882664c125fffff,services,7,5,"beauty, beauty, storage_rental, copyshop, hairdresser, cosmetics, beauty","The Skin Bar at Ulta Beauty, Benefit Brow Bar, Safeguard Self Storage, FedEx Office, Sport Clips, Ulta Beauty, Lee Nails"
882664c125fffff,shopping,17,13,"bed, wholesale, department_store, doityourself, pet, craft, doityourself, jewelry, bicycle, garden_centre, variety_store, computer, department_store, department_store, shoes, variety_store, hairdresser_supply","Mattress Firm, Costco, Target, The Home Depot, PetSmart, Michaels, Menards, Zales, Element Multisport, Five Below, Micro Center, Burlington, Ross, Shoe Carnival, Dollar Tree, Sally Beauty"
882664c125fffff,transport,7,3,"bicycle_rental, charging_station, bicycle_rental, charging_station, charging_station, fuel, fuel","Logan Blvd & Elston Ave, Damen Ave & Clybourn Ave, Tesla Supercharger, Costco Lincoln Park, Exxon, Costco Gasoline"
882664c127fffff,automotive,1,1,car_wash,Shell
882664c127fffff,civic_community,1,1,place_of_worship,Covenant Presbyterian Church
882664c127fffff,education,1,1,kindergarten,Bubbles Academy
882664c127fffff,finance,2,1,"bank, bank","PNC Bank, BMO"
882664c127fffff,food_drink,10,3,"cafe, restaurant, cafe, restaurant, restaurant, restaurant, restaurant, fast_food, restaurant, restaurant","Little Beans, The Goddess and Grocer, Bucktown Beanery, Le Bouchon, Coast Sushi Bar, The Royal Grocer & Co, The Bristol, Subway, Huaraches Mexican Restaurant, Taqueria L'Patron"
882664c127fffff,grocery,3,3,"alcohol, wine, convenience","Polonia Food & Liquors, Door 24, Shell"
882664c127fffff,leisure_sports,1,1,sports,PGA Tour Superstore
882664c127fffff,nightlife,7,2,"bar, bar, bar, bar, bar, nightclub, bar","Charleston, Burke’s Web Pub, Danny’s Tavern, Gigi’s Kitchen, Green Dolphin Street, WhirlyBall"
882664c127fffff,services,2,2,"rental, animal_training","Budget, Zoom Room Dog Training"
882664c127fffff,shopping,10,10,"florist, bicycle, doityourself, antiques, trade, clothes, electronics, department_store, party, stationery","Daffodils, BFF Bikes, Rebuilding Exchange, Pagoda Red, Grainger, The Moth, Best Buy, Kohl's, Spirit Halloween, OfficeMax"
882664c127fffff,transport,3,2,"bicycle_rental, bicycle_rental, fuel","Damen Ave & Charleston St, Winchester Ave & Elston Ct, Shell"
882664c129fffff,automotive,1,1,car_repair,Tuffy
882664c129fffff,civic_community,2,1,"place_of_worship, place_of_worship","Church of Scientology, Saint Alphonsus Roman Catholic Church"
882664c129fffff,education,5,1,"school, school, school, school, school","Academy of Acupuncture, Chicago School of Massage Therapy, Discovery Center, The Learning Exchange, Saint Alphonsus School"
882664c129fffff,entertainment,1,1,theatre,Athenaeum Theatre
882664c129fffff,food_drink,23,3,"restaurant, fast_food, fast_food, restaurant, cafe, restaurant, cafe, restaurant, restaurant, restaurant, restaurant, restaurant, cafe, restaurant, cafe, restaurant, restaurant, cafe, restaurant, restaurant, restaurant, restaurant, fast_food","Golden Apple, Pockets, Jimmy John's, Grand River, Coffee Lab & Roasters, Farm Bar Lakeview, Heritage Bicycles General Store, Sal’s Trattoria, Sam & George’s, Food Flight, Las Tablas Colombian Steakhouse, Batter & Berries, Herb & Alchemy, Los 3 Panchos, Vigo Coffee, Dear Margaret, WG  Pizzas, Big Shoulders Coffee, Left Coast Food + Juice, Que Rico, S&G Restaurant, Sarpino's Pizzeria"
882664c129fffff,grocery,2,1,"convenience, convenience","BP Shop, Circle K"
882664c129fffff,health,2,2,"optician, dentist","Wink Optical, Noble Dentistry of Chicago"
882664c129fffff,nightlife,12,2,"pub, bar, bar, bar, bar, bar, bar, bar, bar, bar, bar, pub","Rocks Lincoln Park, Will's Northwoods Inn, Beermiscuous, Delilah’s, Side Street Saloon, Twisted Tap, The Diag, The Hometavern, The Land on Lincoln, Lincoln Tap Room, Delilah's, Wellington's Tavern"
882664c129fffff,services,2,2,"dry_cleaning, hairdresser","Fine Cleaners, Traditions"
882664c129fffff,shopping,8,7,"houseware, furniture, bicycle, candles, toys, books, pet, books","Peerless Imported Rugs, Rubin's Contemporary Furniture, Heritage General Store, Waxman Candles, Rotofugi, Three Avenues Bookshop, Barks N' Rec, Goblin Market"
882664c129fffff,transport,5,2,"bicycle_rental, bicycle_rental, bicycle_rental, fuel, fuel","Greenview Ave & Diversey Pkwy, Lincoln Ave & Diversey Pkwy, Southport Ave & Wellington Ave, BP, Shell"
882664c12bfffff,automotive,2,2,"car_wash, car_repair","Milito's Car Wash, Milito's Auto Repair"
882664c12bfffff,civic_community,3,3,"place_of_worship, social_facility, social_centre","Seminary Avenue Community Church, St. Mary's Home, American Legion Wayne-Wright Post 1052"
882664c12bfffff,education,8,3,"school, school, library, university, school, university, library, school","Presbyterian Theological Seminary, Theatre Shoppe Backstage, Chicago Public Library - Lincoln Park Branch, DePaul University - The Art School, DePaul University - The Grace School of Applied Diplomacy, DePaul University, John T. Richardson Library, Oscar F. Mayer Elementary School"
882664c12bfffff,entertainment,9,4,"artwork, artwork, artwork, artwork, artwork, artwork, gallery, museum, theatre","Vincent de Paul with two students, Eagle Columns, Monsignor John Egan, Landslide, Hayes Healy Gymnasium, Doors Open Everywhere at Fullerton, Richardson Art Gallery, DePaul Art Museum, Apollo Theater"
882664c12bfffff,finance,1,1,atm,BMO
882664c12bfffff,food_drink,20,3,"restaurant, cafe, cafe, cafe, restaurant, fast_food, restaurant, fast_food, restaurant, restaurant, fast_food, cafe, restaurant, restaurant, fast_food, cafe, cafe, restaurant, restaurant, fast_food","Lou Malnati's Pizzeria, Savor the Flavor, Starbucks, Starbucks, Mo's, Dunkin', Royal Highness Zhu, Jersey Mike's Subs, Pat's Pizzeria, Bobby’s Lincoln Park, Wingstop, Printer’s Row Coffee, The Barrelhouse Flat, Juno, Good Eats, Tsaocaa, Verzênay Chicago, Broken English, Hop sand Curds, Dunkin'"
882664c12bfffff,grocery,4,1,"convenience, convenience, convenience, convenience","7-Eleven, Exotic Snack Guys, Mobil Mart, 7-Eleven"
882664c12bfffff,health,1,1,doctors,AMITA Sage Medical Group
882664c12bfffff,nightlife,8,2,"pub, bar, bar, bar, bar, bar, bar, bar","Gaslight, Prost, Irish Eyes, Racine Plumbing Bar & Grill, Rose’s Lounge, Tapster Lincoln Park, Parlay Lincoln Park"
882664c12bfffff,services,8,5,"post_office, dry_cleaning, post_office, beauty, rental, beauty, beauty, storage_rental","Lincoln Park Postal Store, Chicago's Discount Cleaner and Laundry, The UPS Store, Nail Fairy & Spa, U-Haul, LA Tan, Midcity Nails Salon, U-Haul"
882664c12bfffff,shopping,3,3,"books, costume, antiques","DePaul University Bookstore, Chicago Costume, Gift Home Decor & More"
882664c12bfffff,transport,5,2,"fuel, bicycle_rental, bicycle_rental, bicycle_rental, bicycle_rental","Mobil, Racine Ave & Fullerton Ave, Sheffield Ave & Fullerton Ave, Sheffield Ave & Wrightwood Ave, Racine Ave & Wrightwood Ave"
882664c12dfffff,civic_community,3,1,"place_of_worship, place_of_worship, place_of_worship","Church of the Good News, Saint Bonaventures Roman Catholic Church, Galilee Baptist Church"
882664c12dfffff,education,2,1,"school, school","Saint Alphonsus High School, Saint Bonaventure School"
882664c12dfffff,finance,2,1,"bank, bank","Huntington Bank, Lakeside Bank"
882664c12dfffff,food_drink,14,4,"fast_food, restaurant, ice_cream, cafe, fast_food, restaurant, fast_food, restaurant, fast_food, fast_food, restaurant, fast_food, restaurant, restaurant","Subway, Tutto Fresco, Baskin-Robbins, Starbucks, Chipotle, Jet's Pizza, Honey Baked Ham, Bonci Pizza, McDonald's, Boston Market, Flo, Dunkin', Breakfast House, The Art of Pizza"
882664c12dfffff,grocery,5,3,"alcohol, convenience, convenience, supermarket, convenience","Foremost Liquor, Shell, 7-Eleven, Jewel-Osco, Mobil Mart"
882664c12dfffff,health,2,2,"pharmacy, dentist","Jewel-Osco, Sparrow Dental"
882664c12dfffff,nightlife,2,1,"bar, bar","Cody’s Public House, Four Shadows"
882664c12dfffff,services,4,4,"post_office, hairdresser, storage_rental, dry_cleaning","Graceland Post Office, Supercuts, Extra Space Storage, CD One Price Cleaners"
882664c12dfffff,shopping,2,2,"electronics, paint","The Shack, Sherwin-Williams"
882664c12dfffff,transport,4,2,"bicycle_rental, bicycle_rental, fuel, fuel","Ashland Ave & Wellington Ave, Damen Ave & Wellington Ave, Shell, Mobil"
882664c131fffff,automotive,2,2,"car, car_repair","Toyota of Lincoln Park, Midas"
882664c131fffff,civic_community,2,1,"place_of_worship, place_of_worship","Mount Olive Missionary Baptist Church, Kingdom Hall of Jehovahs Witnesses Halsted Congregation"
882664c131fffff,education,2,1,"school, school","Newberry Elementary Math & Science Academy, British School of Chicago"
882664c131fffff,entertainment,3,2,"cinema, theatre, theatre","AMC NewCity 14, Steppenwolf Theatre, Steppenwolf Ensemble Theatre"
882664c131fffff,finance,3,2,"atm, bank, bank","Bank of America, Chase"
882664c131fffff,food_drink,20,4,"restaurant, restaurant, restaurant, restaurant, restaurant, fast_food, coffee, restaurant, restaurant, restaurant, restaurant, restaurant, restaurant, restaurant, fast_food, fast_food, restaurant, cafe, restaurant, restaurant","Pizza Capri, Boka, Vinci, Alinea, Nando's, Subway, Capital One Café, Earls, Pizzeria Bebu, Willow Room, King Crab House, Kings Dining & Entertainment - Chicago Lincoln Park, Kizuki Ramen & Izakaya, Yard House, Sweetgreen, Potbelly, Tecalitlan, Sweetwaters Coffee & Tea, Kababish"
882664c131fffff,grocery,3,3,"supermarket, alcohol, convenience","Mariano's Fresh Market, BWS #2 - Beer Wine & Spirits, Creative Mini Market"
882664c131fffff,health,9,5,"doctors, optician, veterinary, dentist, veterinary, clinic, clinic, clinic, clinic","Town & Country Pediatrics, LensCrafters, Veterinary Emergency Group, Pure Design Dentistry, Old Town Animal Care Center, Family Urgent Care, LasikPlus, Ageless Men's Health, Hair Butterflies"
882664c131fffff,leisure_sports,1,1,sports,Dick's Sporting Goods
882664c131fffff,nightlife,6,3,"bar, bar, bar, nightclub, bar, erotic","Front Bar, Sully’s House, Joe’s On Weed St, PRYSM Chicago, Weeds Tavern, Hustler Hollywood"
882664c131fffff,services,12,6,"wellness, cosmetics, dry_cleaning, beauty, dry_cleaning, beauty, copyshop, beauty, beauty, beauty, beauty, hairdresser","Viva Prana, Sephora, Willow Cleaners, Wellness Foot Spa, Clybourn Cleaners, JJ Waxing & Threading, Sir Speedy, SpaceTime Floatation Center, Urban Oasis Massage Spa, Madison Reed, Nail House, Wrath & Co"
882664c131fffff,shopping,24,13,"furniture, furniture, clothes, jewelry, clothes, interior_decoration, cannabis, jewelry, houseware, furniture, furniture, tiles, mobile_phone, frame, carpet, tailor, jewelry, furniture, houseware, interior_decoration, furniture, nutrition_supplements, mobile_phone, electronics","CB2, Design Within Reach, Nordstrom Rack, James & Sons, Lululemon, HAY, Curaleaf, Fey & Co, Williams-Sonoma, Ethan Allen, King, The Tile Shop, Verizon, Frame Chicago, Cozy Rugs, Ms Couture, Lincoln Park Gems, Crate & Barrel, The Container Store, World Market, La-Z-Boy, The Vitamin Shoppe, T-Mobile, Apple Store"
882664c131fffff,transport,8,3,"bicycle_rental, bicycle_rental, bicycle_rental, bicycle_rental, bicycle_rental, car_rental, charging_station, car_rental","Dayton St & North Ave, Larrabee St & North Ave, Sheffield Ave & Kingsbury St, Halsted St & Clybourn Ave, Halsted St & Willow St, Enterprise, Tesla Supercharger, Avis"
882664c133fffff,civic_community,8,4,"place_of_worship, police, fire_station, place_of_worship, place_of_worship, place_of_worship, social_facility, fire_station","Park Community Church, Chicago Police Department 18th District, Chicago Fire Department Engine Company 4, Holy Family Lutheran Church, Kingdom Hall of Jehova's Witneesses, Stranger's Home Church, Lower North Center, Chicago Fire Department - Air Mask Services"
882664c133fffff,education,2,1,"school, school","Ogden International School: Jenner Campus, Skinner North Classical School"
882664c133fffff,food_drink,4,2,"fast_food, cafe, fast_food, cafe","Panera Bread, Starbucks, Domino's, The School House"
882664c133fffff,grocery,2,2,"supermarket, convenience","Jewel-Osco, Tiger Mart"
882664c133fffff,health,2,2,"optician, clinic","Pearle Vision, Winfield Moody Health Center"
882664c133fffff,services,1,1,copyshop,Minuteman Press
882664c133fffff,shopping,4,4,"bicycle, mobile_phone, furniture, department_store","Yojimbo's Garage, AT&T, Architectural Artifacts, Target"
882664c133fffff,transport,5,2,"bicycle_rental, bicycle_rental, bicycle_rental, bicycle_rental, fuel","Orleans St & Elm St, Clybourn Ave & Division St, Larrabee St & Division St, Larrabee St & Oak St, Exxon"
882664c135fffff,automotive,4,2,"car_repair, car_repair, car_wash, car_repair","Nortown, Goodyear, BP, Jiffy Lube"
882664c135fffff,entertainment,3,3,"viewpoint, gallery, events_venue","gallery 1871, Lincoln Yards Firehouse"
882664c135fffff,food_drink,17,3,"cafe, fast_food, restaurant, restaurant, restaurant, cafe, restaurant, cafe, fast_food, fast_food, restaurant, fast_food, restaurant, restaurant, restaurant, fast_food, fast_food","Starbucks, Pegasus Protein, Jaimito's Burritos, Ada Street, Sharpies, Werewolf Coffee Bar, Olive Mediterranean Grill, Peet's Coffee, Epic Burger, Burrito Beach, Buffalo Wild Wings, Dunkin', D.P. Dough, Yaya Mas Greek Kuzina, Art's Drive In, Stanley's Grille, Roti Modern Mediterranean"
882664c135fffff,grocery,7,4,"supermarket, supermarket, supermarket, bakery, supermarket, alcohol, convenience","Aldi, Trader Joe's, Local Foods, Corey's Famous NYC Bagel Deli, Wild Fork, Binny's Beverage Depot, BP Shop"
882664c135fffff,health,4,2,"clinic, clinic, pharmacy, clinic","Preferred Imaging, Fresenius Kidney Care, CVS Pharmacy, Raden Wellness"
882664c135fffff,leisure_sports,3,3,"outdoor, dojo, boat_rental","Backcountry, Kensho Martial Arts, Kayak Chicago - Chicago River"
882664c135fffff,nightlife,2,2,"pub, bar","Goose Island Brewpub, The Hideout"
882664c135fffff,services,8,5,"cosmetics, storage_rental, beauty, massage, beauty, storage_rental, storage_rental, hairdresser","Ulta Beauty, Extra Space Storage, Amazing Lash Studio, Massage Envy, Jesse Nail, Extra Space Storage, The Lock Up, Salon 1800"
882664c135fffff,shopping,27,19,"clothes, electronics, baby_goods, kitchen, houseware, craft, furniture, furniture, cannabis, interior_decoration, frame, bed, bed, bed, shoes, kitchen, furniture, musical_instrument, furniture, garden_centre, doityourself, wholesale, pet, telecommunication, chemist, furniture, clothes","American Eagle Outfitters, Best Buy, Hoohobbers: Innovations for Children, Porcelanosa, HomeGoods, Blick Art Materials, west elm, Pottery Barn, NuEra, Natuzzi Italia, Artist's Frame Service, HassleLess Mattress, American Mattress, Sleep Number, Red Wing, Boca Cabinets, Jayson Home, Steinway & Sons Pianos, Modern Drama, The Home Depot, The Common Market, Best Friends Pet Care, Xfinity, CVS Pharmacy, Arhaus, Old Navy"
882664c135fffff,transport,4,3,"bicycle_rental, bicycle_rental, ferry_terminal, fuel","Sheffield Ave & Willow St, Elston Ave & Wabansia Ave, Goose Island, BP"
882664c137fffff,automotive,4,2,"car_repair, car, car, car_repair","McGrath Lexus Service Center, McGrath Lexus, McGrath Acura, Crash Champions"
882664c137fffff,entertainment,6,2,"theatre, events_venue, events_venue, events_venue, theatre, theatre","iO Theater, The Three Top Lounge, The Salt Shed, Stage, The Shed, The Salt Shed - Fairgrounds"
882664c137fffff,food_drink,10,3,"restaurant, fast_food, fast_food, restaurant, fast_food, fast_food, fast_food, restaurant, cafe, fast_food","Azul, Goose Island Shrimp House Chicago, Jimmy John's, Five Squared, Loud Pizza Records Carry-Out, Subway, Sharks Fish & Chicken, Jiang Niu BBQ House, Printer's Row Coffee, El Tragón Taqueria"
882664c137fffff,grocery,5,3,"bakery, convenience, convenience, supermarket, bakery","Veruca Chocolates, Riverside Market, Mobil Mart, Whole Foods Market, Bjorn Cakes"
882664c137fffff,health,1,1,veterinary,Banfield Pet Hospital
882664c137fffff,leisure_sports,1,1,outdoor,REI
882664c137fffff,nightlife,2,2,"stripclub, pub","Vip's Gentlemen's Club, Goose Island Salt Shed Pub"
882664c137fffff,services,2,2,"laundry, post_office","5 Star Hotel Laundry, FedEx Ship Center"
882664c137fffff,shopping,7,7,"wholesale, pet, art, musical_instrument, cannabis, kitchen, boat","Jetro/Restaurant Depot, PetSmart, New City, FRET12, Prohibition THC Express, Boelter Restaurant Equipment Design & Supply, West Marine"
882664c137fffff,transport,4,3,"bicycle_rental, car_rental, fuel, fuel","Cherry St & Blackhawk St, Enterprise, Mobil, City of Chicago Fuel Site 010"
882664c139fffff,civic_community,5,4,"information, community_centre, fire_station, place_of_worship, place_of_worship","Lincoln Park, Lincoln Park Cultural Center, Chicago Fire Department Engine Company 22, Church of the Three Crosses, Midwest Buddhist Temple"
882664c139fffff,entertainment,8,3,"arts_centre, artwork, artwork, artwork, theatre, artwork, artwork, artwork","Old Town Triangle Association, Hans Christian Andersen Monument, Cowardly Lion, Gourd Man, Park West, City Hall Relic (Finial), Siblings, Delicato Balencia"
882664c139fffff,finance,2,1,"bank, bank","PNC Bank, First American Bank"
882664c139fffff,food_drink,15,3,"restaurant, restaurant, restaurant, restaurant, restaurant, restaurant, restaurant, restaurant, restaurant, restaurant, restaurant, fast_food, fast_food, deli, restaurant","Rocco Ranalli's, ZA bunker, RJ Grunts, Chicago Pizza and Oven Grinder Co., Riccardo Trattoria, Riccardo Enoteca, Cedar Palace, Geja’s Cafe, Gemini, Sai Mai, De Nuccis, All Too Well, Evette's, North Buena Deli, Angry Octopus"
882664c139fffff,grocery,2,2,"bakery, supermarket","Vanille Patisserie, Carnival Grocery"
882664c139fffff,leisure_sports,2,1,"picnic_site, picnic_site",Lincoln Park - Grove 5
882664c139fffff,nightlife,4,1,"bar, bar, bar, bar","Sedgwick's, Park West, River Shannon, Marge’s Still"
882664c139fffff,services,3,2,"hairdresser, dry_cleaning, hairdresser","Lincoln Park Hair Salon and Spa, Lincoln Park Cleaners, Trianon"
882664c139fffff,transport,3,1,"bicycle_rental, bicycle_rental, bicycle_rental","Larrabee St & Menomonee St, Larrabee St & Armitage Ave, Clark St & Armitage Ave"
882664c13bfffff,civic_community,5,1,"place_of_worship, place_of_worship, place_of_worship, place_of_worship, place_of_worship","Moody Church, Saint Michael Roman Catholic Church, Hermon Baptist Church, Immaculate Conception Church, Saint Chrysostoms Episcopal Church"
882664c13bfffff,education,5,1,"school, school, school, school, school","Latin School of Chicago, Latin School of Chicago, LaSalle Language Academy, Franklin Fine Arts Center, Manierre Elementary School"
882664c13bfffff,entertainment,5,3,"theatre, artwork, museum, theatre, artwork","The Second City, Time is the Enemy (Revisited), Chicago History Museum, Zanies, Robert Cavalier de LaSalle"
882664c13bfffff,finance,5,2,"atm, bank, bank, bank, bank","Chase, Bank of America, Byline Bank, Chase, Wintrust Bank"
882664c13bfffff,food_drink,39,5,"cafe, restaurant, fast_food, restaurant, fast_food, restaurant, restaurant, fast_food, restaurant, restaurant, restaurant, restaurant, restaurant, restaurant, ice_cream, restaurant, cafe, restaurant, restaurant, fast_food, restaurant, restaurant, restaurant, restaurant, cafe, restaurant, pastry, restaurant, cafe, restaurant, fast_food, fast_food, restaurant, cafe, restaurant, cafe, restaurant, restaurant, cafe","Starbucks, Twin Anchors Restaurant & Tavern, McDonald's, Topo Gigio Ristorante, Dunkin', Peking Chinese Restaurant, Station Chophouse, Potbelly, Adobo Grill, Two Lights Seafood & Oyster, 1959 Kitchen & Bar, The Fireplace Inn, Benchmark, Old Town Pour House, Jeni's Splendid Ice Creams, Broken English Taco Pub, Cocoa + Co., Al Halal Zaiqa, Hom Mali Thai and Sushi on North Ave, Small Cheval - Wells, The VIG Chicago, Kamehachi, Nookies, Woodie’s Flat, North and Clark Café, Old Jerusalem, Insomnia Cookies, Cafe Sushi, Philz Coffee, Gallucci Pizzeria Napoletana, Cilantro Taco | Grill, Subway, Fish Bar, Kanela Breakfast Club, Professor Pizza, PiniPico empeñadas, Orso's, Pazza Pizza, Kapéj Coffee"
882664c13bfffff,grocery,11,5,"bakery, bakery, spices, supermarket, convenience, convenience, bakery, convenience, bakery, alcohol, convenience","La Fournette, The Fudge Pot, Old Town Oil, Potash Market, Stop and Shop, Green Apple Mini Mart, Sweet Vegan Bakery, Shell, The Spice House, Galleria Liquors, BP Shop"
882664c13bfffff,health,5,3,"doctors, dentist, dentist, dentist, pharmacy","Physicians Immediate Care, Elevate Dental Wellness, Chicago Smile Design, Old Town Dental Care, Walgreens"
882664c13bfffff,lodging,1,1,apartment,Zen Loft
882664c13bfffff,nightlife,11,2,"bar, bar, bar, bar, bar, bar, bar, bar, pub, bar, bar","UP Comedy Club, Sedgwick Stop, 80 Proof, Old Town Ale House, SUITE Lounge, LG’s Bar, Old Town Pub, Utopian Tailgate, BATSU!, Corcoran's Grill & Pub, Burton Place"
882664c13bfffff,services,18,8,"hairdresser, psychic, hairdresser, beauty, beauty, dry_cleaning, post_office, beauty, beauty, hairdresser, hairdresser, beauty, beauty, psychic, beauty, estate_agent, storage_rental, laundry","Hair Cuttery, Spiritual Wisdom, State St. Barbers, Elite Nails SK Spa, Magnifique Nail Salon, Old Town Valet Shoppe Laundry & Dry Cleaners, The UPS Store, 7 am, New Image Works Medical Spa, Old Town Barbershop, Scottfree, European Wax Center, Viva La Med Spa, Old Town Psychic Chakra Studio, Old Town Nails, James Sotheby's International, US Storage Centers"
882664c13bfffff,shopping,13,11,"tailor, interior_decoration, second_hand, general, shoes, tailor, pet, bicycle, florist, tobacco, bicycle, clothes, nutrition_supplements","Wells Cleaners, Finishing Touches Interiors, Mercy Beaucoup! Resale Boutique, Judy Maxwell Home Genrl Store, Fleet Feet, Royale Cleaners, Old Town Aquarium, Up Down Cigar, Village Cycle Center, Sara Jane, IVME Hydration Clinic"
882664c13bfffff,transport,9,3,"bicycle_rental, bicycle_rental, bicycle_rental, bicycle_rental, bicycle_rental, bicycle_rental, bus_station, fuel, fuel","Sedgwick St & North Ave, Clark St & North Ave, Clark St & Schiller St, Sedgwick St & Schiller St, Wells St & Concord Ln, Wells St & Evergreen Ave, North Avenue & Clark Terminal, Shell, BP"
882664c13dfffff,civic_community,5,2,"place_of_worship, social_facility, place_of_worship, place_of_worship, place_of_worship","Zen Buddhist Temple, Marillac St. Vincent, St. Vincent de Paul Catholic Church, Saint Teresa of Avila Roman Catholic Church, Saint James Evangelical Lutheran Church"
882664c13dfffff,education,4,2,"school, music_school, school, school","Saint James Lutheran School, Old Town School of Folk Music, Saint Theresa School, Lincoln Park High School"
882664c13dfffff,entertainment,1,1,artwork,
882664c13dfffff,finance,6,2,"bank, bank, bank, atm, bank, bank","Citibank, Byline Bank, Old National Bank, Citibank, Chase, U.S. Bank"
882664c13dfffff,food_drink,41,6,"restaurant, restaurant, restaurant, restaurant, fast_food, ice_cream, restaurant, restaurant, restaurant, cafe, restaurant, pastry, restaurant, cafe, restaurant, restaurant, restaurant, restaurant, fast_food, restaurant, fast_food, cafe, restaurant, restaurant, restaurant, restaurant, fast_food, fast_food, ice_cream, cafe, fast_food, chocolate, restaurant, cafe, cafe, restaurant, restaurant, restaurant, restaurant, restaurant, restaurant","Range, Sushi Rotary, Soul Prime, Pasta Palazzo, Brothers Beef, Annette's Italian Ice, Cafe Ba-Ba-Reeba!, Armitage Pizza, Athenian Room, Starbucks, Homeslice, Nothing Bundt Cakes, John's Food and Wine, Ambrosia Café, Blue Door Farm Stand, Butcher & The Burger, Jam 'n Honey, Hello Jasmine, Chicago Bagel Authority, Stella Barra Pizzeria, The Budlong Hot Chicken, La Colombe Coffee, Tovala, Summer House Santa Monica, Protein Bar & Kitchen, Shine and Rise, Beacon Doughnuts, Taco Bell Cantina, Jeni's Splendid Ice Creams, Starbucks, Red Light Chicken, Leonidas, Charoen Krung by Sathorn, Olor Coffee, Foxtrot, Ramen-San, Small Cheval, The Butcher & the Burger, Tarantino's, Dee's"
882664c13dfffff,grocery,4,3,"bakery, wine, convenience, convenience","Terry’s Toffee, Off Premise: Real Wine, Whiskey, Craft Beer, 7-Eleven, 7-Eleven"
882664c13dfffff,health,4,4,"pharmacy, dentist, clinic, doctors","Walgreens, Pearl aesthetics & dentistry, One Medical, Illinois Skin Center"
882664c13dfffff,lodging,1,1,guest_house,City Scene Bed & Breakfast
882664c13dfffff,nightlife,10,2,"pub, pub, bar, bar, bar, bar, bar, bar, pub, pub","Local Option, Kincade's, Kelly's Pub, Glasscott's, Marquee Lounge, The Store, Tripoli Tap, J9 Wine Bar, Armitage Alehouse, McGee's Tavern & Grille"
882664c13dfffff,services,10,6,"hairdresser, hairdresser, post_office, beauty, cosmetics, hairdresser, telephone, tattoo, beauty, hairdresser","Floyd's 99 Barbershop, KidSnips Lincoln Park, The UPS Store, Heyday, bluemercury, Salon V, Sido Tattoo Studio, SugaringNYC, Salon Shiloh"
882664c13dfffff,shopping,8,6,"second_hand, carpet, stationery, clothes, bicycle, stationery, furniture, clothes","McShane's Exchange, Beautiful Rugs, Paper Source, Club Monaco, Specialized, Greer, Blu Dot, Art Effect"
882664c13dfffff,transport,4,1,"bicycle_rental, bicycle_rental, bicycle_rental, bicycle_rental","Bissell St & Armitage Ave, Clifton Ave & Armitage Ave, Halsted St & Dickens Ave, Sheffield Ave & Webster Ave"
882664c145fffff,education,2,2,"college, school",American Islamic College
882664c145fffff,entertainment,1,1,artwork,Kwa-Ma-Rolas
882664c145fffff,food_drink,3,3,"coffee, cafe, restaurant","Libra Coffee Lounge, Clock Tower Cafe, Two Wheel Tacos"
882664c145fffff,leisure_sports,1,1,picnic_site,Lincoln Park - Grove 15
882664c145fffff,shopping,1,1,bicycle,Lakeshore Bike
882664c147fffff,civic_community,1,1,information,
882664c147fffff,leisure_sports,1,1,boat_rental,Chicago Sailboat Charters
882664c14dfffff,civic_community,2,1,"information, information",
882664c14dfffff,entertainment,2,2,"artwork, viewpoint","Montrose Yacht Club Anchor, Montrose Moonrise Observation Point"
882664c161fffff,automotive,1,1,car_repair,I & C Auto Repair
882664c161fffff,civic_community,7,3,"place_of_worship, place_of_worship, place_of_worship, fire_station, place_of_worship, place_of_worship, information","New Bethel Independent Christian Church, Young Seang Korean Church of Chicago, Taehyun Korean Presbyterian Church, Chicago Fire Department Engine Company 78, Holy Trinity Lutheran Church, Missio Dei Chicago, Gallagher"
882664c161fffff,education,1,1,school,Midwest Center for the Study of Oriental Medicine
882664c161fffff,entertainment,14,3,"theatre, artwork, cinema, artwork, artwork, artwork, artwork, artwork, theatre, cinema, artwork, artwork, artwork, artwork","Metro, Wrigley Field Marquee, Alamo Drafthouse Cinema, Ernie Banks ""Mr Cub"", ""Sweet Swinging"" Billy Williams, Ron Santo, Ryne Sandberg ""Ryno"", Grassroots/Mercury Theatre, Music Box Theatre, Harry Caray, Billy Williams, Ron Santo, Ernie Banks"
882664c161fffff,finance,3,1,"bank, bank, bank","Chase, Wintrust Bank, Fifth Third Bank"
882664c161fffff,food_drink,50,8,"fast_food, restaurant, restaurant, restaurant, restaurant, restaurant, restaurant, fast_food, restaurant, restaurant, cafe, ice_cream, restaurant, restaurant, restaurant, restaurant, restaurant, cafe, restaurant, restaurant, fast_food, restaurant, restaurant, restaurant, restaurant, restaurant, fast_food, restaurant, fast_food, confectionery, cafe, fast_food, confectionery, pastry, restaurant, deli, pastry, restaurant, fast_food, fast_food, pastry, restaurant, fast_food, coffee, cafe, restaurant, restaurant, fast_food, fast_food, fast_food","Raising Cane's, Uncommon Ground, Yak-Zies, Old Crow Smokehouse, Grassroots Restaurant, Cozy Noodles N' Rice, Mordecai, McDonald's, Smoke Daddy BBQ, Big Star, West Town Bakery, Jeni's Splendid Ice Creams, Brickhouse Tavern, Stretch, Swift Tavern - Wrigleyville, Bodega Sur, Crosby’s Kitchen, Do-Rite Donuts & Chicken, Ella Elli, Hot Doug’s Wrigley Field, Tango Sur, Southport Grocery & Cafe, Happy Camper Wrigleyville, 5411 Empanadas, Coalfire, Shake Shack, Raw Bar, Chipotle, Kilwins, Starbucks, Taco Bell Cantina, Nuts on Clark, Insomnia Cookies, Doña Tola, Steingold's, Broune Desserts, Sushi Mura, Culver's, Small Cheval, Crumbl Cookies, D'Agostino's Pizza and Pub Wrigleyville, Sweetgreen, The Bakehouse Chicago, Cafe Tola #1, Zam Zam, Dimo's, Wrigleyville Dogs, Chick-fil-A, Dairy Queen"
882664c161fffff,grocery,2,2,"convenience, supermarket","7-Eleven, Jewel-Osco"
882664c161fffff,health,1,1,pharmacy,CVS Pharmacy
882664c161fffff,leisure_sports,1,1,games,Lily Pad Mahjong Parlor
882664c161fffff,lodging,2,2,"hostel, hotel","Wrigley Hostel, Hotel Zachary"
882664c161fffff,nightlife,26,2,"bar, bar, bar, bar, bar, bar, bar, bar, bar, bar, bar, bar, bar, bar, bar, bar, bar, bar, bar, bar, bar, bar, bar, pub, bar, bar","The Ginger Man Tavern, Wild Hare, Vines on Clark, Roundhouse 66, The Sandlot Wrigley, Lucky's Sandwich Co, Lucky Dorr, Christmas Club, Smart Bar, Sluggers World Class Sports Bar, Rizzo’s Bar & Inn, Stretch Bar & Grill, Tinker to Evers, Wrigleyville, The Bar at Hotel Zachary, The Butcher’s Tap, The Dugout Bar, Nola Pub, Lange’s Lounge, Santa Baby Bar, Wrigley Rooftops, Wrigley Rooftops, Wrigley Rooftops, DraftKings Sportsbook at Wrigley Field, Murphy's Bleachers, Bernie's Tavern, Cubby Bear"
882664c161fffff,services,4,2,"post_office, ticket, ticket, ticket","The UPS Store, Wrigley Field Tickets, Wrigley Field VIP Check-In, Wrigley Field Tickets"
882664c161fffff,shopping,11,5,"clothes, gift, cannabis, pet, clothes, clothes, stationery, clothes, clothes, clothes, clothes","Baseballism, Cubs Team Store, Sunnyside, Bentley's Pet Stuff, Lids, Wrigleyville Sports, Paper Source, Clark Street Sports, Lululemon, Anthropologie, Sports World"
882664c161fffff,transport,3,1,"bicycle_rental, bicycle_rental, bicycle_rental","Southport Ave & Waveland Ave, Sheffield Ave & Waveland Ave, Clark St & Grace St"
882664c163fffff,automotive,1,1,car_repair,Auto Repair
882664c163fffff,civic_community,5,1,"place_of_worship, place_of_worship, place_of_worship, place_of_worship, place_of_worship","Pillar of Fire Church, Church of the Valley, Masjid-e-Abubakr, Resurrection Lutheran Church, North Side Baptist Church"
882664c163fffff,education,1,1,school,Hawthorne Scholastic Academy
882664c163fffff,entertainment,8,2,"theatre, theatre, theatre, artwork, artwork, artwork, artwork, theatre","Comedy Sportz, The Annoyance Theater, The Playground Theater, Cole Porter & Pyotr Ilyich Tchaikovsky, Bayard Rustin & Sally Ride, Freddie Mercury & Sylvester, The Pink Triangle & The Harlem Renaissance, The Vic"
882664c163fffff,finance,2,2,"atm, bank","PNC Bank, Countryside Bank"
882664c163fffff,food_drink,56,6,"fast_food, ice_cream, restaurant, fast_food, fast_food, cafe, pastry, restaurant, restaurant, cafe, restaurant, restaurant, fast_food, restaurant, fast_food, fast_food, fast_food, restaurant, restaurant, fast_food, restaurant, restaurant, restaurant, restaurant, ice_cream, restaurant, restaurant, fast_food, restaurant, restaurant, fast_food, cafe, coffee, cafe, cafe, cafe, restaurant, restaurant, restaurant, fast_food, restaurant, fast_food, fast_food, cafe, restaurant, cafe, fast_food, fast_food, restaurant, cafe, restaurant, restaurant, cafe, fast_food, coffee, fast_food","Potbelly, Sundae Stop, Giordano's Pizzeria, Chipotle, Canton Express, Starbucks, Cookies by Design, Jin Asian Cafe, Ukai Sushi, Panes Bread Cafe, Tanuki, Ann Sather Restaurant, IDOF, La Perla, Gyro-Mena, Philly's Best, Mixteco Grill, Istmo Oaxacan Cuisine, Four Belly Asian Street Food, Royal Indian Grill, Matsuya, El Jardin, Bites, Oberweis, PS Bangkok, Lowcountry Lakeview, Jimmy John's, Krung Thep, Irie Jerk Bar and Grill, Aloha Pokē Co, 11 Degrees North, Bonus Round Game Cafe, Ecos Café, Two Hearted Queen, Life Spring Health Foods & Juice Bar, Kubo Chicago, Maison Parisienne, Mia Francesca, Al's Beef, Penny’s Noodle Shop, Dunkin', Devil Dawg's, Coffee, Hip-Hop & Mental Health, Rice N' Bread, Taipei Cafe, Taco Bell, The Slice Shop, Bolivar & Lincoln Venezuelan Cafe, Osmium Coffee, Seoul Taco, Birdman Ramen, Ancient Grounds, Chicago Bagel Authority, Pedestrian Coffee, Einstein Bros. Bagels"
882664c163fffff,grocery,7,3,"alcohol, bakery, alcohol, bakery, bakery, convenience, convenience","1000 Liquors, Bittersweet Pastry Shop, Gold Crown Liquors, La Boulangerie, Beard Papas, Fresh Stop, 7-Eleven"
882664c163fffff,health,4,4,"pharmacy, hospital, veterinary, clinic","Walgreens, Advocate Illinois Masonic Hospital, Belmont Animal Hospital, Advocate Medical Group"
882664c163fffff,lodging,1,1,hotel,City Suites Hotel
882664c163fffff,nightlife,17,3,"bar, bar, bar, bar, bar, bar, bar, bar, bar, bar, bar, erotic, bar, bar, bar, bar, pub","Scarlet, Nisei Lounge, Big City Tap, Cheesie's Pub & Grub, Matilda, Redmonds, Trader Todd's, L & L Tavern, Dad's Place, Chicago's Blarney Stone, The Graystone Tavern, Night Dreams, Figo Wine Bar, Shakers On Clark, Sheffield’s Wine & Beer Garden, The Annoyance Theatre and Bar, Sheffield's"
882664c163fffff,services,6,4,"beauty, locksmith, hairdresser, beauty, dry_cleaning, hairdresser","Mona's Beauty Salon, Dexter Lock Services, Sport Clips, Reflexion Spa, Snuggle Cleaners, W Hair Room"
882664c163fffff,shopping,16,13,"clothes, stationery, pet, craft, shoes, department_store, department_store, tobacco, music, tobacco, clothes, e-cigarette, chemist, second_hand, electrical, paint","Strange Cargo, Beyond the Wall Posters & Frames, Petco, Michaels, DSW, Marshalls, Target, Smoking Amsterdam, Groovin High, Inc., Secrets Smoke Shop, Amigos & Us, American Vapor Shop, Community Pharmacy, The Brown Elephant – Northalsted, Paramount Electrical Supplies, Sherwin-Williams"
882664c163fffff,transport,3,1,"bicycle_rental, bicycle_rental, bicycle_rental","Racine Ave & Belmont Ave, Clark St & Newport Ave, Wilton Ave & Belmont Ave"
882664c165fffff,automotive,2,1,"car_repair, car_repair","Ashland Tire & Auto Clinic, Tiger's Body Shop"
882664c165fffff,civic_community,7,2,"place_of_worship, place_of_worship, place_of_worship, place_of_worship, place_of_worship, place_of_worship, social_facility","Rissho Kosei-Kai Church of Chicago, Grace Chicago Church, Zen Buddhist Temple, Cornelia Avenue Baptist Church, Cuyler Covenant Church, Saint Andrew Roman Catholic Church, Artis Senior Living of Lakeview"
882664c165fffff,education,6,2,"school, school, childcare, school, school, school","Giannini Music Center, Tiddley Wink Pre-School, Kidz Creative Corner Child Care, Prairieland Montessori, Hamilton Elementary School, Saint Andrew School"
882664c165fffff,entertainment,1,1,artwork,
882664c165fffff,finance,1,1,bank,PNC Bank
882664c165fffff,food_drink,11,5,"restaurant, cafe, cafe, cafe, restaurant, ice_cream, fast_food, restaurant, coffee, fast_food, fast_food","Machu Picchu Restaurant, Rare Tea Cellar, Cafe Tola #3, Loba Pastry + Coffee, Mimi's on Lincoln, Baskin-Robbins, Traspasada Restaurant, Yindee, Botanical Cafe, Dunkin', Burrito House"
882664c165fffff,grocery,3,3,"supermarket, butcher, convenience","Trader Joe's, Paulina Meat Market, Shell"
882664c165fffff,health,5,3,"clinic, dentist, dentist, dentist, veterinary","Kaminska Dermatology, Get It Straight Orthodontics, Smiles On Ashland, In Smyle, North Center Animal Hospital"
882664c165fffff,nightlife,5,1,"bar, bar, bar, bar, bar","A.J. Hudson’s Public House, Cork Lounge, Finley Dunnes Tavern, Keenan O’Reilly’s, Kite String Cantina"
882664c165fffff,services,6,5,"hairdresser, massage, dry_cleaning, post_depot, storage_rental, storage_rental","Mr. Salon, Pink Spa, Smile Cleaners, Graceland Carrier Annex, The Lock Up, The Lock Up"
882664c165fffff,shopping,6,6,"florist, pet, carpet, watches, houseware, second_hand","B Collective, Pet Supplies Plus, Northcenter Rug Cleaners, AD Watch Repair & Services, Pursel Cabinetry, Hip Cat"
882664c165fffff,transport,4,2,"bicycle_rental, bicycle_rental, bicycle_rental, fuel","Lincoln Ave & Addison St, Ashland Ave & Grace St, Lincoln Ave & Waveland Ave, Shell"
882664c167fffff,automotive,1,1,car_repair,Reliable Auto Repair Center
882664c167fffff,civic_community,2,1,"place_of_worship, place_of_worship","Parish of Reconciliation, Saint Luke Evangelical Lutheran Church"
882664c167fffff,education,3,2,"school, school, library","Sculptors Guild, Burley Elementary School, Lincoln Belmont Branch Library"
882664c167fffff,entertainment,8,1,"artwork, artwork, artwork, artwork, artwork, artwork, artwork, artwork","Being There/There Being, Lake View, Green (North Wall), Yellow (South Wall)"
882664c167fffff,finance,2,1,"bank, bank","Bank of America, Chase"
882664c167fffff,food_drink,27,4,"restaurant, fast_food, fast_food, restaurant, restaurant, restaurant, restaurant, restaurant, cafe, cafe, restaurant, restaurant, restaurant, cafe, restaurant, restaurant, restaurant, restaurant, restaurant, cafe, ice_cream, fast_food, cafe, cafe, restaurant, restaurant, ice_cream","Noodles & Company, Potbelly, The Great American Bagel, Pescadero Seafood & Oyster Bar, Tied House, Coda di Volpe, Tuco and Blondie, Cafe El Tapatio, Capital One Café, Chicago Diplomat Cafe, Fennel & Iris, Frasca Pizzeria and Wine Bar, Sochi Saigonese Kitchen, Starbucks, Thai Thank You, Pho's Thai Cuisine, Brown Bag Seafood Co., MK Noodle, Churro Parlor, Doppio Coffee House, Jeni's Splendid Ice Creams, RedHot Ranch, Starbucks, Kazka, Little Goat Diner, Cebu Chicago, Scooter's Frozen Custard"
882664c167fffff,grocery,3,2,"alcohol, alcohol, supermarket","Pelly's Liquors, Garfield's Beverage, Whole Foods Market"
882664c167fffff,health,4,3,"pharmacy, clinic, pharmacy, dentist","Walgreens, Northwestern Medicine Primary and Specialty Care Lakeview, Walgreens, Regen Smile Studio"
882664c167fffff,leisure_sports,1,1,dojo,Masters Martial Arts Alliance
882664c167fffff,nightlife,8,2,"pub, bar, bar, bar, bar, bar, bar, bar","Corridor Brewery and Provisions, Bitter Pops, The Green Lady, The Pony Inn, Avenue Tap and Kitchen, Fathom, Konbini & Kanpai, Schubas Tavern"
882664c167fffff,services,4,2,"hairdresser, hairdresser, hairdresser, massage","Indira Aveda Salon Spa, Salon Lofts West Lakeview, Sine Qua Non, Hand And Stone"
882664c167fffff,shopping,14,10,"military_surplus, clothes, clothes, clothes, nutrition_supplements, pet, tobacco, frame, clothes, toys, sewing, department_store, chemist, clothes","Army Navy Sales, Athleta, J.Crew, Bebe Elegante Children's Wear, The Vitamin Shoppe, PetSmart, Puffs Smoke Shop, Framebridge, Free People, Building Blocks, Maydel, Target, Walgreens, Gap"
882664c167fffff,transport,6,2,"bicycle_rental, bicycle_rental, bicycle_rental, charging_station, charging_station, bicycle_rental","Lincoln Ave & Belmont Ave, Lincoln Ave & Roscoe St, Southport Ave & Belmont Ave, Southport Ave & Roscoe St"
882664c169fffff,automotive,2,2,"car_repair, car_wash","Hawk Motors, Trio Car Wash"
882664c169fffff,civic_community,7,3,"place_of_worship, place_of_worship, place_of_worship, community_centre, social_facility, community_centre, social_facility","Northside Calvary Baptist Church, Faith Tabernacle Church, The Nigerian Islamic Center of Chicago, Rec Room, Nourishing Hope, Broadway Youth Center, Eden Assisted Living"
882664c169fffff,education,4,3,"kindergarten, kindergarten, library, school","Duke and Duchess Pre-School, Wee Care Preschool, Uptown Branch Library, Greeley Elementary School"
882664c169fffff,entertainment,2,1,"arts_centre, arts_centre","Shine Bright In Life! Healing Arts Center, Pride Arts Center"
882664c169fffff,finance,2,2,"pawnbroker, atm",Cash America Pawn
882664c169fffff,food_drink,23,4,"restaurant, cafe, cafe, restaurant, restaurant, fast_food, fast_food, fast_food, fast_food, restaurant, restaurant, restaurant, cafe, restaurant, deli, fast_food, restaurant, restaurant, restaurant, restaurant, fast_food, fast_food, restaurant","Michael's Original PIzzeria & Tavern, Klein's Bakery & Cafe, Starbucks, Breakfast House, Tac Quick, Subway, Dunkin', Windy City Gyros, Subway, El Mariachi Tequila Bar & Grill, Amici - Chicago, Nano Ramen and Sushi, Pancake Cafe, Asian Mix Cafe, North Buena Deli and Wine, DosBros Fresh Mexican Grill, PR Italian Bistro, Siam Noodle & Rice, Hunan Egg Roll King, El Palmar, Jersey Mike's Subs, Byron's Hot Dogs, IHOP"
882664c169fffff,grocery,12,4,"bakery, alcohol, alcohol, alcohol, convenience, bakery, alcohol, convenience, bakery, convenience, convenience, supermarket","Artemio's Bakery, Lakeside Food Wine & Spirits, Lakeview Food Wine & Spirits, Sheridan Liquor & Lounge, Ricky’s Food Mart, Le Barkery, GNS Market, New York Food Mart & Deli, Bakehouse Chicago, TRIO, 7-Eleven, Alta Vista Foods"
882664c169fffff,health,11,5,"doctors, dentist, dentist, clinic, dentist, dentist, clinic, pharmacy, hospital, clinic, clinic","Walgreens Healthcare Clinic, Modern Smiles, Lee Dental Clinic, Vesper, First Dental Center, Elite Dental, Sunnyside Health Center, Walgreens, Thorek Memorial Hospital, Howard Brown Health Sheridan, Broadway Youth Center"
882664c169fffff,leisure_sports,1,1,video_games,GameStop
882664c169fffff,nightlife,4,1,"bar, bar, bar, bar","Bar On Buena, Holiday Club, Wrigleyville North, Good Times Brewery"
882664c169fffff,services,18,8,"beauty, beauty, hairdresser, beauty, hairdresser, hairdresser, pet_grooming, beauty, storage_rental, hairdresser, hairdresser, rental, massage, beauty, dry_cleaning, tattoo, dry_cleaning, storage_rental","Van-T Nails, Brows Threading, Charbella Salon, Spa Avenue, Sanchez Barber Shop, Holy Fade!, Paradise Pet Salon, RK Salon, Self-Storage 1, Cesar Luna Hair Salon, Good Cuts, U-Haul, Broadway Massage, Island Nails & Spa, Princess Cleaners, Royal Flesh, New S.O.S Cleaners, Public Storage"
882664c169fffff,shopping,11,9,"bicycle, window_blind, bed, tobacco, doityourself, e-cigarette, clothes, tobacco, pet, e-cigarette, chemist","Nearly New Bikes, Regent Window Fashions, Futons-N-More, Wrigley Smoke & Style, Lakeview Ace Hardware, Roots, Ismat Enterprises, 7 Heaven Smoke Shop, Curious Creatures, Uptown Smoke Zone, Walgreens"
882664c169fffff,transport,4,2,"bicycle_rental, bicycle_rental, bicycle_rental, fuel","Broadway & Sheridan Rd, Pine Grove Ave & Irving Park Rd, Sheridan Rd & Irving Park Rd, BP"
882664c16bfffff,automotive,1,1,car_repair,Gerber Collision & Glass
882664c16bfffff,civic_community,8,4,"community_centre, community_centre, information, place_of_worship, place_of_worship, place_of_worship, police, place_of_worship","Center on Halsted, Third Space, Anshe Emet Synagogue, Temple Sholom, Chicago Police Department 19th District, Lake View Presbyterian Church"
882664c16bfffff,education,4,3,"training, school, college, school","Get in the Kitchen, Inter-American Magnet School, The Salvation Army College for Officer Training, Bernard Zell Anshe Emet Day School"
882664c16bfffff,entertainment,18,2,"theatre, artwork, artwork, artwork, artwork, artwork, artwork, artwork, artwork, artwork, artwork, artwork, artwork, artwork, artwork, artwork, artwork, artwork","Trickery Chicago, Legacy Walk Rainbow Pylon, Josephine Baker & James Baldwin, Oscar Wilde & Audre Lorde, Silvia Rivera & Marsha P. Johnson, Leonard Bernstein & Antonia Pantoja, Lorraine Hansberry & Two Spirit People, David Kato & Jane Addams, Marraige Equality & Friar Mychal Judge, Alvin Ailey & Frida Kahlo, Dr. Alan Hart & Glenn Burke, Barbara Jordan & Jose Sarria, Daniel Sotomayor & Stonewall Riot, Frank Kameny & Leonard Matlovich, Matthew Shepard & Pauli Murray, Billy Strayhorn & Vito Russo, Margaret Chung & Keith Haring, Reinaldo Arenas & Alan Turing"
882664c16bfffff,finance,4,1,"bank, bank, bank, bank","Fifth Third Bank, Chase, BMO, Byline Bank"
882664c16bfffff,food_drink,24,4,"restaurant, restaurant, restaurant, restaurant, fast_food, restaurant, restaurant, restaurant, restaurant, cafe, restaurant, restaurant, restaurant, restaurant, cafe, restaurant, ice_cream, fast_food, fast_food, fast_food, restaurant, restaurant, restaurant, restaurant","Ann Sather, Angelina's Italian Restaurant, Las Mananitas, Savanna Restaurant, El Burrito Mexicano, Panino's Pizzeria, El Mariache Restaurant, Tasty Asian Restaurant, Milt's Barbecue for the Perplexed, Coffee Tree & Tea Leaves, Big Gay Sal's Pizza, The Chicago Diner, The Flower Flat, Wood, Elevate Coffee, Si-Pie Pizzeria, Forever Yogurt, Wingstop, Dunkin', Subway, La Biznaga Mexican Restaurant, Kim’s Korean Cuisine, Amore Sushi House, Diva"
882664c16bfffff,grocery,10,4,"supermarket, convenience, convenience, convenience, bakery, bakery, alcohol, convenience, supermarket, convenience","Whole Foods Market, 3550 Convenience Store, The New York Market, 7-Eleven, Rolled Around Bakery - Corporate, Wake-N-Bakery, 7-Eleven, Jewel-Osco, Circle K"
882664c16bfffff,health,7,4,"pharmacy, veterinary, optician, clinic, veterinary, pharmacy, clinic","Osco Drug, Pets First, MyEyeDr., Learning Through Play Center for Child Development, Wrigglyville Veterinary, Walgreens, Howard Brown Health - Halsted"
882664c16bfffff,lodging,2,1,"hotel, hotel","Majestic Inn, Best Western Plus Hawthorne Terrace"
882664c16bfffff,nightlife,19,2,"pub, bar, bar, bar, bar, bar, bar, bar, bar, bar, bar, bar, bar, bar, bar, bar, bar, bar, bar","Rock's, Charlie's Chicago, Circuit, Hydrate, Roscoe's Tavern & Cafe, Progress Bar Chicago, North End, Bobby Love's, Jacquelines's, Replay, Lark, Elixir Lounge, F. O’Mahony’s, Sidetrack, Joe’s On Broadway, Splash, Big Mini Putt Club, Buzzed by Zea, Cell Block"
882664c16bfffff,services,19,8,"dry_cleaning, beauty, beauty, laundry, beauty, hairdresser, beauty, massage, beauty, hairdresser, post_office, beauty, dry_cleaning, dry_cleaning, hairdresser, laundry, beauty, locksmith, animal_boarding","Broadway Cleaners, XO Studio and Spa, Hollywood Nails, Coachlight, Halsted Street Beach Tanning Salon, Salon Sen, chicago male, BOON Thai Spa, Pinkal's Threading & Waxing Salon, Boho Blonde Chicago, The UPS Store, Glamour Nail Salon, Fabricare on Broadway, Platinum Dry Cleaners, ISA Hair Studio, Ritz Cleaners, Ether Facial Waxing, Secure Locks Locksmith, Camp Wiggles"
882664c16bfffff,shopping,10,9,"gift, pet, bicycle, hardware, clothes, clothes, mobile_phone, tailor, florist, chemist","Beatnix, PetSmart, Kozy's Cyclery, True Value Hardware, Men's Room, Egoist Underwear, Verizon, Hanshaw Custom Tailoring & Alterations, Goldie's Flowers & Gifts, Walgreens"
882664c16bfffff,transport,8,4,"bicycle_rental, bicycle_rental, bicycle_rental, bicycle_rental, charging_station, charging_station, fuel, bus_station","Broadway & Cornelia Ave, Halsted St & Roscoe St, Pine Grove Ave & Waveland Ave, Broadway & Waveland Ave, Volta Charging Station, EVgo, Shell, Halsted & Waveland/Broadway Terminal"
882664c16dfffff,automotive,1,1,car_wash,Mobil
882664c16dfffff,civic_community,1,1,community_centre,Rizal Center
882664c16dfffff,education,3,2,"school, music_school, school","Blaine Elementary School, The CheckOut, Lake View High School"
882664c16dfffff,entertainment,1,1,artwork,Eternal Silence
882664c16dfffff,food_drink,4,3,"restaurant, restaurant, cafe, fast_food","Port & Park, Young's Chinese Restaurant, Starbucks, Popeyes"
882664c16dfffff,grocery,3,2,"supermarket, convenience, convenience","Spencer's Jolly Posh Foods, BP Shop, Mobil Mart"
882664c16dfffff,nightlife,3,1,"bar, bar, bar","Ten Cat Tavern, Toons Bar & Grill, The Long Room"
882664c16dfffff,services,1,1,post_office,Lakeview Post Office
882664c16dfffff,transport,5,2,"bicycle_rental, bicycle_rental, bicycle_rental, fuel, fuel","Ashland Ave & Belle Plaine Ave, Southport Ave & Clark St, Southport Ave & Irving Park Rd, BP, Mobil"
882664c185fffff,entertainment,19,5,"artwork, artwork, artwork, artwork, museum, gallery, attraction, theatre, artwork, artwork, artwork, attraction, gallery, theatre, gallery, gallery, gallery, gallery, gallery","Reading Cones, In Celebration of the 200th Anniversary of the Founding of the Republic, The Art Institute of Chicago, Arts of the Greek, Roman, Byzantine Worlds, James C. Petrillo Music Shell, Fisher Boy, Crane Girl, Chicago Stock Exchange Arch, City Mini Golf, Arts of the Americas, Rubloff Auditorium, Alsdorf Gallaries, Special Exibitions, Contemporary, Film and Media, Sculpture Court"
882664c185fffff,food_drink,3,2,"restaurant, restaurant, cafe","Terzo Piano, Cafe Moderno, Fountain Cafe"
882664c185fffff,leisure_sports,3,1,"picnic_site, picnic_site, picnic_site","Picnic Grove B, Picnic Grove C"
882664c185fffff,services,1,1,ticket,City Mini Golf
882664c185fffff,shopping,1,1,art,Modern Shop
882664c185fffff,transport,4,2,"ferry_terminal, ferry_terminal, ferry_terminal, bicycle_rental","Monroe Harbor Tender Service, Monroe Harbor Tender Service, Monroe Harbor Tender Service, Lake Shore Dr & Monroe St"
882664c187fffff,entertainment,1,1,artwork,Magma
882664c187fffff,food_drink,1,1,fast_food,Queen's Landing Concession
882664c187fffff,services,1,1,ticket,Shoreline Water Taxi
882664c187fffff,transport,1,1,ferry_terminal,Buckingham Fountain
882664c18dfffff,civic_community,4,3,"social_centre, police, police, information","Columbia Yacht Club, Illinois Conservation Police, Chicago Marine Safety Station, Peoples Energy Welcome Pavillion"
882664c18dfffff,entertainment,9,3,"artwork, artwork, artwork, artwork, artwork, artwork, attraction, theatre, artwork","Crack The Whip, Columbia Yacht Club, Polk Bros Park City Stage, Captain on the Helm"
882664c18dfffff,food_drink,4,3,"restaurant, coffee, restaurant, fast_food","Bubba Gump Shrimp Company, Cafe Michelle, Taco Rio"
882664c18dfffff,leisure_sports,10,2,"picnic_site, picnic_site, picnic_site, picnic_site, picnic_site, picnic_site, picnic_site, picnic_site, boat_rental, picnic_site",Urban Kyaks
882664c18dfffff,services,2,1,"ticket, ticket","Shoreline Sightseeing, Shoreline Sightseeing"
882664c18dfffff,shopping,1,1,bicycle,3rd Coast Cycles
882664c18dfffff,transport,9,3,"ferry_terminal, ferry_terminal, ferry_terminal, ferry_terminal, ferry_terminal, ferry_terminal, bicycle_rental, taxi, bicycle_rental","Navy Pier (Lake Route), Navy Pier (River Route), Anita Dee II, Anita Dee I, Shoreline Sightseeing, Shoreline Sightseeing, Bike & Roll, DuSable Harbor"
882664c1a1fffff,civic_community,4,3,"police, police, prison, fire_station","Metra Police Department, U.S. Postal Inspection Service, Metropolitan Correctional Center, Chicago Fire Department Engine Company 1"
882664c1a1fffff,education,2,1,"childcare, childcare","Blocks Child Care Center, Kids & Company"
882664c1a1fffff,entertainment,43,4,"attraction, museum, artwork, artwork, artwork, artwork, artwork, artwork, artwork, artwork, artwork, artwork, artwork, artwork, artwork, artwork, artwork, artwork, artwork, artwork, artwork, artwork, artwork, artwork, artwork, artwork, artwork, artwork, artwork, events_venue, events_venue, attraction, artwork, museum, artwork, museum, artwork, artwork, artwork, artwork, artwork, artwork, artwork","SkyDeck Chicago Willis Tower, Money Museum, Ceres, San Marco II, Skydeck 99, Convene, The Ledge, In the Heart of this Infinite Particle of Galactic Dust, Color Factory, Chicago Board of Trade Building Museum, atmospheric Wave Wall, Agriculture, Industry"
882664c1a1fffff,finance,8,2,"bank, bank, bank, bank, pawnbroker, bank, bank, bank","Chase, Bank of America, BMO, Fifth Third Bank, Royal Pawn Shop, Chase, Lakeside Bank, Fifth Third Bank"
882664c1a1fffff,food_drink,51,6,"cafe, restaurant, fast_food, fast_food, restaurant, fast_food, fast_food, restaurant, fast_food, restaurant, restaurant, coffee, restaurant, fast_food, restaurant, fast_food, fast_food, fast_food, restaurant, fast_food, fast_food, fast_food, fast_food, restaurant, fast_food, restaurant, restaurant, restaurant, food_court, cafe, restaurant, restaurant, fast_food, fast_food, deli, restaurant, restaurant, cafe, restaurant, restaurant, fast_food, restaurant, fast_food, restaurant, restaurant, fast_food, restaurant, restaurant, fast_food, restaurant, food_court","Corner Bakery, Pazzo's, Subway, Dunkin', Giordano's Pizzeria, Jimmy John's, McDonald's, Protein Bar, Luke's Italian Beef, Meli, Half Sour, Big Shoulders Coffee, Umai, Potbelly, Amarit, Qdoba, Panda Express, Shake Shack, Brown Bag Seafood, Do-Rite Donuts, Dunkin', Dunkin', Taco Bell Cantina, Sushi-san, Sweetgreen, Tortazo, Brownbag, Market Creations, Urbanspace, Joe & The Juice, Kindling, Blackwood BBQ, Chipotle, Potbelly, Halsted Street Deli, Saucy Porka, Bereket, Dollop, Taureaux, Dunkin', Ceres Cafe, Subway, Pat's Pizza, Himalayan Sherpa Kitchen, Americana Submarine, Canal Street Eatery & Market, Ahuevo, Bagel & Bean, Sushi Plus Rotary Sushi Bar, Catalog"
882664c1a1fffff,grocery,8,3,"convenience, convenience, bakery, convenience, alcohol, convenience, convenience, convenience","South Loop Market, 7-Eleven, Avanti Caffé, Wells Pantry, Hops & Scotch, River City Market, Circle K, BP Shop"
882664c1a1fffff,health,2,2,"veterinary, pharmacy","Partners Animal Hopsital, Walgreens"
882664c1a1fffff,lodging,6,1,"hotel, hotel, hotel, hotel, hotel, hotel","The Buckingham Hotel, Canopy by Hilton, Ewing Annex Hotel, Hilton Garden Inn, Wyndham Blake Hotel, Holiday Inn Chicago-Downtown"
882664c1a1fffff,nightlife,6,2,"bar, bar, bar, bar, bar, pub","First Draft, Persona, Little Toasted, Sky-Ride Tap, O’Neil’s on Wells, Frainklin Tap"
882664c1a1fffff,services,5,4,"copyshop, post_office, hairdresser, post_depot, post_depot","FedEx Office, Cardiss Collins Post Office, State Street Barbers, Chicago Central Processing & Distribution Operations, Chicago Central Carrier Annex"
882664c1a1fffff,shopping,3,3,"jewelry, cannabis, chemist","Sydel & Sydel Jewelry, Market 96, Walgreens"
882664c1a1fffff,transport,12,4,"bicycle_rental, bicycle_rental, bicycle_rental, bicycle_rental, charging_station, charging_station, fuel, bicycle_rental, bicycle_rental, bicycle_rental, bicycle_rental, bus_station","Clark St & Ida B Wells Dr, Canal St & Harrison St, Wells St & Polk St, Financial Pl & Ida B Wells Dr, ChargePoint, ChargePoint, BP, LaSalle St & Jackson Blvd, Franklin St & Jackson Blvd, Dearborn St & Van Buren St, Union Station Transit Center"
882664c1a3fffff,automotive,1,1,car_wash,BP
882664c1a3fffff,civic_community,2,2,"place_of_worship, police","FAME Center, Cook County Sheriff's Police Substation"
882664c1a3fffff,education,3,2,"school, childcare, school","South Loop Montessori School, A Child’s Space, British International School of Chicago–South Loop"
882664c1a3fffff,entertainment,5,5,"artwork, gallery, theatre, museum, cinema","Alchemy—Birds and Stone, Glass Curtain Gallery, Getz Theater, Play Street Meuseum, AMC Roosevelt Collection 16"
882664c1a3fffff,finance,2,2,"atm, bank","Chase, First American Bank"
882664c1a3fffff,food_drink,22,4,"restaurant, cafe, fast_food, fast_food, ice_cream, cafe, restaurant, restaurant, restaurant, restaurant, restaurant, restaurant, cafe, restaurant, fast_food, restaurant, restaurant, fast_food, cafe, restaurant, restaurant, fast_food","Eleven City Diner, Molly’s Cupcakes, Five Guys, Dunkin', Baskin-Robbins, Sweet Bean, Yolk - South Loop, Chicago Curry House, Honeyberry Cafe, Flo & Santos, Kai Sushi, Lowcountry South Loop, Starbucks, Jet's Pizza, Chipotle, Shang Noodle, AO Hawaiian Hideout, Paris Baguette, Chicago French Press, Nando's, Wagyu House, Dunkin'"
882664c1a3fffff,grocery,6,2,"supermarket, convenience, convenience, supermarket, convenience, supermarket","Trader Joe's, Astoria Marketplace, Alfa Foods, Jewel-Osco, Pride"
882664c1a3fffff,health,5,5,"pharmacy, clinic, veterinary, optician, dentist","CVS Pharmacy, Northwestern Medicine Immediate Care South Loop, Burnham Park Animal Hospital, LensCrafters, Dentologie"
882664c1a3fffff,lodging,3,1,"hotel, hotel, hotel","Homewood Suites by Hilton - Chicago Downtown South Loop, Hilton Garden Inn Chicago Downtown South Loop, Best Western Grant Park Hotel"
882664c1a3fffff,services,10,6,"hairdresser, beauty, pet_grooming, beauty, tattoo, massage, cosmetics, massage, beauty, hairdresser","Hair Cuttery, The Skin Bar at Ulta Beauty, Mau's House, Lillian Dion, Code of Conduct, The Now, Ulta Beauty, Massage Envy, LA Tan, Only One Boutique"
882664c1a3fffff,shopping,12,8,"chemist, pet, cannabis, power_tools, department_store, jewelry, clothes, clothes, clothes, clothes, shoes, clothes","Walgreens, Kriser's, Grasshopper Club, Hilti, Target, Tresures Jewlers, Francesca's, H&M, Old Navy, Banana Republic, Fleet Feet, KhamrynB"
882664c1a3fffff,transport,4,2,"bicycle_rental, bicycle_rental, bicycle_rental, fuel","Wabash Ave & Roosevelt Rd, Delano Ct & Roosevelt Rd, Clark St & 9th St (AMLI), BP"
882664c1a5fffff,civic_community,8,5,"information, information, community_centre, information, information, place_of_worship, fire_station, courthouse","Metro Achievement Center, Old Saint Patrick's Church, Chicago Fire Department Engine Company 5, Cook County Domestic Violence Courthouse"
882664c1a5fffff,education,5,2,"childcare, childcare, childcare, kindergarten, childcare","LadyBug and Friends Daycare & Preschool, Sonnets Academy, Kids & Company, The Goddard School, Brain Builders Academy"
882664c1a5fffff,entertainment,8,2,"artwork, artwork, artwork, artwork, artwork, artwork, museum, museum","Gráinne, Play for Peace, Copper Moon, Takeaway, Antipode, Jane Addams Hull-House Museum, National Hellenic Museum"
882664c1a5fffff,finance,1,1,atm,
882664c1a5fffff,food_drink,38,3,"fast_food, fast_food, restaurant, fast_food, cafe, cafe, restaurant, restaurant, restaurant, restaurant, restaurant, restaurant, fast_food, restaurant, cafe, cafe, cafe, fast_food, restaurant, cafe, fast_food, fast_food, fast_food, restaurant, restaurant, restaurant, restaurant, restaurant, fast_food, fast_food, restaurant, fast_food, fast_food, restaurant, cafe, restaurant, restaurant, restaurant","Jimmy John's, Dunkin', Greek Islands, Taco Burrito King, Ground Up, Artopolis, 9 Muses Bar & Grill, Meli Cafe, Beggars Pizza, Tamashii Ramen, Philly‘s Best, Primos Chicago Pizza, Mr Greek Gyros, Xi'an Cuisine, Swadesi Cafe, Chicago French Press, Dark Matter Coffee - Meddle, Potbelly, Giordano's Pizzeria, Starbucks, Panda Express, Chick-fil-A, Dunkin', Zeus Restaurant, CityBird Tenders, Sang's Kitchen, Izakaya Yume, So Gong Dong Tofu & Korean BBQ, Panera Bread, Burger King, Market Creations, Byrd's Hot Chicken, Subway, Ithaki Estiatorio, Moka & Co, Lou Mitchell's Restaurant, Green Street Local, Athena Greek Restaurant"
882664c1a5fffff,grocery,5,3,"convenience, convenience, bakery, convenience, supermarket","7-Eleven, Go Grocer, Paris Baguette, 7-Eleven, H Mart"
882664c1a5fffff,health,5,3,"clinic, veterinary, dentist, clinic, clinic","Midwest Express Clinic, GoodVets, The Chicago Dental Studio, Metro Infusion Center, Ankle N Foot Centers"
882664c1a5fffff,lodging,2,2,"hostel, hotel","Chicago Parthenon Hostel, Sonder Greektown"
882664c1a5fffff,nightlife,3,1,"bar, bar, bar","Spectrum Bar and Grill, Dugan's, AfterBar"
882664c1a5fffff,services,13,5,"post_office, dry_cleaning, beauty, beauty, dry_cleaning, beauty, hairdresser, beauty, post_office, storage_rental, storage_rental, storage_rental, storage_rental","The UPS Store, Clean As A Whistle Cleaners, Chloé Chen Spa, Nail & Spa, Capitol Cleaners, spavia, Refined Barbershop, Milan Laser Hair Removal, The UPS Store, Extra Space Storage, Extra Space Storage, Public Storage, Extra Space Storage"
882664c1a5fffff,shopping,3,3,"candles, cannabis, chemist","Athenian Candle Company, Zen Leaf, Walgreens"
882664c1a5fffff,transport,10,4,"bicycle_rental, bicycle_rental, bicycle_rental, bicycle_rental, bicycle_rental, charging_station, bus_station, charging_station, taxi, bus_station","Clinton St & Tilden St, Halsted St & Polk St, Peoria St & Jackson Blvd, 900 W Harrison St, Desplaines St & Jackson Blvd, Chicago Greyhound Terminal, Blink, Desplaines & Harrison Terminal"
882664c1a7fffff,automotive,1,1,car_repair,Midas
882664c1a7fffff,civic_community,4,2,"place_of_worship, fire_station, fire_station, fire_station","Saint Francis of Assisi Roman Catholic Church, Chicago Fire Academy, Chicago Fire Department Survive Alive House, Chicago Fire Department EMS & Paramedic Office"
882664c1a7fffff,education,1,1,training,Paul Mitchell The School Chicago
882664c1a7fffff,entertainment,4,2,"artwork, artwork, artwork, conference_centre",UIC Dorin Forum
882664c1a7fffff,finance,7,3,"money_lender, atm, bank, atm, bank, bank, bank","PLS, Athena Bitcon ATM, Chase, Verve, A Credit Union, BMO, Bank of America"
882664c1a7fffff,food_drink,22,4,"fast_food, fast_food, fast_food, cafe, fast_food, restaurant, fast_food, ice_cream, fast_food, restaurant, restaurant, restaurant, restaurant, fast_food, restaurant, restaurant, fast_food, fast_food, fast_food, fast_food, fast_food, fast_food","Domino's, Subway, Panera Bread, Starbucks, Panda Express, Jason's Deli, Dunkin', Baskin-Robbins, Wingstop, Eppel’s Restaurant;Eppel‘s Restaurant, Mimi’s Tacos & French Fries, Ghareeb Nawaz, Naf Naf Grill, Apple Spice, Manny’s Cafeteria and Delicatessen, White Palace Grill, Chipotle, Jim's Original, Portillo's, Chick-fil-A, JST Cafe, Raising Cane's"
882664c1a7fffff,grocery,6,5,"supermarket, convenience, bakery, alcohol, marketplace, convenience","Whole Foods Market, Citgo, Cinnaholic, Binny's Beverage Depot, Maxwell Street Market, 7-Eleven"
882664c1a7fffff,health,7,5,"optician, dentist, veterinary, clinic, pharmacy, dentist, veterinary","Visionworks, Aspen Dental, Banfield Pet Hospital, Fresenius Kidney Care, Walgreens, South & West Loop Dental, Veterinary Emergency Group"
882664c1a7fffff,leisure_sports,1,1,video_games,GameStop
882664c1a7fffff,nightlife,1,1,stripclub,Deja Vu
882664c1a7fffff,services,4,3,"copyshop, hairdresser, hairdresser, post_depot","FedEx Office, Patrick Knows Hair, Sola Salon Studios, UPS Chicago Hub"
882664c1a7fffff,shopping,31,19,"electronics, shoes, pet, clothes, mobile_phone, fabric, nutrition_supplements, tailor, department_store, department_store, stationery, bed, pet, clothes, tailor, tailor, mobile_phone, hairdresser_supply, clothes, variety_store, variety_store, mobile_phone, nutrition_supplements, paint, furniture, chemist, mall, fabric, doityourself, mall, garden_centre","Best Buy, DSW, PetSmart, Sid's Clothing & Hat Store, T-Mobile, New Rainbow Fabrics, The Vitamin Shoppe, Fox Brothers Tailors, Burlington, Marshalls, Staples, Mattress Firm, Petco, Chicago Uniform Company, Frank’s Alterations, Ike’s Tailor Shop, AT&T, Beauty One, Nordstrom Rack, Dollar Tree, Five Below, AT&T, GNC, Sherwin-Williams, Bob's Discount Furniture, Walgreens, Southgate Market, Fishman's Fabrics, The Home Depot, The Maxwell"
882664c1a7fffff,transport,8,3,"bicycle_rental, charging_station, bicycle_rental, bicycle_rental, charging_station, charging_station, fuel, fuel","Clinton St & Roosevelt Rd, Tesla Supercharger, Clinton St & Polk St, Canal St & Taylor St, Citgo, Mobil"
882664c1a9fffff,civic_community,17,4,"courthouse, information, information, information, information, information, information, courthouse, information, information, courthouse, townhall, place_of_worship, place_of_worship, place_of_worship, place_of_worship, place_of_worship","Cook County Courthouse, Historical Route 66 Starting Place, Chicago Visitors Information Center, Begin Historic Route 66, Chicago Immigration Court, Historical Route 66 End Point, Route 66, Dirksen Federal Building and US Courthouse, Chicago City Hall, First United Methodist Church of Chicago, St. Peter's Church, Loop Synagogue, I Am Temple, Downtown Islamic Center"
882664c1a9fffff,education,10,5,"school, college, library, dancing_school, university, college, university, library, university, university","National College of Education Urban Campus, Cortiva Institute, John M. Flaxman Library, Joffrey Ballet, Adler University, School of The Art Institute of Chicago, DePaul University – Loop Campus, Ryerson & Burnham Libraries, University of Illinois Chicago School of Law, National Louis University"
882664c1a9fffff,entertainment,44,8,"theatre, artwork, cinema, artwork, artwork, arts_centre, artwork, artwork, artwork, attraction, cinema, attraction, gallery, artwork, museum, artwork, studio, studio, gallery, museum, artwork, artwork, arts_centre, artwork, theatre, artwork, studio, arts_centre, theatre, artwork, artwork, artwork, theatre, artwork, artwork, studio, artwork, theatre, theatre, theatre, theatre, artwork, studio, artwork","Storefront Theater, Flamingo, Gene Siskel Film Center, Interconnected, Interconnected, Bert Green Fine Art, Flying Dragon, Large Interior Form, Cow, Weather Bell, AMC Dine-In Block 37, Begin Route 66, Expo 72, Cubi VII, Museum of Illusions, We Will Chicago, State Street Studio, ESPN 1000 WMVP, Iarca, Pritzker Military Museum & Library, The Town-Ho's Story, Chicago Picasso Braille Model, Chicago Cultural Center, Chicago Picasso, Chicago Theatre, Cloud Gate, ABC Building, Goodman Theatre Center, Symphony Center, Miro's Chicago, Monument With Standing Beast, Four Seasons, Cadillac Palace Theatre, Lion “in an attitude of defiance”, Lion ""on the prowl"", CBS 2 Broadcast Center, Untitled, Fullerton Hall, CIBC Theatre, Albert Ivar Goodman Theatre, James M. Nederlander Theatre, Loop Da Loop, ABC TV Studios"
882664c1a9fffff,finance,28,3,"atm, atm, bank, atm, bank, atm, bank, bank, bank, bank, bank, bank, bank, bank, bank, bank, financial, bank, bank, atm, bank, bank, bank, bank, bank, bank, bank, bank","Chase, Chase, Bank of America, Morningstar Inc., Fifth Third Bank, First American Bank, Citibank, PNC Bank, Chase, U.S. Bank, Huntington Bank, BMO, Chase, Fifth Third Bank, Bank of America, Midwest Diamond Buyers Chicago IL, Chase, Bank of America, Fifth Third Bank, State Bank of India, Bank of America, Citibank, Wintrust, BMO, ABOC, CIBC Bank USA"
882664c1a9fffff,food_drink,175,8,"fast_food, fast_food, fast_food, restaurant, fast_food, restaurant, fast_food, cafe, cafe, fast_food, fast_food, fast_food, restaurant, fast_food, fast_food, fast_food, restaurant, cafe, fast_food, restaurant, restaurant, restaurant, fast_food, fast_food, restaurant, fast_food, fast_food, fast_food, cafe, restaurant, fast_food, fast_food, fast_food, restaurant, fast_food, cafe, fast_food, fast_food, fast_food, fast_food, restaurant, fast_food, fast_food, fast_food, restaurant, cafe, fast_food, cafe, fast_food, cafe, restaurant, restaurant, cafe, restaurant, restaurant, restaurant, restaurant, cafe, restaurant, restaurant, restaurant, cafe, cafe, restaurant, restaurant, restaurant, restaurant, restaurant, cafe, cafe, cafe, cafe, cafe, restaurant, restaurant, cafe, restaurant, restaurant, fast_food, cafe, restaurant, restaurant, cafe, restaurant, restaurant, restaurant, restaurant, fast_food, fast_food, cafe, cafe, fast_food, fast_food, ice_cream, fast_food, fast_food, cafe, fast_food, restaurant, restaurant, restaurant, restaurant, fast_food, restaurant, restaurant, fast_food, fast_food, restaurant, fast_food, cafe, food_court, fast_food, restaurant, restaurant, cafe, fast_food, restaurant, fast_food, restaurant, cafe, fast_food, restaurant, fast_food, restaurant, restaurant, restaurant, cafe, fast_food, fast_food, cafe, cafe, fast_food, restaurant, restaurant, confectionery, cafe, fast_food, cafe, cafe, cafe, cafe, ice_cream, cafe, restaurant, restaurant, fast_food, restaurant, restaurant, coffee, cafe, restaurant, restaurant, restaurant, restaurant, restaurant, restaurant, restaurant, cafe, fast_food, cafe, fast_food, fast_food, fast_food, cafe, restaurant, fast_food, restaurant, fast_food, restaurant, restaurant, restaurant, restaurant, street_vendor, food_court, cafe","Subway, Jollibee, McDonald's, Pizano's Pizza & Pasta, Jimmy John's, The Berghoff Restaurant, Garrett Popcorn Shops, Corner Bakery, Intelligentsia Coffee, Potbelly, McDonald's, Dunkin', Jason's Deli, Potbelly, Subway, Potbelly, Miller’s Pub, Starbucks, Potbelly, Noodles & Company, Grill Room, Freshii, Jimmy's Gyros & Grill, Raising Cane's, Petterino's, Dunkin', Subway, Subway, Pittsfield Cafe, Oasis Cafe, Dunkin', Panda Express, Chipotle, Atwood, Chick-fil-A, Caffè Café, McDonald's, Dunkin', Potbelly, Qdoba, The Park Grill, Shake Shack, Einstein Bros. Bagels, Cousins Subs, The Dearborn, Starbucks, Chipotle, Starbucks, Mr. Submarine, Cafecito, Acanto, The Gage, Goddess and the Baker, Rosetta Italian, Brightwok Kitchen, Remington’s, Ryo Sushi, Corner Bakery, Luke's Lobster City Hall, Cochon Volant Brasserie, Chiya Chai, Corner Bakery, Harry's Sandwch Shop, Lotus Bahn Mi, 312 Chicago, Ara On, BienMeSabe Venezuelan Arepa Bar, Boleo, Corner Bakery, Mojo Coffee, Do-Rite Donuts & Coffee, Dollop Coffee Co., Fairgrounds Coffee and Tea, Flat Top Grill, El Greco's Burritos, Intelligentsia Coffee, Poke Poké, Roanoke Restaurant, Roti Modern Mediterranean, Peet's Coffee, The Fat Shallot, The Marq, Lavazza, Steadfast at the Gray, Danke, Frontera Fresco, Antique Taco Chiquito, Farmer's Fridge, Jimmy John's, Peet's Coffee, Goddess and the Baker, Popeyes, Dunkin', Baskin-Robbins, Subway, Potbelly, Hanabusa, Dunkin', Cindy’s, Hot Woks Cool Sushi, Exchequer Restaurant & Pub, BIBIBOP Asian Grill, Just Salad, Beatrix Market, Maharaj Indian Grill, Taco Bell Cantina, The Halal Guys, Fons, Rosati's, Starbucks, Washington Hall, Arby's, Naf Naf Grill, Lotus Banh Mi, Corner Bakery, Jersey Mike's Subs, Seedo’s, Chipotle, Protein Bar & Kitchen, Starbucks, Burrito Beach, Silk Road of Chicago, Chick-fil-A, Kong Dog, Copper Club, Industry Ales, Stan's Donuts & Coffee, Garret’s Popcorn, Subway, Starbucks, Starbucks, Dunkin', Roti Mediterranean, IDOF, Garrett's Popcorn, Starbucks, Dunkin', Barnes & Noble Cafe, Vivi Bubble Tea, Capital One Café at State Street, Dollop Coffee Co., Amorino, TE'AMO Boba Bar, Naf Naf Grill, Russian Tea Time, Jimmy John's, SeoulSpice, Momento, Happy Monday, Sugary Chicago, Umi Sushi, Green Apple PHOever, Chicago Brü, Barangaroo Aussie Pies, BenjYehuda, BenjYehuda, 90th Meridian Kitchen & Bar, Starbucks, Chiya Chai, Broadway Café, Hot Chi, LaShuk, Harry's Hamburgs, Sterling Café, 82 Kimbap, Egg Bunni, Saffron Street, Aloha Poke, Bistro Monadnock, The Ives, Pancho's Rooftop Cantina, Italian VIllage, Food Trucks, Sterling Food Hall, HERO Coffee Bar"
882664c1a9fffff,grocery,17,3,"convenience, bakery, bakery, convenience, marketplace, bakery, bakery, bakery, bakery, convenience, convenience, convenience, convenience, convenience, convenience, bakery, convenience","7-Eleven, Sugar Bliss Cake Boutique, Magnolia Bakery, 7-Eleven, Christkindlmarket, Art Institute’s Gardens, Gayle V’s Best Ever Grilled Cheese, Sugar Bliss Patisserie, Mindy’s Hot Chocolate Bakery, 7-Eleven, Circle K, 7-Eleven, 7-Eleven, Circle K, Blaze, Seedo’s Levantine Bakery, Chitown Food & Deli"
882664c1a9fffff,health,15,6,"pharmacy, pharmacy, optician, hearing_aids, doctors, pharmacy, optician, optician, pharmacy, dentist, dentist, clinic, doctors, optician, clinic","CVS Pharmacy, Walgreens, America's Best Contacts & Eyeglasses, Sonik Hearing Care Services, Linda Marino PhD, CVS Pharmacy, Visionary, Eyelines Inc, Walgreens, The Dental Loft, Strobel Dentistry, Passport Health Downtown Chicago Travel Clinic, Kraff Eye Institute, Dean Opticians, Planned Parenthood - Loop Health Center"
882664c1a9fffff,leisure_sports,1,1,sports,Champs Sports
882664c1a9fffff,lodging,19,1,"hotel, hotel, hotel, hotel, hotel, hotel, hotel, hotel, hotel, hotel, hotel, hotel, hotel, hotel, hotel, hotel, hotel, hotel, hotel","Club Quarters Central Loop Hotel, The LaSalle Chicago, JW Marriott Chicago, Cambria Hotel Chicago Loop - Theatre District, The Standard Club, Union League Club, THE MIDLAND HOTEL, Chicago, a Tribute Portfolio Hotel, Staypineapple, An Iconic Hotel, The Loop, University Club of Chicago, Residence Inn Chicago Downtown/Loop, Chicago Athletic Association Hotel, Hyatt Centric The Loop Chicago, The Kimpton Gray Hotel, The Palmer House Hilton, Silversmith Hotel Chicago Downtown, The Allegro Royal Sonesta Hotel Chicago Loop, The Marquee at Block 37, Hampton Majestic Chicago Theatre District, Cambria Chicago Loop - Theatre District"
882664c1a9fffff,nightlife,17,2,"pub, pub, bar, pub, bar, pub, bar, bar, bar, bar, bar, bar, bar, bar, pub, bar, bar","Elephant & Castle - Chicago Adams St, The Row Tavern, Lobby Bar at Palmer House, Cardozo's Pub, Bar Allegro, 2Twenty2 Tavern, Brando’s Speakeasy, Drawing Room, Game Room, Infield’s, Roanoke Restaurant, Stock and Ledger Kitchen & Spirits, The Living Room Bar W Chicago City Center, MacGuffins Bar & Lounge, Adam Street Brewery, Adamus Lounge, Bar Sotto"
882664c1a9fffff,services,11,6,"cosmetics, post_office, copyshop, post_office, beauty, beauty, post_office, ticket, repair, post_office, post_office","Sephora, The UPS Store, FedEx Office, DHL, Nail Studio, L.A. Tan, FedEx Office, Box Office, America's Watches, FedEx Office, Chicago Loop Post Office"
882664c1a9fffff,shopping,70,23,"stationery, books, clothes, clothes, clothes, department_store, chemist, department_store, books, variety_store, clothes, collector, clothes, clothes, department_store, jewelry, jewelry, jewelry, jewelry, jewelry, jewelry, jewelry, music, clothes, mobile_phone, clothes, mobile_phone, chemist, department_store, mobile_phone, mobile_phone, jewelry, gift, chemist, jewelry, watches, clothes, tobacco, shoes, camera, clothes, art, shoes, shoes, clothes, gift, craft, tobacco, fabric, clothes, jewelry, cannabis, newsagent, newsagent, newsagent, clothes, computer, jewelry, nutrition_supplements, jewelry, watches, clothes, clothes, clothes, department_store, mall, jewelry, clothes, department_store, art","Staples, Barnes & Noble, Men's Wearhouse, JD Sports, Nordstrom Rack, Burlington, Walgreens, Target, Graham Crackers Comics, Five Below, Uniqlo, Harlan J. Berk, Ltd., Loft, Ann Taylor, TJ Maxx, New York Jewelers, Prudential Jewelers, Chicago Landmark Diamond Center, Windy City Diamonds, Fiancee Jewelry, Mon Ami Jewelers, Luo M. Jewelers, Reckless Records, Anthropologie, AT&T, Zara, AT&T, Walgreens, Ross, Verizon, T-Mobile, Reuven Gitter Jewelers, Bye Bye Chicago, Walgreens, LaRon Jewelers, Jewels of Chicago, Optimo, Iwan Ries, Journeys, Central Camera, Lids, Buddy, Foot Locker, Kids Foot Locker, Zumiez, State Street Souvenirs, Blick Art Materials, Mythical Smokes, Fabric, Dei Giovani, Diamonds on Wabash, CBD Kratom, Banana Republic, Air Tec Service Center, Ethan Lord Jewelers, GNC, Pia's Gems, I & M Watch Repair & Jewelry, Teranz Boutique, Charles Tyrwhitt, Iridium 77, Macy's, Block 37 Shops, Jewelers Building, Primark, Saks Off 5th, Museum Shop"
882664c1a9fffff,transport,16,3,"bicycle_rental, bicycle_rental, bicycle_rental, bicycle_rental, bicycle_rental, bicycle_rental, bicycle_rental, car_rental, bicycle_rental, taxi, bicycle_rental, bicycle_rental, bicycle_rental, taxi, bicycle_rental, bicycle_rental","Clark St & Randolph St, Dearborn St & Monroe St, Daley Center Plaza, Michigan Ave & Washington St, State St & Randolph St, LaSalle St & Washington St, Michigan Ave & Madison St, Hertz, LaSalle St & Adams St, Dearborn St & Adams St, Wabash Ave & Adams St, State St & Van Buren St, Millennium Park"
882664c1abfffff,civic_community,4,2,"place_of_worship, place_of_worship, information, information","Grace Episcopal Church, The Loop Church of the Nazarene, Van Buren Street Station RTA Information Board, Van Buren Street Station RTA Information Board"
882664c1abfffff,education,6,4,"library, university, college, library, school, university","Columbia College Chicago Library, Roosevelt University, Columbia College Chicago, Harold Washington Library Center, Jones College Prep, East West University"
882664c1abfffff,entertainment,59,5,"artwork, artwork, museum, artwork, artwork, artwork, artwork, theatre, artwork, artwork, artwork, artwork, artwork, artwork, artwork, artwork, artwork, artwork, artwork, artwork, artwork, artwork, artwork, artwork, artwork, artwork, artwork, artwork, artwork, artwork, artwork, artwork, artwork, artwork, artwork, artwork, artwork, artwork, artwork, artwork, artwork, artwork, artwork, artwork, artwork, artwork, artwork, events_venue, theatre, artwork, artwork, artwork, artwork, artwork, attraction, theatre, artwork, events_venue, theatre","Lilies, Sir Georg Solti Bust, The Museum of Contemporary Photography, Studebaker Theater, Magdalene, Hector Guimard Metro entrance, Conrad Hilton, Mayor Harold Washington, All Roads Lead Back to the Loop, Hilton Conference Hall, Merle Reskin Theatre, Equestrian Indians (The Spearman), Equestrian Indians (The Bowman), Dove Girl, Turtle Boy, Hedgerow, Paris Metro Entryway (Metra), John Alexander Logan Monument, RESERV, Auditorium Theatre"
882664c1abfffff,finance,4,2,"atm, atm, bank, bank","New City Bank, Chase"
882664c1abfffff,food_drink,47,6,"fast_food, restaurant, cafe, restaurant, restaurant, restaurant, confectionery, cafe, cafe, restaurant, restaurant, cafe, restaurant, restaurant, restaurant, cafe, fast_food, fast_food, fast_food, restaurant, fast_food, fast_food, fast_food, ice_cream, restaurant, fast_food, cafe, fast_food, cafe, fast_food, fast_food, restaurant, restaurant, cafe, restaurant, fast_food, cafe, restaurant, restaurant, fast_food, restaurant, restaurant, fast_food, pastry, restaurant, cafe, ice_cream","Jimmy John's, Lou Malnati's Pizzeria, Peet's Coffee, Señoritas Cantina, Cafecito, Taco Madre, Kilwins, LaSalle Cafe Luna, Herb N’ Kitchen, Himalayan Restaurant, Sofi Restaurant, Market By The Blackstone, Mercat a la Planxa, Niu B, Fontano's Pizza and Subs, Starbucks, Relish Chicago Hot Dogs, Dunkin', Panda Express, Art of Pizza, Wingstop, Dunkin', Dunkin', Baskin-Robbins, Blaze Pizza, Epic Burger, Gong Cha, Devil Dawgs, Necessary Coffee, Subway, Burger Alley, Osaka Sushi & Fresh Fruit Smoothies, Thai Spoon and Sushi, Le Petit Cafe, Grant Park Bistro, Subway, Crave Coffee, Flaco's Tacos, Rafael Restaurant, Tilly Bagel Shop, Forno Mauri, Lao Sze Chuan, Harold's Chicken Shack, Insomnia Cookies, Chengdu Bistro, Cafe Deko, Bobtail Ice Cream & Coffee"
882664c1abfffff,grocery,5,3,"convenience, convenience, alcohol, convenience, wine","7-Eleven, Burnham Mart, Warehouse Liquors, Totto's Market, Printers Row Wine Shop"
882664c1abfffff,health,2,2,"pharmacy, clinic","CVS Pharmacy, Physicians Immediate Care"
882664c1abfffff,lodging,7,2,"hotel, hotel, hotel, hotel, hostel, hotel, hotel","Travelodge Chicago, Sonder Plymouth, Congress Plaza Hotel, The Blackstone, Autograph Collection, HI Chicago, Le Méridien Essex, Chicago Hilton & Towers"
882664c1abfffff,nightlife,7,2,"bar, nightclub, bar, bar, bar, bar, nightclub","Kasey's Tavern, Jazz Showcase, 720 South Bar & Grill, Kitty O’Shea’s, Congress Lounge, Vitology, Buddy Guy's Legends"
882664c1abfffff,services,11,5,"dry_cleaning, beauty, beauty, post_office, dry_cleaning, hairdresser, beauty, hairdresser, post_office, storage_rental, storage_rental","Plymouth Court Cleaners, Paradise Unisex Spa, J’s Blossom Nail Spa, The UPS Store, Roosevelt Cleaners, Funk’s Barber Shop, Nails Spa On State, Paul Chambers Salon, FedEx Office, Extra Space Storage, U-Stor-It"
882664c1abfffff,shopping,7,5,"bicycle, books, books, gift, craft, gift, candles","Golas & Sons Bike Shop, Sandmeyer's, The Dial Boomshop, Kpop Nara, Yarnify, Kpop Nara, Embers + Apothecary"
882664c1abfffff,transport,8,2,"bicycle_rental, bicycle_rental, bicycle_rental, bicycle_rental, bicycle_rental, taxi, bicycle_rental, bicycle_rental","Michigan Ave & Jackson Blvd, Michigan Ave & 8th St, Buckingham Fountain, Federal St & Polk St, Michigan Ave & Ida B Wells Dr, Wabash Ave & 9th St, State St & Harrison St"
882664c1adfffff,automotive,2,1,"car, car","Porsche, McLaren"
882664c1adfffff,civic_community,3,2,"information, information, police","Information, Amtrak Police Department"
882664c1adfffff,education,6,4,"university, music_school, university, kindergarten, school, university","Chicago-Kent College of Law, Opera School of Chicago, IIT Stuart School of Business, Bright Horizons, Frances Xavier Warde School"
882664c1adfffff,entertainment,9,4,"artwork, artwork, events_venue, artwork, museum, theatre, artwork, artwork, artwork","Batcolumn, Black Tiberinus, Convene, Museum of Broadcast Communications, Civic Opera House, 150, 100, Constellation"
882664c1adfffff,finance,16,2,"bank, bank, atm, atm, bank, bank, bank, bank, atm, bank, bank, bank, atm, bank, atm, atm","Chase, Fifth Third Bank, Bank of America, Citibank, Fifth Third Bank, Chase, First Northern Credit Union, U.S. Bank, PNC Bank, Bank of America, Wells Fargo"
882664c1adfffff,food_drink,131,8,"fast_food, fast_food, fast_food, fast_food, cafe, restaurant, fast_food, fast_food, restaurant, cafe, cafe, restaurant, cafe, fast_food, fast_food, cafe, fast_food, restaurant, pastry, fast_food, restaurant, fast_food, restaurant, fast_food, restaurant, restaurant, fast_food, fast_food, restaurant, fast_food, fast_food, fast_food, fast_food, cafe, restaurant, fast_food, restaurant, restaurant, restaurant, restaurant, restaurant, fast_food, restaurant, cafe, restaurant, restaurant, restaurant, restaurant, cafe, restaurant, restaurant, restaurant, fast_food, cafe, restaurant, restaurant, restaurant, fast_food, cafe, food_court, fast_food, fast_food, cafe, fast_food, confectionery, fast_food, fast_food, fast_food, fast_food, fast_food, fast_food, fast_food, fast_food, pastry, fast_food, restaurant, cafe, restaurant, restaurant, deli, cafe, restaurant, restaurant, fast_food, restaurant, restaurant, restaurant, restaurant, restaurant, fast_food, restaurant, fast_food, fast_food, fast_food, restaurant, restaurant, cafe, restaurant, restaurant, cafe, restaurant, fast_food, restaurant, fast_food, restaurant, restaurant, fast_food, restaurant, fast_food, restaurant, fast_food, deli, fast_food, cafe, restaurant, restaurant, restaurant, restaurant, fast_food, pastry, fast_food, fast_food, restaurant, restaurant, restaurant, restaurant, fast_food, restaurant, street_vendor, cafe, food_court","Jimmy John's, Chipotle, Jimmy John's, Potbelly, Starbucks, Eppy's Deli, Potbelly, Chipotle, Noodles & Company, Starbucks, Starbucks, Monroe Reserve, Starbucks, Potbelly, Panda Express, Starbucks, Jimmy John's, Yolk, Mrs. Fields, Jamba, Naf Naf Grill, Subway, Sepia, Protein Bar, Mediterranean Kitchen, avec, Così, Jimmy John's, One North Kitchen, Roti, Potbelly, Jimmy John's, Aloha Pokē Co, Vanille Patisserie, Saigon Sisters, Sarpino's Pizzeria, IDOF - I Dream of Falafel, Blaze Pizza, Gibsons Italia, Proxi, Slightly Toasted, Five Guys, Naf Naf Grill, Starbucks, Beatnik On The River, Omakase Yume, Beatrix Market, Market Creations, Left Coast, Alla Vita, Arturo Express, Boxcar Betty’s, Cinnabon, Doughnut Vault - Canal St., Rivers, Taste222, Wishbone, Pret A Manger, Mojo Coffee, Rustle & Roux, Dunkin', Jersey Mike's Subs, Starbucks, Robinson's, Nuts on Clark, Jamba, Dunkin', Chick-fil-A, Auntie Anne's, Taco Bell, Popeyes, Halsted Street Deli, Benj Yehuda, Smallcakes, Dunkin', 65 Express, Starbucks, FARE, Francois Frankie, Boar's Head, Espresso and Milk, Bar Mar, Bazaar Meat, Market Creations, Asadito, TenGoku Aburiya, Bonyeon, Taqueria Mexicana, Jinsei Motto, Potbelly, The Outpost Mexican Eatery, Great Steak, Dunkin', DosBros Fresh Mexican Grill, Sopraffina Marketcaffe, Hannah's Bretzel, Peet's Coffee, Polombia, Eaves, River Roux, Clinton St Smoked Meats, Retro Pizza, Lito's Empanadas, Suarez Brothers Fry Shack & Bar, Saigon Sisters, K Kitchen, Mochinut, Mammoth Poke & Ramen, Buen Apetito, Panlasa, Cubano Bros, Bill's Olive Oil, Firenze, B.I. Tea & Dim Sum, Blue Spot Sushi, Solette, Just Salads, Silk Road of Chicago, Thimi’s Empanadas, Fresco Delicioso, Klay Oven Kitchen, Paiges, Bell Heirs BBQ, Righteous Kitchen, Sushi Nova, Taco Lulú, Dunkin', Small Cheval - Riverside, Food Trucks, Cupitol, Chicago French Market"
882664c1adfffff,grocery,10,4,"convenience, convenience, bakery, bakery, convenience, supermarket, convenience, convenience, bakery, alcohol","7-Eleven, 7-Eleven, International Sandwich Shop, Steffens Cafe & Bakery, 7-Eleven, Metro Spice Mart, Circle K, Suarez Market, Vertige, The Booze Caboose"
882664c1adfffff,health,5,2,"clinic, dentist, clinic, dentist, clinic","Family Planning Associates, Presidential Dental Associates, Physicians Immediate Care, DentalWorks, One Medical"
882664c1adfffff,lodging,4,1,"hotel, hotel, hotel, hotel","Hampton Inn Chicago West Loop Fulton Market Area, Homewood Suites West Loop Fulton Market Area, La Quinta Inn & Suites by Wyndham Chicago Downtown, Hyatt Place Chicago/Downtown - The Loop"
882664c1adfffff,nightlife,12,2,"bar, pub, bar, bar, bar, bar, bar, bar, bar, bar, bar, pub","South Branch, New Line Tavern, Chicago News Room, Rittergut Wine Bar, CH Distillery, Porter Kitchen & Deck, Good Funk, Chicago Union Station Metropolitan Lounge, Stocks and Blondes, The Junction, Madison Tavern, Ovie Bar & Grill"
882664c1adfffff,services,19,7,"copyshop, ticket, ticket, beauty, dry_cleaning, beauty, massage, dry_cleaning, post_office, post_office, hairdresser, beauty, hairdresser, beauty, post_office, hairdresser, beauty, hairdresser, ticket","FedEx Office, Metra Ticket Passenger Sevice, Amtrak Tickets Passenger Services, 7 Am, Massage Evolved, Paramount Cleaners, The UPS Store, FedEx Office, Great Clips, eyelashworks, The Chicago Buzz, Loop Nail Spa, The UPS Store, Elegance Salon, Spackle Nail Solon, Great Clips, Metra"
882664c1adfffff,shopping,15,12,"gift, cannabis, jewelry, newsagent, mobile_phone, newsagent, newsagent, antiques, frame, florist, bicycle, pet, newsagent, mall, chemist","The Boeing Store, Mint Ventures, Arts & Artisians, Hudson News, T-Mobile, News Now, News Now, Primitive, Supreme Frame, A Plus Flowers & Gifts, Mox Multisport, Barking Spot Bakery, News Now, MetraMarket, CVS Pharmacy"
882664c1adfffff,transport,27,4,"ferry_terminal, bicycle_rental, bicycle_rental, bicycle_rental, bicycle_rental, bicycle_rental, bicycle_rental, bicycle_rental, car_rental, bicycle_rental, ferry_terminal, bicycle_rental, bicycle_rental, bicycle_rental, bicycle_rental, bicycle_rental, taxi, taxi, taxi, taxi, bicycle_rental, taxi, taxi, bicycle_rental, bicycle_rental, bicycle_rental, bicycle_rental","Union Station/Willis Tower, Canal St & Adams St, Clinton St & Lake St, Clinton St & Madison St, Jefferson St & Monroe St, Wacker Dr & Washington St, Canal St & Jackson Blvd, Desplaines St & Randolph St, Car Rentals, Ogilvie / Union (West Loop), Desplaines St / Randolph St, Franklin St & Washington St, Franklin St & Adams St, Franklin St & Monroe St, Clinton St & Jackson Blvd, Canal St & Madison St, Canal St & Madison St, Clinton St / Madison St, Clinton St & Washington Blvd"
882664c1b1fffff,civic_community,2,1,"information, information",Northerly Island Visitor Center
882664c1b1fffff,entertainment,3,1,"artwork, artwork, artwork","American Doughboy, George Halas, Walter Payton"
882664c1b1fffff,nightlife,1,1,biergarten,Boat Drinks
882664c1b1fffff,services,2,1,"ticket, ticket",
882664c1b1fffff,transport,3,2,"bicycle_rental, bicycle_rental, bus_station","Calumet Ave & 18th St, Burnham Harbor, Soldier Field Pick-up/Drop-off"
882664c1b3fffff,entertainment,4,3,"viewpoint, viewpoint, conference_centre, theatre","McCormick Place Lakeside Center, Arie Crown Theater"
882664c1b3fffff,food_drink,2,2,"fast_food, cafe","Connie's Pizza, 22nd Street Cafe"
882664c1b5fffff,automotive,4,3,"car_parts, car_repair, car_repair, car_wash","Douglas Truck Parts, Firestone, Goodyear"
882664c1b5fffff,civic_community,5,2,"place_of_worship, place_of_worship, place_of_worship, place_of_worship, police","Awaken Chicago, Old Saint Mary's Church, Gospel Way Bible Church, Soka Gakkai International Buddhist Center, Chicago Police Department 1st District"
882664c1b5fffff,education,4,2,"school, kindergarten, school, school","South Loop Elementary School, KinderCare, Daystar Academy, Old St. Mary's School"
882664c1b5fffff,entertainment,4,2,"artwork, museum, museum, artwork","Glessner House Museum, Henry B. Clarke House, Jane Addams Memorial (Helping Hands)"
882664c1b5fffff,finance,2,1,"bank, bank","PNC Bank, Lakeside Bank"
882664c1b5fffff,food_drink,14,3,"cafe, restaurant, restaurant, restaurant, restaurant, restaurant, fast_food, restaurant, restaurant, restaurant, cafe, restaurant, fast_food, fast_food","The Spoke & Bird, Oliver's, Tapas Valencia, My Place, La Cantina Bar & Grill, Burger Point, Fruitful Delight Smoothie & Juice Bar, Casa Tulum, Chicago Waffles, Mikami, Overflow Coffee, The Chicago Firehouse Restaurant, Uncle Joe’s Rum Bar & Grill, Dunkin'"
882664c1b5fffff,grocery,2,1,"supermarket, supermarket","Go Grocer, Mariano's Fresh Market"
882664c1b5fffff,health,7,4,"dentist, clinic, veterinary, dentist, doctors, dentist, clinic","Brighter Dental of South Loop, RUSH South Loop, Metropolitan Veterinary Clinic, Dental Group Of Chicago, Weissbluth Pediatrican, Sloop Dental, Saint Agnes Health Center"
882664c1b5fffff,nightlife,6,2,"bar, bar, bar, bar, bar, pub","Vice District Taproom, The Bureau Bar, Victory Tap Chicago, Weather Mark Tavern, M Lounge, The Staley"
882664c1b5fffff,services,5,3,"beauty, beauty, dry_cleaning, hairdresser, dry_cleaning","Girlfriend's Spa, Bella Mia, Cleaners, Andy's Hair Studio, Four Seasons Dry Cleaners & Tailoring"
882664c1b5fffff,shopping,2,2,"clothes, shoes","Maddie's Closet, Unique Shoe"
882664c1b5fffff,transport,3,1,"bicycle_rental, bicycle_rental, bicycle_rental","Michigan Ave & 18th St, State St & 19th St, Wabash Ave & 16th St"
882664c1b7fffff,automotive,1,1,car_repair,Crash Champions
882664c1b7fffff,civic_community,2,2,"social_facility, place_of_worship","Willie Dixon's Blues Heaven Foundation, Second Presbyterian Church"
882664c1b7fffff,education,3,2,"school, kindergarten, kindergarten","Ray Graham Training Center High School, The Goddard School"
882664c1b7fffff,entertainment,10,5,"gallery, artwork, conference_centre, exhibition_centre, conference_centre, conference_centre, museum, conference_centre, conference_centre, conference_centre","South Asia Institute, McCormick Place Convention Center, McCormick Place, McCormick Place West Building, McCormick Place South Building, Chess Studio, Hyatt Conference Center, McCormick Place North Building, Grand Concourse"
882664c1b7fffff,finance,2,2,"money_transfer, bureau_de_change","Western Union, Cermak & Wabash Currrency Exchange"
882664c1b7fffff,food_drink,16,3,"restaurant, cafe, restaurant, restaurant, fast_food, fast_food, restaurant, restaurant, fast_food, restaurant, restaurant, restaurant, restaurant, fast_food, cafe, restaurant","Fatpour Tap Works, Starbucks, Windy City Ribs & Whiskey, Showroom Food Hall, Papa John's, McDonald's, Pizano's Pizza, Apolonia, Harold's Chicken Shack, Brulee, Southern Chicago, Il Culaccino, Chicago Oyster House, White Castle, Connie's Coffee, Mustard Seed Kitchen"
882664c1b7fffff,grocery,3,2,"bakery, convenience, convenience","Sip & Savor, South Loop Market, McCormick Market"
882664c1b7fffff,health,2,2,"doctors, dentist","Shifrin Plastic Surgery, DentArt Chicago"
882664c1b7fffff,lodging,4,2,"guest_house, hotel, hotel, hotel","Wheeler Mansion, Marriott Marquis, Hilton Garden Inn, Hampton Inn, & Home2 Suites, Hyatt Regency McCormick Place"
882664c1b7fffff,nightlife,4,1,"bar, bar, bar, bar","Motor Row Brewing, Bar 22, VU Rooftop Bar, Woven + Bound Restaurant"
882664c1b7fffff,services,3,3,"dry_cleaning, hairdresser, beauty","CD One Price Cleaners, Urban Hair, Orlando Salon"
882664c1b7fffff,shopping,1,1,telecommunication,GFiber
882664c1b7fffff,transport,8,3,"bicycle_rental, bicycle_rental, bicycle_rental, bus_station, taxi, bus_station, bus_station, taxi","McCormick Place, Wabash Ave & Cermak Rd, Calumet Ave & 21st St, McCormick Place North Pick-up/Drop-off, McCormick Place South Pick-up/Drop-off, McCormick Place Transportation Center"
882664c1b9fffff,entertainment,9,6,"artwork, artwork, artwork, viewpoint, planetarium, theatre, attraction, artwork, events_venue","Daphne 1, America's Courtyard, Spiral Galaxy, Adler Planetarium, Huntington Bank Pavilion at Northerly Island, Doane Observatory, Man Enters The Cosmos"
882664c1b9fffff,transport,1,1,bicycle_rental,Adler Planetarium
882664c1bbfffff,entertainment,2,2,"viewpoint, artwork",Daphne 2
882664c1bdfffff,civic_community,5,2,"information, information, information, information, social_facility","Field Museum Map, Senior Suites Central Station"
882664c1bdfffff,education,1,1,music_school,Sherwood Music School
882664c1bdfffff,entertainment,20,5,"artwork, artwork, artwork, artwork, artwork, artwork, artwork, attraction, attraction, attraction, attraction, attraction, artwork, artwork, artwork, artwork, aquarium, museum, theatre, aquarium","Big Beaver Totem Pole, Culture Earth and Earth's Moon, Man with Fish, Olmec Head, Aaron Ward Montgomery Bust, Brachiosaurus Replica, Dolphin, Beluga, Sea Lion, Sea Otter, Penguins, Geography Earth, Sue the Dinosaur, Mending Wall, Agora, Shedd Aquarium, Field Museum, Phelps Theater, Rice Amplitheater & Abbott Oceanarium"
882664c1bdfffff,finance,1,1,atm,PNC Bank
882664c1bdfffff,food_drink,16,4,"fast_food, restaurant, restaurant, cafe, cafe, restaurant, fast_food, fast_food, fast_food, restaurant, restaurant, restaurant, fast_food, fast_food, restaurant, food_court","Subway, Crave Cafe and Lounge, Burger Bar Chicago - South Loop, Little Branch Cafe, Soundings Cafe, Giordano's Pizzeria, Kim and Carlo‘s Chicago Style Hot Dog Store, Jimmy John's, Sumi Japanese Restaurant, Nepal House, Siam Thai Eatery, Pure Green, Museum Campus Cafe, Soundings café, Bubble Net Food Court"
882664c1bdfffff,grocery,1,1,supermarket,Go Grocer
882664c1bdfffff,lodging,1,1,hotel,Hotel BnB
882664c1bdfffff,services,5,5,"dry_cleaning, massage, animal_boarding, post_office, ticket","June 1250 Cleaners, Elements Massage, Pups Pet Club, The UPS Store, Shoreline Water Taxi"
882664c1bdfffff,shopping,2,2,"musical_instrument, cannabis","PianoForte Chicago, Chi'Tiva"
882664c1bdfffff,transport,5,2,"ferry_terminal, bicycle_rental, bicycle_rental, bicycle_rental, bicycle_rental","Museum Campus, Field Museum, Indiana Ave & Roosevelt Rd, Michigan Ave & 14th St, Shedd Aquarium"
882664c1c7fffff,civic_community,4,1,"information, information, information, information",
882664c1c7fffff,entertainment,29,9,"cinema, studio, museum, attraction, viewpoint, studio, viewpoint, viewpoint, viewpoint, museum, artwork, attraction, attraction, events_venue, theatre, attraction, attraction, theme_park, attraction, attraction, attraction, events_venue, theatre, theatre, theatre, theatre, attraction, attraction, artwork","Navy Pier IMAX Theatre, WBEZ 91.5 FM, Dreihaus Gallery of Stained Glass, The Wave Wall, North Overlook, Jim and Kay Mabie Performance Studio, South Overlook, Chicago Children's Museum, William Shakespeare, Flyover, Navy Pier, Aon Grand Ballroom, Navy Pier Skyline Stage, Carousel, Centennial Wheel, Pier Park, Wave Swinger, Pier Park Mini-Golf, Light Tower, Festival Hall, Chicago Shakespeare Theater, Drop Tower, Tea Cups, Bob Newhart Statue & Couch"
882664c1c7fffff,food_drink,9,4,"fast_food, restaurant, restaurant, cafe, restaurant, restaurant, ice_cream, ice_cream, fast_food","McDonald's, Xurro, Riva Crabhouse, Riva Crabhouse, IDOF - I Dream Of Falafel, Lirica, Kilwins, Frio Gelato, AD&B"
882664c1c7fffff,grocery,2,1,"bakery, bakery","Brown Sugar Bakery, Churro Factory"
882664c1c7fffff,lodging,1,1,hotel,Sable at Navy Pier
882664c1c7fffff,nightlife,12,2,"pub, bar, pub, bar, bar, bar, bar, bar, bar, bar, bar, bar","Harry Caray's Tavern, Margaritaville, Billy Goat Tavern, Tiny Tavern, Billy Goat Tavern & Grill, Navy Pier Beer Garden, Miller Lite Beer Garden Grove, El Sol, Offshore Chicago"
882664c1c7fffff,services,8,1,"ticket, ticket, ticket, ticket, ticket, ticket, ticket, ticket","Chicago Elite, Spirit of Chicago, Mystic Blue, Shoreline Sightseeing, Tall Ship Windy, Odyssey Lake Michigan, Seadog Cruises, Pier Park"
882664c1c7fffff,shopping,2,1,"gift, gift",Making History
882664c1c7fffff,transport,12,1,"ferry_terminal, ferry_terminal, ferry_terminal, ferry_terminal, ferry_terminal, ferry_terminal, ferry_terminal, ferry_terminal, ferry_terminal, ferry_terminal, ferry_terminal, ferry_terminal","Shoreline I, Shoreline II, Seadog I, Seadog II, Seadog III, Seadog IV, Odyssey, Windy, Spirit of Chicago, Mystic Blue II, Mystic Blue I, Shoreline"
882664c1e1fffff,automotive,6,1,"car, car, car, car, car, car","Rivian, Bentley Gold Coast, Maserati of Chicago, Lamborghini Gold Coast, Rolls-Royce Motor Cars Gold Coast, Rivian"
882664c1e1fffff,civic_community,10,3,"place_of_worship, place_of_worship, place_of_worship, place_of_worship, fire_station, social_facility, place_of_worship, social_facility, place_of_worship, place_of_worship","Mathews Chapel, Chapel of St. James, Holy Name Cathedral, Fourth Presbyterian Church, Chicago Fire Department Engine Company 98, Access Living, Chicago Sinai Congregation, St. Vincent Center, The Church of Jesus Christ of Latter-day Saints, St. James Episcopal Cathedral"
882664c1e1fffff,education,6,5,"college, language_school, university, language_school, library, school","Loyola Law School, Instituto Cervantes, Loyola University Water Tower Campus, Alliance Française de Chicago, Water Works, Chicago Public Library, Frances Xavier Ward School"
882664c1e1fffff,entertainment,11,4,"cinema, museum, theatre, museum, artwork, artwork, artwork, museum, artwork, museum, theatre","AMC Dine-In 600 North Michigan 9, Loyola University Museum of Art, Broadway Playhouse at Water Tower Place, Richard H. Driehaus Museum, Ben, Family, Allow Me, Chicago Sports Museum, Archbishop Quigley, Museum of Contemporary Art, Lookingglass Theatre Company"
882664c1e1fffff,finance,10,4,"bank, bank, bank, atm, bank, bureau_de_change, bank, bank, money_transfer, bank","Bank of America, Chase, Wells Fargo, Cardtronics, North Community Bank, New Chicago Rush Currency Exchange, Inc., PNC Bank, Citibank, Western Union, U.S. Bank"
882664c1e1fffff,food_drink,169,8,"restaurant, fast_food, cafe, restaurant, ice_cream, fast_food, restaurant, cafe, restaurant, restaurant, restaurant, cafe, cafe, cafe, restaurant, cafe, cafe, fast_food, restaurant, restaurant, fast_food, fast_food, fast_food, restaurant, cafe, restaurant, fast_food, cafe, restaurant, fast_food, fast_food, restaurant, restaurant, cafe, restaurant, cafe, fast_food, cafe, restaurant, restaurant, restaurant, restaurant, restaurant, restaurant, restaurant, restaurant, restaurant, restaurant, cafe, restaurant, restaurant, restaurant, fast_food, restaurant, restaurant, restaurant, restaurant, restaurant, fast_food, restaurant, restaurant, fast_food, cafe, confectionery, ice_cream, restaurant, cafe, restaurant, restaurant, coffee, cafe, cafe, fast_food, cafe, restaurant, cafe, restaurant, restaurant, fast_food, restaurant, cafe, cafe, restaurant, restaurant, restaurant, cafe, cafe, chocolate, cafe, cafe, cafe, cafe, cafe, restaurant, restaurant, restaurant, cafe, restaurant, restaurant, fast_food, cafe, cafe, restaurant, restaurant, cafe, restaurant, restaurant, restaurant, restaurant, restaurant, restaurant, restaurant, ice_cream, restaurant, restaurant, fast_food, restaurant, restaurant, restaurant, fast_food, fast_food, fast_food, cafe, restaurant, cafe, fast_food, fast_food, restaurant, fast_food, restaurant, cafe, restaurant, restaurant, cafe, confectionery, restaurant, fast_food, fast_food, restaurant, fast_food, ice_cream, fast_food, fast_food, cafe, fast_food, fast_food, restaurant, fast_food, fast_food, fast_food, fast_food, cafe, fast_food, snack, restaurant, fast_food, cafe, restaurant, restaurant, restaurant, restaurant, fast_food, restaurant, restaurant, cafe, restaurant, restaurant, fast_food, ice_cream","Jake Melnick's Corner Tap, Panera Bread, Starbucks, The Cheesecake Factory, Pinkberry, Subway, Weber Grill, Starbucks, Joe's Seafood, Prime Steak & Stone Crab, Quartino Ristorante, California Pizza Kitchen, La Borra Cafe, Tempo Cafe, Starbucks, Grand Lux Cafe, Starbucks, Starbucks, Dunkin', Dao, Gyu-Kaku, Burrito Beach, M Burger, Shake Shack, Sable Kitchen & Bar, Cafe L'Appetito, RL, Devil Dawgs, Labriola, Sayat Nova, Jersey Mike's Subs, Jimmy John's, Giordano's Pizzeria, P.F. Chang's, Big Shoulders Coffee, TGI Fridays, Do - Rite Donuts & Chicken, Garrett Popcorn Shops, Grand Lux Cafe, Eddie V’s Prime Seafood and Steaks, Fleming's, Big Bowl, Steak 48, True Food Kitchen, Portsmith, Bijan's Bistro, Rosebud on Rush, Silver Spoon Thai Restaurant, Friends Sushi, Sunny Side Up & Coffee Shoppe, Chicago Chop House, Chicago Winery, Doc B's Fresh Kitchen - River North, M Burger, Osteria Via Stato, Seoul Taco, Roy's Restaurant, Shanghai Terrace, Pierrot Gourmet at The Peninsula, Sweetgreen, Taketei Sushi River North, Troquet River North, Subway, Starbucks, Sugar Factory, Cold Stone Creamery, Nando's, American Girl Cafe, 676 Restaurant & Bar, Bandera Restaurant, Café L’appetito, Argo Tea, Starbucks, Dunkin', Cafe Integral, Copper Fox Gastropub, Corner Bakery, Do-Rite Donuts & Chicken, Do-Rite Donuts & Chicken, Friends Ramen, Fusion Poke, Stan's Donuts & Coffee, RAMEN-SAN, The Windsor, The Capital Grille, The Peninsula Traditional Afternoon Tea, West Town Bakery, Leonidas, Stan's Donuts & Coffee, Joe & The Juice, Joe & The Juice, L.A. Burdick Handmade Chocolates, La Colombe Cafe at the Ritz Carlton, Alpana, Mariposa, Marisol, Sky Café, TAO, The Albert, JuiceRx, Nordstrom Ebar Artisan Coffee, Nespresso, NoMI Kitchen, Les Nomades, Lavazza, Bistronomic, The Hampton Social, Brightwok Kitchen, Mozzarella Store, Pizza & Caffè, Tzuco, Moti Cafe, Wildberry, Baskin-Robbins, Beatrix, Harry Caray's 7th Inning Stretch, Panera Bread, Goddess and the Baker, Gordon Ramsay Burger, Ambar, Pollo Campero, Taco Bell, Chick-fil-A, Big Shoulders Cafe, Ed Debevic's, M Burger, Potbelly, Vin Tea, Friends Sushi, Mister J's Dawg And Burger, Eataly, Philz Coffee, Liva at Chicago Winery, Gemini Grill, Gold Coast Cafe, It'Sugar, Harry Caray's, Auntie Anne's, Garrett Popcorn Shop, Ron of Japan, Jimmy John's, Red Mango, Dunkin', Jamba, Starbucks, Deep Purpl, Epic Burger, Charlie Martin's, Taco Bell Cantina, Panda Express, Potbelly, Chipotle, TE'AMO Boba Bar, Panera Bread, ingrained, Sweet Vegan Bakes, Taco Maya, Nimble, Life Cafe, Flaco's Tacos, Su Casa Mexican Restaurant, Pizzeria Due, McDonald's, Gino's East, Fogo de Chão, Starbucks Reserve, Pizano's Pizza & Pasta, Pizzeria Uno, Portillo's, Jeni's Splendid Ice Creams"
882664c1e1fffff,grocery,13,4,"supermarket, supermarket, supermarket, convenience, bakery, convenience, convenience, supermarket, convenience, alcohol, convenience, convenience, convenience","Jewel-Osco, Trader Joe's, Whole Foods Market, 7-Eleven, Beautiful Morning Chicago, 7-Eleven, 7-Eleven, Potash Markets - State Street, Circle K, Superior Wine & Liquor, Gold Coast Market, Circle K, BP Shop"
882664c1e1fffff,health,12,5,"pharmacy, pharmacy, optician, clinic, pharmacy, veterinary, optician, veterinary, optician, hospital, hospital, pharmacy","Walgreens, Walgreens, Eye Society, Chicago Lakeside VA Clinic, CVS Pharmacy, Companion Animal Hospital River North, Sunglass Hut, Vetique, Sunglass Hut, Northwestern Memorial Hospital, Ann & Robert H. Lurie Children's Hospital, Walgreens"
882664c1e1fffff,leisure_sports,4,2,"outdoor, sports, sports, sports","Orvis, Finish Line, Adidas, Hoka"
882664c1e1fffff,lodging,39,1,"hotel, hotel, hotel, hotel, hotel, hotel, hotel, hotel, hotel, hotel, hotel, hotel, hotel, hotel, hotel, hotel, hotel, hotel, hotel, hotel, hotel, hotel, hotel, hotel, hotel, hotel, hotel, hotel, hotel, hotel, hotel, hotel, hotel, hotel, hotel, hotel, hotel, hotel, hotel","The Ritz-Carlton Chicago, The Royal Sonesta Chicago River North, Baumhart Lodging at Loyola University Chicago, Grand Plaza, Manilow Suites at The Grand Plaza, Hotel EMC2, Park Hyatt Chicago, Hampton Inn & Suites Chicago Downtown/Magnificent Mile, Homewood Suites by Hilton Chicago Downtown/Magnificent Mile, Sofitel Chicago Magnificent Mile, The Whitehall Hotel, Selina Hotel Chicago, The Talbott Hotel, The Peninsula Chicago, Four Seasons Hotel Chicago, Embassy Suites by Hilton Chicago Downtown, Hotel 55 Chicago Downtown, Hotel Audrey, Warwick Allerton Hotel Chicago, Omni Chicago Hotel, Courtyard Chicago Downtown/Magnificent Mile, Eurostars Magnificent Mile, AC Hotel Chicago Downtown, Hilton Garden Inn Chicago Downtown/Magnificent Mile, Residence Inn Chicago Downtown Magnificent Mile, ACME Hotel Company, Fairfield Inn & Suites Chicago Downtown/Magnificent Mile, Aloft Chicago - Magnificent Mile, Chicago Marriott Downtown Magnificent Mile, Holiday Inn Express Chicago - Magnificent Mile, The Godfrey Hotel Chicago, Freehand Chicago, Hotel Felix, Hyatt Centric Chicago Magnificent Mile, Ivy Hotel, The St. Clair Hotel, Hotel Riu Plaza Chicago, Home2 Suites by Hilton Chicago River North, Homewood Suites by Hilton Chicago Downtown"
882664c1e1fffff,nightlife,22,3,"bar, pub, bar, bar, bar, bar, bar, bar, bar, bar, bar, bar, bar, bar, bar, bar, bar, bar, bar, bar, bar, casino","Pops For Champagne, Pippin's Tavern, Second Story Bar, Jimmy, GreenRiver, Bodega, The Redhead Piano Bar, Apogee, The Kerryman, Clark Street Ale House - River North, Broken Shaker Chicago, Streeter's Tavern, Mom's Place - A Chicago Gathering Spot, Watershed, Celtic Crossing, Birreria, The Berkshire Room, The Lobby, Z Bar, Rush Bar & Lounge, Leviathan, Bally's"
882664c1e1fffff,services,15,6,"hairdresser, cosmetics, post_office, beauty, hairdresser, hairdresser, dry_cleaning, hairdresser, cosmetics, cosmetics, post_depot, beauty, post_office, cosmetics, beauty","Medinah Barber Shop, Sephora, The UPS Store, Nail Perfection, Floyd's Barber Shop, Van Cleef Salon, Brite Tailoring Dry Cleaners, Top Shop Chicago, Bath & Body Works, Sephora, FedEx, Four Seasons, FedEx Office, Aesop, Gold Coast Beauty Spa"
882664c1e1fffff,shopping,79,15,"art, jewelry, houseware, clothes, clothes, clothes, bag, shoes, clothes, clothes, department_store, clothes, clothes, clothes, department_store, clothes, clothes, clothes, florist, furniture, houseware, clothes, clothes, department_store, clothes, toys, clothes, watches, toys, clothes, clothes, shoes, shoes, clothes, jewelry, clothes, clothes, clothes, clothes, clothes, clothes, clothes, clothes, fashion_accessories, clothes, clothes, clothes, clothes, shoes, clothes, clothes, clothes, clothes, clothes, cannabis, clothes, clothes, clothes, shoes, clothes, clothes, clothes, clothes, clothes, clothes, fashion_accessories, clothes, jewelry, clothes, nutrition_supplements, mall, mall, department_store, mall, clothes, clothes, clothes, mall, department_store","R.H. Love Galleries, Tiffany & Company, Bed Bath & Beyond, H&M, Peter Millar, Under Armour, Tumi, Salvatore Ferragamo, Zara, Zegna, Saks Fifth Avenue, Canada Goose, Anthropologie, Nordstrom Rack, Neiman Marcus, Nike, Levi's, Armani Exchange, City Scents, Room & Board, Jonathan Adler, Polo Ralph Lauren, Victoria's Secret, Marshalls, Victoria's Secret, Lego, Max Mara, Rolex, American Girl, Agriculture - A Crop of Style, Locker Room, UGG, Allen Edmonds, Men's Wearhouse, Pandora, Emporio Armani, Marella, Kate Spade New York, Psycho Bunny, Aeropostale, Altar'd State, American Eagle Outfitters, Chico's, claire's, Eileen Fisher, Express, Free People, Hollister, Johnston & Murphy, Lacoste, Lids, Soma, White House Black Market, Ragstock, Wake-N-Bakery, Maje, Tommy Bahama, H&M, Converse, Hugo Boss, Givenchy, Dolce & Gabbana, Brunello Cucinelli, Chicago Cubs Team Store, UNTUCKit, MCM, White House Black Market, APM Monaco, DXL Men's Apparel, GNC, The Shops at North Bridge, 900 North Michigan, Nordstrom, Water Tower Place, Ikram, Burberry, Aritzia, The Shops at North Bridge, Bloomingdale's"
882664c1e1fffff,transport,12,4,"bicycle_rental, bicycle_rental, bicycle_rental, bicycle_rental, bicycle_rental, bicycle_rental, bicycle_rental, bicycle_rental, car_rental, fuel, taxi, bicycle_rental","Michigan Ave & Pearson St, Clark St & Chicago Ave, Mies van der Rohe Way & Chicago Ave, St Clair St & Erie St, State St & Pearson St, Wabash Ave & Grand Ave, Rush St & Superior St, Dearborn St & Erie St, Enterprise, BP, State St & Chicago Ave"
882664c1e3fffff,civic_community,4,4,"place_of_worship, social_facility, fire_station, information","Seventeenth Church of Christ Scientist, Ronald McDonald House, Chicago Fire Department Engine Company 13, Northwest Exelon Pavilion / Millennium Park Information Center"
882664c1e3fffff,education,5,4,"kindergarten, school, college, school, university","Bright Horizons, Roofing Academy X, Harold Washington College, GEMS World Academy"
882664c1e3fffff,entertainment,23,5,"artwork, artwork, artwork, artwork, artwork, museum, studio, artwork, museum, museum, artwork, artwork, studio, artwork, artwork, artwork, attraction, artwork, artwork, artwork, theatre, studio, theatre","Nathan Hale, Benito Juárez, Jean Baptiste Point Du Sable, McCormick Bridgehouse & Chicago River Museum, Chicago Rising from the Lake, American Writers Museum, Chicago Architecture Center, Jack Brickhouse, Weather Station, WFLD, Allium, Irv Kupcinet, 150, Museum of Ice Cream, You Are on Potawatomi Land, The Radiance of Being, Wings of Mexico, Jay Pritzker Pavilion, NBC Tower, Joan W. and Irving B. Harris Theater for Music and Dance"
882664c1e3fffff,finance,5,2,"bank, atm, bank, bank, bank","PNC Bank, Chase, Bank of America, Chase, Citibank"
882664c1e3fffff,food_drink,84,6,"restaurant, restaurant, restaurant, restaurant, restaurant, fast_food, chocolate, restaurant, restaurant, fast_food, fast_food, confectionery, restaurant, cafe, cafe, restaurant, restaurant, cafe, restaurant, restaurant, restaurant, restaurant, restaurant, restaurant, cafe, cafe, restaurant, restaurant, restaurant, restaurant, restaurant, restaurant, coffee, fast_food, cafe, restaurant, cafe, cafe, cafe, restaurant, cafe, cafe, restaurant, restaurant, restaurant, fast_food, cafe, restaurant, cafe, restaurant, restaurant, restaurant, restaurant, restaurant, fast_food, restaurant, restaurant, restaurant, cafe, fast_food, restaurant, restaurant, fast_food, cafe, cafe, restaurant, fast_food, fast_food, fast_food, fast_food, fast_food, fast_food, fast_food, restaurant, restaurant, fast_food, cafe, restaurant, restaurant, fast_food, restaurant, restaurant, fast_food, cafe","Market Creations, Wildberry Pancakes and Cafe, Eggy's, Mammoth Poke & Ramen, Sweetwater, Jimmy John's, Fannie May, Hoyt's, Emerald Loop, Billy Goat Tavern, Chipotle, Ghirardelli's, The Purple Pig, Peet's Coffee, Starbucks, Lao Sze Chuan, Bongiorno's Cucina Italiana & Pizzeria, Illy, Niu Japanese Fusion, Shaw’s Crab House, Benny's Chop House, Beacon Tavern, 437 Rush, O'Brien's, Nutella Cafe, Garrett Popcorn, Wow Bao, Land & Lake Kitchen, Perilla Steakhouse, About Last Knife, Bongiorno’s Italian Deli & Pizzeria, Brown Bag Seafood, Caffè RōM, Au Bon Pain, Bake For Me, Blackwood BBQ - Illinois Center, Cityfront Cafe, Corner Bakery, Drunken Bean, Giordano's Pizzeria, Glass & Cup Coffee And Wine Bar, Stan's Donuts & Coffee, Volare Ristorante Italiano, Michael Jordan’s Steak House, Miss Ricky’s, Egg Tuck, The Link@Sheraton Cafe, The Living Room, Market Chicago, MingHin Cuisine, ETA Restaurant + Bar, Ocean Prime, Beat Kitchen, Egg Harbor Cafe, Panda Express, Lou Malnati's Pizzeria, Morton's The Steakhouse, Venteux Brasserie, Starbucks, Subway, Chiya Chai, Feed Your Head, Five Guys, Starbucks, Starbucks, Nando's, Dunkin', Chicago Kernel, Millennium Dogs, Taco Fresco, Subway, Burger King, Sbarro, Roti, Chicago Brewhouse, Sweetgreen, Dollop Coffee Co., The Palm Restaurant, Minghin Cuisine, Chick-fil-A, Monarch&Lion, Tre Dita, Lizzano, Coco Bar"
882664c1e3fffff,grocery,10,6,"supermarket, supermarket, convenience, convenience, supermarket, wine, kiosk, bakery, marketplace, marketplace","Mariano's Fresh Market, Bockwinkel's, 7-Eleven, 7-Eleven, Whole Foods Market, Uncork It!, Millennium News & Views, Paris Baguette, Food Trucks, Community Marketplace"
882664c1e3fffff,health,11,7,"pharmacy, pharmacy, optician, pharmacy, clinic, medical_supply, dentist, doctors, veterinary, doctors, dentist","Walgreens, CVS Pharmacy, Level Optical, Walgreens, Michigan Avenue Immediate/Primary Care (MAICOH), Supply Clinic - Medical & Dental Supplies Online, Chicago Dental Boutique, Forward, GoodVets Streeterville, Medrina, Post Family Dental In The Loop"
882664c1e3fffff,leisure_sports,4,2,"boat_rental, picnic_site, picnic_site, picnic_site",Urban Kayaks
882664c1e3fffff,lodging,23,1,"hotel, hotel, hotel, hotel, hotel, hotel, hotel, hotel, hotel, hotel, hotel, hotel, hotel, hotel, hotel, hotel, hotel, hotel, hotel, hotel, hotel, hotel, hotel","The River Hotel, The Gwen, Radisson Blu Aqua Hotel, Chicago, Trump International Hotel & Tower Chicago, Swissotel Chicago, Fairmont Hotel Chicago, The Wit Hotel, Virgin Hotels Chicago, The Royal Sonesta Chicago Downtown, Club Quarters Hotel, Wacker at Michigan, Hampton Inn Chicago Downtown/North Loop, Pendry Chicago, Hotel Monaco, InterContinental Chicago Hotel, Embassy Suites by Hilton Chicago Downtown Magnificent Mile, Sheraton Grand Chicago, Arlo Chicago, Manilow Suites at Millennium Park Plaza, Hyatt Regency Chicago, Hilton Garden Inn Chicago / North Loop, Loews Chicago Downtown, London House Chicago, citizenM Chicago"
882664c1e3fffff,nightlife,21,2,"pub, pub, bar, bar, bar, bar, bar, bar, bar, bar, bar, bar, bar, bar, bar, pub, bar, pub, bar, bar, pub","Billy Goat Tavern, Elephant & Castle, Upstairs at Gwen, LH Rooftop, Rebar, Toro, Bridges Lobby Grill at London House, Chi Bar, Commons Club, The Red Star Bar, ROOF on theWit, Tavern at the Park, THE BAR, Two Zero Three, Tavern Club at 333, Lizzie McNeill‘s Irish Pub, Island Party Hut, Monarch and Lion, The Northman Beer & Cider Garden, Amuse, Casa Chi"
882664c1e3fffff,services,9,3,"cosmetics, ticket, ticket, cosmetics, ticket, ticket, beauty, beauty, cosmetics","Kiehl's, Wendella Boat Rides, Millennium Station, Ulta Beauty, Chicago First Lady, Mercury Chicago's Skyline Cruiseline, The Skin Bar at Ulta Beauty, L'Occitane"
882664c1e3fffff,shopping,20,13,"chemist, clothes, books, gift, art, clothes, art, books, newsagent, clothes, gift, clothes, florist, bag, shoes, gift, toys, mall, bicycle, electronics","CVS Pharmacy, Chicago Sports & Novelty, Beck's Book Store, I Love Chicago, Art & Artisans, Lids, Wall Art Prints, Christian Science Reading Room, ChiBoys, Colores Mexicanos, Hugo Boss, City Scents, Coach, Vans, Souvenir City, Build-A-Bear Workshop, Millennium Station/Pedway, McDonald's Cycle Center, Apple Store"
882664c1e3fffff,transport,24,3,"ferry_terminal, bicycle_rental, bicycle_rental, bicycle_rental, bicycle_rental, bicycle_rental, bicycle_rental, ferry_terminal, charging_station, bicycle_rental, ferry_terminal, ferry_terminal, ferry_terminal, ferry_terminal, ferry_terminal, ferry_terminal, ferry_terminal, bicycle_rental, ferry_terminal, ferry_terminal, ferry_terminal, ferry_terminal, ferry_terminal, bicycle_rental","Shoreline Sightseeing, Fairbanks Ct & Grand Ave, Michigan Ave & Lake St, Stetson Ave & South Water St, Cityfront Plaza Dr & Pioneer Ct, Field Blvd & South Water St, Columbus Dr & Randolph St, Michigan Avenue, Tesla Supercharger, Rush St & Hubbard St, Chicago's First Lady 2, Chicago's First Lady 1, Mercury Tours 1, Floating Tiki Bar, Tiki Pontoons, Chicago's First Lady 3, Mercury Tours 2, New St & Illinois St, Wendella Tours - Dock 3, Wendella Tours - Dock 4, Wendella Tours - Michigan Avenue, Odyssey Chicago River, Michigan Avenue, Wabash Ave & Wacker Pl"
882664c1e5fffff,automotive,1,1,car_wash,
882664c1e5fffff,civic_community,5,4,"information, courthouse, place_of_worship, place_of_worship, community_centre","Chicago Administration Hearings Department, Saint Luke Church of God in Christ, Saint Matthew United Methodist Church, Jesse White Community Center & Fieldhouse"
882664c1e5fffff,education,2,2,"college, school","Moody Bible Institute, Le Cordon Bleu College of Culinary Arts"
882664c1e5fffff,entertainment,7,4,"theatre, gallery, gallery, gallery, arts_centre, gallery, artwork","Moody Bible Auditorium, Zolla/Libermann Gallery, Gruen Gallery, Carl Hammer Gallery, Marwen, Perimeter Gallery, Commemorative Ground Ring"
882664c1e5fffff,finance,2,2,"atm, bank","RockItCoin Bitcoin ATM, Chase"
882664c1e5fffff,food_drink,52,4,"restaurant, restaurant, cafe, restaurant, restaurant, restaurant, restaurant, restaurant, restaurant, fast_food, restaurant, restaurant, restaurant, restaurant, cafe, restaurant, restaurant, cafe, restaurant, restaurant, restaurant, cafe, restaurant, restaurant, restaurant, restaurant, cafe, restaurant, fast_food, restaurant, restaurant, cafe, restaurant, restaurant, cafe, cafe, restaurant, cafe, restaurant, restaurant, fast_food, restaurant, fast_food, restaurant, restaurant, restaurant, restaurant, restaurant, restaurant, fast_food, restaurant, coffee","Prosecco, Motel Bar, Heritage Outpost, Union Sushi + Barbeque Bar, Cocoro Restaurant, BIG & little's Restaurant, The Franklin Room, Taco Joint, Penelope’s Vegan Taqueria, Mr. Beef on Orleans, SIFR, Café Iberico, Big Wig Tacos & Burritos, Fabcakes, Left Coast Food, avec, Griddle 24, DropShot Coffee & Snack Bar, EuroAsia Restaurant, Sweet Tooth Cafe, Wildfire, Joe’s Coffee, Dearly Beloved, Texican, Mogadishu Restaurant, Obélix, Starbucks, 5411 Empanadas, Avli, Al-Diar, Nomad, Ikigai, Can't Believe It's Not Meat, Happy Monday Coffee Roasters, Starbucks, Indienne, Layla & Ringo's, Gingie, Jimmy John's, Jet's Pizza, Dunkin', Soul Vibez, Egg Harbor Cafe, Doma Cafe, Brett's Kitchen, Hooters, The Green Door Tavern, Taco Bell, Club Lago, Fairgrounds Craft Coffee and Tea"
882664c1e5fffff,grocery,5,3,"convenience, bakery, alcohol, convenience, convenience","Millenial Mart, Goddess and the Baker, Enrich Market, BP Shop, Circle K"
882664c1e5fffff,health,5,3,"dentist, clinic, veterinary, dentist, clinic","The Chicago Dental Studio, Passport Health River North Travel Clinic, BLVD Vet River North, River Village Dental, Midwest Express Clinic"
882664c1e5fffff,nightlife,11,3,"pub, nightclub, nightclub, bar, pub, bar, bar, nightclub, bar, bar, bar","Brehon Pub, Spybar, Sound Bar, Headquarters Beercade - River North, Centennial Crafted Beer & Eatery, The Drifter Chicago, Bounce Chicago, Electric Hotel, Janitor's Closet, Machine Cocktail Bar, Y Bar"
882664c1e5fffff,services,10,4,"beauty, beauty, dry_cleaning, beauty, hairdresser, beauty, hairdresser, hairdresser, hairdresser, storage_rental","LaserAway, The Lash Lounge, LaSalle Cleaners, H20 Nail Spa, Goodman's Barber Lounge, GOAT Wellness, Image Studios, Levant Barber Shop, Coil and Bloom at Image Studios, Public Storage"
882664c1e5fffff,shopping,8,7,"furniture, stationery, bicycle, furniture, clothes, e-cigarette, pet, lighting","Maxalto, Paper Source, Kozy's Cyclery, Manifesto, Unicorn World by Lola + The Boys, Smoke Outlet, Kriser's Natural Pet, Lightology"
882664c1e5fffff,transport,9,2,"bicycle_rental, bicycle_rental, bicycle_rental, bicycle_rental, bicycle_rental, bicycle_rental, bicycle_rental, fuel, fuel","Franklin St & Chicago Ave, Kingsbury St & Erie St, Larrabee St & Kingsbury St, Wells St & Huron St, Sedgwick St & Huron St, LaSalle Dr & Huron St, Orleans St & Chestnut St (NEXT Apts), BP, Shell"
882664c1e7fffff,automotive,1,1,car_repair,Midas
882664c1e7fffff,civic_community,5,4,"courthouse, place_of_worship, place_of_worship, fire_station, social_facility","Illinois Appellate Court 1st District, Saint Peregrine Shrine, Assumption Roman Catholic Church, Chicago Fire Department Engine Company 42, Gilda's Club"
882664c1e7fffff,education,1,1,university,IIT Institute of Design
882664c1e7fffff,entertainment,16,4,"artwork, artwork, artwork, artwork, artwork, artwork, artwork, artwork, artwork, artwork, theatre, museum, events_venue, theatre, artwork, artwork","Aaron Montgomery Ward, Edward Albert Filene, George Huntington Hartford, John Wanamaker, Marshall Field, Julius Rosenwald, Frank W. Woolworth, Robert E. Wood, The Athlete, Ludwig Mies van der Rohe, Owen Bruner Goodman Theatre, Illinois Holocaust Museum Presents Experience360, Maggiano's Banquets, House of Blues, The Gentlemen Statues, Crossing"
882664c1e7fffff,finance,10,2,"bank, bank, bank, atm, bank, bank, bank, atm, bank, bank","Lakeside Bank, Old Second National Bank, Byline Bank, Chase, Chase, PNC Bank, Bank of America, Chase"
882664c1e7fffff,food_drink,151,5,"restaurant, restaurant, restaurant, restaurant, restaurant, cafe, fast_food, fast_food, fast_food, restaurant, restaurant, restaurant, cafe, fast_food, cafe, restaurant, cafe, restaurant, restaurant, restaurant, fast_food, restaurant, restaurant, restaurant, restaurant, restaurant, restaurant, restaurant, restaurant, fast_food, restaurant, restaurant, restaurant, restaurant, restaurant, restaurant, restaurant, restaurant, restaurant, restaurant, restaurant, restaurant, restaurant, restaurant, restaurant, restaurant, restaurant, restaurant, restaurant, restaurant, restaurant, restaurant, restaurant, restaurant, restaurant, restaurant, restaurant, restaurant, restaurant, fast_food, restaurant, restaurant, restaurant, restaurant, restaurant, restaurant, restaurant, restaurant, restaurant, restaurant, restaurant, restaurant, restaurant, restaurant, restaurant, restaurant, fast_food, restaurant, restaurant, fast_food, coffee, coffee, cafe, restaurant, restaurant, restaurant, cafe, restaurant, cafe, cafe, restaurant, restaurant, restaurant, restaurant, restaurant, cafe, restaurant, restaurant, restaurant, restaurant, restaurant, fast_food, restaurant, restaurant, cafe, restaurant, restaurant, fast_food, cafe, restaurant, fast_food, fast_food, cafe, restaurant, cafe, fast_food, cafe, cafe, fast_food, restaurant, restaurant, restaurant, restaurant, cafe, restaurant, cafe, restaurant, fast_food, fast_food, pastry, fast_food, restaurant, cafe, restaurant, cafe, cafe, cafe, restaurant, restaurant, restaurant, restaurant, restaurant, restaurant, restaurant, restaurant, fast_food, cafe, restaurant, restaurant, restaurant, restaurant","Nick's Fishmarket Grill, Kinzie Chophouse, Chicago Cut Steakhouse, India House, Taza, Starbucks, Dunkin', Jimmy John's, Subway, Cafe 333, Goodwin's, Naansense, Starbucks, Subway, Doughnut Vault, NYC Bagel Deli, Starbucks, Wow Bao, State and Lake Chicago Tavern, Protein Bar, Subway, Coco Pazzo, Xoco, Topolobampo, Frontera Grill, Ajida, Tortoise Supper Club, The Kitchen, Old Crow Smokehouse - River North, Chipotle, River Roast, Zarella Pizzeria & Taverna, Sunda, Bavette's Bar & Boeuf, RPM Italian, Flora Fauna, Radio Room, Dough Bros Pizzeria & Sub Shop, El Hefe Mexican Restaurant, Star of Siam, Beatrix, Mastro's Steakhouse, Roka Akor, Slurping Turtle, Hubbard Inn, Joy District Chicago, Ema, Siena Tavern, Planta Queen, RPM Steak, Barrio, Nonnina, Untitled Supper Club, Havana Grill, Mercadito, Moe's Cantina, Highline Bar + Lounge, Le Select, Tanta, Al's Beef, Meli Cafe, The Hampton Social - River North, Edie's All Day Cafe & Bar, Bar Cargo, CAVA, Da Lobsta, Freshii, Il Porcellino, Ironside Bar & Galley, Katana, NAHA, Pizzeria Ora Chicago, Protein Bar, STK Chicago, Sushi-san, Travelle Kitchen + Bar, Subway, AceBounce, 320 River Bar, Boar's Head, Cafe 300, Cafe 353, Caffè Umbria, Billy Goat Tavern - at the MART, Blackwood BBQ, Catch 35, Goddess And The Baker, Nic’s Organic Fast Food, Infuse Coffee and Tea Bar, Southern Cut Cafe, Mendocino Farms, Ciccio Mio, Raised, an Urban Rooftop Bar, RAMEN-SAN, Zombie Taco, Joe & The Juice, Yolk - Marina City, Parlor Pizza Bar, RPM Seafood, Staytion Market & Bar, The Smith, Piggie Smalls Gyro Shop, Tabo Sushi, Pizzeria Portofino, Big Shoulders Coffee, Sweet Home Gelato, Prime & Provisions, McDonald's, Blue Bottle Coffee, Brown Bag Seafood Co., Dunkin', Dunkin', Starbucks, House of Blues, Hero Coffee Bar, Einstein Bros. Bagels, Starbucks, Mojo Coffee, Subway, Lil' Ba-Ba-Reeba!, La Grande Boucherie Chicago, Olio E Piu, No Vacancy, Tary, Kyuramen, TBAAR, Ummo, Crave, Dog Haus, Levain Bakery, Dunkin', Pita Pita, Starbucks, Brews & Bites Riverwalk, Biggby Coffee, The Good Eating Company, Marshall’s Landing, Maggiano's Little Italy, Harry Caray's Italian Steakhouse, Blue Sushi Sake Grill, Cantina Laredo, Lou Malnati's Pizzeria, Arbella, Gene & Georgetti, McDonald's, Firecakes Donuts, Bub City, Smith & Wollensky, Legal Sea Foods, Schneider Deli"
882664c1e7fffff,grocery,11,3,"convenience, convenience, bakery, convenience, convenience, bakery, bakery, convenience, convenience, convenience, alcohol","7-Eleven, 7-Eleven, Glazed and Infused, 7-Eleven, 7-Eleven, Molly’s Cupcakes, Three Fox Five, 7-Eleven, Circle K, North Loop Market, Binny's Beverage Depot"
882664c1e7fffff,health,4,4,"pharmacy, doctors, veterinary, dentist","CVS Pharmacy, Concord Medical Center, Anti-Cruelty Society, River North Dental Center"
882664c1e7fffff,leisure_sports,1,1,boat_rental,Chicago Electric Boat Company
882664c1e7fffff,lodging,17,2,"hotel, hotel, hotel, hotel, hotel, hotel, hotel, hotel, hotel, hotel, hotel, hotel, hotel, hotel, motel, hotel, hotel","Holiday Inn Chicago Mart Plaza, Courtyard Chicago Downtown/River North, The Langham, Chicago, State and Grand by BridgeStreet, Residence Inn Chicago Downtown/River North, SpringHill Suites Chicago Downtown/River North, Hyatt Place Chicago / River North, Aloft Chicago City Center, Renaissance Chicago Downtown Hotel, Fairfield Inn & Suites Chicago Downtown/River North, Kinzie Hotel, Hampton Inn & Suites Chicago - Downtown, The Westin Chicago River North, Best Western River North, Ohio House Motel, Moxy Chicago Downtown, Hotel Chicago Downtown, Autograph Collection"
882664c1e7fffff,nightlife,48,4,"pub, bar, pub, bar, bar, bar, nightclub, bar, bar, bar, bar, bar, pub, bar, bar, nightclub, bar, bar, bar, bar, bar, bar, bar, bar, nightclub, bar, bar, bar, bar, nightclub, bar, bar, bar, bar, bar, bar, bar, bar, pub, bar, pub, erotic, pub, bar, bar, bar, nightclub, bar","Midtown Kitchen & Bar, Pepper Canister, O'Leary's Public House, Three Dots and a Dash, City Winery at the Chicago Riverwalk, Randolph Tavern, Andy's Jazz Club & Restaurant, Tiny Tapp, Rossi’s Liquors, O'Callaghan's, Theory, Blue Frog's Local 22, Snickers Bar & Grill, Fremont, The Baton Show Lounge, Celeste, Gilt Bar, Reverie, The Boss Bar, Enolo Wine Cafe, La Mez Agave Lounge, SPIN Chicago, The Bassment, The Library, Bodega, Chelsea Room, Cityscape Bar, Foundation Room, Holloway’s Bar, Howl at the Moon Chicago, Shamrock Club, Parlay, W XYZ Bar, Marchesa, Moxy Chicago Downtown, Jojo's Shake Bar, Rocbar, Reid Bar, Gus' Sip & Dip, Flight Club, Monk's Pub, Te'Jay's Adult Books, Mother Hubbard's Sports Pub, Point & Feather, Blue Chicago, Fado Irish Pub, Mystique Night Club, Goodman Lounge"
882664c1e7fffff,services,10,6,"copyshop, post_office, cabinet_maker, copyshop, storage_rental, post_office, cosmetics, beauty, storage_rental, post_office","FedEx Office, The UPS Store, Eggersmann Kitchens Home Living - Chicago, FedEx Office, Extra Space Storage, FedEx Office, bluemercury, Thread Away, The Lock Up, Fort Dearborn Post Office"
882664c1e7fffff,shopping,22,15,"doityourself, pet, books, tailor, antiques, cannabis, cannabis, department_store, furniture, chemist, appliance, antiques, pet, stationery, furniture, furniture, kitchen, tiles, tailor, mall, cannabis, carpet","Gordon's Ace Hardware - Orleans, Petco, After-Words, Nicholas Joseph, The Golden Triangle, MOCA Modern Cannabis, Sunnyside, Target, Gianni, CVS Pharmacy, World of Whirlpool, Antique Warehouse, Pups Pet Club, Atlas Stationers, Roche Bobois, Ligne Roset, Studio41, daltile, Richard Bennett Custom Tailors, Merchandise Mart, Green Rose, The Rug Company"
882664c1e7fffff,transport,14,4,"bicycle_rental, bicycle_rental, bicycle_rental, bicycle_rental, bicycle_rental, bicycle_rental, ferry_terminal, ferry_terminal, car_rental, bicycle_rental, car_rental, bicycle_rental, taxi, bicycle_rental","LaSalle St & Illinois St, Orleans St & Merchandise Mart Plaza, State St & Kinzie St, Wells St & Hubbard St, Orleans St & Hubbard St, Franklin St & Illinois St, Wndella Tours - Riverwalk, Chicago Riverwalk, Hertz, Franklin St & Lake St, Alamo, Clark St & Lake St, Kingsbury St & Kinzie St"
882664c1e9fffff,entertainment,1,1,viewpoint,360 Chicago
882664c1e9fffff,finance,1,1,bank,Chase
882664c1e9fffff,food_drink,15,3,"cafe, restaurant, restaurant, restaurant, restaurant, restaurant, restaurant, cafe, cafe, cafe, food_court, restaurant, cafe, restaurant, cafe","Cafecito, Dos Toros, Benihana, Le Petit Paris, Spiaggia, Doc B’s Restaurant + Bar, Fig & Olive, Hendrickx Belgian Bread Crafter, Wellness Grub, Lavazza, Aster Hall, Francesca's on Chestnut, Dollop, Coq d'Or, Oak Street Beach Café"
882664c1e9fffff,grocery,1,1,bakery,Glazed and Infused
882664c1e9fffff,health,1,1,optician,Sunglass Hut
882664c1e9fffff,lodging,8,1,"hotel, hotel, hotel, hotel, hotel, hotel, hotel, hotel","The Drake Hotel, Hilton Chicago/Magnificent Mile Suites, Millennium Knickerbocker Hotel Chicago, The Walton Residence, Raffaello Hotel, Sonesta ES Chicago Downtown Magnificent Mile, The Westin Michigan Avenue Chicago, DeWitt Place"
882664c1e9fffff,nightlife,4,1,"bar, bar, bar, bar","Martini Bar, Seasons Bar, Movie Mondays at the Drake’s Palm Court, Palm Court"
882664c1e9fffff,services,3,3,"hairdresser, post_office, ticket","Merchant & Rhoades, John Hancock Post Office"
882664c1e9fffff,shopping,28,8,"watches, shoes, shoes, stationery, clothes, clothes, clothes, clothes, clothes, fashion_accessories, clothes, fashion_accessories, clothes, watches, jewelry, watches, clothes, clothes, clothes, jewelry, clothes, bag, clothes, houseware, clothes, clothes, clothes, watches","Omega, Hanig's Footwear, Tod's, Gold Coast Couture, Paul Stuart, The North Face, AllSaints, Michael Kors, J.Crew, Montblanc, Gucci, Bvlgari, Louis Vuitton, Breitling, David Yurman, Vacheron Constantin, Club Monaco, Lululemon, Esprit, Kendra Scott, Bonobos, Tumi, UNTUCKit, Sur La Table, North Shore Exchange in the City, My Sister's Circus, VINCE., Panerai"
882664c1e9fffff,transport,2,1,"bicycle_rental, bicycle_rental","Mies van der Rohe Way & Chestnut St, Michigan Ave & Oak St"
882664c1ebfffff,civic_community,4,1,"information, information, information, information",Illinois & Michigan National Heritage Corridor
882664c1ebfffff,education,4,3,"library, college, college, university","Northwestern University Law Library, Northwestern University Feinberg School of Medicine, Northwestern Univertsity Pritzker School of Law, Northwestern University Chicago Campus"
882664c1ebfffff,entertainment,9,6,"cinema, studio, viewpoint, gallery, artwork, artwork, artwork, artwork, attraction","AMC River East 21, Univision Chicago, Ogilvie Pertl Gallery, George Wellington ""Cap'n"" Streeter, The Butterfly House"
882664c1ebfffff,finance,4,2,"bank, atm, atm, bank","First American Bank, BMO"
882664c1ebfffff,food_drink,29,3,"fast_food, restaurant, restaurant, fast_food, cafe, restaurant, cafe, fast_food, cafe, restaurant, cafe, fast_food, restaurant, cafe, restaurant, fast_food, restaurant, cafe, restaurant, restaurant, cafe, cafe, cafe, restaurant, fast_food, restaurant, restaurant, restaurant, restaurant","Chipotle, Timothy O’Toole’s Pub, Caffè Oliva, Caffè Oliva concession, Yolk, Indian Garden, Dollop Coffee, Potbelly, Starbucks, Robert's Pizza Company, Cafe Descartes, Bombay Wraps, Pinstripes, Starbucks, Kanela Breakfast Club, McDonald's, Casa Margarita, Cupitol Coffee & Eatery, Giordano's Pizzeria, Harry Caray’s Tavern, Harry’s Cafe, Stan's Donuts & Coffee, Jazzman’s Cafe, Poke Poké, Buona, Carson's Ribs, Pinched, Woodwind, CAVA"
882664c1ebfffff,grocery,4,3,"convenience, supermarket, bakery, bakery","7-Eleven, Bockwinkel's, Molly’s Cupcakes, Sweet Mandy B’s"
882664c1ebfffff,health,3,3,"pharmacy, dentist, clinic","Walgreens, Dentologie, Northwestern Medicine Imediate Care"
882664c1ebfffff,leisure_sports,1,1,boat_rental,Bobby's Kayak
882664c1ebfffff,lodging,3,1,"hotel, hotel, hotel","DoubleTree Hotel Chicago - Magnificent Mile, Hilton Grand Vacations Club Chicago Magnificent Mile, The Wade"
882664c1ebfffff,nightlife,4,1,"bar, bar, bar, bar","D4 Irish Pub & Cafe, Flamingo Bar & Grill, The Living Room Bar, Winter’s Jazz Club"
882664c1ebfffff,services,3,3,"post_office, beauty, massage","Streeterville Post Office, European Wax Center, Massage Envy"
882664c1ebfffff,shopping,3,3,"pet, department_store, bicycle","Kriser's, Target, Bobby's Bike Hike"
882664c1ebfffff,transport,5,2,"bicycle_rental, bicycle_rental, bicycle_rental, bus_station, bicycle_rental","McClurg Ct & Ohio St, Streeter Dr & Grand Ave, Fairbanks Ct & Superior St, Navy Pier Terminal, McClurg Ct & Erie St"
882664c1edfffff,automotive,7,1,"car, car, car, car, car, car, car","Napleton's Aston Martin, Bentley Gold Coast, Alfa Romeo Chicago, Lamborghini Gold Coast, Honda of Downtown Chicago, Perillo BMW, Fletcher Jones VW & Audi"
882664c1edfffff,civic_community,9,1,"place_of_worship, place_of_worship, place_of_worship, place_of_worship, place_of_worship, place_of_worship, place_of_worship, place_of_worship, place_of_worship","Annunciation Greek Orthodox Cathedral, Saint Joseph Roman Catholic Church, Church of the Ascension, LaSalle Street Church, Chabad of the Gold Coast, First Saint Paul's Evangelical Lutheran Church, Lake Shore Drive Synagogue, Christ the Savior Orthodox Church, Harvest Chicago Cathedral"
882664c1edfffff,education,6,3,"kindergarten, school, library, library, school, school","Cornerstone Children's Learning Center, Walter Payton College Prep, The Newberry Library, Near North Branch Library, Salazar Bilingual Center, Ogden International School"
882664c1edfffff,entertainment,2,2,"studio, gallery","Mireille's Studio, Ivory Gate Gallery"
882664c1edfffff,finance,5,1,"bank, bank, bank, bank, bank","Citibank, Chase, Bank of America, Chase, PNC Bank"
882664c1edfffff,food_drink,51,4,"cafe, fast_food, restaurant, fast_food, restaurant, restaurant, fast_food, restaurant, restaurant, fast_food, restaurant, restaurant, restaurant, restaurant, restaurant, restaurant, restaurant, restaurant, restaurant, restaurant, cafe, cafe, restaurant, restaurant, restaurant, restaurant, fast_food, restaurant, fast_food, fast_food, fast_food, restaurant, restaurant, restaurant, fast_food, cafe, restaurant, fast_food, cafe, cafe, restaurant, cafe, cafe, restaurant, restaurant, restaurant, coffee, restaurant, restaurant, restaurant, cafe","Starbucks, Papa John's, Glunz Tavern, Dunkin', Brown Bag Seafood Co., La Colonial, Velvet Taco, Bistrot Zinc, Carmine’s, Mr Gyros, Blue Door Kitchen & Garden, Gibson's Bar & Steakhouse, Somerset, Devereaux, 3 Arts Club Café, Maple & Ash, 3rd Coast Cafe, Happy Camper Old Town, Chicago Q, Hugo’s Frog Bar & Fish House, La Colombe Coffee, Petit Margeaux, Lou Malnati's Pizzeria, LuxBar, Margeaux Brasserie, La Storia, The Halal Guys, Le Colonial, Taqueria Express - Mr. Gyros, Sarpino's Pizzeria, Quiznos, Eduardo's Enoteca, Can't Believe It's Not Meat, Hashbrowns, Jimmy John's, Chicago tea house, Adalina, Wingstop, Dolci Amori, Starbucks, Nepal House, Dialtone Coffee & Wine Bar, Foxtrot Market, Tavern on Rush, The Bellevue, Kayao, Cal's Corner, Dublin's Bar and Grill, China Doll, The Original Pancake House, Whispers Coffee & Tea"
882664c1edfffff,grocery,7,5,"supermarket, bakery, health_food, bakery, supermarket, convenience, alcohol","Jewel-Osco, Sprinkles Cupcakes, Chicago Health Foods, Le Royale Icing & Specialty Cakes, Aldi, Sherry's Food Mart, The House of Glunz"
882664c1edfffff,health,11,5,"optician, dentist, optician, pharmacy, dentist, optician, pharmacy, optician, veterinary, clinic, veterinary","Oliver Peoples, Brighter Dental of Old Town, Warby Parker, CVS Pharmacy, Dentologie, Lens Crafters, CVS Pharmacy, MyEyeDr., Near North Animal Hospital, Planned Parenthood, Banfield Pet Hospital"
882664c1edfffff,lodging,7,1,"hotel, hotel, hotel, hotel, hotel, hotel, hotel","Waldorf Astoria Chicago, Ambassador Hotel, Claridge House Chicago, Tapestry Collection by Hilton, Marshall Hotel, Elms Hotel, Thompson Chicago, Viceroy Chicago"
882664c1edfffff,nightlife,12,2,"bar, bar, bar, bar, bar, bar, bar, bar, bar, bar, bar, pub","Bernard's Bar, The Rabbit Hole, Butch McGuire’s, Division on the Rocks, Eight Bar and Patio, Sparrow, The Esquire Champagne Room, The Hangge-Uppe, The Lodge Tavern, Zebra Lounge, Declan's, Hopsmith"
882664c1edfffff,services,2,2,"massage, cosmetics","Massage Envy, bluemercury"
882664c1edfffff,shopping,50,11,"bicycle, doityourself, pet, jewelry, clothes, clothes, clothes, clothes, clothes, clothes, clothes, clothes, clothes, chemist, clothes, clothes, fashion_accessories, clothes, clothes, clothes, clothes, watches, clothes, jewelry, clothes, clothes, clothes, clothes, clothes, clothes, jewelry, clothes, clothes, jewelry, clothes, clothes, clothes, clothes, bag, clothes, shoes, mobile_phone, clothes, clothes, clothes, clothes, chemist, clothes, clothes, clothes","J. C. Lind Bike Co., Gordon's Maple Ace Hardware, Bentley's Pet Stuff, Wedding Bands & Co., Aritzia, Saint Laurent, Marc Jacobs, Suitsupply, Moncler, Dior, Versace, Wilson, Madewell, Walgreens, Tom Ford, Dolce & Gabbana, Van Cleef & Arpels, Jil Sander, Escada, Pomellato, St. John, Shinola, Bella Bianca, Buccellati, Chanel, Hermès, Giorgio Armani, Loro Piana, Indochino, Abercrombie & Fitch, Cartier, Patagonia, Tory Burch, Harry Winston, Maje, COS, Brandy Melville, Arc'teryx, Away, Vuori, Dr. Martens, T-Mobile, On, Celine, Moncler, Brunello Cucinelli, Walgreens, Lululemon, Prada, Urban Outfitters"
882664c1edfffff,transport,5,1,"bicycle_rental, bicycle_rental, bicycle_rental, bicycle_rental, bicycle_rental","Wells St & Walton St, Clark St & Elm St, Dearborn Pkwy & Delaware Pl, Wells St & Elm St, Rush St & Cedar St"
882664c327fffff,civic_community,1,1,information,
882664c801fffff,civic_community,15,1,"place_of_worship, place_of_worship, place_of_worship, place_of_worship, place_of_worship, place_of_worship, place_of_worship, place_of_worship, place_of_worship, place_of_worship, place_of_worship, place_of_worship, place_of_worship, place_of_worship, place_of_worship","Saint Rome Missionary Baptist Church, Saint Luke Missionary Baptist Church, Greater First Baptist Missionary Baptist Church, Austin Messiah Lutheran Church, Mount Calvary Church of God in Christ, Northside Church of God in Christ, Unity of Love Church, Saint Paul Evangelical Lutheran Church, New Greater True Light MB Church, Gammon United Methodist Church, Austin Baptist United Church of Christ, Inspirational Deliverance Center Church of God in Christ, Christ Unity Church, Community Lutheran Church, Christ Tabernacle Missionary Baptist Church of Austin"
882664c801fffff,education,6,1,"school, school, school, school, school, school","Saint Pauls School, Austin Career Education Center, Community Lutheran School, Frederick Douglass Academy High School, Howe Elementary School, Brunson Elementary School"
882664c801fffff,grocery,2,2,"supermarket, convenience","Forty Acres Fresh Market, Marathon"
882664c801fffff,shopping,2,1,"variety_store, variety_store","Family Dollar, Dollar General"
882664c801fffff,transport,2,2,"bicycle_rental, fuel","Central Ave & Chicago Ave, Marathon"
882664c803fffff,civic_community,6,2,"place_of_worship, community_centre, place_of_worship, place_of_worship, place_of_worship, community_centre","Lily of the Valley Baptist Church, Austin Town Hall, Kingdom Missionary Baptist Church, Paradise Missionary Baptist Church, Most Worshipful William V. Banks Grand Lodge, By The Hand Club for Kids"
882664c803fffff,education,5,2,"school, school, library, school, school","Austin Special School and Sheltered Work Center, Moving Everest Charter School, Henry W. Austin Branch Library, Austin Community Academy High School, Duke Ellington Elementary School"
882664c803fffff,health,1,1,clinic,PCC Austin Family Health Center
882664c803fffff,shopping,1,1,mobile_phone,Boost Mobile
882664c803fffff,transport,2,1,"bicycle_rental, bicycle_rental","Laramie Ave & Kinzie St, Central Ave & Lake St"
882664c805fffff,civic_community,8,2,"place_of_worship, place_of_worship, place_of_worship, place_of_worship, place_of_worship, community_centre, place_of_worship, place_of_worship","Jordan River Missionary Baptist Church, Truevine Baptist Church, Goodway Church of God in Christ, Circle Evangelical Free Church, Highway of Holiness Pentecostal Church, Sankofa Center at AAABNA, Healing Center Church of God in Christ, Bethel Evangelical Lutheran Church"
882664c805fffff,entertainment,1,1,events_venue,L May Creations Event Space
882664c805fffff,food_drink,2,2,"coffee, confectionery","Bitoys Bistro, Bitoy's SweeTreats"
882664c805fffff,shopping,1,1,mobile_phone,Boost Mobile
882664c805fffff,transport,2,2,"bicycle_rental, bus_station","Austin Blvd & Chicago Ave, Chicago & Austin Terminal"
882664c807fffff,civic_community,7,3,"fire_station, place_of_worship, place_of_worship, place_of_worship, social_facility, place_of_worship, place_of_worship","Chicago Fire Department Engine Company 96, Austin United Presbyterian Church, Saint Martin's Episcopal Church, Greater Holy Temple Church of God in Christ, Senior Suites Of Austin, Third Unitarian Church, Chicago West Bible Church"
882664c807fffff,food_drink,2,2,"cafe, fast_food","New Sound Cafe, Church's Chicken"
882664c807fffff,transport,1,1,bicycle_rental,Austin Blvd & Lake St
882664c809fffff,civic_community,7,1,"place_of_worship, place_of_worship, place_of_worship, place_of_worship, place_of_worship, place_of_worship, place_of_worship","New Miracle Temple Church of God in Christ, Church of Christ, Pine Avenue United Church, Pleasant Valley Baptist Church, Jehovahs Witnesses - West Unit, Hamlett Isom CME Church, Jordan Temple Baptist Church"
882664c809fffff,education,1,1,school,Hay Community Academy
882664c809fffff,grocery,2,2,"bakery, convenience","Southshore Bakery, Marathon"
882664c809fffff,shopping,2,2,"mobile_phone, variety_store","Boost Mobile, Dollar Tree"
882664c809fffff,transport,3,2,"bicycle_rental, bicycle_rental, fuel","Augusta Blvd & Laramie Ave, Pine Ave & Division St, Marathon"
882664c80bfffff,civic_community,13,2,"place_of_worship, place_of_worship, place_of_worship, place_of_worship, place_of_worship, place_of_worship, place_of_worship, place_of_worship, place_of_worship, place_of_worship, police, place_of_worship, place_of_worship","Old Ship of Zion Missionary Baptist Church, Original Rising Star Missionary Baptist Church, New Mount Zion Offspring Missionary Baptist Church, Gods Holy Ghost Missionary Baptist Church, Progressive Solid Rock Missionary Baptist Church, Austin Church of the Nazarene, Old Path Church of God in Christ, True Macedonia Missionary Baptist Church, Temple of Spiritual Truth, Progressive True-Vine MB Church, Cook County Sheriff's Police Substation, Chicago First Church of Nazarene ""Lighthouse"", Our Lady Help of Christians Roman Catholic Church"
882664c80bfffff,food_drink,5,3,"fast_food, ice_cream, cafe, fast_food, fast_food","Subway, Baskin-Robbins, Urban Essentials Coffee Café, McDonald's, Dunkin'"
882664c80bfffff,grocery,2,2,"bakery, convenience","Schweet Cheesecake, Citgo"
882664c80bfffff,shopping,1,1,mobile_phone,Boost Mobile
882664c80bfffff,transport,2,2,"bicycle_rental, fuel","Latrobe Ave & Chicago Ave, Citgo"
882664c80dfffff,civic_community,8,1,"place_of_worship, place_of_worship, place_of_worship, place_of_worship, place_of_worship, place_of_worship, place_of_worship, place_of_worship","Little Rock Missionary Baptist Church, The Old Rugged Cross Missionary Baptist Church, New Greater Saint James Missionary Baptist Church, True Gospel Missionary Baptist Church, Sunny Mount Zion Missionary Baptist Church, Grace Deliverance Tabernacle Church, Spirtual Israel Church, North Austin United Methodist Church"
882664c80dfffff,education,1,1,school,Saint Angela School
882664c80dfffff,food_drink,1,1,fast_food,Subway
882664c80dfffff,grocery,2,1,"convenience, convenience",
882664c80dfffff,shopping,3,2,"variety_store, mobile_phone, mobile_phone","Family Dollar, Boost Mobile, Boost Mobile"
882664c80dfffff,transport,3,3,"bicycle_rental, fuel, bus_station","Menard Ave & Division St, Super Fuel, Division & Austin Terminal"
882664c811fffff,automotive,1,1,car_parts,Advance Auto Parts
882664c811fffff,civic_community,11,2,"place_of_worship, place_of_worship, place_of_worship, place_of_worship, place_of_worship, place_of_worship, place_of_worship, place_of_worship, place_of_worship, social_facility, place_of_worship","Greater New Mount Olivet Missionary Baptist Church, Isaiah Mission Baptist Church, Goodhope Church of God in Christ, New Home Baptist Church, New Precious Grove Missionary Baptist Church, Knee Way Pentecostal Church of God in Christ, Christian Service Center, Greater New Birth Church of God in Christ, West End Baptist Church, Primo Center, Home of Life Missionary Baptist Church"
882664c811fffff,food_drink,1,1,fast_food,Whale Fish and Chicken
882664c811fffff,grocery,3,1,"convenience, convenience, convenience","Mobil Mart, 76, Falcon Food Mart"
882664c811fffff,services,1,1,storage_rental,StorageMart
882664c811fffff,shopping,1,1,mobile_phone,Metro by T-Mobile
882664c811fffff,transport,5,2,"bicycle_rental, bicycle_rental, fuel, fuel, fuel","Cicero Ave & Quincy St, Kenton Ave & Madison St, Falcon, Mobil, 76"
882664c813fffff,automotive,1,1,car_wash,Buddy Bear Car Wash
882664c813fffff,civic_community,3,1,"place_of_worship, place_of_worship, place_of_worship","New Mission Church of God in Christ, Sunrise Baptist Church, Sweet Kingdom Baptist Church"
882664c813fffff,grocery,2,1,"convenience, convenience","76, BP Shop"
882664c813fffff,transport,2,1,"fuel, fuel","76, BP"
882664c815fffff,civic_community,11,2,"place_of_worship, place_of_worship, place_of_worship, place_of_worship, place_of_worship, place_of_worship, place_of_worship, place_of_worship, place_of_worship, place_of_worship, community_centre","Soul Saving Missionary Baptist Church, Gods All Nations Pentecostal Church, Saint John Church of God in Christ, Saint Jude Spiritual Church, Saint Jude Church of God in Christ, Holy Mission Church of God in Christ, Friendship Baptist Church, Kingdom Hall of Jehovahs Witnesses, Truth & Deliverance International Ministries, Saint Thomas Aquinas Roman Catholic Church, The Peace Corner Youth Center"
882664c815fffff,education,5,2,"school, school, music_school, school, school","Chicago Jesuit Academy, Saint Thomas School, Earl Bedford School of Music, Christ the King Jesuit College Prep"
882664c815fffff,finance,1,1,bank,U.S. Bank
882664c815fffff,food_drink,3,2,"restaurant, restaurant, fast_food","The Licking, MacArthur's Restaurant, McDonald's"
882664c815fffff,grocery,2,1,"convenience, convenience","BP Shop, Gulf"
882664c815fffff,health,1,1,pharmacy,Walgreens
882664c815fffff,services,2,2,"rental, post_office","U-Haul, Milton R. Brunson Post Office"
882664c815fffff,shopping,2,2,"mobile_phone, variety_store","Metro by T-Mobile, Family Dollar"
882664c815fffff,transport,4,2,"bicycle_rental, bicycle_rental, fuel, fuel","Laramie Ave & Madison St, Laramie Ave & Gladys Ave, Gulf, BP"
882664c817fffff,civic_community,4,3,"fire_station, place_of_worship, community_centre, community_centre","Chicago Fire Department Engine Company 113, Mandell United Methodist Church, Austin Satellite Senior Center, BUILD"
882664c817fffff,education,2,1,"school, school","Michele Clark Magnet High School, George W. Leland Elementary School"
882664c817fffff,transport,1,1,bicycle_rental,Flournoy St & Cicero Ave
882664c819fffff,civic_community,7,1,"place_of_worship, place_of_worship, place_of_worship, place_of_worship, place_of_worship, place_of_worship, place_of_worship","Christian Union Missionary Baptist Church, One Way Apostolic Church of God, New Mount Pilgrim Missionary Baptist Church, Church of Christ, Ruth Memorial Missionary Baptist Church, Corinthians Temple Church of God in Christ, New Evangelical Church"
882664c819fffff,education,1,1,college,Malcolm X College Westside Learning Center
882664c819fffff,grocery,1,1,convenience,Tiger Mart
882664c819fffff,nightlife,1,1,bar,Brick’s Sports Bar & Grill
882664c819fffff,transport,2,2,"fuel, bicycle_rental","Exxon, Kostner Ave & Lake St"
882664c81bfffff,civic_community,6,2,"place_of_worship, community_centre, place_of_worship, place_of_worship, place_of_worship, place_of_worship","Church of Living God, Sankofa Village Wellness Center, Greater Saint Johns Missionary Baptist Church, Garfield Park Baptist Church, Saint Michael Baptist Church, Alpha and Omega Missionary Baptist Church"
882664c81bfffff,education,1,1,school,Hefferan Elementary School
882664c81bfffff,entertainment,1,1,events_venue,Bare Copper
882664c81bfffff,grocery,1,1,convenience,BP Shop
882664c81bfffff,shopping,2,2,"music, hardware","Out of the Past Records, King's Hardware"
882664c81bfffff,transport,2,2,"bicycle_rental, fuel","Kostner Ave & Adams St, BP"
882664c81dfffff,civic_community,5,1,"place_of_worship, place_of_worship, place_of_worship, place_of_worship, place_of_worship","Holy City Church of God in Christ, Unity Fellowship Baptist Church, Unity Church of God and Christ, Mt Carmel Holiness Church, One Lord One Faith Missionary Baptist Church"
882664c81dfffff,education,1,1,school,Spencer Technology Academy
882664c81dfffff,transport,1,1,bicycle_rental,Cicero Ave & Lake St
882664c831fffff,civic_community,1,1,social_facility,Generations at Columbus Park
882664c831fffff,transport,1,1,bus_station,Jackson & Austin Terminal
882664c833fffff,automotive,1,1,car_parts,Advance Auto Parts
882664c833fffff,civic_community,1,1,place_of_worship,Trinity United Methodist Church
882664c833fffff,education,1,1,school,George Rogers Clark Elementary School
882664c833fffff,food_drink,3,1,"fast_food, fast_food, fast_food","Subway, Little Caesars, McDonald's"
882664c833fffff,grocery,1,1,supermarket,Aldi
882664c833fffff,health,1,1,hospital,Hartgrove Behavioral Health System
882664c833fffff,services,1,1,storage_rental,Extra Space Storage
882664c833fffff,shopping,3,2,"mobile_phone, variety_store, mobile_phone","T-Mobile, Family Dollar, Boost Mobile"
882664c833fffff,transport,2,2,"bicycle_rental, charging_station","Mayfield Ave & Roosevelt Rd, Tesla Supercharger"
882664c839fffff,automotive,1,1,car_parts,AutoZone
882664c839fffff,civic_community,5,2,"place_of_worship, place_of_worship, place_of_worship, place_of_worship, police","Bethel Green Missionary Baptist Church, Bethlehem Unity Missionary Baptist Church, Rock of Our Salvation Church, Circle Urban Ministries, Chicago Police Department 15th District Station"
882664c839fffff,education,5,2,"school, school, school, childcare, school","Catalyst Circle Rock Charter School, Austin School of Beauty Culture, Miriam Daniels School, Little Folks Cottage Inc, DePriest Elementary School"
882664c839fffff,food_drink,1,1,fast_food,Uncle Remus
882664c839fffff,grocery,1,1,supermarket,Leamington Foods
882664c839fffff,nightlife,2,1,"bar, bar","Ted’s Place, Winners Sports Bar & Grill"
882664c839fffff,services,1,1,funeral_directors,Smith & Thomas Funeral Home
882664c839fffff,shopping,1,1,mobile_phone,Boost Mobile
882664c839fffff,transport,1,1,bicycle_rental,Central Ave & Madison St
882664c83bfffff,civic_community,7,2,"place_of_worship, place_of_worship, place_of_worship, social_facility, place_of_worship, place_of_worship, place_of_worship","New Saint Matthews Missionary Baptist Church, Risen Valley Mission Church of God in Christ, Saint Mary Church of God in Christ, Winnie Evans Senior Citizens Drop In Center, Greek Orthodox Church of the Assumption, Bethel Apostolic Church, Emmaus Lutheran Church"
882664c83bfffff,education,2,1,"school, school","Plato School, CAM Academy"
882664c83bfffff,health,1,1,hospital,Loretto Hospital
882664c83bfffff,transport,2,2,"bicycle_rental, bus_station","Central Ave & Harrison St, Harrison & Central Terminal"
882664c83dfffff,food_drink,2,1,"fast_food, fast_food","Subway, Terry's Place"
882664c83dfffff,transport,2,2,"bicycle_rental, bus_station","Austin Blvd & Madison St, Madison & Austin Terminal"
882664c841fffff,civic_community,2,2,"fire_station, place_of_worship","Chicago Fire Department Engine Company 68, Rock of Salvation Church"
882664c841fffff,food_drink,2,2,"ice_cream, fast_food","Baskin-Robbins, Dunkin'"
882664c841fffff,grocery,1,1,convenience,Amoco
882664c841fffff,services,1,1,post_office,Cragin Post Office
882664c841fffff,shopping,1,1,variety_store,Family Dollar
882664c841fffff,transport,3,3,"bicycle_rental, fuel, bus_station","Lockwood Ave & Grand Ave, Amoco, Grand & Latrobe Terminal"
882664c843fffff,automotive,2,2,"car_parts, car_wash","O'Reilly Auto Parts, Buddy Bear Car Wash"
882664c843fffff,civic_community,2,1,"place_of_worship, place_of_worship","Saint Peter Canisius Church, Trinity Evangelical Lutheran Church"
882664c843fffff,education,1,1,school,Leslie Lewis Elementary School
882664c843fffff,finance,2,2,"bank, money_lender","BMO, PLS"
882664c843fffff,food_drink,5,2,"fast_food, fast_food, cafe, fast_food, fast_food","Subway, Burger King, Starbucks, McDonald's, Wendy's"
882664c843fffff,grocery,2,2,"supermarket, convenience","Food 4 Less, BP Shop"
882664c843fffff,health,1,1,optician,America's Best Contacts & Eyeglasses
882664c843fffff,leisure_sports,1,1,video_games,GameStop
882664c843fffff,services,1,1,storage_rental,Extra Space Storage
882664c843fffff,shopping,6,5,"mobile_phone, department_store, clothes, nutrition_supplements, variety_store, department_store","T-Mobile, Ross, Rainbow, GNC, Five Below, Forman Mills"
882664c843fffff,transport,4,2,"bicycle_rental, bicycle_rental, fuel, fuel","Leamington Ave & Hirsch St, Lawler Ave & North Ave, BP, Food 4 Less"
882664c845fffff,civic_community,2,2,"courthouse, police","Cook County Circuit Court Branches 23 & 29, Chicago Police Department 25th District Station"
882664c845fffff,entertainment,1,1,cinema,AMC Showplace Galewood 14
882664c845fffff,grocery,1,1,convenience,BP Shop
882664c845fffff,nightlife,1,1,bar,Carolyn’s Zodiac Lounge
882664c845fffff,transport,3,2,"bicycle_rental, bicycle_rental, fuel","Major Ave & Bloomingdale Ave, Parkside Ave & Armitage Ave, BP"
882664c847fffff,civic_community,3,1,"place_of_worship, place_of_worship, place_of_worship","Pine Avenue United Church, Faith Restoration Miracle Church, Christ English Evangelical Lutheran Church"
882664c847fffff,education,4,2,"school, school, library, school","Kiddie Play School, Christ School, North Austin Branch Library, Young Elementary School"
882664c847fffff,food_drink,5,3,"ice_cream, fast_food, cafe, fast_food, fast_food","Baskin-Robbins, Popeyes, PTCI, White Castle, Dunkin'"
882664c847fffff,grocery,1,1,supermarket,Save-A-Lot
882664c847fffff,health,1,1,pharmacy,Walgreens
882664c847fffff,shopping,3,2,"mobile_phone, variety_store, variety_store","Boost Mobile, Dollar Tree, Dollar General"
882664c847fffff,transport,1,1,bicycle_rental,Long Ave & North Ave
882664c849fffff,automotive,3,2,"car, car_parts, car_parts","AutoBank, Advance Auto Parts, AutoZone"
882664c849fffff,civic_community,2,1,"place_of_worship, place_of_worship","Iglesia Evangelica Emanuel, Iglesia Misionera Bautista North Avenue"
882664c849fffff,education,1,1,school,Lloyd Elementary School
882664c849fffff,finance,1,1,bank,Old National Bank
882664c849fffff,food_drink,3,2,"restaurant, restaurant, fast_food","Hangry's, Paisans Pizzeria, McDonald's"
882664c849fffff,grocery,2,2,"bakery, convenience","La Luna Bakery Panaderia, Marathon"
882664c849fffff,health,1,1,pharmacy,Walgreens
882664c849fffff,shopping,2,2,"mobile_phone, chemist","AT&T, Walgreens"
882664c849fffff,transport,3,2,"bicycle_rental, bicycle_rental, fuel","Lavergne Ave & Fullerton Ave, Lamon Ave & Armitage Ave, Marathon"
882664c84bfffff,civic_community,2,1,"place_of_worship, place_of_worship","Free Pentecostal Church of the Living God, Saint Pauls Evangelical Lutheran Church"
882664c84bfffff,entertainment,1,1,events_venue,El Mexico Moderno Ball Room
882664c84bfffff,finance,1,1,bank,Chase
882664c84bfffff,food_drink,3,3,"coffee, cafe, fast_food","Cafeteria Marianao, Starbucks, Church's Chicken"
882664c84bfffff,grocery,5,3,"bakery, bakery, convenience, supermarket, convenience","Babushka Bakery, Sherwood Room, Walmart Supercenter, Shell"
882664c84bfffff,health,1,1,pharmacy,Walmart Pharmacy
882664c84bfffff,services,2,2,"rental, storage_rental","U-Haul, U-Haul"
882664c84bfffff,shopping,6,5,"mobile_phone, mobile_phone, doityourself, chemist, shoes, garden_centre","Metro by T-Mobile, T-Mobile, The Home Depot, Walgreens, Sketchers Outlet"
882664c84bfffff,transport,2,2,"bicycle_rental, fuel","Kilpatrick Ave & Grand Ave, Shell"
882664c84dfffff,civic_community,2,2,"place_of_worship, community_centre","Saint Stanislaus Bishop and Martyr Catholic Church, Christopher House"
882664c84dfffff,education,7,2,"kindergarten, school, school, school, school, school, school","Galewood Pre-School and Day Care Center, Listening Skills Training Center, Saint Stanislaus School, Northwest Middle School, Prosser Career Academy, Hanson Park Elementary School, Dr. Jorge Prieto Math and Science Academy"
882664c84dfffff,finance,1,1,money_transfer,Western Union
882664c84dfffff,food_drink,4,1,"fast_food, fast_food, fast_food, fast_food","Sbarro, Subway, Dunkin', McDonald's"
882664c84dfffff,health,2,2,"pharmacy, clinic","Walgreens, Belmont Cragin Health Center"
882664c84dfffff,shopping,2,1,"mobile_phone, mobile_phone","Cricket Wireless, Boost Mobile"
882664c84dfffff,transport,1,1,bicycle_rental,Long Ave & Belden Ave
882664c851fffff,civic_community,3,2,"place_of_worship, place_of_worship, social_facility","Saints Cyril and Methodius Roman Catholic Church, Saint Francis of Assisi Church, Boys & Girls Club"
882664c851fffff,education,3,1,"school, school, school","Our Lady of Perpetual Help School, Westside Preparatory School, Brian Piccolo Specialty School"
882664c851fffff,food_drink,1,1,fast_food,Culver's
882664c851fffff,transport,1,1,bicycle_rental,Kildare Ave & Chicago Ave
882664c853fffff,education,1,1,school,Chicago Joint Public Safety Training Campus
882664c855fffff,automotive,1,1,car_wash,Mobil
882664c855fffff,civic_community,7,3,"place_of_worship, place_of_worship, place_of_worship, place_of_worship, social_facility, fire_station, place_of_worship","True Faith Missionary Baptist Church, Spiritual Rock Missionary Baptist Church, Redeem Tabernacle Church of God in Christ, Way of Holiness Church of God in Christ, Bethel New Life, Chicago Fire Department Engine Company 117, High Mountain Missionary Baptist Church"
882664c855fffff,education,2,2,"library, school","West Chicago Avenue Branch Library, Ronald E. McNair Elementary School"
882664c855fffff,entertainment,1,1,artwork,Pyxis
882664c855fffff,grocery,3,2,"bakery, convenience, convenience","Biondillo Bakery, Citgo, Mobil Mart"
882664c855fffff,health,1,1,clinic,Austin Health Center of Cook County
882664c855fffff,services,1,1,post_office,Robert LeFlore Jr Post Office
882664c855fffff,transport,5,2,"bicycle_rental, bicycle_rental, fuel, fuel, fuel","Lamon Ave & Chicago Ave, Lavergne Ave & Division St, Citgo, Mobil, GoLo"
882664c857fffff,automotive,1,1,tyres,Alvaro’s Tire Shop
882664c857fffff,civic_community,6,1,"place_of_worship, place_of_worship, place_of_worship, place_of_worship, place_of_worship, place_of_worship","Christian Home Missionary Baptist Church, Greater Christian Light Missionary Baptist Church, Universal Missionary Baptist Church, Christian Faith Missionary Baptist Church, Saint Andrews Missionary Baptist Church, Greater Holy Temple Ministries"
882664c857fffff,education,2,1,"school, school","Nash Elementary School, KIPP Academy School"
882664c857fffff,entertainment,1,1,artwork,Our King
882664c857fffff,grocery,1,1,convenience,Marathon
882664c857fffff,transport,1,1,fuel,Marathon
882664c859fffff,civic_community,3,1,"place_of_worship, place_of_worship, place_of_worship","Chicago Northside New Hope Church, Incarnation Lutheran Church, Bethel Lutheran Church"
882664c859fffff,education,4,2,"kindergarten, school, school, school","Incarnation Head Start Center, Bethel Lutheran School, Nobel Elementary School, West Park STEAM Academy"
882664c859fffff,finance,1,1,pawnbroker,Cash America Pawn
882664c859fffff,food_drink,2,1,"fast_food, fast_food","Dunkin', Jimmy's Red Hots"
882664c859fffff,grocery,2,1,"convenience, convenience","Citgo, BP Shop"
882664c859fffff,services,1,1,storage_rental,Extra Space Storage
882664c859fffff,shopping,3,3,"variety_store, mobile_phone, charity","Family Dollar, Total by Verizon, The Salvation Army"
882664c859fffff,transport,4,2,"bicycle_rental, bicycle_rental, fuel, fuel","Kildare Ave & Division St, Harding Ave & Division St, BP, Citgo"
882664c85bfffff,automotive,1,1,car_repair,Snowman Auto
882664c85bfffff,civic_community,6,2,"place_of_worship, place_of_worship, place_of_worship, place_of_worship, community_centre, place_of_worship","Walker Memorial Church of God in Christ, New Light Missionary Baptist Church, Seven Star Missionary Baptist Church, Mission of Our Lady of the Angels, Mary L. Greenwood Community Center, Solid Rock Pentecostal Church"
882664c85bfffff,education,3,2,"kindergarten, school, school","Terry Town Nursery School and Kindergarten, KIPP, Orr Academy High School"
882664c85bfffff,finance,2,2,"money_transfer, bureau_de_change","Western Union, Pulaski & Chicago Currency Exchange"
882664c85bfffff,food_drink,2,2,"restaurant, fast_food","The Salchipapa House, Burger King"
882664c85bfffff,grocery,4,2,"alcohol, convenience, convenience, convenience","Sunrise Food & Liquor, Citgo, Shell Shop"
882664c85bfffff,shopping,2,2,"mobile_phone, furniture","Boost Mobile, Zolly's Recyclable Furniture"
882664c85bfffff,transport,4,2,"bicycle_rental, fuel, fuel, fuel","Harding Ave & Chicago Ave, Falcon, Shell, Citgo"
882664c85dfffff,food_drink,1,1,fast_food,Taco Bell
882664c85dfffff,grocery,2,2,"marketplace, supermarket","Buyers Flea Market, Aldi"
882664c85dfffff,health,1,1,clinic,North Kostner Health Clinic
882664c85dfffff,services,2,2,"storage_rental, post_depot","Safeguard Self Storage, Amazon SIL4"
882664c85dfffff,shopping,1,1,doityourself,Menards
882664c861fffff,civic_community,3,1,"place_of_worship, place_of_worship, place_of_worship","Bethel Temple Assembly of God Church, Bethany Lutheran Church, Galewood Community Church"
882664c861fffff,education,2,1,"school, school","Bethany School, Lovett Elementary School"
882664c861fffff,finance,1,1,bank,Old Second National Bank
882664c861fffff,food_drink,4,2,"fast_food, fast_food, deli, fast_food","Sarpino's Pizzeria, Taco Burrito King, Serrelli's Finer Foods, Dunkin'"
882664c861fffff,services,1,1,dry_cleaning,CD One Price Cleaners
882664c861fffff,shopping,1,1,mobile_phone,Boost Mobile
882664c861fffff,transport,1,1,bus_station,North Avenue & Narragansett Terminal
882664c865fffff,civic_community,1,1,place_of_worship,Redeemer Church
882664c865fffff,education,1,1,school,Sayre Language Academy
882664c865fffff,finance,2,2,"money_lender, bank","Check Into Cash, Bank of America"
882664c865fffff,food_drink,3,3,"cafe, fast_food, restaurant","Starbucks, Charleys Philly Steaks, Elbrus"
882664c865fffff,grocery,1,1,convenience,7-Eleven
882664c865fffff,transport,1,1,bicycle_rental,North Ave & New England Ave
882664c869fffff,education,1,1,school,Burbank Elementary School
882664c869fffff,grocery,2,1,"bakery, bakery","Cloverhill Bakeries, Today’s Temptation"
882664c869fffff,transport,1,1,bicycle_rental,Narragansett Ave & McLean Ave
882664c86bfffff,automotive,1,1,car_parts,AutoZone
882664c86bfffff,civic_community,2,1,"place_of_worship, place_of_worship","North Austin Lutheran Church, Kingdom Builders Ministries International"
882664c86bfffff,food_drink,1,1,fast_food,KFC
882664c86bfffff,shopping,2,1,"mobile_phone, mobile_phone","Metro by T-Mobile, Boost Mobile"
882664c86bfffff,transport,3,1,"bicycle_rental, bicycle_rental, bicycle_rental","Menard Ave & North Ave, Mango Ave & North Ave, Mango Ave & North Ave"
882664c86dfffff,civic_community,1,1,social_facility,The Montclare Senior Residences
882664c86dfffff,education,1,1,school,Acero Roberto Clemente School
882664c86dfffff,health,1,1,hospital,Shriners Hospitals for Children
882664c86dfffff,services,1,1,storage_rental,CubeSmart
882664c881fffff,civic_community,4,1,"place_of_worship, place_of_worship, place_of_worship, place_of_worship","Restoration of the Primitive Christian Church the Light of the World, Church of God, Good Shepherd Roman Catholic Church, Iglesia La Santa Trinidad"
882664c881fffff,education,4,1,"school, school, school, school","Grace School, Good Shepherd School, Corkery Elementary School, Emiliano Zapata Academy"
882664c881fffff,entertainment,1,1,artwork,
882664c881fffff,food_drink,1,1,fast_food,McDonald's
882664c881fffff,grocery,2,2,"bakery, convenience","Panaderia Los Gallos, BP Shop"
882664c881fffff,nightlife,1,1,bar,La Cueva
882664c881fffff,services,1,1,hairdresser,Gente Bella Beauty Salon Inc
882664c881fffff,shopping,1,1,mobile_phone,Boost Mobile
882664c881fffff,transport,2,2,"bicycle_rental, fuel","Kildare Ave & 26th St, BP"
882664c883fffff,civic_community,3,2,"fire_station, place_of_worship, place_of_worship","Chicago Fire Department Engine Company 99, Jehovahs Witnesses Central Unit, The Church of Jesus Christ of Latter-day Saints"
882664c883fffff,food_drink,1,1,restaurant,Home Run Inn Pizzeria
882664c883fffff,grocery,1,1,bakery,Le Paris Bakery
882664c883fffff,transport,3,2,"bicycle_rental, bicycle_rental, bus_station","Komensky Ave & 31st St, Tripp Ave & 31st St, 31st Street & Komensky Terminal"
882664c887fffff,automotive,1,1,car_wash,
882664c887fffff,education,5,1,"school, school, school, school, school","Social Justice High School, World Language High School, Multicultural Arts High School, Infinity High School, Little Village Lawndale High School Campus"
882664c889fffff,automotive,2,1,"car_parts, car_parts","AutoZone, Advance Auto Parts"
882664c889fffff,civic_community,5,2,"place_of_worship, place_of_worship, social_facility, place_of_worship, place_of_worship","True Tabernacle Church of God, True Tabernacle, Erie Neighborhood House, Crawford Congregation of Jehovahs Witness, Epiphany Roman Catholic Church"
882664c889fffff,education,1,1,school,Epiphany School
882664c889fffff,finance,3,1,"bank, bank, bank","Fifth Third Bank, Self-Help Federal Credit Union, Citibank"
882664c889fffff,food_drink,5,1,"fast_food, fast_food, fast_food, fast_food, fast_food","Subway, Domino's, Subway, Burger King, Dunkin'"
882664c889fffff,grocery,2,2,"bakery, convenience",Nuevo Leon Bakery
882664c889fffff,health,3,2,"clinic, dentist, clinic","DaVita Dialysis, Sonrisa Family Dental, Dr. Jorge Prieto Health Center"
882664c889fffff,services,1,1,post_office,Otis Grant Collins Post Office
882664c889fffff,shopping,5,3,"variety_store, mobile_phone, mobile_phone, clothes, mobile_phone","Family Dollar, Boost Mobile, Metro by T-Mobile, Rainbow, Boost Mobile"
882664c889fffff,transport,2,2,"bicycle_rental, fuel","Harding Ave & 26th St, Power Gas Station"
882664c88bfffff,civic_community,5,3,"place_of_worship, place_of_worship, social_facility, place_of_worship, social_centre","Saint Nikola Serbian Orthodox Church, Little Village Baptist Chapel, Enlace Chicago, Saint Andrew-Crawford United Church of Christ, American Legion Miguel Perez, Jr. Post 1017"
882664c88bfffff,education,5,2,"school, library, school, school, school","Gary Elementary School, John Toman Branch Library, Eli Whitney Elementary School, Little Village Academy, Ortiz de Domínguez Elementary School"
882664c88bfffff,entertainment,1,1,arts_centre,Yollocalli Arts Reach
882664c88bfffff,finance,1,1,atm,Bank of America
882664c88bfffff,food_drink,3,1,"restaurant, restaurant, restaurant","El Faro, Las Carnitas Uruapan, La Justica"
882664c88bfffff,grocery,5,3,"bakery, bakery, bakery, convenience, supermarket","BomBon Cafe, Bombon, Panaderia Coral, Mobil Mart, Supermercado La Chiquita"
882664c88bfffff,shopping,1,1,mobile_phone,AT&T
882664c88bfffff,transport,3,2,"bicycle_rental, bicycle_rental, fuel","Lawndale Ave & 30th St, Harding Ave & 31st St, Mobil"
882664c88dfffff,civic_community,1,1,social_facility,El Valor Carlos Cantu Children & Family Center
882664c88dfffff,grocery,1,1,convenience,Citgo
882664c88dfffff,services,1,1,storage_rental,Public Storage
882664c88dfffff,transport,1,1,fuel,Citgo
882664c891fffff,education,1,1,school,Calmeca Academy of Fine Arts and Dual Language
882664c893fffff,education,1,1,library,Brighton Park Branch Library
882664c893fffff,finance,1,1,bank,Brighton Park Community Bank
882664c893fffff,grocery,4,3,"bakery, convenience, convenience, supermarket","Monterrey Bakery, La Bodeguita Beto’s Produce, Clark's Pump-N-Shop, La Gloria Supermarket"
882664c893fffff,services,1,1,laundry,Speed Queen
882664c893fffff,shopping,1,1,variety_store,Dollar Tree
882664c893fffff,transport,2,2,"bicycle_rental, fuel","Archer Ave & 43rd St, Clark"
882664c897fffff,food_drink,1,1,fast_food,Dunkin'
882664c899fffff,automotive,1,1,car_wash,
882664c899fffff,education,1,1,school,Paul Simon Job Corps Center
882664c899fffff,grocery,1,1,convenience,Citgo
882664c899fffff,shopping,1,1,trade,Bricks Incorporated
882664c899fffff,transport,2,2,"fuel, bus_station","Citgo, 36th Street & Kedzie Terminal"
882664c89bfffff,civic_community,2,1,"place_of_worship, place_of_worship","Brighton Park Presbyterian Church, Our Lady of Fatima Church"
882664c89bfffff,education,1,1,school,Nathan S. Davis Elementary School
882664c89bfffff,food_drink,1,1,restaurant,Taqueria La Iguanita
882664c89bfffff,grocery,1,1,bakery,La-Concha
882664c89bfffff,transport,1,1,bicycle_rental,Pershing Rd & Sacramento Ave
882664c8b7fffff,civic_community,2,2,"place_of_worship, social_facility","LeClaire M.B. Church, The Claridge at Cicero"
882664c8b7fffff,education,1,1,school,Academy for Global Citizenship
882664c8bbfffff,civic_community,1,1,social_facility,Greater Chicago Food Depository
882664c8bbfffff,food_drink,2,1,"fast_food, fast_food","Burger King, Wendy's"
882664c8bbfffff,grocery,1,1,bakery,Winfar Foods
882664c8bbfffff,services,2,2,"cosmetics, beauty","Ulta Beauty, European Wax Center"
882664c8bbfffff,shopping,8,7,"pet, shoes, department_store, department_store, craft, mobile_phone, fashion_accessories, bed","PetSmart, Shoe Carnival, Marshalls, Ross, Michaels, AT&T, claire's, Mattress Firm"
882664c8c1fffff,civic_community,13,3,"place_of_worship, place_of_worship, place_of_worship, place_of_worship, place_of_worship, place_of_worship, place_of_worship, social_facility, fire_station, place_of_worship, place_of_worship, place_of_worship, place_of_worship","Greater Jasper Stone Missionary Baptist Church, Kingdom Restoration Christian Center, Beverly Temple Church of God and Christ, Gospel Mission Pentecostal Church, Greater Sweet Home Missionary Baptist Church, Zion Temple Church of God and Christ, Tabernacle Church of God, BBF Family Services, Chicago Fire Department Engine Company 38, Ebenezer Lutheran Church, Greater Gallilee Missionary Baptist Church, Whosoever Will Christway Bible Church, Lena A Hamlett Christian Methodist Episcopal Church"
882664c8c1fffff,education,9,3,"school, school, kindergarten, school, school, school, childcare, school, school","Ebenezer School, Alexanders Beauty School, Herzl Child-Parent Center, Olive Child-Parent Center, KIPP Ascend Middle School, Herzl Elementary School, Our Lady of Lourdes Child Development Center, CCA Academy, William Penn Elementary School"
882664c8c1fffff,entertainment,1,1,artwork,Independence Square Fountain
882664c8c1fffff,food_drink,2,1,"restaurant, restaurant","New Pine Valley Restaurant, The SoulFood Lounge"
882664c8c1fffff,health,1,1,clinic,ACCESS Paul and Mimi Francis Westside Family Health Center
882664c8c1fffff,shopping,2,2,"mobile_phone, bicycle","Cricket Wireless, YMEN Bike Box"
882664c8c3fffff,civic_community,16,4,"place_of_worship, place_of_worship, place_of_worship, place_of_worship, place_of_worship, place_of_worship, place_of_worship, place_of_worship, place_of_worship, place_of_worship, place_of_worship, information, community_centre, place_of_worship, social_facility, social_facility","Original Greater Rock Missionary Baptist Church, Greater Progressive Missionary Baptist Church, All Nations Church of God, Livestone Missionary Baptist Church, Israel of Gods Church, Greater Whitestone Missionary Baptist Church, Lawndale Community Church, Holy Rock Healing Temple, Holy Temple Followers of Jesus Christ, Wesley Chapel Community Spiritual Church, Universal Temple of Truth Spiritual Church, Route 66, Blessed Sacrament Youth Center, Ogden Avenue Church of Christ, Lawndale Christian Health Center Senior Center, Ogden Family Community Resource Center"
882664c8c3fffff,education,1,1,school,Carole Roberston Center for Learning
882664c8c3fffff,entertainment,3,3,"arts_centre, theatre, attraction","Firehouse Community Arts Center of Chicago, Theatre Y, Castle Car Wash"
882664c8c3fffff,food_drink,2,2,"cafe, restaurant","Green Tomato Cafe, Lou Malnati's Pizzeria"
882664c8c3fffff,health,6,2,"pharmacy, clinic, clinic, clinic, clinic, clinic","Lawndale Christian Health Center Pharmacy, LCHC Eye Clinic, LCHC Belle Whaley, LCHC at the Gallery, Lawndale Christian Health Center Immediate Care, Lawndale Christian Health Center Main Clinic"
882664c8c3fffff,services,1,1,hairdresser,Principle Barbers
882664c8c3fffff,shopping,1,1,hardware,Selected Hardwood Flooring And Supply Co.
882664c8c3fffff,transport,3,2,"bicycle_rental, bicycle_rental, bus_station","Central Park Ave & Ogden Ave, Pulaski Rd & 21st St, Pulaski Pink Line Station"
882664c8c5fffff,civic_community,11,1,"place_of_worship, place_of_worship, place_of_worship, place_of_worship, place_of_worship, place_of_worship, place_of_worship, place_of_worship, place_of_worship, place_of_worship, place_of_worship","Christ New Hope Missionary Baptist Church, Mount Moriah Missionary Baptist Church, Greater New Mount Zion Missionary Baptist Church, Threeway Missionary Baptist Church, Mount Calvary Missionary Baptist Church, Commonwealth Baptist Church, Greater Christian Light Baptist Church, Kedvale New Mount Zion Baptist Church, Greater New Saint James Missionary Baptist Church, Our Lady of Lourdes Roman Catholic Church, Grace Memorial Baptist Church"
882664c8c5fffff,education,1,1,school,Hughes Elementary School
882664c8c5fffff,grocery,1,1,convenience,Amoco
882664c8c5fffff,transport,2,2,"fuel, bicycle_rental","Amoco, Tripp Ave & 15th St"
882664c8c7fffff,civic_community,11,2,"place_of_worship, place_of_worship, place_of_worship, place_of_worship, place_of_worship, place_of_worship, place_of_worship, place_of_worship, place_of_worship, place_of_worship, social_facility","Asia Missionary Baptist Church, Antioch Apostolic Faith Church, New Testament Missionary Baptist Church, Healing Temple of God, Way of Truth Church of God in Christ, Shiloh Apostolic Deliverance Church, Saint Paul African Methodist Episcopal Church, Saint Titus Baptist Church, Greater Mount Pleasant Missionary Baptist Church, First Baptist Church, Montclare Supportive Living Community"
882664c8c7fffff,education,1,1,school,Mason Elementary School
882664c8c7fffff,food_drink,1,1,coffee,Bleu Mocha Cafe
882664c8c7fffff,grocery,1,1,convenience,76
882664c8c7fffff,services,1,1,copyshop,The Goodie Shop
882664c8c7fffff,transport,2,2,"bicycle_rental, fuel","Kildare Ave & Cermak Rd, 76"
882664c8c9fffff,civic_community,8,3,"place_of_worship, place_of_worship, place_of_worship, place_of_worship, place_of_worship, place_of_worship, social_facility, community_centre","Church of the Living God Temple 93, House of Prayer Church of God in Christ, Upper Room Spiritual Church, Greater Calvary Spiritual Church, Sunrise Baptist Church, Independence Boulevard Seventh Day Adventist Church, UCAN, John D. & Alexandra C. Nichols Center"
882664c8c9fffff,education,1,1,school,Gregory Elementary School
882664c8c9fffff,food_drink,6,4,"cafe, ice_cream, fast_food, restaurant, fast_food, fast_food","Green Garden Cafe, Baskin-Robbins, Popeyes, Soule, Checkers, Dunkin'"
882664c8c9fffff,grocery,3,2,"convenience, alcohol, convenience","BP Shop, Rothschild Liquors, GoLo Gas Station/Store"
882664c8c9fffff,health,2,2,"clinic, pharmacy","Homan Square Community Center, Walgreens"
882664c8c9fffff,leisure_sports,1,1,picnic_site,
882664c8c9fffff,transport,2,1,"fuel, fuel","BP, GoLo"
882664c8cbfffff,civic_community,13,2,"place_of_worship, place_of_worship, place_of_worship, place_of_worship, place_of_worship, place_of_worship, place_of_worship, place_of_worship, place_of_worship, place_of_worship, place_of_worship, place_of_worship, community_centre","Holy Ground Missionary Baptist Church, Mount Ebenezer Baptist Church, Fairfield Baptist Church, Carol Divine Temple Church of God in Christ, Carey Tercentenary African Methodist Episcopal Church, All Souls Church of God in Christ, Greater Faith Temple Church of God in Christ, Siloam Baptist Church, Thompson Hopewell Baptist Church, Tabernacle Church of Perfect Love, Stone Temple Baptist Church, Mount Hebron Baptist Church, Starling"
882664c8cbfffff,education,5,2,"library, school, school, school, school","Douglass Branch Library, Dvorak Elementary School, North Lawndale College Prep Charter - Christiana, Lawndale Community Academy, KIPP Ascend Primary School"
882664c8cbfffff,food_drink,1,1,cafe,Monday Coffee Co.
882664c8cbfffff,transport,3,1,"bicycle_rental, bicycle_rental, bicycle_rental","Central Park Ave & Douglas Blvd, Lawndale Ave & 16th St, Spaulding Ave & 16th St"
882664c8cdfffff,civic_community,11,1,"place_of_worship, place_of_worship, place_of_worship, place_of_worship, place_of_worship, place_of_worship, place_of_worship, place_of_worship, place_of_worship, place_of_worship, place_of_worship","New Mount Pleasant Missionary Baptist Church, Saint Rest Number 2 Missionary Baptist Church, The King David Baptist Church, First Corinthians Missionary Baptist Church, Jehovahs Witnesses Lawndale Unit, Saint James Church of God in Christ, Prince of Peace Church of God in Christ, Healing Temple Church of God in Christ, Holy Family Spiritual Temple, The First Grace Baptist Church, United Missionary Baptist Church"
882664c8cdfffff,education,3,1,"school, school, school","Webster Elementary School, Frazier International Magnet School, Sumner Elementary School"
882664c8cdfffff,food_drink,1,1,fast_food,Subway
882664c8cdfffff,grocery,1,1,convenience,Shell
882664c8cdfffff,services,1,1,rental,U-Haul
882664c8cdfffff,shopping,1,1,mobile_phone,Boost Mobile
882664c8cdfffff,transport,2,2,"bicycle_rental, fuel","Keeler Ave & Roosevelt Rd, Shell"
882664c8d1fffff,automotive,1,1,car_parts,AutoZone
882664c8d1fffff,civic_community,3,2,"place_of_worship, place_of_worship, fire_station","Saint Ludmillas Roman Catholic Church, John Huss United Methodist Church, Chicago Fire Department Engine Company 109"
882664c8d1fffff,education,4,2,"school, school, school, library","Assumption School, Saint Ludmilla School, Spry Elementary School, Little Village Branch Library"
882664c8d1fffff,entertainment,2,1,"artwork, artwork","Jacques Marquette Monument, Little Village Arch"
882664c8d1fffff,finance,2,1,"bank, bank","Old National Bank, Chase"
882664c8d1fffff,food_drink,9,4,"restaurant, restaurant, restaurant, fast_food, cafe, fast_food, confectionery, fast_food, restaurant","Taqueria El Milagro, La Chapatta Grocery, Manolo's Tamales, Panda Express, Starbucks, Burger King, Dulcelandia, McDonald's, Taqueria Los Comales"
882664c8d1fffff,grocery,6,3,"bakery, bakery, bakery, bakery, supermarket, convenience","Heatlhy Choice Bakery, Rosy’s Bakery, Tortilleria El Milagro, La Baguette Bakery, Cermak Fresh Market, Shell"
882664c8d1fffff,health,6,3,"pharmacy, clinic, clinic, clinic, dentist, dentist","Walgreens, Esperanza Little Village, ACCESS Servicios Médicos La Villita, ACCESS Centro Médico San Rafael, Sonrisa Family Dental, Sonrisa Family Dental"
882664c8d1fffff,shopping,3,3,"tobacco, department_store, mall","Good Vibes, Ross, Little Village Discount Mall"
882664c8d1fffff,transport,5,2,"bicycle_rental, bicycle_rental, bicycle_rental, bicycle_rental, fuel","Albany Ave & 26th St, Kedzie Ave & 24th St, Sacramento Ave & 25th St, Troy Ave & 27th St, Shell"
882664c8d3fffff,civic_community,5,3,"prison, police, information, information, information","Cook County Jail, Cook County Sherrif's Office, Div 4/6 Visitors Processing Center, Div 9 Visitors Processing Center, Div 11 Annex Visiting"
882664c8d3fffff,health,2,2,"clinic, nursing_home","Cermak Health Services, California Gardens Nursing Home"
882664c8d3fffff,transport,2,1,"bicycle_rental, bicycle_rental","California Ave & 29th St, La Villita Park"
882664c8d5fffff,civic_community,7,1,"place_of_worship, place_of_worship, place_of_worship, place_of_worship, place_of_worship, place_of_worship, place_of_worship","Saint Agnes of Bohemia Roman Chatholic Church, Village Gospel Center, Greater Zion Hill Missionary Baptist Church, Lawndale Church of Christ, Millard Avenue Baptist Church, Lawndale Mennonite Church, Millard Congregational Church"
882664c8d5fffff,education,2,1,"school, school","Saint Agnes of Bohemia School, Cárdenas Elementary School"
882664c8d5fffff,finance,5,1,"bank, bank, bank, bank, bank","Byline Bank, Wintrust Bank - Little Village, Bank of America, PNC Bank, Huntington Bank"
882664c8d5fffff,food_drink,1,1,restaurant,Doña Torta Restaurant
882664c8d5fffff,grocery,4,4,"bakery, alcohol, convenience, supermarket","El Nopal Bakery, Moreno's Liquors, La Moreliana, Supermercado La Chiquita"
882664c8d5fffff,health,2,2,"clinic, optician",ACCESS Centro Médico
882664c8d5fffff,leisure_sports,1,1,sports,Prosper Skate Shop
882664c8d5fffff,nightlife,2,1,"bar, bar","Jacaranda, Osito's Tap"
882664c8d5fffff,shopping,8,5,"variety_store, mobile_phone, mobile_phone, mobile_phone, bicycle, hardware, florist, mobile_phone","Family Dollar, Boost Mobile, Metro by T-Mobile, T-Mobile, Sanchez Bike Repair, Allende Hardware & Plumbing, Jesse's Flowers & Balloons, Cricket Wireless"
882664c8d5fffff,transport,2,1,"bicycle_rental, bicycle_rental","Millard Ave & 26th St, Central Park Ave & 24th St"
882664c8d7fffff,civic_community,2,2,"place_of_worship, social_centre","Saints Peter and Paul Catholic Church, Casa Sor Juana"
882664c8d7fffff,education,2,1,"school, school","McCormick Elementary School, Madero Middle School"
882664c8d7fffff,entertainment,5,1,"studio, studio, studio, studio, studio","Cinespace Kedzie Studio Building, Cinespace Film Studios Kedzie, Stage 1, Stage 2, Stage 3"
882664c8d7fffff,finance,1,1,bank,CIBC Bank USA
882664c8d7fffff,food_drink,3,2,"ice_cream, fast_food, fast_food","Baskin-Robbins, Subway, Dunkin'"
882664c8d7fffff,grocery,2,2,"convenience, supermarket","Mobil Mart, Aldi"
882664c8d7fffff,shopping,1,1,florist,Crystal Flower Shop
882664c8d7fffff,transport,1,1,fuel,Mobil
882664c8d9fffff,automotive,1,1,car_wash,
882664c8d9fffff,civic_community,8,3,"place_of_worship, community_centre, community_centre, place_of_worship, place_of_worship, place_of_worship, place_of_worship, social_facility","Missionary Crusade Church, Latinos Progresando Resource Center, Chicago Liberation Center, Our Lady of Tepeyac Parish, Holy Corinthians Baptist Church, Saint Roman Roman Catholic Church, Douglas Park Evangelical Covenant Church"
882664c8d9fffff,education,9,2,"school, school, driving_school, school, school, school, school, school, school","Our Lady of Tepeyac High School, Saint Marks School, Acapulco Driving School, Telpochcalli Elementary School, Saint Roman School, Carole Robertson Center for Learning, Saucedo Scholastic Academy, Hammond Elementary School, Saint Roman School"
882664c8d9fffff,entertainment,1,1,artwork,Saint Anthony
882664c8d9fffff,finance,4,3,"money_transfer, bureau_de_change, bank, bank","Western Union, New Fairfield Currency Exchange, Pan American Bank, U.S. Bank"
882664c8d9fffff,food_drink,5,3,"restaurant, cafe, fast_food, fast_food, fast_food","Fiesta Tapatia Restaurant, Bueno Days, Little Caesars, Subway, Church's Chicken"
882664c8d9fffff,grocery,1,1,bakery,La Central Bakery
882664c8d9fffff,health,2,2,"dentist, hospital","Sonrisa Family Dental, Saint Anthony Hospital"
882664c8d9fffff,shopping,3,3,"mobile_phone, variety_store, doityourself","Boost Mobile, Dollar General, A-Z Ace Hardware"
882664c8d9fffff,transport,3,1,"bicycle_rental, bicycle_rental, bicycle_rental","California Ave & 21st St, California Ave & 23rd Pl, Rockwell St & Cermak Rd"
882664c8dbfffff,civic_community,6,5,"place_of_worship, courthouse, prison, information, social_facility, social_facility","Assumption Roman Catholic Church, Cook County: George N. Leighton Criminal Courthouse, Cook County Boot Camp, Div 5/8 Visitors Processing Center"
882664c8dbfffff,education,1,1,school,
882664c8dbfffff,entertainment,1,1,events_venue,Plaza Garibaldi
882664c8dbfffff,food_drink,1,1,fast_food,Popeyes
882664c8dbfffff,transport,1,1,bicycle_rental,California Ave & 26th St
882664c8ddfffff,civic_community,11,2,"place_of_worship, place_of_worship, place_of_worship, place_of_worship, place_of_worship, place_of_worship, place_of_worship, place_of_worship, police, place_of_worship, place_of_worship","First Peaceful Missionary Baptist Church, Shining Star Missionary Baptist Church, Holy Star Light Missionary Baptist Church, Community Missionary Baptist Church, Douglas Park Baptist Church, Westlawn Gospel Chapel, The Young Church, Saint Peter All Nation Pentecostal Church of God, Chicago Police Department 10th District Station, All Nations Missionary Baptist Church, Revelation Missionary Baptist Church"
882664c8ddfffff,education,4,1,"school, school, school, school","Farragut Career Academy, Kanoon Magnet School, Crown Community Academy, Legacy Charter School"
882664c8ddfffff,entertainment,2,2,"attraction, arts_centre","Gallager, Chicago Urban Art Retreat Center"
882664c8ddfffff,food_drink,1,1,fast_food,Dunkin'
882664c8ddfffff,grocery,2,2,"bakery, convenience","Cuernavaca Bakery, Mobil Mart"
882664c8ddfffff,transport,2,2,"bicycle_rental, fuel","Kedzie Ave & 21st St, Exxon"
882664c8ebfffff,civic_community,1,1,place_of_worship,Greater Mt. Calvary M.B.Church
882664c959fffff,finance,1,1,bank,Fifth Third Bank
882664c959fffff,food_drink,1,1,restaurant,Jet's Pizza
882664c959fffff,health,3,3,"pharmacy, doctors, clinic","CVS Pharmacy, Midwest Orthopaedics at Rush, Rush North & Harlem"
882664c959fffff,services,1,1,funeral_directors,Salerno’s Galewood Chapel
882664c959fffff,shopping,2,2,"paint, chemist","Sherwin-Williams, CVS Pharmacy"
882664c959fffff,transport,1,1,bicycle_rental,Bloomingdale Ave & Harlem Ave
882664ca01fffff,automotive,1,1,car_wash,Shell
882664ca01fffff,civic_community,2,2,"social_facility, place_of_worship","Northwest (Copernicus) Regional Senior Center, Saint Wenceslaus Roman Catholic Church"
882664ca01fffff,education,3,1,"school, school, school","Reilly Elementary School, Lorca Elementary School, ASPIRA Business & Finance High School"
882664ca01fffff,entertainment,1,1,arts_centre,Puerto Rican Arts Alliance
882664ca01fffff,finance,4,2,"atm, atm, bank, bank","PNC Bank, PNC Bank, Fifth Third Bank, PNC Bank"
882664ca01fffff,food_drink,13,5,"restaurant, fast_food, restaurant, deli, deli, restaurant, cafe, restaurant, cafe, ice_cream, fast_food, fast_food, fast_food","Staropolska Restaurant, Taqueria Mazamitla, El Gallo Bravo #2, Kurowski Sausage Shop, Endy's Delicatessen, La Nonna, Sipping Turtle Cafe, Warlord, Magnifico Coffee, Baskin-Robbins, Burger King, Dunkin', Taco Bell"
882664ca01fffff,grocery,8,5,"convenience, alcohol, greengrocer, bakery, bakery, convenience, supermarket, convenience","7-Eleven, Danny's Liquors, Midtown Produce, Azucar Delights, Kurowski’s Sausage Shop, Shell, Los Potrillos Food Market, Corner Market"
882664ca01fffff,health,1,1,pharmacy,Walgreens
882664ca01fffff,nightlife,7,2,"bar, pub, bar, bar, bar, bar, bar","Late Bar, Edelweiss Tavern, Sleeping Village, Alice’s Lounge, Avondale Tap, Bristol Lounge, Regina & Joe Tap"
882664ca01fffff,services,2,2,"hairdresser, laundry","Brothers Hair Salon, J&M Coin Laundromat"
882664ca01fffff,shopping,2,2,"jewelry, chemist","Fervale Jewelry Inc., Walgreens"
882664ca01fffff,transport,3,2,"bicycle_rental, bicycle_rental, fuel","Avers Ave & Belmont Ave, Central Park Ave & Elbridge Ave, Shell"
882664ca03fffff,civic_community,7,2,"place_of_worship, community_centre, place_of_worship, place_of_worship, place_of_worship, place_of_worship, place_of_worship","Local Evangelico Avondale, Chicago Democratic Socialists of America, Logan Square Zendo, Church of the Spirit, Full Gosepl First Church, Grace United Methodist Church of Logan Square, Saint Hyacinth Roman Catholic Church"
882664ca03fffff,education,3,2,"childcare, school, school","Stepping Stones, Logan Square Elementary School, St. Hyacinth Catholic School"
882664ca03fffff,entertainment,7,4,"cinema, arts_centre, arts_centre, gallery, artwork, artwork, arts_centre","Logan Theater, Hairpin Arts Center, Elastic Arts Foundation, All Star Press, Pope John Paul II, Aloft Circus Arts"
882664ca03fffff,finance,2,1,"bank, bank","U.S. Bank, Bank of America"
882664ca03fffff,food_drink,26,4,"restaurant, cafe, restaurant, restaurant, restaurant, restaurant, restaurant, restaurant, fast_food, ice_cream, restaurant, restaurant, restaurant, cafe, restaurant, fast_food, restaurant, cafe, cafe, restaurant, restaurant, fast_food, ice_cream, restaurant, fast_food, restaurant","Choi's Chinese, Intelligentsia, Tacos Tequilas, The Spice, Giordano's Pizzeria, Friendship Chinese, Van Phat, Spicy Taco, Little Clown Pizza, Delicias, Chiya Chai, RYUU Asian BBQ & Sushi, SABA Italian Bar + Kitchen, Kerelys Cuban Cafe & Pizzeria, Mucho Gusto Barra + Cocina, Dunkin', La Celia Latin Kitchen, The Brewed Coffee, Loaf Lounge, Don Bucio’s Taqueria, Gorilla Sushi, Red Star Subs, Baskin-Robbins, Puebla Restaurant, McDonald's, Taqueria El Ranchito"
882664ca03fffff,grocery,10,6,"bakery, convenience, butcher, greengrocer, greengrocer, convenience, supermarket, bakery, bakery, wine","Cafe Con Leche, Red Star Liquor, Carniceria La Mejor, Milwaukee Fresh Market, FoodSmart Urban Market, Supermercado Picino, The Dill Pickle Food Co-op, Moonlight Vulture, Wake N Bakery, Deep Red Wine Merchant"
882664ca03fffff,health,7,3,"dentist, clinic, optician, optician, dentist, clinic, clinic","Big Smile Dental, Kimball Medical Center, Pearle Vision, Tropical Optical, Modern Dental Logan Square, Logan Square Family Health Center, DaVita Dialysis"
882664ca03fffff,leisure_sports,2,2,"games, video_games","Prism Games, Midlane Esports Gaming Lounge & Bar"
882664ca03fffff,nightlife,8,2,"bar, bar, bar, pub, bar, bar, bar, bar","The Harding Tavern, Central Park Bar, Podlasie Club, Bialystok Pub, The Walk In Chicago, Hopewell Brewing Company, Mother's Ruin, Consignment Lounge"
882664ca03fffff,services,8,4,"laundry, laundry, funeral_directors, beauty, beauty, beauty, beauty, hairdresser","Spin Cycle, Superwash Coin Laundry, Diversey Funeral Home, Penny Lane, Look's Nails, Savvy Coif, Beauty & Soul, The Gilded Lily"
882664ca03fffff,shopping,14,11,"florist, clothes, clothes, jewelry, shoes, pet, jewelry, shoes, bicycle, music, second_hand, books, variety_store, freeshop","Fleur, Gap Factory, Shop 1021, Aurelio's Diamante Jewelers, Foot Locker, Your Pet's Wellness, Joyeria Moreira's, Camp/Us, Boulevard Bikes, Bric-a-Brac Records, Vintage Frills, Skunk Cabbage Books, Family Dollar, Books4Cause"
882664ca03fffff,transport,1,1,charging_station,
882664ca05fffff,automotive,1,1,car_repair,Casa Caidas
882664ca05fffff,civic_community,3,2,"social_facility, place_of_worship, social_facility","St. Joseph Village of Chicago, All Saints Antiochian Orthodox Church, St. Joseph Village of Chicago"
882664ca05fffff,education,3,2,"university, school, school","DeVry University, Scammon Elementary School, ASPIRA Early College High School"
882664ca05fffff,entertainment,2,2,"gallery, events_venue","Night Club, Avondale Music Hall"
882664ca05fffff,food_drink,8,3,"restaurant, fast_food, fast_food, restaurant, cafe, restaurant, fast_food, fast_food","La Oaxaqueña, Wingstop, Outdoor Grill, Big Bear Sushi & Thai, City Cafe, Taqueria La Oaxaquena Restaurant, McDonald's, Wendy's"
882664ca05fffff,grocery,5,4,"alcohol, convenience, supermarket, bakery, convenience","Valumost Liquors, BP Shop, Windy City Produce, La Baguette Mexican Bakery, Citgo"
882664ca05fffff,health,3,2,"pharmacy, pharmacy, medical_supply","CVS Pharmacy, CVS Pharmacy, Advanced Medical Supply"
882664ca05fffff,nightlife,3,1,"bar, bar, bar","Milano Cafe & Bar, Live Wire Lounge, Belford Tavern"
882664ca05fffff,services,2,1,"laundry, laundry","Soap Box Laundry, Speed Queen"
882664ca05fffff,shopping,5,5,"bicycle, mobile_phone, doors, variety_store, chemist","Kozy's Cyclery, Total by Verizon, A-Reliable Glass & Door Corp., Dollar Tree, Walgreens"
882664ca05fffff,transport,2,1,"fuel, fuel","Citgo, BP"
882664ca07fffff,automotive,1,1,car_parts,AutoZone
882664ca07fffff,civic_community,1,1,fire_station,Chicago Fire Department Engine Company 91
882664ca07fffff,entertainment,9,1,"studio, studio, studio, studio, studio, studio, studio, studio, studio","The Fields Studios, 8, 7, 6, 9, 5, 4, 3, 2"
882664ca07fffff,finance,1,1,bank,Chase
882664ca07fffff,food_drink,5,3,"restaurant, coffee, fast_food, coffee, restaurant","El Guanaco, Brew Brew Coffee Lounge, Subway, Cafe Fenix, Golden Nugget Pancake House"
882664ca07fffff,grocery,5,3,"supermarket, supermarket, alcohol, supermarket, convenience","Cermak Fresh Market, Adrian's Foods Market, Binny's Beverage Depot, 7-Eleven"
882664ca07fffff,nightlife,1,1,bar,Ski's Lounge
882664ca07fffff,services,3,1,"storage_rental, storage_rental, storage_rental","CubeSmart, Public Storage, Extra Space Storage"
882664ca07fffff,shopping,2,2,"department_store, pet","Ross, Petco"
882664ca07fffff,transport,1,1,bicycle_rental,Kosciuszko Park
882664ca09fffff,automotive,4,3,"car_parts, car, car_repair, car_repair","O'Reilly Auto Parts, Jiffy Lube, Firestone"
882664ca09fffff,education,1,1,university,Northeastern Illinois University - El Centro Campus
882664ca09fffff,entertainment,1,1,theatre,Prop Thtr
882664ca09fffff,finance,3,3,"bureau_de_change, money_transfer, bank","Kedzie Elston Currency Exchange, Western Union, Chase"
882664ca09fffff,food_drink,15,3,"fast_food, restaurant, restaurant, restaurant, restaurant, ice_cream, fast_food, restaurant, fast_food, fast_food, fast_food, restaurant, fast_food, restaurant, fast_food","Chipotle, Parachute, Little Bucharest Bistro, Munchies Gyros & Pizza, Burrito House, Baskin-Robbins, Jimmy John's, CheSa's Bistro & Bar Chicago, Little Caesars, White Castle, Dunkin', Little Bucharest Bistro, Chick-fil-A, Olive Garden, Portillo's"
882664ca09fffff,grocery,6,3,"bakery, convenience, convenience, supermarket, supermarket, convenience","Yo Yo Food Mfg, BP Shop, Marathon, Joong Boo Market, Jewel-Osco, Shell"
882664ca09fffff,services,4,3,"laundry, hairdresser, storage_rental, storage_rental","Spin It Up Laundry, Great Clips, The Lock Up, CubeSmart"
882664ca09fffff,shopping,9,9,"paint, trade, cannabis, flooring, variety_store, doityourself, pet, second_hand, garden_centre","Benjamin Moore, Ferguson, Bloc - Avondale, Floor & Decor, Family Dollar, The Home Depot, Pet Supplies Plus, Unique Thrift Store"
882664ca09fffff,transport,5,2,"bicycle_rental, bicycle_rental, fuel, fuel, fuel","Drake Ave & Addison St, Troy St & Elston Ave, BP, Marathon, Shell"
882664ca0bfffff,automotive,2,2,"car_repair, car_wash","Gerber Collision & Glass, Shell"
882664ca0bfffff,civic_community,2,2,"social_centre, place_of_worship","Logan Avondale VFW Post, Saint Nicholai United Church of Christ"
882664ca0bfffff,education,4,2,"childcare, school, school, school","Millie’s House, Linne Elementary School, Saint Veronica School, Avondale-Logandale Elementary School"
882664ca0bfffff,finance,1,1,bank,Bank of America
882664ca0bfffff,food_drink,11,4,"restaurant, restaurant, fast_food, restaurant, ice_cream, fast_food, fast_food, fast_food, restaurant, deli, fast_food","EaThai, Eat First, Subway, My Pollo, Paleteria Arco Iris, Dunkin', Dunkin', Charleys Philly Steaks, Milli By Metric, TriBecca's Sandwich Shop, Mic Duck's"
882664ca0bfffff,grocery,5,4,"supermarket, bakery, convenience, greengrocer, convenience","Aldi, Carniceria Ruiz, BP Shop, Carniceria Ruiz, Shell"
882664ca0bfffff,health,1,1,dentist,Orthodontic Experts
882664ca0bfffff,nightlife,4,1,"bar, bar, bar, bar","Small Bar, Revolution Brewing - Kedzie Brewery, Reed's Local, Belmont Tavern"
882664ca0bfffff,services,5,5,"hairdresser, beauty, laundry, pet_grooming, rental","Sam’s Cuts, Polished, Spin Xpress Laundry, Barksville Dog Daycare and Boarding, U-Haul"
882664ca0bfffff,shopping,4,4,"variety_store, department_store, clothes, hardware","Five Below, TJ Maxx, Discovery Clothing Company, Henry Frerk Sons Inc."
882664ca0bfffff,transport,6,3,"bicycle_rental, bicycle_rental, fuel, fuel, bus_station, fuel","Kimball Ave & Belmont Ave, Albany Ave & Belmont Ave, BP, Shell, Belmont Transit Station, Shell"
882664ca0dfffff,automotive,2,1,"car_repair, car_repair",
882664ca0dfffff,education,1,1,school,Saint Wenceslaus School
882664ca0dfffff,food_drink,6,2,"fast_food, fast_food, restaurant, restaurant, restaurant, restaurant","Subway, Los 2 Primos, Manee Thai, Brasa Roja, La Villa Restaurant, La Humita"
882664ca0dfffff,grocery,3,2,"convenience, bakery, convenience","7-Eleven, Hellas Fillas, Shell"
882664ca0dfffff,nightlife,4,1,"bar, bar, bar, bar","Brudders Bar and Grill, Hangovers Sports Bar and Liquor Store, Teddy Bear Lounge, PL Lounge"
882664ca0dfffff,transport,1,1,fuel,Shell
882664ca11fffff,automotive,3,2,"car_repair, car_wash, car_repair","Logan Square Auto Repair, Midas"
882664ca11fffff,civic_community,6,3,"fire_station, place_of_worship, place_of_worship, police, place_of_worship, place_of_worship","Chicago Fire Department Engine Company 43, Humboldt Park United Methodist Church, Saint Sylvester's Church, Chicago Police Department 14th District, Eleventh Church of Christ, Scientist, Celestial Vision"
882664ca11fffff,education,2,1,"school, school","St. Sylvester's School & Hall, Goethe Elementary School"
882664ca11fffff,entertainment,1,1,artwork,Greetings from Chicago Mural
882664ca11fffff,finance,5,2,"bank, pawnbroker, bank, bank, bank","Citibank, Cash America Pawn, Chase, Liberty Bank, Wintrust"
882664ca11fffff,food_drink,36,5,"fast_food, fast_food, cafe, ice_cream, restaurant, cafe, cafe, restaurant, restaurant, restaurant, fast_food, fast_food, cafe, fast_food, fast_food, restaurant, restaurant, restaurant, restaurant, coffee, restaurant, restaurant, restaurant, cafe, ice_cream, fast_food, fast_food, restaurant, restaurant, restaurant, ice_cream, restaurant, restaurant, fast_food, restaurant, restaurant","Rosati's, Subway, Gaslight Coffee Roasters, Miko's Italian Ice, Taqueria Moran, Cafe Mustache, Bang Bang Pie Shop, Sultan's Market, El Ñandú, Deborincuba Restaurant, Philly's Best, Little Mel's, DAS, Papa Ray's Pizza & Wings, Dunkin', Serai, Lonesome Rose, Pizza Lobo, The Whale, Bang Bang Pie & Biscuits, Paulie Gee's, La Victoria, Daisies, La Colombe Coffee Roasters, Pretty Cool Ice Cream, Dunkin', Taco Bell Cantina, Sushi Taku, Akahoshi Ramen, Namaste Chicago, Baskin-Robbins, Three Wheels, Taqueria Los Comales #11, Wendy's, Dimo's Pizza, Cozy Corner Diner"
882664ca11fffff,grocery,13,4,"alcohol, convenience, convenience, convenience, convenience, beverages, convenience, cheese, convenience, convenience, convenience, convenience, convenience","Vas Foremost Liquors, 7-Eleven, Tropicuba, California Foodmart, Supermercade Barrera, Owen + Alchemy, El Condor, Beautiful Rind, Exotic Snack Guys, South Loop Market, Shell, Amoco, BP Shop"
882664ca11fffff,health,3,3,"dentist, doctors, clinic","Brite Dental, Innovative Primary Care, California-Fullerton Medical Center"
882664ca11fffff,nightlife,22,2,"bar, bar, pub, bar, bar, pub, bar, bar, bar, bar, bar, bar, bar, bar, bar, bar, bar, bar, bar, bar, bar, bar","Logan 11 Bar & Kitchen, Cole's Bar, The StopAlong, The Whistler, Township, Innjoy, Easy Does It, The Heavy Feather, Black Lion, Estereo, Spilt Milk, Deadbolt Bar, Navigator Taproom, Golden Teardrops, Bob Inn, Emporium - Logan Square, Slippery Slope, The Native, Welcome Back Lounge, La Licor Panamericana, Chicago Distilling Company, Emporium Logan Square"
882664ca11fffff,services,15,8,"hairdresser, dry_cleaning, hairdresser, beauty, hairdresser, dry_cleaning, tattoo, tattoo, laundry, hairdresser, dry_cleaning, pet_grooming, post_office, storage_rental, hairdresser","Hairitics... Dye For Your Beliefs, Mandy's Cleaners, Marin Hair, Logan Square Nail Salon, Yohel's Barber Shop, Smart Cleaners, Logan Square Tattoo, Fundamental Body Piercing Company, Bubbleland, Logan Square Barbershop, New Star Cleaners, Squeaky Bea's, Roberto Clemente Post Office, Hollander Storage, Joe's Barber Shop"
882664ca11fffff,shopping,20,16,"clothes, second_hand, clothes, shoes, clothes, tobacco, cannabis, paint, department_store, gift, pet, doityourself, paint, toys, musical_instrument, art, esoteric, bicycle, variety_store, clothes","Mia Mora, Three Stars Resale Shop, Moooh Dulce, Air Gordons, Felt, Vaperite Smoke Shop, MOCA (Modern Cannabis), Sherwin-Williams, Target, Steel Petal Press, Jules Pet Shop, Ace Hardware, Benjamin Moore, Nakama Toys, Evolution Music, Galerie Fledermaus, De Duallé, Oscar Wastyn Cycles, Dollar Tree, Dos de Oro"
882664ca11fffff,transport,8,2,"bicycle_rental, bicycle_rental, bicycle_rental, bicycle_rental, fuel, fuel, fuel, bicycle_rental","California Ave & Milwaukee Ave, Milwaukee Ave & Rockwell St, California Ave & Altgeld St, Milwaukee Ave & Fullerton Ave, Amoco, Shell, BP"
882664ca13fffff,automotive,1,1,tyres,
882664ca13fffff,civic_community,14,2,"place_of_worship, place_of_worship, place_of_worship, information, information, information, information, information, information, information, information, place_of_worship, place_of_worship, place_of_worship","Fairfield Avenue Baptist Church, Our Lady of Algona Catholic Church, Samaria Evangelical Church, Corinth Baptist Church, Iglesia Azianza Christiana y Misionera Hispana, Liberal Catholic Church of Saint Francis"
882664ca13fffff,education,4,3,"childcare, kindergarten, school, school","Cortland Preschool, Chase Elementary School, Moos Elementary School"
882664ca13fffff,entertainment,3,2,"theatre, theatre, events_venue","The Lincoln Lodge, Concord Music Hall, The Joinery"
882664ca13fffff,finance,1,1,bank,PNC Bank
882664ca13fffff,food_drink,27,4,"restaurant, fast_food, restaurant, restaurant, restaurant, fast_food, restaurant, restaurant, restaurant, restaurant, cafe, cafe, restaurant, restaurant, cafe, ice_cream, cafe, restaurant, cafe, cafe, restaurant, restaurant, restaurant, ice_cream, restaurant, fast_food, fast_food","Belly Shack, Subway, Dos Urban Cantina, Osteria Langhe, El Nuevo Borinquen, Papa John's, China Fast Wok, SFR, Ugo's, Yacht 57, Caffè Umbria, Dark Matter Coffee - Electric Mud Coffee Bar, Ramen Wasabi, Table, Donkey and Stick, Katherine Anne Confections, Margie’s Candies, Snakes & Lattes, Sweet Rice Thai Street Food, Stay Café, ARWA Yemeni Cafe, Palilgu, Kyōten, Kyōten Next Door, Ava's Italian Ice, Wolf & Company, Turbo Tacos, Redhot Ranch"
882664ca13fffff,grocery,7,2,"convenience, alcohol, convenience, alcohol, convenience, convenience, convenience","Milwaukee Dollar Plus, Bucktown Food & Liquor, 7-Eleven, Los Artistas, BP Shop, El Yunque, Tamazula Grocery"
882664ca13fffff,health,3,2,"dentist, dentist, pharmacy","Advantage Dental, Apple Dental Care, Walgreens"
882664ca13fffff,leisure_sports,1,1,dojo,Vianna Brothers Brazilian Jiu Jitsu
882664ca13fffff,nightlife,4,2,"bar, pub, bar, bar","Green Eye Lounge, Pilot Project Brewing, Life on Marz Community Cafe, Bad Habit"
882664ca13fffff,services,3,3,"post_office, hairdresser, storage_rental","The UPS Store, Little Broken Things, The Lock Up"
882664ca13fffff,shopping,6,6,"jewelry, books, gift, mobile_phone, bicycle, second_hand","Fausto’s Jewelry, Open Books, Logan Arch, Cricket Wireless, The Bike Lane, Village Discount Outlet"
882664ca13fffff,transport,3,2,"bicycle_rental, bicycle_rental, fuel","Stave St & Armitage Ave, California Ave & Francis Pl, BP"
882664ca15fffff,automotive,2,2,"car_wash, car_repair","Windy City Hand Car Wash, Fasttrack Auto Center"
882664ca15fffff,civic_community,11,3,"place_of_worship, place_of_worship, information, place_of_worship, place_of_worship, place_of_worship, place_of_worship, place_of_worship, place_of_worship, place_of_worship, social_facility","Old Holy Resurrection Serbian Orthodox Church, Kimball Avenue Evangelical Congregational Church, Palmer Sqaure, Adidam Midwest Center, First Lutheran Church of Logan Square, Temple of Kriya Yoga, Armitage Baptist Church, The Church of Jesus Christ of Latter-day Saints, Saints Peter and Paul Romanian Greek-Catholic Church, Iglesia Adventista Logan Square, Christopher House - Logan Square Family Resource Center"
882664ca15fffff,education,4,3,"childcare, childcare, school, library","Kangaroo Korner Learning Center, A-Karrasel Child Care Center, Darwin Elementary School, Logan Square Branch Library"
882664ca15fffff,entertainment,4,3,"theatre, artwork, artwork, arts_centre","Logan Square Auditorium, Helping Hand, Charnel House"
882664ca15fffff,finance,1,1,pawnbroker,Chicago Superpawn
882664ca15fffff,food_drink,19,4,"cafe, restaurant, restaurant, restaurant, restaurant, restaurant, restaurant, restaurant, restaurant, coffee, cafe, restaurant, cafe, restaurant, cafe, restaurant, ice_cream, restaurant, restaurant","Cafe Bella, Lula Cafe, Dena Kitchen, El Rinconcito Cubano, Jibaritos y Mas, Monster Ramen, Cafeteria Marcela's, Park & Field, Punta Cana Restaurant, Cafeteria Marcelas, Caribella, Casa Yari, Sip of Hope, Penumbra Restaurant & Wine Bar, MeLatte Coffee Shop, Raiz Kitchen & Sushi, Logan Vegan, Festa Pizzeria, El Habanero"
882664ca15fffff,grocery,4,2,"alcohol, alcohol, alcohol, convenience","Moneil Food & Liquors, Vishu Food & Liquor, Super Mercado Brisa Foods"
882664ca15fffff,health,4,2,"clinic, clinic, clinic, pharmacy","Fullerton-Kimball Medical Surgical Center, Logan Square Medical & Aesthetic Center, Advocate Medical Group, Walgreens"
882664ca15fffff,leisure_sports,2,2,"dojo, sports","Ultimate Kicks Tae Kwon Do, Viking Ski & Snowboard Shop"
882664ca15fffff,nightlife,4,1,"bar, bar, bar, bar","The Burlington, Acapulco Night Club, Whirlaway Lounge, Cara Cara Club"
882664ca15fffff,services,3,2,"beauty, beauty, laundry","Chez Francis Salon, Scrub-A-Dub"
882664ca15fffff,shopping,6,6,"clothes, musical_instrument, art, second_hand, books, chemist","Rocky + Luella, Shake Shop, Beauty & Brawn Art Gallery & Think Space, Logan Square Resale Shop, City Lit Books, Walgreens"
882664ca15fffff,transport,3,2,"bicycle_rental, car_rental, car_rental","Kedzie Ave & Palmer Ct, Avis, Budget"
882664ca17fffff,civic_community,7,3,"social_facility, information, information, information, information, place_of_worship, social_facility","WIC Food Center, Saint Paraskeva Petka Church, New Moms"
882664ca17fffff,education,2,1,"school, school","Saint Sylvester School, Yates Elementary School"
882664ca17fffff,entertainment,2,2,"viewpoint, artwork",Graffiti Garden
882664ca17fffff,finance,1,1,pawnbroker,
882664ca17fffff,food_drink,19,3,"restaurant, restaurant, restaurant, restaurant, restaurant, fast_food, restaurant, restaurant, restaurant, restaurant, restaurant, restaurant, restaurant, fast_food, cafe, fast_food, fast_food, restaurant, restaurant","Soul del Sur, Scofflaw, Sink|Swim, La Bomba, Dante's Pizzeria, Garden Grill, Cheng Chopsticks, Giant, Super Jalapeno Grill, El Heredero, The Spice Room, Taqueria El Heredero, The Moonlighter, Taco Nazo Express, Logan Collective, Subway, Wingstop, Logan Eats, Parson's Chicken & Fish"
882664ca17fffff,grocery,1,1,supermarket,FoodSmart
882664ca17fffff,health,2,2,"pharmacy, doctors","Walgreens, Presence Medical Group"
882664ca17fffff,nightlife,7,2,"bar, pub, bar, bar, pub, bar, bar","Best Intentions, Red Lion Grill, The Moonlighter, Go Tavern and Liquors, Middle Brow Bungalow, Still Life by Solemn Oath, Babe's Sports Bar"
882664ca17fffff,services,2,2,"post_office, dry_cleaning",All Pro Cleaners
882664ca17fffff,shopping,5,5,"bicycle, clothes, fashion_accessories, cannabis, camera","Vern and Sonny’s, Tusk, Busy Beaver Button Co., Ivy Hall Dispensary - Logan Square, Dodd Camera"
882664ca17fffff,transport,3,1,"bicycle_rental, bicycle_rental, bicycle_rental","Humboldt Blvd & Armitage Ave, Armitage Ave & Spaulding Ave, Albany Ave & Bloomingdale Ave"
882664ca19fffff,automotive,2,2,"car, car_repair","Drive Away Motors, Valvoline"
882664ca19fffff,civic_community,4,1,"place_of_worship, place_of_worship, place_of_worship, place_of_worship","Saint Andrew Romanian Orthodox Church, St. Paul Coptic Orthodox Church, Saint John Berchmans Parish, Bethel International Full Gospel Church"
882664ca19fffff,education,3,2,"childcare, school, school","Rainforest Pre-School & Infant Center, Brentano Elementary Math and Science Academy, St. John Berchmans School"
882664ca19fffff,entertainment,1,1,cinema,Regal City North Stadium 14 IMAX & RPX
882664ca19fffff,food_drink,15,4,"fast_food, restaurant, restaurant, restaurant, fast_food, ice_cream, fast_food, restaurant, cafe, fast_food, restaurant, fast_food, fast_food, restaurant, restaurant","Al's Beef, Ravinia Brewing Co. - Chicago Taproom, Lee's Chop Suey, Boulevard Bistro, Chipotle, Forever Yogurt, Potbelly, Arbor, Cherubs, Dunkin', Fat Willy’s Rib Shack, Burger King, Jim's Original, Golden Nugget, Il Girasole Trattoria"
882664ca19fffff,grocery,2,2,"alcohol, convenience","R&S Food & Liquors, Mobil Mart"
882664ca19fffff,health,1,1,optician,Aardvark Eyewear
882664ca19fffff,leisure_sports,1,1,dojo,Hapkido and Karate School
882664ca19fffff,nightlife,1,1,bar,Maplewood Brewery & Distillery
882664ca19fffff,services,3,3,"hairdresser, locksmith, beauty","Pete's Barber Shop, Chicago Locksmiths, European Wax Center"
882664ca19fffff,shopping,6,5,"shoes, mobile_phone, houseware, nutrition_supplements, mobile_phone, music","Skechers, T-Mobile, HomeGoods, The Vitamin Shoppe, Verizon, Logan Hardware"
882664ca19fffff,transport,9,3,"bicycle_rental, charging_station, charging_station, charging_station, charging_station, charging_station, charging_station, charging_station, fuel","Elston Ave & George St, Tesla Destination Charger, Tesla Destination Charger, Tesla Destination Charger, Tesla Destination Charger, Tesla Destination Charger, ChargePoint, ChargePoint, Mobil"
882664ca1bfffff,civic_community,3,1,"place_of_worship, place_of_worship, place_of_worship","Antioch Church of God Mountain Assembly, Immanuel Lutheran Church, Saint Hedwig Roman Catholic Church"
882664ca1bfffff,education,2,1,"school, school","CICS Bucktown, Pulaski International School"
882664ca1bfffff,finance,2,1,"bank, bank","PNC Bank, PNC Bank"
882664ca1bfffff,food_drink,20,3,"restaurant, restaurant, cafe, fast_food, restaurant, restaurant, restaurant, fast_food, restaurant, restaurant, restaurant, restaurant, restaurant, cafe, fast_food, restaurant, restaurant, restaurant, fast_food, fast_food","Wonder Chop Sushi & Chinese, Fullerton Restaurant, Ipsento, Las Asadas, Quesadilla la Reina del Sur, Birrieria Estilo Jalisco, Estrella Negra, Nashville Hot Chicken, Sakura, Sazon Cubano, Chef's Special, Manchamanteles, Fry Like An Eagle, Allez Café, Onions & Cilantro, Arturo's Tacos, Los Fuentes, The Art of Chicken, Domino's, Subway"
882664ca1bfffff,grocery,8,4,"alcohol, alcohol, bakery, bakery, convenience, supermarket, convenience, convenience","Bucktown Food & Liquor, Danny's Liquors, Brasil Legal Cafe, GBD Cakes and Sweets, Family Food & Beer, Agora Market, BP Shop"
882664ca1bfffff,health,2,2,"clinic, dentist","Weissbluth Pediatrics, NK Family Dental"
882664ca1bfffff,leisure_sports,1,1,scuba_diving,Learn Scuba Chicago
882664ca1bfffff,lodging,1,1,guest_house,Ray's Bucktown Bed & Breakfast
882664ca1bfffff,nightlife,6,2,"bar, bar, bar, bar, bar, pub","The Gallery Cabaret, Tap Room, The Corner Bar, O’s Tap, Logan Arcade, The Leavitt Street Inn & Tavern"
882664ca1bfffff,services,7,4,"animal_boarding, dry_cleaning, hairdresser, hairdresser, laundry, dry_cleaning, hairdresser","Zen Dogs Chicago Logan Square, Mister ""G"" Cleaners, Who's Next, Definition Barbershop, Mighty Clean Coin Laundry, Chee Cleaners, Lucy's Hair Salon"
882664ca1bfffff,shopping,6,6,"houseware, florist, esoteric, hardware, appliance, tiles","Eskell, Olivoflowers Boutique, Sideshow Gallery, WISCO Welding Industrial Supply, Grand Appliance, Tile Outlet"
882664ca1bfffff,transport,3,2,"bicycle_rental, fuel, fuel","Campbell Ave & Fullerton Ave, Old Style Gas Station, BP"
882664ca1dfffff,automotive,1,1,car_parts,Julio's Auto Parts
882664ca1dfffff,civic_community,4,2,"information, place_of_worship, place_of_worship, place_of_worship","Logan Square, Norwegian Lutheran Memorial Church, New Community Covenant Church, Iglesia Central Hispana de los Adventistas del Septimo Dia"
882664ca1dfffff,education,3,1,"childcare, childcare, childcare","Diversey Day Care, La Escualita Daycare, Little Bird Prep"
882664ca1dfffff,entertainment,2,2,"theatre, attraction","Logan Square Improv, Illinois Centennial Monument"
882664ca1dfffff,food_drink,38,4,"restaurant, cafe, cafe, restaurant, restaurant, restaurant, restaurant, cafe, restaurant, fast_food, fast_food, cafe, restaurant, restaurant, restaurant, cafe, restaurant, cafe, restaurant, restaurant, restaurant, restaurant, restaurant, restaurant, restaurant, restaurant, restaurant, restaurant, restaurant, ice_cream, restaurant, fast_food, restaurant, restaurant, fast_food, restaurant, fast_food, restaurant","El Cid #2, New Wave Coffee, Starbucks, Masa Azul, Yusho, Reno, Azucar, Flipside Cafe, La Lunita, Banh Mi Spot, Subway, Cellar Door Provisions, Restaurant Ecuador, NoodleBird, Bixi Beer, Four Letter Word, Taste of Havana, Café Tola, Cellar Door Provisions, Daisies, Same Day Cafe, The Crab Pad, JAM, La Boulangerie, Longman & Eagle, The Duplex, Mi Tocaya Antojería, Superkhana International, Andros Taverna, Jeni's Splendid Ice Creams, Federales, Big Wig, Souk, Common Decency, Sweetgreen, KFire, Popeyes, IHOP"
882664ca1dfffff,grocery,7,4,"alcohol, convenience, convenience, bakery, alcohol, convenience, farm","Logan Liquors, J.J. Pepper's, Diversey Market, Guatelinda Bakery, Your Happy Places, Marathon, Logan Square Farmer's Market"
882664ca1dfffff,health,4,3,"veterinary, dentist, pharmacy, veterinary","Logan Square Animal Hospital, 1st Dental, Walgreens, Sploot Veterinary Care - Logan Square"
882664ca1dfffff,nightlife,6,1,"bar, bar, bar, bar, bar, bar","Roundhouse, Webster's Wine Bar, Billy Sunday, The Owl, Off Site Bar, Quality Time"
882664ca1dfffff,services,11,6,"hairdresser, hairdresser, hairdresser, hairdresser, dry_cleaning, laundry, beauty, beauty, tattoo, repair, laundry","Sparrow, The Bird's Nest, Barbara & Barbara, Art + Science, Windy City Wash House, Spa DaBin, Asia Nails, Next Level Tattoo, Ubreakifix, Laundryland"
882664ca1dfffff,shopping,21,15,"music, jewelry, clothes, books, toys, clothes, pet, second_hand, mobile_phone, tobacco, tobacco, books, bicycle, cannabis, gift, clothes, mobile_phone, music, antiques, art, chemist","Disco City #8, Torres-Omar Jewelry, Mevyn, Dark Tower Comics, Play, Wolfbait & B-Girls, Logan Square PetShoppe, My Grandma's Attic, TCS Wireless, Roots, Smoke Station, Uncharted Books, Four Star Family Cyclery, Grasshopper Club, Pixie and the Boy, phayes, Verizon, Signal Records, Covet Oddities and Macabre Gallery, Comfort Station, Walgreens"
882664ca1dfffff,transport,5,3,"bicycle_rental, bicycle_rental, fuel, bicycle_rental, bus_station","Richmond St & Diversey Ave, Kedzie Ave & George St, Kedzie Ave & Milwaukee Ave, Logan Square Bus Terminal"
882664ca21fffff,automotive,2,2,"car_parts, car_repair","O'Reilly Auto Parts, Jiffy Lube"
882664ca21fffff,civic_community,4,2,"place_of_worship, place_of_worship, fire_station, place_of_worship","Holy Communion Lutheran Church, Smyrna Korean Presbyterian Church, Chicago Fire Department Engine Company 7, Maplewood Bible Baptist Church"
882664ca21fffff,education,1,1,school,Falconer Elementary School
882664ca21fffff,food_drink,7,4,"restaurant, ice_cream, fast_food, ice_cream, fast_food, fast_food, cafe","Sol de Mexico, Baskin-Robbins, Little Caesars, Baskin-Robbins, Dunkin', Dunkin', Starbucks"
882664ca21fffff,grocery,5,2,"supermarket, convenience, convenience, supermarket, supermarket","Centro Fresh Market, Citgo, Shell, Morelia Supermarket, Walmart Supercenter"
882664ca21fffff,services,2,2,"laundry, storage_rental","WaveMAX Laundry, W.F. Halls Self Storage"
882664ca21fffff,shopping,5,3,"department_store, mobile_phone, mobile_phone, mobile_phone, clothes","Burlington, Metro by T-Mobile, Boost Mobile, Total by Verizon, Discovery Clothing Company"
882664ca21fffff,transport,2,1,"fuel, fuel","Citgo, Shell"
882664ca23fffff,automotive,4,2,"car, car, car, car_wash","Alpha Motors, Windy City Motors, Midtown Toyota, Sudz Express Car Wash"
882664ca23fffff,civic_community,2,2,"social_facility, place_of_worship","Senior Suites of Kelyvn Park, Saint Genevieves Roman Catholic Church"
882664ca23fffff,education,1,1,school,Saint Genevieve School
882664ca23fffff,finance,1,1,bank,Chase
882664ca23fffff,food_drink,7,2,"fast_food, ice_cream, fast_food, fast_food, fast_food, fast_food, fast_food","Subway, Baskin-Robbins, Subway, Domino's, Dunkin', KFC, McDonald's"
882664ca23fffff,grocery,2,2,"convenience, supermarket","BP Shop, Aldi"
882664ca23fffff,services,1,1,post_office,The UPS Store
882664ca23fffff,shopping,3,2,"variety_store, variety_store, mobile_phone","Family Dollar, Dollar Tree, Cricket Wireless"
882664ca23fffff,transport,3,2,"bicycle_rental, bicycle_rental, fuel","Kilpatrick Ave & Parker Ave, Cicero Ave & Wrightwood Ave, BP"
882664ca25fffff,automotive,1,1,car_wash,Koziol Car Wash
882664ca25fffff,civic_community,3,1,"place_of_worship, place_of_worship, place_of_worship","Ministerio Renacer, Iglesia Crstiana de la Familia, Northwest Community Church"
882664ca25fffff,food_drink,4,2,"fast_food, cafe, fast_food, fast_food","Taco Burrito King, Tutti Frutti Coffee Shop, Popeyes, Taco Bell"
882664ca25fffff,grocery,3,2,"bakery, bakery, supermarket","Carnicerias Jimenez, Laramie Bakery & Deli, Carniceria Jimenez"
882664ca25fffff,health,1,1,doctors,Chicago Skin Clinic
882664ca25fffff,shopping,1,1,hardware,Polski True Value Hardware
882664ca25fffff,transport,1,1,bicycle_rental,Long Ave & Belmont Ave
882664ca27fffff,automotive,1,1,car_parts,NAPA Auto Parts
882664ca27fffff,civic_community,4,2,"place_of_worship, place_of_worship, social_facility, place_of_worship","Jehovahs Witnesses Northwest Unit, Evangel Assembly of God Church, Northwest Center, Grace English Evangelical Lutheran Church"
882664ca27fffff,education,4,1,"school, school, school, school","Logan Day Care Center for Retarded Children, Tiny Tots Day Care Center, Grace School, Schubert Elementary School"
882664ca27fffff,finance,3,3,"money_transfer, bank, bureau_de_change","Western Union, Bank of America, Laramie Diversey Currency Exchange"
882664ca27fffff,food_drink,3,2,"cafe, cafe, restaurant","Señor Pan Café, Somethin’ Sweet Donuts, Pozoleria El Mexicano"
882664ca27fffff,health,1,1,pharmacy,Walgreens
882664ca27fffff,lodging,1,1,chalet,Casa Maggie
882664ca27fffff,shopping,1,1,musical_instrument,La Voz Hispana
882664ca27fffff,transport,2,1,"bicycle_rental, bicycle_rental","Lockwood Ave & Wrightwood Ave, Lavergne Ave & Diversey Ave"
882664ca29fffff,automotive,1,1,car_wash,Citgo
882664ca29fffff,civic_community,3,2,"social_facility, social_facility, place_of_worship","Belmont Village Senior Apartment, After School Matters, Midwest Bible Church"
882664ca29fffff,education,1,1,school,Intrinsic Charter School
882664ca29fffff,food_drink,3,1,"restaurant, restaurant, restaurant","Taqueria y Restaurant Poncitlan, Astoria, Breakfast House"
882664ca29fffff,grocery,2,2,"convenience, supermarket","Citgo, Tony's Fresh Market"
882664ca29fffff,health,1,1,pharmacy,Walgreens
882664ca29fffff,services,1,1,post_office,Irving Park Post Office
882664ca29fffff,transport,3,2,"bicycle_rental, bicycle_rental, fuel","Kilbourn Ave & Roscoe St, Kostner Ave & Belmont Ave, Citgo"
882664ca2bfffff,civic_community,2,1,"place_of_worship, place_of_worship","Maranatha - The House of God / La Casa de Dios, Saint Stephens Evangelical Lutheran Church"
882664ca2bfffff,education,1,1,school,Barry Elementary School
882664ca2bfffff,entertainment,1,1,studio,1
882664ca2bfffff,finance,1,1,money_transfer,Check Cashers
882664ca2bfffff,food_drink,6,3,"restaurant, restaurant, fast_food, ice_cream, restaurant, fast_food","La Cabaña de Don Luis #3, Poncitlan Jalisco, Papa John's, La Michoacana, Cozy Corner Diner & Pancake House, Burger King"
882664ca2bfffff,grocery,3,2,"convenience, bakery, convenience","Martha's Food Market, Mr Cake, Citgo"
882664ca2bfffff,health,3,3,"dentist, optician, clinic","ABC Dental, Spex, Oak Street Health - Hermosa Primary Care"
882664ca2bfffff,services,1,1,laundry,Blue Kangaroo Laundromat
882664ca2bfffff,shopping,2,2,"mobile_phone, variety_store","T-Mobile, Dollar Tree"
882664ca2bfffff,transport,2,2,"bicycle_rental, fuel","Kenosha Ave & Wellington Ave, Citgo"
882664ca2dfffff,education,3,2,"school, school, library","Northwestern Business College, Foreman College and Career Academy, Portage-Cragin Branch Library"
882664ca2dfffff,grocery,2,2,"convenience, supermarket","Food Market Santa Fe, Cermak Fresh Market"
882664ca2dfffff,services,1,1,hairdresser,High Dynasty Fade Barbershop
882664ca2dfffff,transport,3,1,"bicycle_rental, bicycle_rental, bicycle_rental","Lamon Ave & Belmont Ave, Leclaire Ave & Belmont Ave, Cicero Ave & Roscoe Ave"
882664ca31fffff,civic_community,5,2,"place_of_worship, place_of_worship, community_centre, place_of_worship, place_of_worship","Church of God, Bible-Way Pentecostal Church, Segundo Ruiz Belvis Cultural Centertr, Hermosa-Salem United Methodist Church, Saint Philomena Roman Catholic Church"
882664ca31fffff,education,4,1,"school, school, school, school","Prince of Peace Lutheran School, Marine Leadership Academy, William Nixon Elementary School, Pritzker College Prep"
882664ca31fffff,food_drink,2,2,"restaurant, fast_food","El Azteca, Dunkin'"
882664ca31fffff,grocery,5,4,"convenience, bakery, farm, alcohol, convenience","Familia Foods, Guadalajara Bakery, Four Star Mushrooms, Pioneer Liquor, Shell"
882664ca31fffff,nightlife,2,1,"bar, bar","Pipeworks Brewing, Uncle Mikes Sports Bar"
882664ca31fffff,services,1,1,laundry,Wash U Coin Laundry
882664ca31fffff,shopping,2,2,"mobile_phone, variety_store","Boost Mobile, Dollar Tree"
882664ca31fffff,transport,2,2,"bicycle_rental, fuel","Karlov Ave & Armitage Ave, Shell"
882664ca33fffff,automotive,1,1,car_wash,R & S Car Wash
882664ca33fffff,civic_community,7,3,"social_facility, fire_station, place_of_worship, place_of_worship, place_of_worship, social_facility, social_facility","Youth Service Project, Chicago Fire Department Engine Company 76, Northwest Missionary Baptist Church, Hauge Evangelical Lutheran Church, Maternity of the Blessed Virgin Mary Roman Catholic Church, North & Pulaski Apartments"
882664ca33fffff,education,2,1,"school, school","Maternity of the Blessed Virgin Mary School, McAuliffe Elementary School"
882664ca33fffff,entertainment,1,1,viewpoint,
882664ca33fffff,finance,1,1,bank,Old National Bank
882664ca33fffff,grocery,4,3,"bakery, alcohol, bakery, supermarket","North Pulaski Fresh Market, Eddie & Sons Food & Liquor, Central Bakery, North Pulaksi Fresh Market"
882664ca33fffff,health,1,1,pharmacy,Walgreens
882664ca33fffff,nightlife,1,1,bar,La Lena Restaurant
882664ca33fffff,services,1,1,post_office,"USPS Finance Station ""K"""
882664ca33fffff,shopping,2,2,"bicycle, chemist","International Bike Shop, Walgreens"
882664ca33fffff,transport,1,1,bicycle_rental,Springfield Ave & North Ave
882664ca35fffff,civic_community,2,1,"place_of_worship, place_of_worship","Saint Timothy Evangelical Lutheran Church, Church of God"
882664ca35fffff,entertainment,1,1,museum,Walt Disney Birthplace House
882664ca35fffff,food_drink,4,3,"restaurant, ice_cream, fast_food, restaurant","Rica Arepa, La Michoacana, Subway, Googoo's Table"
882664ca35fffff,grocery,5,3,"bakery, bakery, bakery, alcohol, supermarket","Bakery Chef, La Central Bakery, Hermosa, MKR Food & Liquor, Cermak Produce"
882664ca35fffff,health,1,1,dentist,
882664ca35fffff,services,2,2,"beauty, laundry","Lucky Nails, Moneda Lavanderia"
882664ca35fffff,shopping,3,3,"mobile_phone, variety_store, jewelry","Metro by T-Mobile, Dollar Island, Madrid Jewelry"
882664ca35fffff,transport,2,1,"bicycle_rental, bicycle_rental","Kilbourn Ave & Belden Ave, Lowell Ave & Armitage Ave"
882664ca37fffff,civic_community,5,2,"social_facility, place_of_worship, place_of_worship, place_of_worship, place_of_worship","Trina Davila Community Services Center, Saint Stephens United Church of Christ, Saint Marks Evangelical Lutheran Church, First General Baptist Church, Highway of Holiness Bible Way Pentecostal Church"
882664ca37fffff,education,2,2,"library, school","North Pulaski Branch Library, North-Grand High School"
882664ca37fffff,finance,2,1,"bank, bank","Chase, Bank of America"
882664ca37fffff,food_drink,3,2,"cafe, fast_food, fast_food","Tasa Coffee Roasters, Wingstop, McDonald's"
882664ca37fffff,grocery,1,1,supermarket,Carnicerias Jimenez
882664ca37fffff,shopping,4,3,"department_store, department_store, mobile_phone, variety_store","Cook Brothers, Burlington, Boost Mobile, Dollar Tree"
882664ca37fffff,transport,1,1,bicycle_rental,Kildare Ave & North Ave
882664ca39fffff,automotive,3,2,"car_repair, car_repair, tyres",RV Tire Shop
882664ca39fffff,civic_community,6,2,"place_of_worship, place_of_worship, place_of_worship, place_of_worship, social_facility, social_facility","Iglesia De Dios (Israelita), Jehova El Buen Pastor Evangelical Church, Chicago Baptist Church Of Logan Square, Our Lady of Grace Church, Infant Welfare Society of Chicago, Aspira"
882664ca39fffff,education,6,3,"kindergarten, school, school, childcare, school, school","Peachtree Nursery and Preschool, Jehovah School, Little Einsteins, Mozart Elementary School, Our Lady of Grace School"
882664ca39fffff,entertainment,2,2,"gallery, events_venue","M. LeBlanc, Night City"
882664ca39fffff,food_drink,15,5,"ice_cream, restaurant, fast_food, confectionery, restaurant, restaurant, restaurant, restaurant, restaurant, cafe, restaurant, restaurant, cafe, restaurant, restaurant","Palateria Monarca, Burrito Joint, Pozoleria Iguala #1, Dulce Landia, Raymond's Tacos, Vito & Angelo Pizzeria, El Pacifico, The Little Pickle, L’ Patron Tacos, Pan Artesanal, Flat & Point, Gabriela’s Carnitas, Necessary & Sufficient Coffee, Omarcito's Latin Cafe, Wyler Road"
882664ca39fffff,grocery,13,5,"bakery, greengrocer, convenience, bakery, bakery, bakery, convenience, bakery, convenience, alcohol, supermarket, supermarket, supermarket","Marie's Bakery, Dona Maris Carniceria y Fruteria, Lyndale Foods, Carniceria Jimenez, La Perla Tapatia Bakery, Latin American Bakery, Rosie's Food Mart, Sugar Moon, Shell, La Caridad, Plaza Jiminez, Carniceria Jimenez, Tony's Fresh Market"
882664ca39fffff,health,7,4,"doctors, clinic, clinic, pharmacy, dentist, clinic, dentist","Crystal Optical, Garcia Medical Center, Neuro-Orthopedic Clinic, CVS Pharmacy, Centro Medico"
882664ca39fffff,leisure_sports,1,1,sports,Intersports
882664ca39fffff,lodging,1,1,hotel,Fullerton Hotel
882664ca39fffff,nightlife,1,1,bar,The Double Urban Tavern
882664ca39fffff,services,3,3,"hairdresser, beauty, laundry","Lina's Beauty Salon, J&S Landromat Lavanderia"
882664ca39fffff,shopping,14,9,"florist, clothes, variety_store, clothes, variety_store, variety_store, art, jewelry, florist, chemist, herbalist, hardware, music, variety_store","Celeste's Flower Shop, Ecuador Fashion, Jaber Dollar Store, Fantasticos Tuxedo Rental, Dollar Day Plus, Blue Island Variety Discount Center, Agent Gallery, Joyeria Bahena, Exfolia Botanical, CVS Pharmacy, Botanica El Gran Poder Divino, Yu Hardware, Saki, Family Dollar"
882664ca39fffff,transport,1,1,fuel,Shell
882664ca3bfffff,automotive,3,3,"tyres, car_repair, car_parts","Luis & Son, Servicio Martinez, AutoZone"
882664ca3bfffff,civic_community,3,2,"information, information, place_of_worship",Iglesia Asamblea de Dios Roca de Salvacion
882664ca3bfffff,education,1,1,school,Funston Elementary School
882664ca3bfffff,entertainment,5,2,"museum, artwork, artwork, artwork, artwork","Busy Beaver Button Museum, Graffiti Garden, Graffiti Garden"
882664ca3bfffff,finance,1,1,money_transfer,Western Union
882664ca3bfffff,food_drink,6,3,"restaurant, cafe, restaurant, restaurant, fast_food, fast_food","Juanita's Puerto Rican Cuisine, Damn Fine Coffee Bar, Tacos Loteria, Los Gamas Tortilleria y Restaurante, Jack's Hot Dog, Fast Food Place"
882664ca3bfffff,grocery,8,3,"bakery, convenience, bakery, supermarket, supermarket, bakery, convenience, bakery","La Estrella, City Food Mart, La Canasta Bakery, Rico Fresh Market, Armitage Produce, Panaderia La Canasta, Armitage Food, Xocoatl"
882664ca3bfffff,health,1,1,clinic,Prius Medical Center
882664ca3bfffff,nightlife,3,2,"bar, nightclub, bar","Weegee's Lounge, Las Vegas Nightclub, Rosa's Lounge"
882664ca3bfffff,services,1,1,laundry,H.T. Laundromat
882664ca3bfffff,shopping,2,2,"tobacco, bicycle","Tobacco Land, Armitage Bike Shop"
882664ca3bfffff,transport,1,1,bicycle_rental,Central Park Ave & Bloomingdale Ave
882664ca3dfffff,automotive,2,2,"car_wash, car","Mobil, Joseph Motors"
882664ca3dfffff,civic_community,3,1,"place_of_worship, place_of_worship, place_of_worship","Kelvyn Park Presbyterian Church, Saint Paul Congregational Church, Kildare Avenue Baptist Church"
882664ca3dfffff,education,1,1,school,Kelvyn Park High School
882664ca3dfffff,finance,1,1,money_transfer,
882664ca3dfffff,food_drink,3,2,"cafe, restaurant, restaurant","Stewarts Private Blend Coffee, Tacotlan, El Cubanito"
882664ca3dfffff,grocery,4,3,"bakery, convenience, convenience, supermarket","Newly Weds Foods, Shell, Mobil Mart, Aldi"
882664ca3dfffff,nightlife,1,1,bar,The Levee
882664ca3dfffff,services,1,1,hairdresser,Nuevo Estilo
882664ca3dfffff,shopping,2,2,"hardware, antiques","Studio 41, Beyond Grandma's House"
882664ca3dfffff,transport,4,2,"bicycle_rental, bicycle_rental, fuel, fuel","Keystone Ave & Fullerton Ave, Kostner Ave & Wrightwood Ave, Mobil, Shell"
882664ca41fffff,automotive,2,1,"car_parts, car_parts","Advance Auto Parts, AutoZone"
882664ca41fffff,civic_community,3,2,"fire_station, place_of_worship, place_of_worship","Chicago Fire Department Engine Company 124, Chicago Milal Church, Our Lady of Mercy Roman Catholic Church"
882664ca41fffff,food_drink,6,2,"restaurant, cafe, restaurant, restaurant, cafe, restaurant","Brasa Roja, Healthy Smoothies & Nutrition, Ixcateco Grill, El Alebrije, Miko's Italian Ice, Kale My Name"
882664ca41fffff,grocery,9,3,"bakery, bakery, bakery, bakery, convenience, supermarket, bakery, supermarket, convenience","Alegre Bakery, El Trigal Mexicana Bakery, Salgado’s Bakery, La Casa del Pan Bakery, BP Shop, Montrose Supermarket & Taqueria, Sanabel Bakery & Grocery, Cermak Fresh Market, 7-Eleven"
882664ca41fffff,health,1,1,pharmacy,CVS Pharmacy
882664ca41fffff,nightlife,6,2,"bar, bar, bar, bar, bar, pub","Surge Coffee Bar & Billiards - Albany Park, Angelo’s Wine Bar, Brickhouse Bar & Grill, Peacock Liquors, The Kedzie Inn, Templestowe Pub"
882664ca41fffff,shopping,4,4,"charity, mobile_phone, chemist, variety_store","The Salvation Army, Boost Mobile, Walgreens, TJ Dollar Bazaar"
882664ca41fffff,transport,2,2,"bicycle_rental, fuel","Albany Ave & Montrose Ave, BP"
882664ca43fffff,civic_community,6,2,"place_of_worship, place_of_worship, place_of_worship, place_of_worship, place_of_worship, social_facility","Immaculate Heart of Mary Roman Catholic Church, New Apostolic Church, Bethany United Methodist Church, Celestial Church of Christ, Gospel Chapel, G&A Senior Residence at Kedzie"
882664ca43fffff,education,3,2,"childcare, school, school","Rainbow School Daycare, Cleveland Elementary School, CICS Irving Park School"
882664ca43fffff,finance,3,3,"money_lender, money_transfer, bank","Kedzie Irving Currency Exchange, Western Union, Chase"
882664ca43fffff,food_drink,11,4,"restaurant, restaurant, cafe, fast_food, restaurant, fast_food, restaurant, ice_cream, restaurant, restaurant, restaurant","Easy Street Pizza & Patio, Mi Cuidad, Beograd Cafe, Dunkin', Dharma Garden, Alex's Hot Dogs, Raisu Japanese Fine Dining, Baskin-Robbins, House of Wah Sun, The Churro Waffle, Cascabel Taco Joint"
882664ca43fffff,grocery,3,3,"bakery, supermarket, convenience","Tanos Bakery, Dollar City, 7-Eleven"
882664ca43fffff,health,1,1,veterinary,VCA Animal Hospital
882664ca43fffff,nightlife,7,2,"bar, pub, bar, bar, bar, bar, bar","LeaderBar Drafthouse & Eatery, Fuller's Pub, Serbian Village, Angie’s Bar & Grill, Windy City Playhouse, Lizard’s Liquid Lounge, Christina's Place"
882664ca43fffff,services,3,2,"laundry, laundry, post_office","The Friendly Wash, Daniel J. Doffyn Post Office"
882664ca43fffff,shopping,6,5,"second_hand, paint, music, music, antiques, chemist","Village Thrift Store, Sherwin-Williams, The Music Store, Bloodshot Records, Lincoln Antique Mall, Walgreens"
882664ca43fffff,transport,3,1,"bicycle_rental, bicycle_rental, bicycle_rental","Sawyer Ave & Irving Park Rd, Whipple St & Irving Park Rd, Troy St & Grace St"
882664ca45fffff,automotive,2,2,"car_parts, car_repair","Genesis Auto Supply, Andy's Collision Center"
882664ca45fffff,civic_community,3,1,"place_of_worship, place_of_worship, place_of_worship","Grace Evangelical Covenant Church, Bethel United Methodist Church, Tabor Evangelical Lutheran Church"
882664ca45fffff,education,2,1,"school, school","Haugan Elementary School, Patrick Henry Elementary School"
882664ca45fffff,finance,1,1,bank,Wintrust - Mayfair
882664ca45fffff,food_drink,3,2,"fast_food, restaurant, restaurant","Dunkin', Restaurant Los Molcajetes, Taqueria La Fogata"
882664ca45fffff,grocery,2,2,"convenience, supermarket","BP Shop, Tony's Fresh Market"
882664ca45fffff,health,1,1,clinic,DaVita Dialysis
882664ca45fffff,services,2,2,"hairdresser, travel_agency","Doll Revolution, Quizhpi Express"
882664ca45fffff,shopping,3,3,"bicycle, clothes, variety_store","DS Bicycles, The Scent Queens Candle & Apothecary Shoppe, Famliy Dollar"
882664ca45fffff,transport,1,1,bicycle_rental,Drake Ave & Montrose Ave
882664ca47fffff,automotive,1,1,car_repair,Auto Body
882664ca47fffff,civic_community,3,2,"community_centre, place_of_worship, place_of_worship","First Bulgarian Center, Chicago Central Mosque & Islamic Center, Park View Lutheran Church"
882664ca47fffff,education,3,2,"library, school, school","Independence Branch Library, Murphy Elementary School, Disney II Magnet School - Lawndale"
882664ca47fffff,finance,1,1,bank,U.S. Bank
882664ca47fffff,food_drink,6,3,"restaurant, cafe, restaurant, restaurant, restaurant, fast_food","Chicken Works & Salad Company, Lucky Charm Cafe, Jet's Pizza, Lao Der, JT's Genuine Sandwich Shop, McDonald's"
882664ca47fffff,grocery,3,2,"convenience, bakery, convenience","Cactus Food & Liquors, Cassava, Sai Food Mart"
882664ca47fffff,nightlife,2,1,"bar, bar","Hearth and Crust, T & A Too"
882664ca47fffff,shopping,3,3,"mobile_phone, second_hand, craft","T-Mobile, Community Donation Center, Inclement Craft"
882664ca47fffff,transport,2,1,"bicycle_rental, bicycle_rental","Bernard St & Elston Ave, Monticello Ave & Irving Park Rd"
882664ca49fffff,civic_community,2,2,"information, place_of_worship",Renewed Hope UMC
882664ca49fffff,entertainment,1,1,museum,National Cambodian Heritage Museum
882664ca49fffff,food_drink,14,5,"cafe, restaurant, cafe, coffee, restaurant, fast_food, restaurant, restaurant, cafe, restaurant, ice_cream, restaurant, fast_food, restaurant","First Slice, Salam, Starbucks, Brü Coffeeworks, Noon O Kabab, Subway, Maman Zari, Wok cuisine, Khepri Cafe, Zaab E Lee, La Michoacana, Wok cuisine, McDonald's, Golden Crust Pizzeria"
882664ca49fffff,grocery,6,3,"bakery, convenience, bakery, bakery, bakery, supermarket","Al Khyam Grocery, Bakery & Restaurant, Blanz Pantry, Tannourine Bakery, Lebnan Sweets, La Baguette Bakery, Lindo Michoacán"
882664ca49fffff,leisure_sports,1,1,picnic_site,
882664ca49fffff,nightlife,1,1,bar,Oaza Restaurant
882664ca49fffff,shopping,1,1,hardware,Jay's True Value Hardware
882664ca49fffff,transport,2,1,"bicycle_rental, bicycle_rental","Leland Ave & Kedzie Ave, Manor Ave & Leland Ave"
882664ca4bfffff,civic_community,4,3,"information, information, place_of_worship, social_facility","Korean Christian Reformed Church, Senior Suites Ravenswood Manor"
882664ca4bfffff,education,2,2,"childcare, school","Ravenswood Manor Child Care, Bateman Elementary School"
882664ca4bfffff,food_drink,4,2,"fast_food, restaurant, fast_food, fast_food","Subway, Lo's China Kitchen, Burger King, Emma's Fruitas"
882664ca4bfffff,grocery,4,2,"convenience, convenience, convenience, bakery","7-Eleven, 7-Eleven, Shell"
882664ca4bfffff,health,1,1,veterinary,Ravenswood Animal Hospital LLC
882664ca4bfffff,leisure_sports,5,2,"video_games, picnic_site, picnic_site, picnic_site, picnic_site","GameStop, Horner Picnic Grove, Horner Picnic Grove"
882664ca4bfffff,nightlife,1,1,bar,Montrose Saloon
882664ca4bfffff,services,1,1,laundry,
882664ca4bfffff,shopping,1,1,furniture,Rent-A-Center
882664ca4bfffff,transport,3,2,"bicycle_rental, bicycle_rental, fuel","Francisco Ave & Montrose Ave, California Ave & Montrose Ave, Shell"
882664ca4dfffff,civic_community,9,3,"place_of_worship, information, place_of_worship, place_of_worship, social_facility, place_of_worship, place_of_worship, place_of_worship, place_of_worship","First Korean Methodist Church, Makki Masjid, Christ Evangelical Lutheran Church, American Indian Center, Saint Stephen of Decani Serbian Orthodox Church, Madinah Masjid (sunni sufi qadri), First Korean United Methodist Church, Alliance Holiness Church"
882664ca4dfffff,education,1,1,school,Roosevelt High School
882664ca4dfffff,entertainment,2,1,"artwork, artwork","Hope and Renewal, Hope and Renewal"
882664ca4dfffff,finance,1,1,bank,Albany Bank & Trust
882664ca4dfffff,food_drink,12,4,"restaurant, cafe, restaurant, restaurant, fast_food, fast_food, fast_food, restaurant, fast_food, ice_cream, fast_food, cafe","Great Sea Chinese Restaurant, Ur Cafe, Kabobi Persian & Mediterranean Restaurant, SUBO Filipino Kitchen, Popeyes, Subway, Dunkin', Dulce De Leche Cafe, GT’s Fast Food #2, La Michoacana, Panda Express, Nighthawk Chicago"
882664ca4dfffff,grocery,5,2,"bakery, bakery, bakery, bakery, supermarket","Durango Bakery, Salgado's Bakery, Markellos Baking Company, New York Bakery, Chicago Produce"
882664ca4dfffff,health,1,1,pharmacy,Mariam Pharmacy
882664ca4dfffff,services,2,2,"post_office, laundry","Chicago Post Office Station Q, Wash & Dry Coin Laundry"
882664ca4dfffff,shopping,3,2,"mobile_phone, mobile_phone, second_hand","T-Mobile, Cricket Wireless, Village Thrift Store"
882664ca4dfffff,transport,1,1,bicycle_rental,Christiana Ave & Lawrence Ave
882664ca51fffff,automotive,1,1,car_repair,Auto Repair
882664ca51fffff,civic_community,2,2,"police, place_of_worship","Chicago Police Department Area North Detective Bureau, Lakeview Seventh Day Adventist Church"
882664ca51fffff,education,4,3,"driving_school, school, childcare, school","Lane Tech Drivers Ed, Lane Technical College Prep High School, Kids' Work Chicago Too, DePaul College Prep"
882664ca51fffff,entertainment,3,1,"artwork, artwork, artwork","Shooting the Stars, Riverview, Lane Tech Totem Pole"
882664ca51fffff,finance,2,1,"bank, bank","North Community Bank, PNC Bank"
882664ca51fffff,food_drink,18,4,"fast_food, fast_food, fast_food, fast_food, fast_food, restaurant, restaurant, restaurant, fast_food, cafe, restaurant, pastry, fast_food, fast_food, fast_food, restaurant, fast_food, cafe","Subway, Wingstop, Chipotle, Dunkin', Big Boy Gyros, Pi-Hi Cafe, New China 2, Le Sud, meatheads, Ten Cafe, Joy Yee Noodle, Crumbl Cookies, Rosati's, Tropical Smoothie Cafe, Popeyes, Retro Pizza, Wendy's, Starbucks"
882664ca51fffff,grocery,3,2,"convenience, supermarket, supermarket","Circle K, Mariano's Fresh Market, Jewel-Osco"
882664ca51fffff,health,4,3,"dentist, optician, dentist, pharmacy","Family Dental, MyEyeDr., Zephyr Dental, Jewel Osco Pharmacy"
882664ca51fffff,nightlife,2,1,"bar, bar","Blue Light, Liberty Lounge"
882664ca51fffff,services,5,3,"beauty, beauty, beauty, post_office, pet_grooming","Pro Nails, Kauser's Salon and Spa, Wanda Nail Spa, FedEx Office, Cruisin Canines"
882664ca51fffff,shopping,6,6,"mobile_phone, books, pet, nutrition_supplements, musical_instrument, chemist","Boost Mobile, Uncharted Books, Petco, Profile by Sanford, A 440 Violin Shop, Walgreens"
882664ca51fffff,transport,2,2,"charging_station, bicycle_rental","eVgo, Western Ave & Roscoe St"
882664ca53fffff,automotive,1,1,car_repair,Kraftsmen Auto Body
882664ca53fffff,civic_community,2,2,"fire_station, social_facility","Chicago Fire Department Engine Company 56, Boys & Girls Club"
882664ca53fffff,education,3,3,"dancing_school, school, childcare","Dance Connection, Alcott College Prep, Mary Crane Center West Lakeview"
882664ca53fffff,entertainment,2,2,"events_venue, artwork","Constellation Club, Hamlin Park Graffiti Wall"
882664ca53fffff,food_drink,1,1,restaurant,Tepalcates
882664ca53fffff,grocery,4,3,"alcohol, bakery, convenience, convenience","Miska's, Sweet Rabbit Bakery, The Corner Store, 7-Eleven"
882664ca53fffff,health,1,1,veterinary,Roscoe Village Animal Hospital
882664ca53fffff,nightlife,1,1,bar,Hungry Brain
882664ca53fffff,services,4,4,"hairdresser, animal_boarding, laundry, storage_rental","Salon de Vive, Doggie Works, Non Toxic Ecolife Cleaners, Public Storage"
882664ca53fffff,shopping,5,4,"music, trade, trade, pet, variety_store","Andy's Music, R T Materials, A-Emergency Services & Restoration, Chi-Town Dog House, pOpshelf"
882664ca53fffff,transport,2,2,"bicycle_rental, fuel","Leavitt St & Belmont Ave, Exxon"
882664ca55fffff,civic_community,2,2,"place_of_worship, fire_station","Saint Stephen's Episcopal Church, Chicago Fire Department Engine Company 106"
882664ca55fffff,entertainment,1,1,events_venue,Sarabande Chicago
882664ca55fffff,finance,1,1,bank,BMO
882664ca55fffff,food_drink,6,2,"restaurant, restaurant, restaurant, fast_food, fast_food, fast_food","Dapper's East Family Restaurant, Wherewithall, Eden, Cafe Tola, Honey Butter Fried Chicken, Panda Express"
882664ca55fffff,grocery,1,1,alcohol,Albany & Elston Liquor Store
882664ca55fffff,health,2,2,"veterinary, dentist","MedVet Chicago, America's Best Dental Solutions"
882664ca55fffff,leisure_sports,3,3,"hobby, boat_rental, video_games","Pj's Trick Shop, Chicago River Canoe and Kayak, GameStop"
882664ca55fffff,nightlife,1,1,bar,Chief O’Neill’s Pub & Restaurant
882664ca55fffff,services,2,2,"internet_cafe, beauty","Ignite Gaming, Magic Touch Nail Salon & Spa"
882664ca55fffff,shopping,8,6,"variety_store, shoes, hairdresser_supply, shoes, mobile_phone, clothes, clothes, department_store","Dollar Tree, Famous Footwear, Sally Beauty, Fresh Kickz, T-Mobile, OshKosh B'gosh, Carter's, Target"
882664ca55fffff,transport,2,1,"bicycle_rental, bicycle_rental","Sacramento Ave & Addison St, Elston Ave & Henderson St"
882664ca57fffff,automotive,1,1,car_repair,Auto Repair
882664ca57fffff,civic_community,2,1,"place_of_worship, place_of_worship","Concordia Evangelical Lutheran Church, Saint Francis Xavier Roman Catholic Church"
882664ca57fffff,education,2,1,"school, school","Concordia School, Acero Fuentes School"
882664ca57fffff,entertainment,6,4,"events_venue, artwork, theatre, studio, events_venue, events_venue","Michelle’s Ballroom, Secret River Show, Electrical Audio, Rockwell on the River, Rockwell on the River"
882664ca57fffff,food_drink,10,4,"restaurant, restaurant, restaurant, cafe, restaurant, cafe, restaurant, fast_food, coffee, restaurant","Taqueria Traspasada, Jaiyen Sushi & Noodle, The Wolfhound Bar and Kitchen, The Avondale Coffee Club, Barra Ñ, Caravanserai, Paku Paku Sushi, Burger King, Metropolis Coffee Company, Soul & Smoke"
882664ca57fffff,grocery,4,4,"supermarket, alcohol, convenience, bakery","Carniceria Guanajuato, Beer Temple, Circle K, Bulldog Bakery"
882664ca57fffff,health,1,1,clinic,Illinois Bone & Joint Institute
882664ca57fffff,leisure_sports,2,1,"boat_rental, boat_rental","Wateriders Chicago, Chicago Electric Boat Company"
882664ca57fffff,nightlife,7,2,"pub, bar, bar, bar, bar, bar, bar","Kuma’s Corner - Belmont, Clyde's, DMen Tap, Frank and Mary’s Tavern, The Beer Temple, Ludlow Liquors, Metropolitan Brewing Taproom"
882664ca57fffff,shopping,2,2,"music, shoes","Bucket O'Blood, Famolare Shores"
882664ca57fffff,transport,2,1,"bicycle_rental, bicycle_rental","California Ave & Fletcher St, Rockwell St & Fletcher St"
882664ca59fffff,civic_community,6,3,"place_of_worship, fire_station, place_of_worship, community_centre, place_of_worship, place_of_worship","Epiphany United Church of Christ, Chicago Fire Department Engine Company 112, Saint Benedict Catholic Church, Addison Street Community Church, Concordia Lutheran Church"
882664ca59fffff,education,3,2,"music_school, school, school","Voice (R)evolution, Bell Elementary School, Saint Benedict Preperatory School"
882664ca59fffff,finance,2,2,"atm, bank",Wintrust Bank
882664ca59fffff,food_drink,10,5,"cafe, fast_food, fast_food, restaurant, restaurant, restaurant, restaurant, ice_cream, confectionery, restaurant","Coffee Joint, MOD Pizza, Dave's Hot Chicken, C'est Bien Thai, Basant, Tortorice's Pizza, Laschet's Inn, Bartleby's Ice Cream, Dizzy Cow, Reclaimed Bar and Restaurant"
882664ca59fffff,grocery,2,1,"convenience, convenience","Sarah Mart, 7-Eleven"
882664ca59fffff,health,4,2,"dentist, dentist, clinic, clinic","Freshworks Dental Studio, Healthy Smiles Inc. Family Dentistry, Birth Center of Chicago, Donohoe Pediatrics"
882664ca59fffff,nightlife,4,2,"bar, bar, bookmaker, bar","Goldie’s Pub, Roscoe Village Pub, Bari Zaki Studio, Martyrs'"
882664ca59fffff,services,7,4,"dry_cleaning, hairdresser, beauty, hairdresser, dry_cleaning, beauty, funeral_directors","SOS Cleaners, Philip James Salon, Perfect Brows Threading, The Bevy Salon, Bijou Cleaners, Pick Your Color, GREIN Funeral Directors"
882664ca59fffff,shopping,8,8,"haberdashery, clothes, wool, sewing, art, houseware, florist, tobacco","Soutache, Production Mode, Knit 1, Sew Crafty Studio, Therieau Art and Frame, Hawthorne, Blooms, Tobacco Express of Chicago"
882664ca59fffff,transport,2,1,"bicycle_rental, bicycle_rental","Leavitt St & Addison St, Western Ave & Grace St"
882664ca5bfffff,automotive,1,1,car_repair,Mufflers 4 Less
882664ca5bfffff,civic_community,4,1,"place_of_worship, place_of_worship, place_of_worship, place_of_worship","American Indian Chapel, Lakeview Bible Truth Assembly Church, Ascension Lutheran Church, Christian Fellowship Free Church"
882664ca5bfffff,education,2,1,"school, school","Audubon Elementary School, Jahn Elementary School"
882664ca5bfffff,entertainment,3,2,"arts_centre, artwork, artwork",Cornelia Arts Building
882664ca5bfffff,food_drink,18,3,"restaurant, restaurant, restaurant, restaurant, cafe, restaurant, restaurant, cafe, restaurant, restaurant, fast_food, restaurant, fast_food, restaurant, fast_food, fast_food, cafe, restaurant","Commonwealth Tavern, Riverview Tavern, John's Place, Lucy's Cafe, Starbucks, Sinya Mediterranean, Cuba 312, Pilates + Coffee, Turquoise Restaurant, Dhanteraz Indian Fusion, The Region, Bartoli's Pizzeria, Roost, Same Same, Pizza Amelia, Jimmy John's, The Bakehouse, Tony's Burrito Mex"
882664ca5bfffff,grocery,3,2,"bakery, bakery, convenience","Rudy’s Bakery, Irene’s Bakery, Speedway"
882664ca5bfffff,health,2,2,"optician, dentist","CustomEyes Roscoe Village, Ronald Zelikow DDS"
882664ca5bfffff,nightlife,5,2,"bar, bar, bar, bar, nightclub","Four Moon Tavern, The Reveler, Village Tap, VOLO, Beat Kitchen"
882664ca5bfffff,services,5,3,"hairdresser, dry_cleaning, dry_cleaning, hairdresser, beauty","Southport Hair Studio on Belmont, Happy Cleaners, Avenue Cleaners, Sal's Barber Shop, The Nail Loft"
882664ca5bfffff,shopping,6,5,"second_hand, bicycle, books, books, art, clothes","Village Discount Outlet, Roscoe Village Bikes, Roscoe Books, The Last Chapter Book Shop, August House Art Gallery, Moondance"
882664ca5bfffff,transport,3,2,"bicycle_rental, bicycle_rental, fuel","Damen Ave & Melrose Ave, Seeley Ave & Roscoe St, Speedway"
882664ca5dfffff,civic_community,2,1,"social_facility, social_facility","Paul House, Boys & Girls Club"
882664ca5dfffff,education,3,2,"kindergarten, kindergarten, school","The Goddard School of Chicago (Roscoe Village), TC Scholars Preschool, Chicago Jewish Day School"
882664ca5dfffff,entertainment,1,1,studio,WGN-TV
882664ca5dfffff,food_drink,5,2,"restaurant, fast_food, fast_food, fast_food, fast_food","The Famous Taco Burrito, Potbelly, Taco Bell, KFC, McDonald's"
882664ca5dfffff,health,2,1,"clinic, clinic","Immediate MD, Compass Health Centers"
882664ca5dfffff,nightlife,2,2,"pub, bar","Heineken Pub97, Pete’s Place"
882664ca5dfffff,services,1,1,laundry,Mr Bubble
882664ca5dfffff,shopping,3,3,"bed, books, trade","Mattress Firm, Galaxy Comics, Ferguson"
882664ca5dfffff,transport,3,1,"bicycle_rental, bicycle_rental, bicycle_rental","California Ave & Byron St, Talman Ave & Addison St, Campbell Ave & Irving Park Rd"
882664ca61fffff,automotive,2,1,"car, car","Mid City Subaru, Mid City Nissan"
882664ca61fffff,civic_community,4,2,"place_of_worship, social_facility, place_of_worship, social_facility","Saint John's Episcopal Church, Lydia Childrens Home, Irving Park Baptist Church, The Kilpatrick Renaissance"
882664ca61fffff,finance,2,1,"bank, bank","Huntington Bank, Bank of America"
882664ca61fffff,food_drink,6,3,"cafe, fast_food, fast_food, restaurant, restaurant, fast_food","Starbucks, Subway, Dunkin', Leona's, Chicago's Pizza, Chipotle"
882664ca61fffff,grocery,2,2,"supermarket, bakery","Jewel-Osco, Le Parisien"
882664ca61fffff,health,1,1,clinic,Northwestern Medicine Outpatient Center
882664ca61fffff,nightlife,2,2,"pub, bar","ERIS Brewery and Cider House, McNamara’s"
882664ca61fffff,shopping,5,5,"shoes, variety_store, department_store, gift, pet","Famous Footwear, The Pursuit Supply Co., Marshalls, Edible Arrangements, PetSmart"
882664ca61fffff,transport,1,1,bicycle_rental,Kilbourn Ave & Irving Park Rd
882664ca63fffff,automotive,1,1,car_repair,Crash Champions
882664ca63fffff,civic_community,3,1,"place_of_worship, place_of_worship, place_of_worship","Home of Harmony, Vivekananda Vedanta Society of Chicago, Mount Olive Lutheran Church, Saint Viator Roman Catholic Church"
882664ca63fffff,education,2,1,"school, school","Saint Viator Elementary School, Schurz High School"
882664ca63fffff,food_drink,2,2,"cafe, ice_cream","Bia’s Café Marianao, La Michoacana"
882664ca63fffff,leisure_sports,1,1,dojo,Choi Karate Institute
882664ca63fffff,nightlife,1,1,bar,The Booze Hound
882664ca63fffff,services,2,2,"locksmith, storage_rental","Bullis Lock Co., Extra Space Storage"
882664ca63fffff,transport,2,1,"bicycle_rental, bicycle_rental","Milwaukee Ave & Kilbourn Ave, Addison St & Kedvale Ave"
882664ca65fffff,automotive,1,1,car_repair,Pep Boys
882664ca65fffff,civic_community,3,1,"place_of_worship, place_of_worship, place_of_worship","Romanian Baptist Church, Living Witness Apostolic Faith Temple, Saint John's Lutheran Church"
882664ca65fffff,education,1,1,school,Saint John School
882664ca65fffff,entertainment,6,4,"museum, theatre, arts_centre, arts_centre, arts_centre, cinema","National Veterans Art Museum, Filament Theatre, Inside Out Art Studio, Chicago Ballet Center, Rico Music & Art, Portage Theater"
882664ca65fffff,finance,6,3,"money_transfer, money_lender, bank, money_lender, bank, bank","Western Union, AmeriCash Loans, Chase, Enviros De Dinero, Parkway Bank, Bank of America"
882664ca65fffff,food_drink,21,4,"restaurant, restaurant, restaurant, ice_cream, fast_food, restaurant, fast_food, restaurant, cafe, cafe, restaurant, ice_cream, fast_food, fast_food, restaurant, fast_food, fast_food, fast_food, fast_food, fast_food, cafe","Tata's Tacos, Las Tablas, Community Tavern, Josi's Frozen Yogurt, Subway, Lomas Verdes, Jimmy John's, Ysabel’s Grill, Antojitos Colombianos, City News Cafe, Simon Tacos, Baskin-Robbins, Frank's Shrimp House, Burger King, Culver's, Dunkin', Johnny's Hot Dog Express, McDonald's, Dunkin', Starbucks"
882664ca65fffff,grocery,3,3,"bakery, alcohol, convenience","Six Corners Bakery, Binny's Beverage Depot, BP Shop"
882664ca65fffff,health,18,5,"doctors, dentist, hearing_aids, optician, dentist, doctors, dentist, doctors, dentist, dentist, dentist, doctors, doctors, doctors, doctors, dentist, pharmacy, optician","Athletico Physical Therapy, DentalWorks, Miracle-Ear, Pearle Vision, Webster Dental Care, Dr. Kenneth Brocker, Irving Park Periodontics, Dr. Spencer & Dr. Blount-Odum, Associates for General Dentistry, Optima Family Dental, A&J Dental, Dr. Wanda Sygieda, Grand Vein Specialists Ever Clinic, Munoz Medical Center, Chicago Allergy Center, Cicero Irving Park Dental, Walgreens, Visionworks"
882664ca65fffff,leisure_sports,1,1,dojo,Midwest Academy of Tae Kwon Do
882664ca65fffff,lodging,1,1,motel,Irving Hotel - SRO
882664ca65fffff,nightlife,1,1,bar,Di’s Den
882664ca65fffff,services,11,6,"laundry, beauty, beauty, massage, hairdresser, hairdresser, beauty, hairdresser, rental, beauty, storage_rental","LaPorte Landromat, Today's Avon, Luxe Blue, Kingston Reflexology, Jesse's Barbershop, MVX Beauty Club, Brothers Hair Design, Hairways, U-Haul, Lee Nails, U-Haul"
882664ca65fffff,shopping,16,13,"florist, sewing, mobile_phone, clothes, newsagent, tobacco, clothes, furniture, jewelry, mobile_phone, paint, mobile_phone, department_store, bed, variety_store, hardware","Lorch Bros. Flowers, Singer, T-Mobile, Fantasy Costumes, City Newsstand, SMOKE ALOT WIRELESS, Foxwill, Quest Modern Design, Gato & Sons, Metro by T-Mobile, Sherwin-Williams, Verizon, Target, American Mattress, Dollar Tree, Smolka True Value Hardware"
882664ca65fffff,transport,2,2,"bicycle_rental, fuel","Milwaukee Ave & Cuyler Ave, BP"
882664ca67fffff,automotive,4,3,"car_repair, car_repair, car_parts, car_wash","Four Star Auto Mania, Portage Auto Parts, AutoZone, Express Car Wash"
882664ca67fffff,civic_community,4,2,"place_of_worship, place_of_worship, place_of_worship, social_facility","Saint Bartholomews Roman Catholic Church, Saint Thomas United Church of Christ, Lutheran Church of the Redeemer, The Clarendale"
882664ca67fffff,education,3,2,"school, driving_school, school","Midwest Christian Academy, Diesel Truck Driver Training School, Saint Bartholomew School"
882664ca67fffff,entertainment,1,1,events_venue,Miracle Entertainment
882664ca67fffff,food_drink,9,2,"fast_food, restaurant, restaurant, restaurant, fast_food, fast_food, fast_food, fast_food, fast_food","Mr. Submarine, Hong Kong Restaurant, Peru Criollo, Six Corners Bistro, Domino's, Chinese Kitchen, McDonald's, Jeff's Red Hots, KFC"
882664ca67fffff,grocery,1,1,convenience,7-Eleven
882664ca67fffff,health,1,1,dentist,Family Dental
882664ca67fffff,nightlife,1,1,bar,MCM Pub and Eatery
882664ca67fffff,services,5,4,"hairdresser, beauty, beauty, laundry, tattoo","Villa Roma, Town Nails, Sunny Nails, J & B Laundromat & Dry Cleaners, Ink and Iron Custom Tattoo Studio"
882664ca67fffff,shopping,4,3,"clothes, mobile_phone, department_store, department_store","Rasenick's Workwear, Boost Mobile, Ross, dd's Discounts"
882664ca67fffff,transport,1,1,bicycle_rental,Cicero Ave & Grace St
882664ca69fffff,automotive,2,2,"car_repair, car_parts","Jiffy Lube, AutoZone"
882664ca69fffff,civic_community,4,1,"place_of_worship, place_of_worship, place_of_worship, place_of_worship","Saint Athanasios & Saint Ioannis Greek Orthodox Church, Kingdom Hall of Jehovah's Witnesses, Saint Edward's Roman Catholic Church, Muslim Community Center"
882664ca69fffff,education,2,1,"school, school","Belding Elementary School, Saint Edward School"
882664ca69fffff,finance,1,1,money_transfer,Montrose Express
882664ca69fffff,food_drink,10,3,"fast_food, fast_food, fast_food, restaurant, restaurant, restaurant, cafe, restaurant, restaurant, fast_food","Subway, Little Caesars, Wingstop, Northside Grill, Kunafa Nabulsia, Zebda, Casa Cactus, Mariscos El Barbas, Tim Tim's Halal Grill, Wendy's"
882664ca69fffff,grocery,3,3,"seafood, bakery, convenience","The Fish Guy, Cuenca’s Bakery, 7-Eleven"
882664ca69fffff,nightlife,1,1,bar,O’Donnell’s
882664ca69fffff,services,1,1,hairdresser,Justin's Hair Design
882664ca69fffff,shopping,3,3,"mobile_phone, garden_centre, variety_store","Cricket Wireless, Plant Shop Chicago, Dollar Tree"
882664ca69fffff,transport,3,2,"bicycle_rental, bicycle_rental, fuel","Keystone Ave & Montrose Ave, Kildare Ave & Montrose Ave, BP"
882664ca6bfffff,automotive,3,1,"car_repair, car_repair, car_repair","Thom’s Four Wheel Drive and Auto Service, Carmex Mufflers and Brakes, Midas"
882664ca6bfffff,civic_community,6,3,"fire_station, community_centre, place_of_worship, place_of_worship, place_of_worship, community_centre","Chicago Fire Department Engine Company 69, Irving Park Lutheran Church Parish Hall, Fullness Presbyterian Church, Irving Park Lutheran Church, Korean Catholic Church, Women’s Community Club Building"
882664ca6bfffff,education,1,1,school,Disney II Magnet School - Kedvale
882664ca6bfffff,entertainment,2,1,"gallery, gallery","Color Club, Ruschman"
882664ca6bfffff,finance,1,1,bank,Huntington Bank
882664ca6bfffff,food_drink,11,3,"cafe, cafe, restaurant, cafe, restaurant, restaurant, fast_food, restaurant, restaurant, restaurant, restaurant","Berrista Coffee, Backlot Coffee, Chicago Taco Authority, Stay & Play Board Game Cafe, Shokran, Lou Malnati's Pizzeria, Dunkin', The Sugar Hole, Golden Nugget Pancake House, Smoque BBQ, Hot Woks Cool Sushi"
882664ca6bfffff,grocery,3,2,"bakery, convenience, convenience","Cafe Urbano, Citgo, Shell"
882664ca6bfffff,health,1,1,pharmacy,Walgreens
882664ca6bfffff,nightlife,3,1,"bar, bar, bar","The Unforgettable Bar, The Cabin At Old Irving, Paddy Mac’s"
882664ca6bfffff,services,3,3,"hairdresser, funeral_directors, tattoo","Robert Chavez Hair Studio, Midtown Funeral Home and Cremation Options, Twisted Tattoo"
882664ca6bfffff,shopping,6,6,"appliance, agrarian, art, doityourself, books, chemist","Sundberg America, MoneyTree Genetics, Lot'sa, The Stripp Joynt, Chicago Bibles & Books, Walgreens"
882664ca6bfffff,transport,4,3,"bicycle_rental, fuel, fuel, bus_station","Avondale Ave & Irving Park Rd, Citgo, Shell, Irving Park & Keystone Terminal"
882664ca6dfffff,automotive,1,1,car_wash,Shell
882664ca6dfffff,civic_community,3,1,"place_of_worship, place_of_worship, place_of_worship","Mayfair Bible Church, Northwest Church of Christ, Mayfair United Methodist Church"
882664ca6dfffff,entertainment,1,1,museum,Irish American Heritage Center
882664ca6dfffff,grocery,2,1,"convenience, convenience","Amoco, Shell"
882664ca6dfffff,nightlife,4,1,"bar, bar, bar, bar","5th Province, Sidekicks, Old Irving Brewing, Lake Effect Brewing Company"
882664ca6dfffff,services,1,1,storage_rental,Extra Space Storage
882664ca6dfffff,transport,4,3,"bicycle_rental, fuel, fuel, bus_station","Knox Ave & Montrose Ave, Shell, Amoco, Cicero & Pensacola Terminal"
882664ca81fffff,automotive,1,1,car_wash,Grand Oakley Car Wash
882664ca81fffff,civic_community,1,1,place_of_worship,St. Malachy + Precious Blood
882664ca81fffff,education,2,1,"school, school","Bricklayers Apprentice School, Saint Malachy School"
882664ca81fffff,entertainment,2,2,"gallery, artwork",Corbett vs. Dempsey
882664ca81fffff,finance,1,1,money_transfer,Western Union
882664ca81fffff,food_drink,8,4,"restaurant, cafe, restaurant, restaurant, fast_food, coffee, fast_food, fast_food","Chavas Tacos El Original, Blend Cafe, The Corner Farmacy, The Corner Farmacy, Dunkin', Popeyes, Taco Bell"
882664ca81fffff,grocery,5,2,"bakery, bakery, convenience, convenience, convenience","Sweet Ride, Maison Cuisine, BP Shop, Citgo, Shell"
882664ca81fffff,services,1,1,animal_boarding,Pack Life
882664ca81fffff,transport,4,2,"bicycle_rental, fuel, fuel, fuel","Artesian Ave & Hubbard St, Citgo, BP, Shell"
882664ca83fffff,civic_community,6,3,"fire_station, place_of_worship, social_facility, social_facility, place_of_worship, place_of_worship","Chicago Fire Department Engine Company 26, West Side Community Church, Boys & Girls Club, Michael Barlow Center, Metropolitan Missionary Baptist Church, St. Andrew's Episcopal Church"
882664ca83fffff,education,6,4,"driving_school, childcare, library, school, school, school","Ride Chicago, Adams Street Child Care Center, Mabel Manning Branch Library, Dett Elementary School, Chicago Bulls College Prep, Crane Medical Prep High School"
882664ca83fffff,finance,2,1,"bank, bank","Chase, PNC Bank"
882664ca83fffff,food_drink,7,2,"restaurant, fast_food, restaurant, fast_food, fast_food, restaurant, fast_food","Sinhá, Subway, Chan's King Wok, Domino's, McDonald's, Bacci Pizzeria, Wendy's"
882664ca83fffff,grocery,1,1,supermarket,Pete's Market
882664ca83fffff,health,2,2,"dentist, pharmacy",Walgreens
882664ca83fffff,services,1,1,beauty,Magic Nails Spa
882664ca83fffff,shopping,1,1,mobile_phone,Metro by T-Mobile
882664ca83fffff,transport,1,1,bicycle_rental,Western Ave & Monroe St
882664ca85fffff,civic_community,2,2,"place_of_worship, social_facility","Greater Holy Temple Church of God and Christ, Heritage Woods"
882664ca85fffff,education,3,1,"school, school, school","LEARN 8 Middle School, LEARN Excel School, LEARN 7 Elementary School"
882664ca85fffff,entertainment,2,2,"attraction, museum","Waller Apartments, Chicago Center for Green Technology"
882664ca85fffff,food_drink,1,1,fast_food,Al's Under the L
882664ca85fffff,grocery,1,1,convenience,BP Shop
882664ca85fffff,shopping,1,1,hardware,McGuire-Western Lumber Co.
882664ca85fffff,transport,3,2,"bicycle_rental, bicycle_rental, fuel","California Ave & Lake St, Sacramento Blvd & Fulton St, BP"
882664ca87fffff,civic_community,7,2,"place_of_worship, place_of_worship, place_of_worship, place_of_worship, place_of_worship, place_of_worship, community_centre","Christian Greater Rock Baptist Church, New Life Missionary Baptist Church, Zion Temple Pentecostal Church, Landmark Baptist Church, Mount Ridge Baptist Church, Jackson Boulevard Christian Church"
882664ca87fffff,education,4,1,"school, school, school, school",Phoenix Military Academy
882664ca87fffff,entertainment,3,2,"studio, gallery, gallery","ArtReach, Legendary Art Gallery, DragonFLY Gallert & Creative Spaces"
882664ca87fffff,finance,2,2,"pawnbroker, bank","Chicago Pawners & Jewelers, Wintrust Bank"
882664ca87fffff,food_drink,2,1,"restaurant, restaurant","Moon’s Sandwich Shop, Golden Dragon"
882664ca87fffff,nightlife,1,1,bar,Brown Sugar Sports Bar
882664ca87fffff,services,4,3,"beauty, hairdresser, hairdresser, post_office","Western Beauty Supply, Madison Street Barbers, Another Level Units, Nancy B. Jefferson Post Office"
882664ca87fffff,shopping,3,3,"hardware, mobile_phone, second_hand","Great Lakes Yard, Elite Wireless Partners, Solé Resale Boutique"
882664ca87fffff,transport,1,1,bicycle_rental,California Ave & Madison St
882664ca89fffff,civic_community,4,2,"place_of_worship, place_of_worship, community_centre, place_of_worship","Mision Bautista Northwest, The Painted Door, Ukrainian Cultural Center, Saints Volodymyr and Olha Catholic Church"
882664ca89fffff,education,4,2,"school, school, childcare, school","Lake Shore Seventh Day Adventist School, Mitchell Elementary School, Kid City, Talcott Elementary School"
882664ca89fffff,entertainment,6,4,"museum, studio, artwork, artwork, artwork, events_venue","Ukrainian National Museum, Product Productions, Present Company"
882664ca89fffff,finance,3,2,"pawnbroker, bank, bank","West Town Jewelry & Loan, PNC Bank, Verve"
882664ca89fffff,food_drink,22,4,"restaurant, restaurant, restaurant, cafe, deli, restaurant, cafe, restaurant, restaurant, restaurant, restaurant, restaurant, restaurant, restaurant, restaurant, restaurant, restaurant, cafe, restaurant, fast_food, fast_food, restaurant","Roots Handmade Pizza, West Town Bakery & Diner, Sunrise Cafe, Old Lviv, Kasia's Deli, Taco Pros, Prequel, A Tavola, All Together Now!, Cleos, Fiore Delicatessen, Homestead on the Roof, Soule to Soule, Dicey's Pizza & Beer Tavern, Tryzub Ukrainian Kitchen, Ben's Grill, Lao Peng You 老朋友, Starbucks, Hummus Grill, Odge's, McDonald's, Takie Outit"
882664ca89fffff,grocery,3,2,"bakery, bakery, supermarket","Ann’s Bakery, Pierre’s Bakery, Mariano's Fresh Market"
882664ca89fffff,health,2,2,"dentist, doctors","Milktooth Pediatric Dentistry, SPS Family Care S.C."
882664ca89fffff,nightlife,4,1,"bar, bar, bar, bar","Damen Tavern, High Dive, Tuman’s Tap and Grill, Friends of Friends"
882664ca89fffff,services,2,2,"funeral_directors, hairdresser","Muzyka Funeral House, Gold Chair"
882664ca89fffff,shopping,7,5,"garden_centre, bicycle, art, books, gift, gift, bicycle","Sprout Home, Comrade Cycles, Regards,, Passages Wine and Books, ДЕЛЬТА, Paperish Mess, Pedal to the People"
882664ca89fffff,transport,3,1,"bicycle_rental, bicycle_rental, bicycle_rental","Damen Ave & Chicago Ave, Damen Ave & Grand Ave, Leavitt St & Chicago Ave"
882664ca8bfffff,automotive,3,2,"car_repair, car_repair, tyres","Rivian Service Center, King Auto Repair & Body Shop, Cassidy Tire"
882664ca8bfffff,civic_community,4,2,"place_of_worship, place_of_worship, place_of_worship, social_facility","Pilgrim Rest Missionary Baptist Church, Greater Union Baptist Church, Gospel Temple Missionary Baptist Church, McCrory Senior Apartments"
882664ca8bfffff,education,4,2,"childcare, school, school, school","The Nook Childcare, Rudolph Elementary Learning Center, William H. Brown School of Technology, Suder Montessori Magnet School"
882664ca8bfffff,entertainment,4,3,"events_venue, artwork, artwork, gallery","The Hive on Hubbard, Chicago Blackhawks 75th Anniversary Sculpture, SECRIST / BEACH"
882664ca8bfffff,food_drink,2,1,"cafe, cafe","Metric Coffee, Intelligentsia Roasting Works & Offices"
882664ca8bfffff,grocery,3,1,"bakery, bakery, bakery","Big Delicious Planet Canteen, Cake Sweet Food Chicago, Le Petit Sucre"
882664ca8bfffff,nightlife,3,2,"pub, bar, bar","Goose Island Brewery, Finch Beer Co, Great Central Brewing Company"
882664ca8bfffff,shopping,3,3,"computer, trade, jewelry","Go Technology Group Inc, Viking Electric, Enid"
882664ca8bfffff,transport,3,1,"bicycle_rental, bicycle_rental, bicycle_rental","Damen Ave & Madison St, Damen Ave & Walnut St"
882664ca8dfffff,automotive,5,3,"car_wash, car_repair, car, car, car","Glitz Car Wash, M&R Auto Body, Chicago Motors Inc, 655 Car Center, Metropolitan Automan Inc"
882664ca8dfffff,civic_community,2,2,"social_facility, place_of_worship","American Ukrainian Youth Association Inc, Holy Rosary Catholic Church"
882664ca8dfffff,education,2,1,"school, school","Holy Rosary School, Chopin Elementary School"
882664ca8dfffff,entertainment,2,2,"studio, museum","Ukrainian Independent Radio, Ukrainian Institute of Modern Art"
882664ca8dfffff,finance,2,1,"bank, bank","Selfreliance Federal Credit Union, Fifth Third Bank"
882664ca8dfffff,food_drink,7,4,"restaurant, restaurant, cafe, cafe, fast_food, coffee, fast_food","Shokolad, Taco Firme, Dark Matter Coffee - The Mothership, Star Lounge Coffee Bar, Dunkin', Electric Lady Lab, Burger King"
882664ca8dfffff,grocery,4,2,"alcohol, convenience, convenience, convenience","Grand & Western Liquors, Tabb's Food & Liquor, Farmer's Pride Produce, Shell"
882664ca8dfffff,health,5,3,"veterinary, veterinary, doctors, doctors, pharmacy","Village West Veterinary, Ellis Veterinary Clinic, Dr J. Tymouch, MD Pain Management, Thorek Family Practice, CVS Pharmacy"
882664ca8dfffff,nightlife,3,1,"bar, bar, bar","Archie's, The Beetle Bar and Grill, Mr Brown’s Lounge"
882664ca8dfffff,services,7,4,"hairdresser, hairdresser, massage, beauty, massage, storage_rental, beauty","Connection Salon, Infinite Beauty Salon, SL Spa Angelic, Golden Dream Spa, Midway Moving & Storage, Blush Electrolysis & Skincare"
882664ca8dfffff,shopping,7,6,"clothes, musical_instrument, musical_instrument, pet, mobile_phone, tailor, chemist","Squasht Boutique, Tommy's Guitars and Trading Post, M&S Organs, Liz's Pet Shop, Cricket Wireless, Varvara, CVS Pharmacy"
882664ca8dfffff,transport,2,2,"bicycle_rental, fuel","Smith Park, Shell"
882664ca91fffff,civic_community,4,2,"information, place_of_worship, place_of_worship, place_of_worship","Saint Basil Greek Orthodox Church, First Immanuel Lutheran Church, Immanuel Baptist Church"
882664ca91fffff,education,3,3,"childcare, school, library","Taylor Tots, STEM Magnet Academy, Little Italy Branch Library"
882664ca91fffff,entertainment,4,2,"artwork, artwork, artwork, museum","Joe DiMaggio, Giuseppe Garibaldi Monument, National Public Housing Museum"
882664ca91fffff,finance,1,1,bank,Old Second National Bank
882664ca91fffff,food_drink,29,4,"fast_food, fast_food, restaurant, restaurant, restaurant, restaurant, cafe, restaurant, restaurant, fast_food, restaurant, restaurant, restaurant, restaurant, cafe, fast_food, restaurant, restaurant, restaurant, restaurant, fast_food, restaurant, restaurant, pastry, fast_food, fast_food, cafe, restaurant, fast_food","Sbarro, Subway, Adda Indian Cuisine, Pompei, Porto’s Peri Peri, The Rosebud, University Of Illinois Hospital Cafeteria And Coffee Shop, Onimaki, Peanut Park Trattoria, The Patio, Mr. Greek Gyros, Yummy Thai, Kimura Japanese Cuisine, Tuk Tuk Indian Street Food, Living Water Tea House, Potbelly, Sweet Maple Cafe, Hana, De Pasada, Taylor’s Tacos, Dunkin', Stax Cafe, MiMi's Craft Kitchen, Insomnia Cookies, Jersey Mike's Subs, Chilango Mexican Street Food, OverLay Cafe, Conte Di Savolia, Taco Bell"
882664ca91fffff,grocery,6,3,"convenience, alcohol, convenience, bakery, bakery, convenience","Campus Market, Taylor Wine And Spirits, 7-Eleven, Scafuri Bakery & Cafe, Tous les Jours, Mobil Mart"
882664ca91fffff,health,4,3,"clinic, hospital, clinic, doctors","Emergancy Room, Rush University Medical Center, Union Health Service, Joan and Paul Rubschlager Building"
882664ca91fffff,lodging,2,1,"hotel, hotel","The Neighborhood Hotel - Little Italy, Courtyard by Marriott Chicago at Medical District / UIC"
882664ca91fffff,nightlife,5,1,"bar, bar, bar, bar, bar","Hawkeye’s Bar & Grill, Rooks Corner, Taylor Street Tap, Vintage Bar, The Embassy"
882664ca91fffff,services,1,1,post_office,Shipping & Beyond
882664ca91fffff,shopping,1,1,hardware,Chiarugi Hardware
882664ca91fffff,transport,5,2,"bicycle_rental, bicycle_rental, bicycle_rental, fuel, bicycle_rental","Loomis St & Lexington St, Throop St & Taylor St, Paulina St & Flournoy St, Mobil, Hermitage Ave & Polk St"
882664ca93fffff,civic_community,7,5,"community_centre, police, social_facility, place_of_worship, fire_station, social_facility, social_facility","Casa Michoacán, Chicago Police Department 12th District Station, SOS Children's Villages of Illinois, Greater Mount Sinai Baptist Church, Chicago Fire Department Engine Company 18"
882664ca93fffff,education,1,1,school,Chicago Tech Academy
882664ca93fffff,entertainment,1,1,artwork,
882664ca93fffff,food_drink,2,2,"cafe, restaurant","Efebina's, Taquieria Atotonilco"
882664ca93fffff,grocery,1,1,bakery,Don Churro
882664ca93fffff,health,1,1,pharmacy,CVS Pharmacy
882664ca93fffff,nightlife,1,1,bar,Twisted Cantina
882664ca93fffff,services,1,1,storage_rental,U-Stor-It
882664ca93fffff,transport,2,1,"bicycle_rental, bicycle_rental","Racine Ave & 13th St, Racine Ave & 15th St"
882664ca95fffff,civic_community,4,2,"information, social_facility, social_facility, information","Route 66, Central West Regional Senior Center, Mayor's Office for People woith Disabilites, Illinois Medical District"
882664ca95fffff,education,6,5,"college, kindergarten, university, library, school, school","Cook County Graduate School of Medicine, Bright Horizons, University of Illinois Chicago West Campus, Library of the Health Sciences, Chicago Hope Academy, Children of Peace Catholic School"
882664ca95fffff,entertainment,2,1,"artwork, artwork","Hippocrates, Mortar & Pestle"
882664ca95fffff,food_drink,17,6,"coffee, cafe, restaurant, cafe, fast_food, fast_food, fast_food, fast_food, food_court, fast_food, fast_food, fast_food, ice_cream, restaurant, fast_food, fast_food, fast_food","Café Descartes, Leaf and Bean Cafe, Lotus Banh Mi, Starbucks, Chipotle, Jimmy John's, Panda Express, Five Guys, Veterans Canteen Service - Cafeteria, Auntie Anne's, Pita Pita, Cinnabon, Carvel, Buffalo Wild Wings, Chick-fil-A, Schlotzsky's, Smoothie King"
882664ca95fffff,grocery,1,1,convenience,Veterans Canteen Service - Retail Store
882664ca95fffff,health,10,4,"clinic, doctors, clinic, hospital, hospital, clinic, clinic, hospital, clinic, pharmacy","Specialty Care Center, Bruno and Sallie Pasquinelli Outpatient Surgery Center, Emergancy Entrance, John H. Stroger, Jr. Hospital of Cook County, University of Illinois at Chicago Hospital, Ruth M. Rothstein CORE Center, Stroger Hospital Professional Building, Jesse Brown VA Medical Center, Emergency Room, Jesse Brown VA Outpaitiant Pharmacy"
882664ca95fffff,lodging,3,1,"hotel, hotel, hotel","Hyatt House Chicago - Medical / University District, Hampton Inn & Suites Chicago Medical District UIC, Hyatt Place Chicago - Medical / University District"
882664ca95fffff,services,1,1,mortuary,Cook County Medical Examiner
882664ca95fffff,shopping,1,1,clothes,Scrub Depot
882664ca95fffff,transport,3,1,"bicycle_rental, bicycle_rental, bicycle_rental","Ogden Ave & Congress Pkwy, Wolcott Ave & Polk St, Wood St & Taylor St"
882664ca97fffff,civic_community,9,3,"information, social_facility, place_of_worship, place_of_worship, social_facility, social_facility, social_facility, social_facility, social_facility","Illinois Center for Rehabilitation, New Zion Missionary Baptist Church, Zion Hill Missionary Baptist Church West, The Chicago Lighthouse for People Who Are Blind or Visually Impaired, Illinois Center for Rehabilitation and Education"
882664ca97fffff,education,5,2,"school, childcare, school, school, school","Simpson Academy for Young Women, New Zion Childcare Academy, Therapeutic School and Center for Autism Research, UIC College Prep"
882664ca97fffff,finance,5,2,"bank, atm, atm, atm, bank","Chase, Bank of America"
882664ca97fffff,food_drink,3,2,"fast_food, ice_cream, fast_food","Dunkin', Baskin-Robbins, Subway"
882664ca97fffff,grocery,1,1,supermarket,Jewel-Osco
882664ca97fffff,health,2,1,"clinic, clinic","DaVita Dialysis, Mile Square Health Center"
882664ca97fffff,services,1,1,hairdresser,Great Clips
882664ca97fffff,shopping,3,2,"clothes, clothes, wholesale","DTLR, Rainbow, Costco"
882664ca97fffff,transport,4,4,"bicycle_rental, charging_station, car_rental, fuel","Ashland Ave & 13th St, EVgo, DS Luxury, Costco Gasoline"
882664ca99fffff,automotive,2,2,"car_wash, car_repair","Shell, Caliber Collision"
882664ca99fffff,civic_community,6,4,"place_of_worship, information, place_of_worship, community_centre, social_facility, social_facility","Soul City Church, Notre Dame Roman Catholic Church, Crown Family YMCA Center, Mercy Home for Boys & Girls"
882664ca99fffff,education,7,2,"school, school, school, childcare, school, school, school","Notre Dame School, Whitney M. Young Magnet High School, Chicago World Language Academy, Blue Bird Day Care, Skinner West Elementary School, Skinner West Elementary School, Intercultural Montessori Language School"
882664ca99fffff,entertainment,4,3,"museum, artwork, theatre, theatre","WNDR Museum, Magoo – For Lord Buckley, UIC Theatre, Chicago Children's Theatre"
882664ca99fffff,finance,1,1,bank,First Eagle Bank
882664ca99fffff,food_drink,2,2,"restaurant, cafe","Pizza Hut, Starbucks"
882664ca99fffff,grocery,3,1,"convenience, convenience, convenience","Shell, 7-Eleven, Circle K"
882664ca99fffff,health,3,3,"dentist, veterinary, clinic","Enamel Dental, Animal Advocate Pet Hospital, Fresenius Kidney Care"
882664ca99fffff,services,2,2,"animal_boarding, storage_rental","Wag Hotels, Extra Space Storage"
882664ca99fffff,shopping,3,3,"florist, paint, department_store","Jazzy Flowers, Sherwin-Williams, Target"
882664ca99fffff,transport,8,3,"bicycle_rental, bicycle_rental, bicycle_rental, bicycle_rental, charging_station, charging_station, fuel, fuel","Aberdeen St & Jackson Blvd, Racine Ave & Congress Pkwy, Loomis St & Jackson Blvd, Aberdeen St & Monroe St, Blink ParkChip Garage - 1035 Van Buren, Shell, Shell"
882664ca9bfffff,civic_community,5,2,"information, information, place_of_worship, place_of_worship, place_of_worship","Holy Family Church, John Paul II Roman Catholic Center, Our Lady of Pompeii Roman Catholic Church"
882664ca9bfffff,education,7,4,"research_institute, university, university, school, library, school, school","Electronic Visualization Laboratory, University of Illinois Chicago, Saint Ignatius College Preparatory School, Richard J. Daley Library, Smyth Elementary School, Galileo Elementary School"
882664ca9bfffff,entertainment,6,2,"artwork, artwork, artwork, artwork, artwork, events_venue","Father Arnold Damen S.J., Saint Ignatius, Hull House Dining Hall"
882664ca9bfffff,finance,1,1,bank,Chase
882664ca9bfffff,food_drink,27,4,"restaurant, cafe, fast_food, restaurant, cafe, cafe, restaurant, restaurant, ice_cream, fast_food, fast_food, fast_food, restaurant, fast_food, fast_food, restaurant, fast_food, restaurant, cafe, restaurant, restaurant, restaurant, fast_food, restaurant, fast_food, fast_food, fast_food","Tufano's Vernon Park Tap, Two Shades Cafe, Au Bon Pain, Chez Joel Bistro, Demitasse Coffee, Gathers Tea Bar, Bar 10 Doors, ML Kitchen, KURIMU, Mochinut, Papa John's, the Bite, IDOF - I Dream of Falafel, Jimmy John's, Busy Burger, Jarabe, Subway, Thai Bowl, Chicago French Press, Curry On Fire, Azul 18, MK Noodle, Al's Beef, Tuscany, Carm's Little Italy, Fontano's Subs, Mario's Italian Lemonade"
882664ca9bfffff,grocery,2,2,"alcohol, convenience","Wine on Taylor, Food Hive"
882664ca9bfffff,leisure_sports,1,1,dojo,Chicago School Of Grappling
882664ca9bfffff,nightlife,1,1,bar,Little Joe’s Circle Lounge
882664ca9bfffff,services,2,2,"post_office, hairdresser","The UPS Store, Gents Barber Lounge"
882664ca9bfffff,shopping,3,3,"books, gift, chemist","First Aid Comics, Edible Arrangements, CVS Pharmacy"
882664ca9bfffff,transport,3,1,"bicycle_rental, bicycle_rental, bicycle_rental","May St & Taylor St, Morgan St & Polk St, Halsted St & Roosevelt Rd"
882664ca9dfffff,automotive,1,1,car_wash,BP
882664ca9dfffff,civic_community,2,2,"social_facility, place_of_worship","Erie Neighborhood House, Christ Temple Apostolic Faith Church"
882664ca9dfffff,education,3,3,"school, university, college","Chicago Graphic Arts Institute, Rush University, Malcolm X College"
882664ca9dfffff,entertainment,5,2,"artwork, artwork, artwork, artwork, events_venue","Michael Jordan, Stanislaw ""Stan"" Mikita, Robert Marvin ""Bobby"" Hull, Epiphany Center for the Arts"
882664ca9dfffff,food_drink,8,3,"fast_food, restaurant, restaurant, fast_food, cafe, restaurant, fast_food, fast_food","Au Bon Pain, SoJu BBQ, Queenie's Supper Club, Su Taqueria El Rey Del Taco, FROTH, Ricano’s, La Lagartija, Church's Chicken"
882664ca9dfffff,grocery,1,1,convenience,Papo's Express
882664ca9dfffff,health,6,2,"doctors, doctors, doctors, doctors, doctors, clinic","RUSH Pediatric Primary Care, Autism Assessment, Research, Treatment & Services Center, RUSH Adult and Pediatric Primary Care, RUSH Behavioral Medicine, RUSH Behavioral Medicine, Emergancy Entrance"
882664ca9dfffff,lodging,1,1,hotel,Hotel Chicago West Loop
882664ca9dfffff,nightlife,5,2,"bar, bar, bar, pub, pub","Mad West & Atrium Bar, Bunker, The Barn Hockey Bar, Park Tavern, Billy Goat Tavern & Grill"
882664ca9dfffff,shopping,1,1,clothes,Madhouse Team Store
882664ca9dfffff,transport,4,4,"bicycle_rental, valet_parking, fuel, taxi","Malcolm X College, BP, Uber Zone"
882664caa1fffff,civic_community,2,2,"information, place_of_worship","Garfield Park, Philadelphia Missionary Baptist Church"
882664caa1fffff,education,3,2,"school, childcare, school","Al Raby High School, YMCA Child Care, Providence Saint Mel High School"
882664caa1fffff,entertainment,2,1,"artwork, artwork","Robert Burns Memorial, Lincoln the Rail-Splitter"
882664caa1fffff,food_drink,2,2,"restaurant, cafe","Inspiration Kitchens, Semaphore Cafe"
882664caa1fffff,grocery,1,1,convenience,Falcon
882664caa1fffff,nightlife,1,1,bar,Lakeside Bar
882664caa1fffff,services,1,1,hairdresser,The Shop Barber Co.
882664caa1fffff,shopping,1,1,gift,Garfield Conservatory Gift Shop
882664caa1fffff,transport,3,2,"bicycle_rental, fuel, bicycle_rental","Central Park Ave & Washington Blvd, Falcon, Conservatory Dr & Lake St"
882664caa3fffff,civic_community,7,3,"place_of_worship, place_of_worship, courthouse, police, place_of_worship, place_of_worship, place_of_worship","Chicago Christian Church, The Tree of Life Church of Christ, Cook County Municipal Court, Chicago Police Department 11th District, People's Church of the Harvest, First Church of the Brethren, Spirit of Truth Church"
882664caa3fffff,education,1,1,school,Saint Philip Basilica High School
882664caa3fffff,grocery,1,1,convenience,Citgo
882664caa3fffff,health,2,2,"clinic, hospital","Fresenius Kidney Care, RML Specialty Hospital"
882664caa3fffff,shopping,1,1,variety_store,Family Dollar
882664caa3fffff,transport,4,2,"bicycle_rental, bicycle_rental, bicycle_rental, fuel","Central Park Blvd & 5th Ave, Kedzie Ave & Harrison St, Kedzie Ave & Jackson Blvd, Citgo"
882664caa5fffff,automotive,1,1,car_wash,Mobil
882664caa5fffff,civic_community,8,3,"place_of_worship, place_of_worship, fire_station, place_of_worship, community_centre, place_of_worship, place_of_worship, place_of_worship","Greater Mount Nebo Baptist Church, Pentecostal House of Prayer, Chicago Fire Department Engine Company 95, Bethel Lutheran Church, Off The Street Club, Keystone Baptist Church, St. Michael MB Church, Saint Barnabas Episcopal Church"
882664caa5fffff,education,4,2,"school, school, library, school","Debbies School of Beauty Culture, Bethel Lutheran School, Henry E. Legler Regional Library, Tilton Elementary School"
882664caa5fffff,finance,4,2,"bank, bank, bank, money_transfer","BMO, U.S. Bank, Chase, Western Union"
882664caa5fffff,food_drink,2,2,"restaurant, fast_food","Taste Buds, White Castle"
882664caa5fffff,grocery,2,1,"convenience, convenience","Mobil Mart, Pulaski & Lake Food Mart"
882664caa5fffff,health,1,1,clinic,Westside Community Triage & Wellness Center
882664caa5fffff,services,3,3,"beauty, tool_library, post_office","Star Nails, The Chicago Tool Library, Mary Alice Henry Post Office"
882664caa5fffff,shopping,9,4,"shoes, shoes, mobile_phone, clothes, clothes, furniture, clothes, shoes, shoes","Foot Locker, Kids Foot Locker, Metro by T-Mobile, DTLR, DTLR, West Town Liquidators, Rainbow, Foot Locker, Snipes"
882664caa5fffff,transport,3,2,"bicycle_rental, fuel, bicycle_rental","Karlov Ave & Madison St, Mobil, Pulaski Rd & Lake St"
882664caa7fffff,civic_community,5,2,"place_of_worship, place_of_worship, place_of_worship, information, place_of_worship","Olivet United Methodist Church, New Morning Star Missionary Baptist Church, Greater Star Missionary Baptist Church, Garfield Park, Greater Rock Missionary Baptist Church"
882664caa7fffff,education,2,1,"school, school","Genevieve Melody Elementary School, Leif Ericson Scholastic Academy"
882664caa7fffff,food_drink,1,1,fast_food,Jerk Taco Man
882664caa7fffff,grocery,3,2,"convenience, convenience, supermarket","Citgo, BP Shop, Save-A-Lot"
882664caa7fffff,transport,3,2,"bicycle_rental, fuel, fuel","Pulaski Rd & Congress Pkwy, Citgo, BP"
882664caa9fffff,civic_community,6,3,"social_facility, fire_station, place_of_worship, place_of_worship, social_facility, social_facility","Breakthrough Fresh Market, Chicago Fire Department Engine Company 44, Central Memorial Missionary Baptist Church, New Tabernacle of Faith, Hope Manor I, Breakthrough Urban Ministries FamilyPlex"
882664caa9fffff,education,4,1,"school, school, school, school","Saint Mathews School, Polaris Charter Academy, George Westinghouse College Prep, Morton School of Excellence"
882664caa9fffff,entertainment,2,1,"gallery, gallery","345 Gallery, Julius Caesar Chicago"
882664caa9fffff,food_drink,1,1,cafe,Bridge Cafe
882664caa9fffff,grocery,2,2,"convenience, alcohol","Three Stars Food Market, Franklin Super Foods & Liquors"
882664caa9fffff,health,3,1,"clinic, clinic, clinic","PCC Clinic at The Boulevard, LCHC at Garfield Park FamilyPlex, DaVita Dialysis"
882664caa9fffff,nightlife,1,1,bar,Rooster’s Place
882664caa9fffff,shopping,1,1,art,Goldfinch Gallery
882664caa9fffff,transport,1,1,bicycle_rental,Sacramento Blvd & Franklin Blvd
882664caabfffff,civic_community,11,2,"place_of_worship, place_of_worship, social_facility, place_of_worship, place_of_worship, place_of_worship, place_of_worship, place_of_worship, place_of_worship, place_of_worship, place_of_worship","Mission Unlimited Church of God in Christ, Rose of Sharon Community Baptist Church, Covenant House, Shiloh Missionary Baptist Church, Monroe Street Church of Christ, Walls Memorial Christian Methodist Episcopal Church, Mount Sinai Baptist Church, New Greater Exodus Missionary Baptist Church, Saint Joseph Baptist Church, New Greater Saint John Missionary Baptist Church, Our Lady of Sorrows Basilica"
882664caabfffff,education,6,1,"school, school, school, school, school, school","Our Lady of Sorrows School, Jacob Beidler Elementary School, Faraday Elementary School, Marshall Metro High School, Willa Cather Elementary School"
882664caabfffff,finance,1,1,money_transfer,Western Union
882664caabfffff,shopping,4,4,"electronics, mobile_phone, variety_store, garden_centre","Essannay Show It, Boost Mobile, Dollar Tree, City Escape Garden Center and Design Studio"
882664caabfffff,transport,2,1,"bicycle_rental, bicycle_rental","Kedzie Ave & Lake St, Troy St & Jackson Blvd"
882664caadfffff,civic_community,19,4,"information, information, information, information, information, information, information, information, information, information, information, information, information, information, place_of_worship, social_facility, place_of_worship, place_of_worship, community_centre","How to Read a Plant Label, Photosynthesis: Making Sugar from the Sun, Fern Room, Life Cycle of a Fern, Landscape Art Under Glass, Plants and People, Green Scene, Humongous Houseplants, Resilience Over Time, Amazing Adaptations, A Tree with Only Two Leaves, Function Follows Form, Boojum Tree, First Divine Providence Church, Senior Suites of West Humboldt Park, Good News Community Baptist Church, New Vision Non Denominational Church, Community Room"
882664caadfffff,education,1,1,school,Laura S. Ward Elementary School
882664caadfffff,entertainment,5,1,"artwork, artwork, artwork, artwork, artwork","Bulls with Maidens (World's Fair Bulls), Bulls with Maidens (World's Fair Bulls), Idyl, Persian Lilies"
882664caadfffff,food_drink,1,1,restaurant,Momentum Coffee
882664caadfffff,health,1,1,hospital,Garfield Park Behavioral Hospital
882664caadfffff,transport,1,1,bicycle_rental,Central Park Ave & Ohio St
882664cab1fffff,civic_community,12,3,"place_of_worship, place_of_worship, place_of_worship, place_of_worship, place_of_worship, social_facility, fire_station, place_of_worship, place_of_worship, place_of_worship, social_facility, social_facility","Gods Miracle Temple of Christ, Saint Luke Church of God in Christ, Holy Temple True Church of Christ, Saint Marks Lutheran Church, Light of the World Baptist Church, A Safe Haven Foundation, Chicago Fire Department Engine Company 107, Healing Temple Church of God in Christ, Free Will Missionary Baptist Church, Solid Rock MB Church, Rauner Family Veteran Studios"
882664cab1fffff,education,2,1,"school, school","Shepard School, Chalmers Elementary School"
882664cab1fffff,finance,1,1,bank,Wintrust Bank
882664cab1fffff,food_drink,2,2,"restaurant, cafe","Ja’Grill, Momentum Coffee"
882664cab1fffff,health,3,2,"clinic, clinic, hospital","One Lawndale Community Care & Surgery Center, Chicago VA Clinic, Schwab Rehabilitation Hospital"
882664cab1fffff,shopping,1,1,mobile_phone,Boost Mobile
882664cab1fffff,transport,1,1,bicycle_rental,Fairfield Ave & Roosevelt Rd
882664cab3fffff,civic_community,1,1,place_of_worship,Mount Bethlehem Missionary Baptist Church
882664cab3fffff,education,1,1,school,Plamondon Elementary School
882664cab3fffff,entertainment,55,1,"studio, studio, studio, studio, studio, studio, studio, studio, studio, studio, studio, studio, studio, studio, studio, studio, studio, studio, studio, studio, studio, studio, studio, studio, studio, studio, studio, studio, studio, studio, studio, studio, studio, studio, studio, studio, studio, studio, studio, studio, studio, studio, studio, studio, studio, studio, studio, studio, studio, studio, studio, studio, studio, studio, studio","Cinespace Main South Studio Building, Cinespace Main North Studio Building, Cinespace Main Center Studio Building, Cinespace Chicago Film Studios, Stage 2, Stage 7, Stage 9, Stage 8, Stage 1, Stage 15, Stage 4, Stage 14, Stage 3, Stage 6, Stage 18, Stage 43, Stage 17, Stage 20, Stage 32, Stage 42, Stage 22, Stage 34, Stage 33, Stage 23, Stage 16, Stage 40, Stage 19, Stage 47, Stage 41, Stage 39, Stage 24, Stage 21, Stage 5, Stage 10, Stage 11, Stage 12, Stage 13, Stage 28, Stage 27, Stage 26, Stage 25, Stage 36, Stage 35, Stage 44, Stage 31, Stage 30, Stage 29, Stage 37, Stage 38, Stage 51, Stage 50, Stage 49, Stage 48, Stage 46, Stage 45"
882664cab3fffff,food_drink,1,1,restaurant,Don's Grill
882664cab3fffff,health,1,1,hospital,Mount Sinai Hospital
882664cab3fffff,shopping,1,1,wholesale,Central Baking Supplies
882664cab3fffff,transport,1,1,bicycle_rental,Washtenaw Ave & Ogden Ave
882664cab5fffff,automotive,1,1,car_parts,O'Reilly Auto Parts
882664cab5fffff,civic_community,7,2,"place_of_worship, place_of_worship, place_of_worship, place_of_worship, police, place_of_worship, place_of_worship","Greater Thyatiya Missionary Baptist Church, Instant Deliverance Church of God in Christ, Saint Anthony Spiritual Church, Temple of Christ, Homan Square, Christian Valley Baptist Church, Greater Open Door Baptist Church"
882664cab5fffff,education,4,1,"school, school, school, school","Sears YMCA Day Care Center, LEARN Romano Butler Campus, Collins Academy High School, Joseph Kellman Corporate Community Elementary School"
882664cab5fffff,finance,1,1,bank,PNC Bank
882664cab5fffff,food_drink,3,1,"fast_food, fast_food, fast_food","Subway, Taco Bell, McDonald's"
882664cab5fffff,grocery,1,1,supermarket,Freshway Market
882664cab5fffff,shopping,1,1,clothes,Rainbow
882664cab5fffff,transport,3,1,"bicycle_rental, bicycle_rental, bicycle_rental","Kedzie Ave & Roosevelt Rd, Whipple St & Roosevelt Rd, Homan Ave & Fillmore St"
882664cab7fffff,civic_community,8,2,"place_of_worship, place_of_worship, place_of_worship, place_of_worship, place_of_worship, information, information, place_of_worship","New Bethel Temple United Methodist Church, Church of the Lord Jesus Christ of the Apostolic Faith, Revelation Church of God in Christ, Saint Agatha's Roman Catholic Church, Holy Sanctuary Community Church, Douglass Park, Route 66, Greater Christian Fellowship Missionary Baptist Church"
882664cab7fffff,education,3,1,"school, school, school","Saint Agatha's School, North Lawndale College Prep - Collins, Johnson Elementary School"
882664cab7fffff,entertainment,1,1,artwork,
882664cab7fffff,transport,3,1,"bicycle_rental, bicycle_rental, bicycle_rental","Albany Ave & 16th St, Albany Ave & Douglas Blvd, California Ave & 16th St"
882664cab9fffff,automotive,1,1,car,
882664cab9fffff,civic_community,1,1,place_of_worship,Precious Blood Roman Catholic Church
882664cab9fffff,education,2,1,"school, school","Washington Irving Elementary School, Precious Blood School"
882664cab9fffff,food_drink,2,2,"fast_food, coffee","Damenzo's Pizza, Muse Coffee Studio"
882664cab9fffff,grocery,1,1,convenience,
882664cab9fffff,nightlife,1,1,bar,The Slide Bar
882664cab9fffff,transport,2,1,"bicycle_rental, bicycle_rental","Western Ave & Fillmore St, Western Ave & Congress Pkwy"
882664cabbfffff,automotive,1,1,car_wash,Mobil
882664cabbfffff,civic_community,5,4,"courthouse, prison, social_facility, place_of_worship, social_facility","Cook County Juvenile Court, Juvenile Temporary Detention Center, Children's Advocacy Center, Holy Cross Baptist Church"
882664cabbfffff,education,1,1,school,Nancy B. Jefferson Alternative School
882664cabbfffff,food_drink,10,2,"fast_food, restaurant, restaurant, restaurant, restaurant, restaurant, fast_food, fast_food, fast_food, fast_food","Burger King, EL Ideas, Jarabe- Mexican Street Food, Bacci Pizzeria, Taco Pros, Jerky Jerk, KFC, White Castle, Lulu's Hot Dogs, McDonald's"
882664cabbfffff,grocery,4,2,"bakery, bakery, convenience, convenience","K-suerte Cookies & Cards, Original Ferrara Bakery, Mobil Mart, Shell"
882664cabbfffff,shopping,1,1,cannabis,Zen Leaf
882664cabbfffff,transport,3,2,"bicycle_rental, fuel, fuel","Ogden Ave & Roosevelt Rd, Shell, Mobil"
882664cabdfffff,automotive,1,1,car_wash,BP
882664cabdfffff,civic_community,13,2,"place_of_worship, place_of_worship, place_of_worship, place_of_worship, place_of_worship, place_of_worship, place_of_worship, social_facility, place_of_worship, place_of_worship, place_of_worship, social_facility, social_facility","Light House Gospel Missionary Baptist Church, Mars Hill Missionary Baptist Church, Greater Mount Zion Baptist Church, Emanuel Church of God in Christ, Mary F Butler Memorial African Methodist Episcopal Church, Good Hope Freewill Baptist Church, Zion Travelers Missionary Baptist Church, Deborah's Place, Pleasant Grove Baptist Church, The Holy Trinity Baptist Church, Saint Francis Cabrini Roman Catholic Church, Vince & Pat Foglia Family & Youth Center"
882664cabdfffff,education,5,2,"school, kindergarten, school, school, school","Saint Francis Cabrini Learning Center, Dorie Miller Child Parent Center, LEARN Charles and Dorothy Campbell Campus, Manley High School, Jensen Elementary Scholastic Academy"
882664cabdfffff,entertainment,1,1,arts_centre,Art West Chicago
882664cabdfffff,food_drink,2,1,"restaurant, restaurant",Joe Willie's
882664cabdfffff,grocery,2,1,"convenience, convenience","Marathon, BP Shop"
882664cabdfffff,health,1,1,clinic,The Encompassing Center
882664cabdfffff,shopping,2,2,"garden_centre, clothes","Herban Produce, Fort Maner"
882664cabdfffff,transport,4,2,"bicycle_rental, bicycle_rental, fuel, fuel","Mozart St & Jackson Blvd, Sacramento Blvd & Polk St, Marathon, BP"
882664cac1fffff,automotive,1,1,tyres,Tire Shop
882664cac1fffff,civic_community,6,2,"place_of_worship, information, information, information, information, place_of_worship","Rehoboth Christian Church, Wicker Park Lutheran Church"
882664cac1fffff,education,4,3,"public_bath, school, kindergarten, school","Red Square, Pritzker Elementary School, Guidepost Montessori"
882664cac1fffff,entertainment,1,1,artwork,Charles Gustavus Wicker
882664cac1fffff,finance,7,3,"atm, pawnbroker, bank, bank, bank, bank, bank","Chase, Cash America Pawn, Chase, Belmont Bank & Trust, Chase, Wells Fargo, Byline Bank"
882664cac1fffff,food_drink,83,6,"restaurant, restaurant, restaurant, restaurant, cafe, restaurant, cafe, restaurant, restaurant, restaurant, restaurant, cafe, restaurant, restaurant, restaurant, restaurant, ice_cream, restaurant, restaurant, restaurant, restaurant, restaurant, restaurant, restaurant, restaurant, fast_food, fast_food, restaurant, restaurant, fast_food, restaurant, restaurant, restaurant, fast_food, restaurant, restaurant, restaurant, restaurant, coffee, restaurant, cafe, pastry, cafe, restaurant, restaurant, cafe, restaurant, cafe, cafe, restaurant, fast_food, restaurant, restaurant, cafe, fast_food, restaurant, restaurant, fast_food, cafe, fast_food, fast_food, restaurant, restaurant, restaurant, restaurant, fast_food, restaurant, cafe, cafe, ice_cream, ice_cream, cafe, cafe, cafe, fast_food, restaurant, restaurant, restaurant, restaurant, restaurant, restaurant, fast_food, restaurant","Sultan's Market, Milk and Honey Cafe, Piece Brewery & Pizzeria, Brü Chicago, Sarima Cafe, The Bongo Room, La Colombe Coffee Roasters, The Wormhole Coffee, Antique Taco, Dove's Luncheonette, Seoul Stick, Stan's Donuts & Coffee, Mirai Sushi, El Bagel Cafe, Whadda Jerk, Taxim, Red Mango, Nori, Oiistar, The Tamale Spaceship, Craft Pizza, Lou Malnati's Pizzeria, Amaru, Pasta Bowl, 5411 Empanadas - Wicker Park, Flash Taco, Underdog, Enso Sushi & Bar, Dimo's Pizza, Potbelly, Phodega, Via Carducci, Shawarma Garden, Café Istanbul, Urbanbelly, Clever Rabbit, Paradise Park, Paulie Gee's, Caffe Gelato, En Hakkore 2.0, Volumes Bookcafe, Insomnia Cookies, Red Square Cafe And Lounge, Sushi Taku, Takito Kitchen, Toms Roasting Co, Elia, Kanela Breakfast Club, Typica Cafe, Meraki Room, Jimmy John's, Seoul Taco, World Nutrition, Cafe Robey, Salt Burgers + Fries, Bourbon On Division, Sunshine Daydream, Taco Bell, Uni Uni Bubble Tea, Devil Dawgs Wicker Park, Sweetgreen, Tacombi, rumi Middle Eastern Grill, CAVA, Little Wok, Cheba Hut ""Toasted"" Subs, Janik's Cafe, Colectivo Coffee, Foxtrot Market, Jeni's Splendid Ice Creams, Van Leeuwen Ice Cream, Discourse Coffee Workshop, Oro Chocolate & Coffee, Tap Tea, Harold's Chicken Shack, Bigsuda, Cumin, Ina Mae Tavern & Packaged Goods, Big Star, Bloom Plant Based Kitchen, Pierogi Kitchen, Bodega Bay Chicago, Chop Shop"
882664cac1fffff,grocery,7,4,"greengrocer, bakery, alcohol, wine, bakery, alcohol, bakery","Go Grocer, Artemio's Bakery, D&D Liquors, Liquor Park, Brobagel, Liquor Park, Mindy’s Bakery"
882664cac1fffff,health,6,5,"optician, dentist, clinic, clinic, pharmacy, veterinary","Urban Eyecare, Kindbody (formerly Vios), Midwest Express Clinic, Walgreens"
882664cac1fffff,lodging,1,1,hostel,IHSP Chicago Hostel
882664cac1fffff,nightlife,18,3,"pub, bar, bar, bar, bar, bar, bar, bar, bar, bar, pub, bar, pub, pub, bar, bar, nightclub, bar","Nick’s Beer Garden, Rainbo Club, Blue Line Lounge & Grill, Little Olive Lounge, Dorian’s, Easy Bar, The Revel Room, The Flat Iron, Whiskey Business, No Bones Beach Club, The Perch Kitchen and Tap, Valedor, Fatpour Tap Works, Emporium Arcade Bar, Davenport's, Swig, Subterranean, Estelle's"
882664cac1fffff,services,19,6,"dry_cleaning, dry_cleaning, beauty, beauty, dry_cleaning, beauty, dry_cleaning, hairdresser, dry_cleaning, post_office, beauty, dry_cleaning, beauty, hairdresser, tattoo, beauty, massage, hairdresser, dry_cleaning","Wicker Park Cleaners, Wicked Nails, Asia Nails, U.S. Cleaners, Trim, Fame Cleaners, Winchester Club, Cleaners On Division, The UPS Store, Epoch Salon, Pure Cleaners, The Ordinary, Fringe / A Salon, Metamorph Tattoo studios, Mojo Spa, Massage Envy, Floyd's 99 Barbershop, Express Cleaners"
882664cac1fffff,shopping,51,16,"florist, music, clothes, florist, hifi, books, second_hand, clothes, music, clothes, clothes, shoes, shoes, shoes, clothes, clothes, houseware, clothes, clothes, clothes, clothes, shoes, art, clothes, clothes, bag, cannabis, clothes, shoes, mobile_phone, watches, clothes, tobacco, tobacco, tobacco, pet, second_hand, fashion_accessories, fashion_accessories, shoes, clothes, clothes, clothes, books, clothes, clothes, clothes, clothes, clothes, books, cannabis","Asrai Garden, Reckless Records, Penelope's, Cattails, Decibel Audio, Myopic Books, 2nd STREET, Carhartt, The Exchange, Una Mae's, Levi's, Dr. Martens, Steve Madden, Saint Alfred, G-Star Raw, Crossroads Trading Co., Goldblatt Sewing Machines, Vintage Underground, Ragstock, Free People, Buffalo Exchange, Endless Supply, Jackson Junge Gallery, Transit Tees, Futurgarb, Flight 001, THC by Chitiva Wicker Park Bucktown, Akira Men, Tom's, AT&T, Shinola, Lululemon, SmokeTimes, Wicker Park Tobbaconist, Genie Smoke Shop, Doggy Style Pet Shop, CEA Estate Sale Finds & Consignments, Mulberry & Me, Topdrawer, Supreme, Adidas Originals, Free People, store B vintage, Barnes & Noble, Past Studies, Demolition Collective, Round Two, Abercrombie & Fitch, Urban Outfitters, Quimby's, Elevated Minds"
882664cac1fffff,transport,4,1,"bicycle_rental, bicycle_rental, bicycle_rental, bicycle_rental","Damen Ave & Pierce Ave, Wood St & Milwaukee Ave, Damen Ave & Division St, Damen Ave / Wicker Park Ave"
882664cac3fffff,automotive,2,1,"car_repair, car_repair","Chicago Auto Repair Service Inc., Augusta & Paulina Auto Repair"
882664cac3fffff,civic_community,3,2,"place_of_worship, place_of_worship, police","Saint Stephen King of Hungary Roman Catholic Church, Saint George Orthodox Cathedral, Cook County Sheriff's Central Warrants Division"
882664cac3fffff,education,3,2,"childcare, school, school","iLearn Center, Wells Community Academy High School, LaSalle II Magnet School"
882664cac3fffff,entertainment,3,2,"artwork, gallery, gallery","Shit Fountain, Western Exhibitions, Rhona Hoffman Gallery"
882664cac3fffff,food_drink,42,4,"restaurant, restaurant, restaurant, cafe, cafe, restaurant, restaurant, restaurant, restaurant, restaurant, restaurant, restaurant, restaurant, restaurant, cafe, restaurant, cafe, restaurant, restaurant, restaurant, cafe, restaurant, fast_food, restaurant, ice_cream, restaurant, restaurant, cafe, ice_cream, cafe, ice_cream, restaurant, restaurant, cafe, cafe, restaurant, restaurant, restaurant, restaurant, restaurant, restaurant, restaurant","Bordel, The Boil Seafood, Alegrias Seafood Chicago, Mano Modern Cafe, Starbucks, Lilac Tiger, Doña Naty's Tacos, JJ Thai Street Food, Yuzu Sushi + Robata Grill, Brasero, Dell’s Rooster, Bonchon Chicken, Sabroso! Mexican Grill, Starfruit Cafe, Temporis, Tropikava, Kimchi Pop, Tai Nang, 5411 Empanadas - Division, Coco Ice Cream, Tortello, Naty's Pizza, Koko's Mediterranean, Black Dog Gelato, Chicago Empanada Mama, The Coach House by Wazwan, Engine Coffee, La Flor Michoacana 3, Foxtrot Market, The Original Rainbow Cone, La Condesa, Greek Corner, Plenty Goods Cafe, Altar Cafe, Little Victories, Milly’s in the Pan, El Taco Veloz, Kasama, El Barco Mariscos, Pizza Metro, Parlor Pizza Bar"
882664cac3fffff,grocery,9,4,"bakery, alcohol, bakery, greengrocer, bakery, convenience, convenience, bakery, convenience","Alliance Bakery, Division Street Liquors, Sweet Delights, Epic Spices, Tous les Jours, Frutería y Carnicería San José, La Cuencanita, Bear Stewart Corporation, Shell"
882664cac3fffff,health,5,2,"optician, optician, dentist, optician, optician","D/V Optical, Pearle Vision, East Village Dental, Village Eyecare"
882664cac3fffff,lodging,2,1,"hostel, hostel","Holiday Jones, Alexandra's place"
882664cac3fffff,nightlife,10,2,"bar, bar, pub, bar, bar, pub, bar, bar, bar, bar","Nilda's Place, Innertown Pub, Mac's American Food & Drink, Gold Star Bar, Bangers & Lace, Anthem, Forbidden Root Restaurant & Brewery, Zakopane, Ola’s Liquor, Phyllis' Musical Inn"
882664cac3fffff,services,4,3,"beauty, hairdresser, spa, hairdresser","Ruby Room, Volume Hair Salon, Spa Social"
882664cac3fffff,shopping,5,4,"clothes, clothes, paint, houseware, music","Trillium, Alcala's Western Wear, C.G. Floor Finishes and Paint Supply, Altar Home, Dusty Groove"
882664cac3fffff,transport,7,2,"bicycle_rental, bicycle_rental, bicycle_rental, bicycle_rental, bicycle_rental, bicycle_rental, fuel","Ashland Ave & Augusta Blvd, Paulina St & Division St, Wood St & Chicago Ave, Damen Ave & Thomas St (Augusta Blvd), Wood St & Augusta Blvd, Honore St & Division St, Shell"
882664cac5fffff,automotive,3,2,"car_parts, car_wash, car_parts","O'Reilly Auto Parts, AutoZone"
882664cac5fffff,civic_community,10,4,"place_of_worship, place_of_worship, information, fire_station, place_of_worship, place_of_worship, place_of_worship, place_of_worship, place_of_worship, social_facility","Rockwell Baptist Church, Church of the Comforter, Chicago Fire Department Engine Company 57, Sure Foundation Missionary Baptist Church, Mount Gilead Missionary Baptist Church, Saint Aloysius Roman Catholic Church, Saint George Belarusian Orthodox Church, Saint Paul Evangelical Lutheran Church, Chicago Community Counseling Center"
882664cac5fffff,education,5,2,"childcare, school, school, school, school","The Nook, Jose de Diego Community Academy, Josephinum Academy of the Sacred Heart, Sabin Magnet Dual Language School, Erie Elementary Charter School"
882664cac5fffff,finance,2,2,"atm, bureau_de_change","Chase, Check Express"
882664cac5fffff,food_drink,18,4,"restaurant, restaurant, restaurant, restaurant, cafe, fast_food, restaurant, restaurant, restaurant, restaurant, cafe, cafe, ice_cream, restaurant, restaurant, restaurant, fast_food, fast_food","Handlebar, Thai Lagoon, Rangoli, So Gong Dong, Señor Pan Cafe, Subway, Barbaro Taqueria, 1492 Cuban Fusion, Bulerias Tapas Bar, Cup & Spoon, Drink Happy Thoughts, Sun Rey Cafe, Baskin-Robbins, Izakaya Shinya, Indian Paradise, Bon Bon Sandwiches, Dunkin', Chipotle"
882664cac5fffff,grocery,4,3,"bakery, convenience, alcohol, convenience","Bake, Shell, La Junqueña, Circle K"
882664cac5fffff,health,5,4,"dentist, clinic, clinic, pharmacy, hospital","Dental Magic, Angelo Medical Clinic, Walgreens, Saint Elizabeth Hospital"
882664cac5fffff,leisure_sports,1,1,video_games,GameStop
882664cac5fffff,nightlife,1,1,pub,West On North
882664cac5fffff,services,2,2,"tattoo, laundry",Chicago True Blue Tattoo
882664cac5fffff,shopping,5,4,"furniture, art, electronics, furniture, paint","An Orange Moon, Tom Robinson Gallery, L&L Appliance Mart, North Avenue Collection, Sherwin-Williams"
882664cac5fffff,transport,3,2,"bicycle_rental, bicycle_rental, fuel","Campbell Ave & North Ave, Claremont Ave & Hirsch St, Shell"
882664cac7fffff,civic_community,9,1,"place_of_worship, place_of_worship, place_of_worship, place_of_worship, place_of_worship, place_of_worship, place_of_worship, place_of_worship, place_of_worship","Miracle Healing Temple, Hoyne Avenue Wesleyan Church, New Hope Bible Church, San Marco United Presbyterian Church, Saint Nicholas Ukrainian Catholic Cathedral, Saint Volodymyr Ukrainian Orthodox Cathedral, Saint Helen Catholic Church, Thai Buddhist Temple, Holy Trinity Orthodox Cathedral"
882664cac7fffff,education,8,3,"school, school, language_school, music_school, school, school, school, school","Saint Mark Headstart Center, Saint Mary of Nazareth Hospital School of Nursing, School of Ukrainian Studies, Saint Nicholas School of the Arts, Roberto Clemente Community Academy, Ruth Bader Ginsburg Elementary School, Українська Католицька Школа Святого Миколая;Saint Nicholas Cathedral School, Saint Helen's School"
882664cac7fffff,entertainment,4,3,"artwork, events_venue, gallery, artwork","Create Your Space Studio, Patient Info, Paseo Bourica Gateway Flags"
882664cac7fffff,finance,1,1,bank,Fifth Third Bank
882664cac7fffff,food_drink,18,4,"restaurant, restaurant, cafe, restaurant, restaurant, restaurant, restaurant, restaurant, restaurant, cafe, deli, restaurant, restaurant, restaurant, fast_food, fast_food, restaurant, cafe","Boeufhaus, Enoteca Roma Ristorante, Letizia's Natural Bakery, Folklore, Mirella's Tavern, Thai Village, Joey G's Mac 'N Cheese, Silli Kori, Salsa Picante, Kanela Breakfast Club, Rich’s Deli, Los 3 Compadres de Guerrero, Do-Over Diner, Pizza Friendly Pizza, Dunkin', Fatso's Last Stand, New China Restaurant, Purple Llama"
882664cac7fffff,grocery,1,1,convenience,Amish & Healthy Foods
882664cac7fffff,health,6,5,"clinic, medical_supply, doctors, dentist, hospital, clinic","Specialized Forensic Unit PC, Total Home Health, Dr. Barbara Klempel M.D., 32 & U Dental, Saint Mary of Nazareth Hospital, Erie Family Health Center"
882664cac7fffff,nightlife,11,2,"bar, bar, bar, pub, pub, bar, pub, bar, bar, bar, bar","J&M Tap, Sportsman's Club, Stella's Tap, Innjoy, The Fifty/50, Blind Robin, Pub Royale, Queen Mary Tavern, EZ Inn, Stella’s Sports Bar, The Empty Bottle"
882664cac7fffff,services,5,4,"laundry, hairdresser, hairdresser, dry_cleaning, beauty","Village Laundry, Charisma Hair Studio, Rare Bird Beauties Studio, Village Laundry Dry Cleaners, BadazzNailzz Salon"
882664cac7fffff,shopping,5,5,"music, e-cigarette, antiques, florist, toys","Wild Prairie Vinyl & Vintage Clothing, Blaze Chicago, Olive Jewel Vintage & Antiques, InFlorEscence, Building Blocks Toy Store"
882664cac7fffff,transport,3,1,"bicycle_rental, bicycle_rental, bicycle_rental","Western Ave & Division St, Leavitt St & Division St, Western Ave & Walton St"
882664cac9fffff,automotive,5,2,"car_repair, car, car, car, car","Howard Orloff - Volvo, Jaguar, Land Rover, Mercedes-Benz of Chicago, Fletcher Jones Audi"
882664cac9fffff,civic_community,6,5,"social_centre, information, information, social_facility, monastery, place_of_worship","AMVETS FDR Post 923, The Night Ministry, Saint Mary of the Angels Convent, Saint Mary of the Angels"
882664cac9fffff,education,5,2,"school, childcare, school, school, school","Annunciation School, Drummond Elementary School, Saint Mary of the Angels School, Burr Elementary School"
882664cac9fffff,entertainment,1,1,viewpoint,
882664cac9fffff,food_drink,8,3,"restaurant, restaurant, cafe, restaurant, restaurant, restaurant, restaurant, fast_food","Club Lucky, Lucia’s Gourmet Italian Cuisine, Gallery Cafe, The Delta, etta, Hollywood Grill, The Hat, Chopper's"
882664cac9fffff,grocery,2,2,"convenience, alcohol","Bucktown Market, Vin Chicago"
882664cac9fffff,health,1,1,dentist,Dente Complete Dentistry
882664cac9fffff,lodging,1,1,hotel,Hyatt Place Chicago / Wicker Park
882664cac9fffff,nightlife,5,2,"bar, pub, bar, pub, bar","Lincoln Tavern, Bucktown Pub, Rory Lake’s Karaoke Dreams, Louie's Pub, Backstory Tavern"
882664cac9fffff,services,4,3,"beauty, laundry, beauty, storage_rental","Karyn's, Coin Laundry, H Med Spa, Public Storage"
882664cac9fffff,shopping,3,3,"e-cigarette, clothes, music","Level Vape, Akira Chicago, Ave N Guitars"
882664cac9fffff,transport,3,1,"bicycle_rental, bicycle_rental, bicycle_rental","Elston Ave & Cortland St, Walsh Park, Paulina St & North Ave"
882664cacbfffff,automotive,1,1,car_repair,Arandas Tires & Rims
882664cacbfffff,civic_community,4,2,"fire_station, place_of_worship, place_of_worship, place_of_worship","Chicago Fire Department Engine Company 30, Holy Trinity Catholic Church, Saint Stanislaus Kostka Roman Catholic Church, First Bethlehem Evangelical Lutheran Church"
882664cacbfffff,education,6,1,"school, school, school, school, school, school","Holy Trinity High School, Oak Therapeutic School, Near North Montessori School, Rowe Elementary School, Rudy Lozano Bilingual & International Center Elementary School, Saint Stanislaus Kostka Academy"
882664cacbfffff,entertainment,4,2,"theatre, gallery, theatre, theatre","The Den, Young Chicago Authors, The Comedy Clubhouse, Chopin Theatre"
882664cacbfffff,finance,2,1,"bank, bank","PNC Bank, Fifth Third Bank"
882664cacbfffff,food_drink,32,4,"fast_food, fast_food, restaurant, restaurant, restaurant, restaurant, cafe, cafe, restaurant, restaurant, restaurant, fast_food, fast_food, restaurant, fast_food, ice_cream, cafe, ice_cream, restaurant, restaurant, restaurant, ice_cream, cafe, restaurant, restaurant, fast_food, fast_food, restaurant, restaurant, fast_food, fast_food, restaurant","La Pasadita, Falafel & Grill, Usagi Ya, Kin Sushi & Thai Cuisine, BIG & little’s Restaurant, Caspian Kabab Fine Persian Cuisine, Haven Lounge, Hot Shots Cafe, Schwa, Komorebi Sushi, Mariscos La Costa, Dunkin', Popeyes, Seadog Sushi Bar, Kung FU Pizza Slices, Vaca's Creamery, Philz Coffee, Kurimu, Dr. Bird's Jamaican Patty Shack, 1308, Daebak Korean BBQ, Baskin-Robbins, Kung Fu Tea, Lawn Craft Hamburger, Podhalanka, Wendy's, Burger King, Mott St, Potbelly, Subway, Iron Age Korean Steakhouse"
882664cacbfffff,grocery,8,5,"supermarket, convenience, alcohol, bakery, greengrocer, alcohol, convenience, convenience","Jewel-Osco, Green Arch Food Mart, Crater Food & Liquor, Lovely Bake Shop, Garden Gourmet Grocery, Garfield's Beverage Company, BP Shop, Shell"
882664cacbfffff,health,5,4,"optician, veterinary, doctors, optician, dentist","Forsite Optical, Wicker Park Veterinary Clinic, Innovative Primary Care, America's Best Contacts & Eyeglasses, Urban Smiles Dental"
882664cacbfffff,leisure_sports,2,1,"sports, sports","City Sports, Espace Running & Trail"
882664cacbfffff,nightlife,2,1,"bar, bar","The Standard, Rite Liquors"
882664cacbfffff,services,9,8,"post_office, beauty, laundry, hairdresser, hairdresser, dry_cleaning, copyshop, storage_rental, cosmetics","Wicker Park Post Office, Salon M-Oka, The Grooming Lounge, Great Clips, Division Cleaners, Copy Max, Extra Space Storage, Ulta Beauty"
882664cacbfffff,shopping,24,16,"clothes, music, clothes, jewelry, clothes, second_hand, art, books, art, doityourself, department_store, clothes, furniture, mobile_phone, shoes, mobile_phone, shoes, books, cannabis, wigs, candles, pet, party, mobile_phone","Mildblend Supply Co., Shuga Records, Kokorokoko, Fausto's Jewelry, Belmont Army, The Ark, David Leonardis Gallery, Occult Bookstore, 1112 Gallery, Lowe's, Target, Iridium, Milwaukee Furniture, Verizon, Foot Locker, Cricket Wireless, Yes Shoes, 826CHI, Spark'd Dispensary, Wigs & Plus, Black Luxe Candle Co., Pet Supplies Plus, Halloween Hallway Costume Store, T-Mobile"
882664cacbfffff,transport,4,2,"bicycle_rental, bicycle_rental, fuel, fuel","Ashland Ave & Blackhawk St, The Salt Shed, BP, Shell"
882664cacdfffff,automotive,3,1,"car_repair, car_repair, car_repair","Damen Auto Repair, Delgado's"
882664cacdfffff,civic_community,14,2,"information, information, information, information, information, information, information, information, information, information, information, information, information, fire_station",Chicago Fire Department  Engine Company 35
882664cacdfffff,education,3,3,"school, music_school, library","Puerto Rican High School, Bucktown Music, Bucktown-Wicker Park Branch Library"
882664cacdfffff,entertainment,5,2,"viewpoint, artwork, artwork, artwork, artwork",A Greater Perspective
882664cacdfffff,finance,2,2,"bank, atm","First Merit, Bank of America"
882664cacdfffff,food_drink,29,3,"restaurant, cafe, restaurant, restaurant, restaurant, fast_food, restaurant, fast_food, restaurant, restaurant, restaurant, cafe, restaurant, cafe, cafe, restaurant, restaurant, restaurant, restaurant, cafe, cafe, restaurant, fast_food, fast_food, fast_food, fast_food, cafe, cafe, fast_food","Jack & Ginger's, Starbucks, Cafe Laguardia, Lucky's Sandwich Co., Silom 12, George's Hot Dogs, En Hakkore, Sarpino's Pizzeria, Presidio, Le Café Station Grill, Sushi Para M, Ipsento 606, The StopAlong, Goddess and Grocer, Rapha - Chicago, The Tankard, The Bento Box, JuiceRx, Chengdu Bistro, Starbucks, thrd, Irazu, McDonald's, Sam's Red Hots, Wingstop, Chipotle, Mindy's Hot Chocolate, Red June, Small Cheval"
882664cacdfffff,grocery,6,4,"convenience, alcohol, convenience, supermarket, bakery, bakery","Olivia's Market, Garfield's Beverage Express, Wicker Park Bodega, Aldi, Urban Icing, Olivia’s Market"
882664cacdfffff,health,3,2,"optician, clinic, clinic","Sight Optical, Physicians Immediate Care, Northwestern Medicine Bucktown"
882664cacdfffff,leisure_sports,4,1,"sports, sports, sports, sports","Bandit Running, Uprise, Finish Line, Rapha"
882664cacdfffff,lodging,1,1,hostel,Urban Holiday Lofts
882664cacdfffff,nightlife,9,2,"bar, bar, bar, bar, bar, bar, bar, bar, pub","Floyd's Pub, Red & White Wine Bar, Lemming’s Tavern, The Royal Palms Shuffleboard Club, TRUCE, Ed and Jean’s Tavern, The Map Room, Remedy, Lottie's Pub"
882664cacdfffff,services,9,5,"cosmetics, dry_cleaning, beauty, cosmetics, hairdresser, dry_cleaning, beauty, post_office, hairdresser","Lush, Pink Nail Spa, Aesop, Chicago Barbershop, Advanced Cleaners, Karen Marie Salon, The UPS Store, Black River Barbershop"
882664cacdfffff,shopping,27,13,"books, florist, video, clothes, clothes, clothes, clothes, clothes, clothes, bicycle, bicycle, cannabis, educational_supply, clothes;stationary, bicycle, mobile_phone, bed, music, bicycle, clothes, clothes, clothes, cannabis, pet, bag, clothes, clothes","Challengers Comics, Pistil & Vine, Odd Obsession, Apartment No. 9, RSVP Gallery, Belly Dance Maternity, Diptyque, Steven Alan, Joe's, Trek, BFF Bikes, Chicago Teacher, Bow & Arrow, Earth Rider Cycling, Verizon, Mattress Firm, Terror Vision, Stellar Cycleworks, Seraphine, Salomon, Big Bud Press, Ivy Hall Dispensary, Kriser's Natural Pet, BAGGU, Club Monaco"
882664cacdfffff,transport,7,2,"bicycle_rental, bicycle_rental, bicycle_rental, bicycle_rental, bicycle_rental, car_rental, bicycle_rental","Damen Ave & Cortland Ave, Leavitt St & Armitage Ave, Leavitt St & North Ave, Milwaukee Ave & Wabansia Ave, Western Ave & Winnebago Ave, Enterprise, Damen Ave & Wabansia Ave"
882664cad1fffff,automotive,2,1,"car_repair, car_repair","Erie LaSalle Body Shop, Ogden Automotive"
882664cad1fffff,civic_community,2,2,"place_of_worship, social_facility","Santa Maria Addolorata Catholic Church, Erie Neighborhood House"
882664cad1fffff,education,3,1,"school, school, school","Ogden International High School, Rauner College Prep, Bennett Day School"
882664cad1fffff,entertainment,1,1,artwork,Flame Of The Millennium
882664cad1fffff,finance,1,1,bank,Byline Bank
882664cad1fffff,food_drink,20,4,"deli, restaurant, restaurant, restaurant, cafe, fast_food, restaurant, cafe, restaurant, restaurant, restaurant, restaurant, restaurant, restaurant, cafe, restaurant, fast_food, restaurant, restaurant, restaurant","Bari, Taqueria El Jardin, Mister Tiger, Butterfly Sushi Bar & Thai Cuisine, Move Along Coffee, Vinnie’s Sub Shop, Oggi Trattoria, Starbucks, Jordyn's Soul Cafe, Elina's, Salerno's Pizza at Chicago, Pasta Veneta, TABÚ, Pizz’Amici, Bar Tutto, Bocadillo Market, Zayna Mediterranean Grill, Tsukiji Sushi Sake Bar, Coalfire, Mart Anthony's"
882664cad1fffff,grocery,4,2,"bakery, bakery, bakery, wine","D'Amato's Bakery, Amy Beck Cake Design, D’Amato’s Wholesale Bakery, Grand Cru"
882664cad1fffff,nightlife,4,1,"bar, bar, bar, bar","Diego, Tavern El Chubasco, The Dandy Crown, The Aberdeen Tap"
882664cad1fffff,shopping,6,2,"florist, furniture, furniture, furniture, furniture, furniture","Steve's Flower Market, Carefully Picked, UPLIFT Desk at Fulton Market, Herman Miller, Design Within Reach, Sandler"
882664cad1fffff,transport,2,1,"bicycle_rental, bicycle_rental","Carpenter St & Huron St, Ogden Ave & Race Ave"
882664cad3fffff,civic_community,2,1,"information, information",
882664cad3fffff,education,6,6,"music_school, prep_school, training, kindergarten, library, school","Merit School of Music, Mathnasium, Hamburger University, Guidepost Montessori, West Loop Branch Library"
882664cad3fffff,entertainment,6,4,"events_venue, artwork, gallery, artwork, studio, artwork","Morgan's on Fulton, Oprah Winfrey Mural, Kavi Gupta Gallery, WCIU-TV Studios, Fulton Market District Gateway"
882664cad3fffff,finance,9,1,"bank, bank, bank, bank, bank, bank, bank, bank, bank","South Central Bank, Chase, BMO, Fifth Third Bank, Wells Fargo, Chase, Belmont Bank & Trust, Wintrust Bank Fulton Market, Bank of America"
882664cad3fffff,food_drink,127,5,"fast_food, cafe, restaurant, restaurant, restaurant, restaurant, cafe, restaurant, cafe, restaurant, restaurant, restaurant, restaurant, restaurant, restaurant, restaurant, restaurant, restaurant, restaurant, restaurant, cafe, fast_food, restaurant, restaurant, restaurant, restaurant, restaurant, restaurant, restaurant, cafe, restaurant, restaurant, restaurant, restaurant, ice_cream, restaurant, restaurant, deli, restaurant, restaurant, restaurant, cafe, restaurant, restaurant, restaurant, cafe, restaurant, restaurant, cafe, restaurant, restaurant, restaurant, restaurant, restaurant, fast_food, ice_cream, restaurant, restaurant, cafe, restaurant, restaurant, fast_food, cafe, fast_food, restaurant, fast_food, restaurant, restaurant, restaurant, restaurant, restaurant, fast_food, restaurant, restaurant, restaurant, restaurant, cafe, restaurant, fast_food, restaurant, fast_food, cafe, restaurant, ice_cream, restaurant, restaurant, restaurant, ice_cream, restaurant, cafe, restaurant, restaurant, restaurant, restaurant, restaurant, fast_food, restaurant, restaurant, restaurant, restaurant, fast_food, fast_food, restaurant, fast_food, fast_food, cafe, restaurant, fast_food, restaurant, fast_food, restaurant, fast_food, restaurant, cafe, restaurant, fast_food, fast_food, restaurant, restaurant, restaurant, fast_food, restaurant, restaurant, restaurant, restaurant, restaurant, fast_food","Dunkin', The Goddess and Grocer, High Five Ramen, Green Street Smoked Meats, Next, The Publican, Starbucks, Nando's, La Colombe Coffee Roasters, Bar Siena, The Allis, The Izakaya at Momotaro, Monteverde Restaurant & Pastificio, Bonci Pizzeria, Duck Duck Goat, Fire, Beatrix Fulton Market, Swift & Sons, Forno Rosso Pizzeria Napoletana, Viaggio Ristorante & Lounge, Do-Rite Donuts & Coffee, Shake Shack, Tanoshii, Nonna's Sandwiches and Sundries, El Che Steakhouse & Bar, Formento's, Federales, Leña Brava, Cruz Blanca Brewery & Taquería, BomboBar - West Loop, BLVD, Bocaditos Chicago, Ryota, The Great American Bagel, Cone Gourmet Ice Cream, Ciao! Cafe & Wine Lounge, Punch Bowl Social Chicago, J.P. Graziano Grocery, La Josie, The Press Room, Sushi by Bou, Sparrow Coffee, Gyuro Ramen, Chicago Waffles, Ramen-San, Starbucks, Aba, PB&J, Sawada Coffee, Momotaro, Cabra, Cira, Baobing, Mako, Domino's, Jeni's Splendid Ice Creams, ROOP, Koi Noodles, Groundswell Coffee Roasters, Boqueria, Rye Deli, McDonald's, Vietfive Coffee, Velvet Taco, Bodega Taqueria y Tequila, Taco Bell Cantina, Tacombi, Trivoli Tavern, HIDE+SEEK, Trino, Texan Taco Bar, Sweetgreen, Gaijin, Poke Poké, LÝRA, Rose Mary, Stan's Donuts & Coffee, Fioretta, Tapicozza, Riccardo Osteria, Dunkin', Matcha Cita, Tamu, Baskin-Robbins, Italian Homemade Company, Bar La Rue, La Serre, Amorino, Ramen Wasabi, Good Ambler, Jet's Pizza, Yokocho, The Oakville Grill & Cellar, Nobu, Costera Cocina Tulum, Voodoo Doughnut, Nancy's Pizzeria, All Well, Beity, Sushi Pink, Prince Street Pizza, Mac's Deli, Pitaki, Roti, Fulton Sub Market, Foxtrot, Il Carciofo, Tilly Bagel, Fora, Pasta Via, Taverna 1821, Taquería Chingón, The Original Pancake House, Postcard, Kama Bistro, All Too Well, Pizza Lobo, Madison Crab House, The CrossRoads Bar & Grill, Parlor Pizza Bar, Jubilee Juice & Grill, Nia Restaurant and Wine Bar, Girl & The Goat, sushiDOKKU, Au Cheval, Nisos Prime, Raising Cane's"
882664cad3fffff,grocery,16,7,"bakery, convenience, convenience, butcher, alcohol, bakery, alcohol, alcohol, alcohol, marketplace, cheese, alcohol, supermarket, supermarket, supermarket, marketplace","Levain Bakery, West Loop Mart, West Loop Market, Publican Quality Meats, West Loop Wine & Spirits, Bittersweet Pastry Shop, Aqua Wine & Spirits, Keg N Bottle, West Loop 2 Wine & Spirits, Green City Market, Cheese & Board, Aqua Wine & Spirits, Whole Foods Market, Wild Fork, Mariano's Fresh Market, Box Shops by Related"
882664cad3fffff,health,12,5,"clinic, pharmacy, clinic, dentist, dentist, veterinary, optician, dentist, clinic, dentist, veterinary, optician","Passport Health Chicago - West Loop Travel Clinic, CVS Pharmacy, RUSH, Ora Dental Studio, West Loop Smile Studio, Bond Vet, Big City Optical, Aligner Experts, Northwestern Medicine Immediate Care, West Loop Dental Associates, West Loop Veterinary Care, Warby Parker"
882664cad3fffff,leisure_sports,1,1,outdoor,Fjällräven
882664cad3fffff,lodging,5,1,"hotel, hotel, hotel, hotel, hotel","The Publishing House Bed & Breakfast, Crowne Plaza Chicago West Loop, Hoxton Hotel, Hyatt House Chicago West Loop-Fulton Market, Nobu Hotel"
882664cad3fffff,nightlife,24,3,"bar, bar, bar, bar, bar, bar, bar, nightclub, bar, bar, bar, pub, bar, bar, bar, bar, bar, bar, bar, nightclub, bar, bar, bar, bar","Haymarket Pub & Brewery, The Aviary, Esco, Fox Bar, Third Rail Tavern, Emporium Arcade Bar, Blind Barber, Good Night John Boy, The Office, Lazy Bird, Estereo FM, Black Barrel Tavern, Stelios Bottles & Bites, Bisous, The Lounge, inkwell, Broken Hearts, Reading Room, Grapes & Grains, Garcia's Chicago, The Wild Hare, G-Cue Billiards, Lone Wolf, Bandit"
882664cad3fffff,services,37,10,"copyshop, dry_cleaning, locksmith, beauty, beauty, beauty, dry_cleaning, hairdresser, hairdresser, beauty, post_office, beauty, dry_cleaning, pet_grooming, beauty, cosmetics, cosmetics, massage, pet_grooming, beauty, hairdresser, beauty, beauty, massage, cosmetics, hairdresser, beauty, beauty, beauty, beauty, post_office, beauty, beauty, storage_rental, hairdresser, cosmetics, hairdresser","FedEx Office, Morgan Cleaners, Chicago Locksmiths, NAILàCARTE, LaserAway, Clean Your Dirty Face, Monroe Cleaners, Art + Science Salon, Studio 84One Hair Salon, Face Foundrié, The UPS Store, Allure Nail Spa, Gen Cleaners, Sandy's Pet Spots, 7AM Nail Care, bluemercury, Ulta Beauty, Massage Envy, Sit Stay Wash, Mon Cheri Chitown, The Threading House, Tokyo Nails, Restore Hyper Wellness, The NOW, Aesop, Prohibition Barber, L.A. Tan, ELLE Nail Salon, West Loop Nail Spa, J Salon, FedEx Office, Healthy Spa, Love You Nail Salon, East Bank Storage Company, Mirror Mirror Spa, Scratch Goods, Thrive Hair Collective"
882664cad3fffff,shopping,40,25,"charity, clothes, hardware, books, cannabis, chemist, bicycle, telecommunication, art, clothes, household_linen, clothes, pet, frame, jewelry, jewelry, clothes, clothes, clothes, jewelry, clothes, leather, houseware, mobile_phone, gift, shoes, shoes, furniture, bed, furniture, tobacco, florist, bag, toys, clothes, gift, e-cigarette, clothes, jewelry, clothes","Goodwill, Lululemon, JC Licht TrueValue Hardware, Madison Street Books, Dispensary33, Walgreens, Specialized, Xfinity, McCormick Gallery, Notre, Brooklinen Chicago, Patagonia, Paw Naturals, Framebridge, Brilliant Earth, Mejuri, Beyond Yoga, Anthropologie, Public Rec, Taköhl Custom Jewelry, Alvera Couture, Mend Atelier, The Unwaste Shop, AT&T, Smitten Boutique, Leaders, Marc Nolan, Miller Knoll, Casper, Morlan Sinoway Atelier, Chillaxx, Juliet Tan Floral Design, Monos, play, Filson, The Fig Tree, Morgan Smoke & Vape, Billy Reid, Uncommon James, Madewell"
882664cad3fffff,transport,16,1,"bicycle_rental, bicycle_rental, bicycle_rental, bicycle_rental, bicycle_rental, bicycle_rental, bicycle_rental, bicycle_rental, bicycle_rental, bicycle_rental, bicycle_rental, bicycle_rental, bicycle_rental, bicycle_rental, bicycle_rental, bicycle_rental","Morgan St & Lake St, Green St & Randolph St, Green St & Madison St, Sangamon St & Washington Blvd, Racine Ave & Randolph St, Aberdeen St & Randolph St, Washington Blvd & Peoria St, Green St & Lake St, Carpenter St & Lake St, Green St & Washington Blvd, Green St / Randolph St, Fulton Market, Sangamon St & Adams St, Halsted St & Lake St, Halsted St & Court Pl, Sangamon St & Lake St"
882664cad5fffff,automotive,3,1,"car_repair, car_repair, car_repair","Carson Tire Service, Gateway Auto Service & Repair, Orlando Auto Glass & Trim"
882664cad5fffff,civic_community,5,4,"social_facility, social_facility, community_centre, place_of_worship, social_centre","West Town Satellite Senior Center, Little Brothers Friends of the Elderly, Erie Neighborhood House, Holy Innocents Catholic Church, Esperanza Community Services"
882664cad5fffff,education,6,3,"school, library, childcare, school, school, school","Esperanza Elementary School, West Town Branch Library, John & Mary Madden Center, Otis Elementary School, Golder College Prep"
882664cad5fffff,entertainment,3,1,"gallery, gallery, gallery","Marianne Ibrahim Gallery, Patron Gallery, Povos"
882664cad5fffff,food_drink,20,3,"restaurant, restaurant, restaurant, cafe, restaurant, restaurant, cafe, cafe, restaurant, restaurant, restaurant, restaurant, restaurant, restaurant, restaurant, fast_food, restaurant, restaurant, fast_food, fast_food","Taqueria Traspasada, Tortorice's Pizza, Opart Thai House Restaurant, Pickwick Coffee, The Breakfast Club & Grill, Sabroso! Mexican Grill, Healthy and Simple, HERO Coffee Bar, Omakase Shoji, Tempesta Market, Spicy Fingers Seafood Kitchen, Lillie's Q, Uncle Mike's Place, Bartoli’s Pizza, Ramirez Fast Food, Breakfast House, Hiro Izakaya, Burger Baron, Modern Relish"
882664cad5fffff,grocery,6,2,"convenience, bakery, bakery, bakery, convenience, convenience","Green Grocer, Hoosier Mama Pie Company, Publican Quality Bakery, Brownie Points Bakery, Citgo, Shell"
882664cad5fffff,health,1,1,clinic,Fresenius Kidney Care
882664cad5fffff,nightlife,7,2,"bar, bar, bar, pub, bar, bar, bar","Output Lounge & Sports Bar, Beatnik, On Tour Brewing, The Irish Nobleman, Loop Tavern, District Brew Yards, Everything"
882664cad5fffff,services,2,2,"dry_cleaning, laundry","Grand Cleaners, Yo Yo Coin Laundromat"
882664cad5fffff,shopping,6,5,"florist, variety_store, variety_store, clothes, furniture, antiques","Flowers for Dreams, Family Dollar, Jerusalem Home Decor, Pep Club Vintage, Dail M for Modern, Urban Remains"
882664cad5fffff,transport,5,2,"bicycle_rental, bicycle_rental, bicycle_rental, fuel, fuel","Ashland Ave & Grand Ave, Ashland Ave & Chicago Ave, Wood St & Hubbard St, Citgo, Shell"
882664cad7fffff,civic_community,7,5,"information, information, fire_station, social_facility, social_centre, social_facility, place_of_worship","Chicago Fire Department Engine Company 103, The Salvation Army Chicago Temple Corps Community Center, Chicago Fraternal Order of Police, Salvation Army Booth Manor, First Baptist Congregational Church"
882664cad7fffff,education,3,2,"school, dancing_school, school","Chicago Institute of Technology, Latin Rhythms"
882664cad7fffff,entertainment,4,3,"artwork, artwork, gallery, events_venue","Carter Harrison Memorial, James Connolly Monument, Kavi Gupta Gallery, Plumbers Hall"
882664cad7fffff,finance,1,1,bank,Chicago Patrolmen's Federal Credit Union
882664cad7fffff,food_drink,26,3,"restaurant, restaurant, restaurant, restaurant, restaurant, restaurant, restaurant, restaurant, fast_food, cafe, restaurant, restaurant, restaurant, fast_food, restaurant, fast_food, restaurant, restaurant, cafe, restaurant, cafe, cafe, restaurant, restaurant, fast_food, restaurant","Gyu-Kaku, Kaiser Tiger, The Loyalist, Talay Sushi & Thai, Elske, Macello, Alhambra Palace, Smyth, Subway, Stan's Donuts & Coffee, Coquette, Bambola, Maxwells Trading, Dunkin', Crave Kabob, Harold's Chicken Shack, Ranalli's, Lou Malnati's Pizzeria, Drip Collective, Ever, Fairgrounds Coffee & Tea, Third Season, Creepies, Bottom Lounge, McDonald's, Small Cheval - West Loop"
882664cad7fffff,grocery,4,3,"bakery, butcher, convenience, convenience","Nohea Cafe, Peoria's Packing, West Loop Market, Marathon"
882664cad7fffff,health,3,3,"dentist, hospital, clinic","Millennium Dental, Action Behavior Centers - ABA Therapy for Autism, Concentra Urgent Care Center"
882664cad7fffff,leisure_sports,1,1,sports,Gunzo's Sports Center
882664cad7fffff,nightlife,5,2,"bar, pub, bar, bar, bar","Cobra Lounge, All Rise Brewing Company, The Stanley Club, After Lounge, City Winery"
882664cad7fffff,shopping,2,2,"mobile_phone, furniture","Verizon, Montauk Sofa"
882664cad7fffff,transport,7,2,"bicycle_rental, bicycle_rental, bicycle_rental, bicycle_rental, bicycle_rental, fuel, bicycle_rental","Ashland Ave & Lake St, Ada St & Washington Blvd, Elizabeth St & Fulton St, Racine Ave & Washington Blvd, Elizabeth St / Fulton St, Marathon, Elizabeth St & Randolph St"
882664cad9fffff,automotive,1,1,car_repair,Fletcher Jones Chicago Service Center
882664cad9fffff,civic_community,2,1,"place_of_worship, place_of_worship","City Church Chicago, Saint John Cantius Roman Catholic Church"
882664cad9fffff,education,4,1,"school, school, school, school","Montessori Midwest Teacher Training Center, Montessori School - Near North, Chicago Academy for the Arts"
882664cad9fffff,entertainment,3,3,"gallery, studio, museum","A very Serious Gallery, Kit Studios Chicago, Intuit: The Center for Intuitive and Outsider Art"
882664cad9fffff,finance,1,1,bank,U.S. Bank
882664cad9fffff,food_drink,5,3,"restaurant, restaurant, cafe, restaurant, fast_food","Jerk Jamaican Barbecue, Windy City Cafe, Contrast Coffee, Eggholic, Subway"
882664cad9fffff,grocery,2,2,"convenience, supermarket","Blue Bell Mart, Gangnam Market"
882664cad9fffff,health,3,3,"dentist, pharmacy, veterinary","Gleam Dental Studio, CVS Pharmacy, VCA Lake Shore Animal Hospital"
882664cad9fffff,nightlife,2,1,"bar, bar","The Matchbox, Tiki Tiki at the Silver Palm"
882664cad9fffff,services,2,2,"funeral_directors, storage_rental","Michalik Funeral Home, StorageMart"
882664cad9fffff,shopping,3,3,"frame, shoes, furniture","April 7s Custom Framing, Erica Maya Dance Shoes, South Loop Loft"
882664cad9fffff,transport,3,2,"bicycle_rental, bicycle_rental, ferry_terminal","Ogden Ave & Chicago Ave, Halsted St & North Branch St, Chicago Avenue"
882664cadbfffff,automotive,2,2,"car_wash, car_repair","WeWash, Fulton-Desplaines Garage"
882664cadbfffff,civic_community,1,1,social_facility,The Salvation Army
882664cadbfffff,entertainment,2,1,"events_venue, events_venue","City Hall, Galleria Marchetti"
882664cadbfffff,finance,1,1,bank,Chase
882664cadbfffff,food_drink,20,3,"restaurant, cafe, restaurant, restaurant, restaurant, restaurant, fast_food, restaurant, cafe, cafe, cafe, restaurant, restaurant, restaurant, restaurant, restaurant, fast_food, restaurant, cafe, restaurant","La Scarola, Starbucks, Oriole, SUNNYGUN, Piccolo Sogno, PERILLA fare, The Roost Carolina Kitchen, Carnivale, Caribou Coffee, Iguana Café, Peet's Coffee, The Dawson, Stax Cafe, Recess, Kai Sushi, Sunda, SunLife Organics, Blue Agave, Café Crèmerie, Adalina Prime"
882664cadbfffff,grocery,3,3,"convenience, butcher, supermarket","7-Eleven, Halsted Packing House, Jewel-Osco"
882664cadbfffff,health,3,3,"veterinary, dentist, doctors","Lovet Pet Health Care, motto Clear Aligners, Chapter Aesthetic Studio"
882664cadbfffff,nightlife,10,2,"bar, bar, bar, bar, bar, bar, bar, bar, pub, pub","The Pearl Club, Richard's Bar, The Drop In, Moneygun, Clover, Kumiko, Rebel & Rye, City Pool Hall, Jefferson Tap & Grille, Guiness Open Gate Brewery"
882664cadbfffff,services,7,4,"hairdresser, dry_cleaning, dry_cleaning, hairdresser, hairdresser, locksmith, storage_rental","Old Town Barbershop, Shiny Cleaners, Kinzie Cleaners, 4 elements, State Street Barbers - River North, The Professional Locksmith, Metro Self Storage"
882664cadbfffff,shopping,4,4,"charity, books, clothes, bicycle","The Salvation Army, Open Books, BLVDier, Peregrine Bicycle Studio"
882664cadbfffff,transport,3,1,"bicycle_rental, bicycle_rental, bicycle_rental","Desplaines St & Kinzie St, Milwaukee Ave & Grand Ave, Halsted St & Fulton St"
882664caddfffff,civic_community,3,3,"place_of_worship, fire_station, social_facility","Apostolic Assembly of the Faith in Christ Jesus, Chicago Fire Department Engine Company 14, Polish Roman Catholic Union of America"
882664caddfffff,education,2,1,"school, school","Rowe Lower School, Noble Street College Prep High School"
882664caddfffff,entertainment,2,2,"museum, theatre","Polish Museum of America, Vittum Theater"
882664caddfffff,food_drink,13,3,"cafe, cafe, restaurant, restaurant, cafe, restaurant, restaurant, restaurant, fast_food, restaurant, fast_food, restaurant, fast_food","Big Shoulders Coffee, Arabia Café & Hookah Lounge, Cafe Central, Flo, Standing Passengers, La Calavera Chicago, Noble Thai, Jeong, Kim and Carlo's Chicago Style Hotdogs, Un Amor, Pie-Eyed Pizzeria, The Frontier, Dunkin'"
882664caddfffff,grocery,2,2,"butcher, alcohol","Butcher & Larder, BWS"
882664caddfffff,nightlife,3,1,"bar, bar, bar","Lush Wine & Spirits, Beauty Bar, The Chipp Inn"
882664caddfffff,services,3,3,"dry_cleaning, beauty, tattoo","Chicago Cleaners, The Wispy Brow, Insight Studios Tattoo"
882664caddfffff,shopping,4,4,"art, books, interior_decoration, clothes","Roots & Culture, Semicolon Books, Urban Source, Dovetail"
882664caddfffff,transport,2,1,"bicycle_rental, bicycle_rental","Eckhart Park, Noble St & Milwaukee Ave"
882664cae1fffff,automotive,1,1,car_repair,Grandpa's Garage Auto Repair
882664cae1fffff,civic_community,3,2,"social_facility, place_of_worship, social_facility","Association House, Church of God Spanish, 65th Infantry Regiment ""Borinqueneers"" Veterans Housing"
882664cae1fffff,education,1,1,kindergarten,Luis Munoz Marin Primary Center
882664cae1fffff,entertainment,3,2,"museum, artwork, artwork","National Museum of Puerto Rican Arts & Culture, World's Fair Bison, Fritz Reuter Monument"
882664cae1fffff,health,2,1,"clinic, clinic","University of Illinois Mile Square Health Center - Humboldt Park, Humboldt Park Health Wellness Center"
882664cae1fffff,transport,1,1,bicycle_rental,Spaulding Ave & Division St
882664cae3fffff,civic_community,1,1,information,Humboldt Park
882664cae3fffff,education,2,2,"school, library","Community Career Training and Economic Development Center, Richard M. Daley Branch Library"
882664cae3fffff,finance,3,3,"bank, bureau_de_change, money_transfer","Chase, Kedzie Chicago Currency Exchange, Western Union"
882664cae3fffff,food_drink,7,2,"restaurant, fast_food, fast_food, fast_food, fast_food, fast_food, restaurant","Feed, Dunkin', Steingold's, JJ Fish & Chicken, Popeyes, Lola's Coney Island, Taco el Jalisciense"
882664cae3fffff,grocery,1,1,convenience,BP Shop
882664cae3fffff,nightlife,1,1,bar,The Continental
882664cae3fffff,services,1,1,tattoo,Brown Brothers Tattoo
882664cae3fffff,shopping,7,5,"garden_centre, shoes, mobile_phone, mobile_phone, perfumery, clothes, mobile_phone","Christy Webber Farm & Garden, Foot Locker, Cricket Wireless, Boost Mobile, Khalifa Perfumes, DTLR, Total by Verizon"
882664cae3fffff,transport,2,2,"bicycle_rental, fuel","Kedzie Ave & Chicago Ave, BP"
882664cae5fffff,automotive,3,2,"car_parts, car_parts, car_wash","O'Reilly Auto Parts, AutoZone, SNK Fuels"
882664cae5fffff,civic_community,7,1,"place_of_worship, place_of_worship, place_of_worship, place_of_worship, place_of_worship, place_of_worship, place_of_worship","Church of Christ, Church of God, Youth Center Church of God in Christ, Templo Voces Espiritules, First Congregational Church of Chicago, Evangelical Christian Church, New Life Covenant Church"
882664cae5fffff,education,2,1,"school, school","Cameron Elementary School, Pablo Casals School"
882664cae5fffff,grocery,2,2,"supermarket, convenience","Central Park Fresh Market, SNK Fuels"
882664cae5fffff,health,1,1,clinic,Fresenius Kidney Care
882664cae5fffff,transport,2,2,"bicycle_rental, fuel","Hamlin Ave & Grand Ave, SNK Fuels"
882664cae7fffff,civic_community,9,2,"place_of_worship, place_of_worship, place_of_worship, place_of_worship, place_of_worship, place_of_worship, social_facility, social_facility, social_facility","Living Christ Missionary Baptist Church, All Nation Pentecostal House of Prayer, Union Missionary Baptist Church, Mount Ebenezer Baptist Church, Lutheran Family Mission, The Salvation Army Freedom Center, The Salvation Army Freedom Center, The Salvation Army Shield of Hope"
882664cae7fffff,education,1,1,school,Rowe-Clark Math & Science Academy
882664cae7fffff,food_drink,6,2,"fast_food, fast_food, fast_food, restaurant, restaurant, restaurant","Domino's, Wingstop, Subway, Tha Wing Lounge, New Best Sub, See Thru Chinese Kitchen"
882664cae7fffff,grocery,5,2,"supermarket, convenience, convenience, convenience, convenience","Aldi, Ha-Grocery Food Mart, Mi Lindo San Jose Grocery Store, Flash Food Mart, Tamara #1"
882664cae7fffff,health,1,1,clinic,Louise Landau Health Center
882664cae7fffff,nightlife,1,1,bar,Dr J’s Place
882664cae7fffff,services,3,3,"laundry, hairdresser, beauty","Sudz Coin Laundry, Natural Hair Therapy Salon, Polished Nail Spa Lash & Brow"
882664cae7fffff,shopping,8,6,"clothes, hairdresser_supply, clothes, variety_store, hairdresser_supply, wholesale, department_store, furniture","Rainbow, Star Beauty Supply, Dress Code, Five Below, Sokhna Beauty Supply, Stock 'n Save, Burlington, Rent-A-Center"
882664cae7fffff,transport,1,1,bicycle_rental,Central Park & Augusta Blvd
882664cae9fffff,civic_community,5,2,"place_of_worship, place_of_worship, place_of_worship, information, place_of_worship","Central Spanish Baptist Church, Saint Lukes United Church of Christ, Saint Fidelis Roman Catholic Church, Humboldt Park, Palestine Christian Temple"
882664cae9fffff,education,2,2,"library, college","Humboldt Park Branch Library, Humboldt Park Vocational Education Center"
882664cae9fffff,entertainment,3,1,"artwork, artwork, artwork","Yellow Brick Road, Alexander Von Humboldt Monument, Leif Ericsson Monument"
882664cae9fffff,food_drink,5,3,"fast_food, cafe, restaurant, cafe, fast_food","Best Submarine #2, The Boathouse Cafe, Humboldt Haus, Etheria Cafe, Burger King"
882664cae9fffff,grocery,2,2,"alcohol, supermarket","Tip Top Liquor, Cermak Produce"
882664cae9fffff,health,1,1,pharmacy,AllCareX Discount Pharmacy
882664cae9fffff,nightlife,2,1,"bar, bar","Boulevard Sports Lounge, Humble Bar & Lounge"
882664cae9fffff,services,1,1,laundry,Spincycle
882664cae9fffff,shopping,1,1,department_store,LCM Dollar
882664cae9fffff,transport,2,1,"bicycle_rental, bicycle_rental","California Ave & North Ave, Troy St & North Ave"
882664caebfffff,civic_community,2,1,"place_of_worship, place_of_worship","Free Lance Deliverance Church, Holy Protection Ukrainian Orthodox Cathedral"
882664caebfffff,education,5,3,"driving_school, school, library, school, school","Borenquen Driving School, Dr. Pedro Albizu Campos High School, Read / Write Library, Chicago High School for the Arts, Acero Santiago Elementary School"
882664caebfffff,entertainment,3,1,"artwork, artwork, artwork","Home (Miner & Child), Dr. Pedro Albizu Campos, Paseo Bourica Gateway Flags"
882664caebfffff,finance,2,2,"atm, money_transfer",Western Union
882664caebfffff,food_drink,12,3,"cafe, restaurant, restaurant, cafe, restaurant, restaurant, cafe, restaurant, restaurant, fast_food, restaurant, restaurant","Cafe Marie-Jeanne, Flying Saucer, Aztec Dave's Cantina, Café Colao, Diana’s Food & Restaurant, The Chicago Teachers’ Lounge & Eatery, Spinning J, Nellie’s, Papa’s Cache Sabroso, Lucy’s Fried Chicken & Burgers, Guerrero's Tacos and Pizza, La Bruquena"
882664caebfffff,grocery,6,4,"supermarket, convenience, alcohol, alcohol, marketplace, convenience","Municipal Market, Puerto Rico Food and Liquors, Boriken, Yauco Food & Liquors, Mercado del Pueblo, Mobil Mart"
882664caebfffff,health,2,2,"dentist, hospital","Sonrisa Family Dental, Humboldt Park Health"
882664caebfffff,nightlife,3,1,"bar, bar, bar","California Clipper, Rootstock Wine & Beer Bar, The Hi-Lo"
882664caebfffff,services,4,3,"laundry, beauty, beauty, hairdresser","Bubbleland, Chrome Beauty Lounge, Refilleri, Luquillo's Barbershop"
882664caebfffff,shopping,7,4,"bicycle, bicycle, garden_centre, variety_store, garden_centre, houseware, variety_store","Ciclo Urbano, West Town Bikes, Adams & Son Gardens, Rotating Market, The Succulent City, Humboldt House, Family Dollar"
882664caebfffff,transport,3,2,"bicycle_rental, bicycle_rental, fuel","California Ave & Division St, California Ave & Cortez St, Mobil"
882664caedfffff,civic_community,7,2,"place_of_worship, place_of_worship, place_of_worship, place_of_worship, social_facility, place_of_worship, place_of_worship","North Avenue Baptist Church, Chùa Liên Hoa Temple, Telefurerza Diaria Church, La Casa Del Carpintero, Envision Unlimited Westtown Training Center, Simon Peter Lutheran Church, Church of God"
882664caedfffff,education,2,1,"school, school","Lowell Elementary School, Stowe Elementary School"
882664caedfffff,entertainment,13,5,"viewpoint, arts_centre, theatre, viewpoint, artwork, artwork, artwork, artwork, artwork, artwork, artwork, artwork, gallery","Central Observatory, Kimball Arts Center, House of Belonging, St.Louis Overlook, Birds Watching, Graffiti Garden, Graffiti Garden, Graffiti Garden, Graffiti Garden, Graffiti Garden, Graffiti Garden, Graffiti Garden, Adds Donna"
882664caedfffff,finance,3,3,"bank, money_lender, pawnbroker","PNC Bank, Currency Exchange"
882664caedfffff,food_drink,12,5,"restaurant, pastry, restaurant, ice_cream, fast_food, restaurant, fast_food, pastry, fast_food, restaurant, cafe, fast_food","Zoku Sushi, Roeser's Bakery, La Encantada, Baskin-Robbins, Dunkin', La Monarca Michoacana, Little Caesars, San Juan Bakery, Subway, ArePA George, Dayglow, McDonald's"
882664caedfffff,grocery,6,4,"convenience, alcohol, bakery, greengrocer, convenience, convenience","Dollar Market Plus, Foremost Liquors, Not Just Cookies Wholesale Bakery, Rio Grande Fruit Market, BP Shop, Speedway"
882664caedfffff,health,1,1,clinic,Howard Brown Health at La Casa Norte
882664caedfffff,nightlife,1,1,bar,Steve’s Sports Bar & Lounge
882664caedfffff,services,1,1,beauty,Magic Touch Nails
882664caedfffff,shopping,6,5,"pet, mobile_phone, variety_store, tobacco, mobile_phone, art","For Dogs Sake, Cricket Wireless, Family Dollar, North Tobacco & Convenience, T-Mobile, The WasteShed Chicago"
882664caedfffff,transport,3,2,"bicycle_rental, fuel, fuel","Central Park Ave & North Ave, BP, Speedway"
882664cb01fffff,civic_community,3,1,"place_of_worship, place_of_worship, place_of_worship","Saint John Syrian Orthodox Church, Martin Luther Lutheran Church, Saint Priscillas Church"
882664cb01fffff,education,1,1,school,Norman Bridge Elementary School
882664cb01fffff,food_drink,1,1,fast_food,Lucky Dawgs
882664cb01fffff,transport,1,1,bicycle_rental,Shabbona Park
882664cb03fffff,civic_community,2,1,"place_of_worship, place_of_worship","Mont Clare Gospel Church, Grace Evangelical Free Church"
882664cb03fffff,grocery,3,3,"bakery, convenience, supermarket","Smakowski Bakery, 7-Eleven, La Tienda Michoacana"
882664cb03fffff,health,1,1,pharmacy,Walgreens
882664cb03fffff,nightlife,2,1,"bar, bar","Cafe Prague, OverTime Sports Bar and Grill"
882664cb03fffff,services,1,1,laundry,Belmont Laundry
882664cb03fffff,shopping,1,1,variety_store,Family Dollar
882664cb03fffff,transport,1,1,bicycle_rental,Oak Park Ave & Wellington Ave
882664cb05fffff,automotive,1,1,car_repair,BJ's Auto Repair
882664cb05fffff,civic_community,1,1,place_of_worship,Norwood Bible Church
882664cb05fffff,finance,1,1,bank,Huntington Bank
882664cb05fffff,food_drink,4,3,"coffee, fast_food, cafe, fast_food","Café San Francesco, McDonald's, Starbucks, Franksville"
882664cb05fffff,grocery,1,1,convenience,BP Shop
882664cb05fffff,nightlife,1,1,bar,The Brewery
882664cb05fffff,services,1,1,rental,U-Haul
882664cb05fffff,transport,3,2,"bicycle_rental, bicycle_rental, fuel","Harlem Ave & Grace Ave, Oketo Ave & Addison St, BP"
882664cb07fffff,civic_community,1,1,place_of_worship,Our Saviour Lutheran Church
882664cb07fffff,education,3,2,"school, music_school, school","Benson Art Beat, Tunes and Taps, Our Saviour Lutheran School"
882664cb07fffff,finance,2,1,"bank, bank","Wintrust Bank Montclare Branch, Bank of America"
882664cb07fffff,food_drink,8,2,"restaurant, fast_food, fast_food, fast_food, fast_food, fast_food, restaurant, fast_food","Jibarito’s on Harlem, Domino's, Dunkin', Luke's on Harlem, White Castle, Taco Burrito King, BarTucci, Taco Bell"
882664cb07fffff,grocery,1,1,bakery,Pasta Fresh
882664cb07fffff,health,1,1,dentist,
882664cb07fffff,services,1,1,hairdresser,
882664cb07fffff,shopping,2,2,"clothes, variety_store","Annabella, Dollar Tree"
882664cb07fffff,transport,2,1,"bicycle_rental, bicycle_rental","Roscoe St & Harlem Ave, Oconto Ave & Belmont Ave"
882664cb09fffff,automotive,2,2,"car_parts, car_repair","AutoZone, Mayer's"
882664cb09fffff,education,2,1,"school, school","Maryville Center for Children, Taft High School Freshman Academy"
882664cb09fffff,entertainment,1,1,artwork,Nesewin - How to Breathe Underwater
882664cb09fffff,finance,3,3,"bank, bureau_de_change, atm","Huntington Bank, Bank of America"
882664cb09fffff,food_drink,8,4,"ice_cream, fast_food, fast_food, fast_food, fast_food, cafe, fast_food, restaurant","Baskin-Robbins, China Chef, Dunkin', Subway, Mr Zee's Famous Chicken, Gosa Tea, Burger King, Jolly Inn Restaurant & Banquet Hall"
882664cb09fffff,grocery,4,3,"supermarket, supermarket, nuts, convenience","Jewel-Osco, Montrose Food Mart & Deli, Superior Nut Chicago, Shell"
882664cb09fffff,health,4,4,"optician, pharmacy, dentist, hearing_aids","Affinity Optical, Osco Drug, J Kim Dental Ltd, Beltone"
882664cb09fffff,services,4,3,"beauty, beauty, hairdresser, post_office","H&D Nails Spa, H&D Nail Spa, Gallery of Hair, Roger P. McAuliffe Post Office"
882664cb09fffff,shopping,6,6,"furniture, photo, hairdresser_supply, shoes, bed, department_store","Idea, Victor Studio, Sally Beauty, Skechers, Discount Mattress, TJ Maxx"
882664cb09fffff,transport,2,2,"bicycle_rental, fuel","Newcastle Ave & Irving Park Rd, Shell"
882664cb0bfffff,civic_community,3,1,"place_of_worship, place_of_worship, place_of_worship","Christadelphian Church, Messiah Lutheran Church, Watson Park Congregational Church"
882664cb0bfffff,education,1,1,school,Messiah School
882664cb0bfffff,food_drink,1,1,restaurant,Bia's Cafe Marianao
882664cb0bfffff,nightlife,1,1,pub,BG's Lounge
882664cb0dfffff,automotive,1,1,vehicle_inspection,Air Team Vehicle Emissions Testing Station
882664cb0dfffff,civic_community,1,1,fire_station,Chicago Fire Department Engine Company 86
882664cb0dfffff,finance,2,1,"bank, bank","PNC Bank, Old National Bank"
882664cb0dfffff,food_drink,5,2,"ice_cream, fast_food, fast_food, fast_food, fast_food","Baskin-Robbins, Mr. Beef & Pizza on Harlem, KFC, Wendy's, Dunkin'"
882664cb0dfffff,health,1,1,hospital,Chicago-Read Mental Health Center
882664cb0dfffff,nightlife,1,1,bar,The Nest Bar & Eatery
882664cb0dfffff,transport,1,1,bicycle_rental,Harlem Ave & Irving Park Rd
882664cb11fffff,civic_community,4,2,"place_of_worship, social_centre, place_of_worship, place_of_worship","Alliance of Polish Clubs in the USA, Trinity Evangelical Lutheran Church, Holy Trinity Greek Orthodox Church"
882664cb11fffff,education,2,1,"school, school","Socrates Greek-American Elementary School, Mary Lyon Elementary School"
882664cb11fffff,entertainment,2,1,"events_venue, events_venue","Tono Banquetes, Lago Banquet Hall"
882664cb11fffff,food_drink,3,3,"restaurant, ice_cream, fast_food","La Piri Resturant & Taqueria, Baskin-Robbins, Dunkin'"
882664cb11fffff,grocery,4,3,"bakery, bakery, alcohol, supermarket","Happy Cake Bakery, Panaderia ""La Luna No. 2"", DJ Wine & Spirits, Carnicerias Guanajuato"
882664cb11fffff,health,1,1,clinic,
882664cb11fffff,services,2,2,"hairdresser, laundry",The Blue Kangaroo Laundromat
882664cb11fffff,transport,1,1,bicycle_rental,Meade Ave & Diversey Ave
882664cb13fffff,automotive,1,1,car,Quick Sales Corporation
882664cb13fffff,civic_community,3,1,"place_of_worship, place_of_worship, place_of_worship","Freeman Evangelical Lutheran Church of Chicago, Saint John Bosco Roman Catholic Church, Saint James Roman Catholic Church"
882664cb13fffff,education,2,1,"school, school","St. James School, CICS West Belden School"
882664cb13fffff,food_drink,3,3,"fast_food, ice_cream, restaurant","Dunkin', Baskin-Robbins, Marco's Beef & Pizza"
882664cb13fffff,grocery,3,2,"bakery, convenience, convenience","La Dulce Bakery, Falcon, Shell"
882664cb13fffff,services,1,1,laundry,Express Coin Laundry
882664cb13fffff,transport,5,2,"bicycle_rental, bicycle_rental, bicycle_rental, fuel, fuel","Fullerton Ave & Monitor Ave, Meade Ave & Fullerton Ave, Mason Ave & Grand Ave, Falcon, Shell"
882664cb15fffff,automotive,1,1,car_repair,Auto Repair
882664cb15fffff,civic_community,3,1,"place_of_worship, place_of_worship, place_of_worship","Saint Nicholas Albanian Orthodox Church, Marantha Baptist Church, Saint Gregory's Armenian Apostolic Church"
882664cb15fffff,finance,3,1,"bank, bank, bank","Fifth Third Bank, Republic Bank, Bank of America"
882664cb15fffff,food_drink,10,4,"fast_food, restaurant, fast_food, fast_food, ice_cream, fast_food, fast_food, cafe, fast_food, fast_food","Subway, Buffalo Wild Wings, Chipotle, Dunkin', Baskin-Robbins, Jimmy John's, Little Caesars, Starbucks, McDonald's, Wendy's"
882664cb15fffff,health,2,2,"optician, dentist","America's Best Contacts & Eyeglasses, Rapha Dental Care"
882664cb15fffff,leisure_sports,2,2,"sports, video_games","Champs Sports, GameStop"
882664cb15fffff,services,3,3,"hairdresser, copyshop, storage_rental","Hair Cuttery, Clementi Printing Inc., Extra Space Storage"
882664cb15fffff,shopping,13,8,"nutrition_supplements, mobile_phone, mobile_phone, shoes, shoes, shoes, clothes, hairdresser_supply, variety_store, mobile_phone, mobile_phone, doityourself, department_store","GNC, Boost Mobile, Cricket Wireless, Kids Foot Locker, Shoe Carnival, Foot Locker, Avenue, Sally Beauty, Five Below, Verizon, AT&T, Lowe's, Target"
882664cb17fffff,civic_community,5,4,"social_facility, fire_station, place_of_worship, place_of_worship, ranger_station","Safer Foundation, Chicago Fire Department Engine Company 125, Word of Life Church of God, Christian Congregation Church, Riis Park Security"
882664cb17fffff,education,1,1,school,Belmont-Cragin Elementary School
882664cb17fffff,entertainment,1,1,artwork,Giant Radio Flyer Wagon
882664cb17fffff,food_drink,3,1,"fast_food, fast_food, fast_food","Papa John's, Burger King, Panda Express"
882664cb17fffff,grocery,6,3,"bakery, supermarket, convenience, supermarket, supermarket, supermarket","Las Delicias, Farmers Best Market, BP Shop, Gordon Food Service Store, Jewel-Osco, Aldi"
882664cb17fffff,services,1,1,storage_rental,Public Storage
882664cb17fffff,shopping,9,7,"department_store, department_store, hardware, clothes, party, mobile_phone, department_store, bed, variety_store","Marshalls, Ross, Harbor Freight Tools, Rainbow, Party City, T-Mobile, dd's Discounts, Mattress Firm, Dollar Tree"
882664cb17fffff,transport,3,2,"bicycle_rental, bicycle_rental, fuel","Narragansett Ave & Wrightwood Ave, Narragansett & Wrightwood, BP"
882664cb19fffff,civic_community,3,1,"place_of_worship, place_of_worship, place_of_worship","Christ Lutheran Church, Polskie Centrum Chrześcijańskie, Saint Ferdinand Roman Catholic Church"
882664cb19fffff,education,4,2,"driving_school, school, school, school","Progressive Truck Driving School Inc., Saint Patrick High School, Saint Ferdinand School, Marvin Camras Children's Engineering Elementary School"
882664cb19fffff,finance,4,2,"bank, money_lender, bank, bank","Chase, OneMain Financial, U.S. Bank, U.S. Bank"
882664cb19fffff,food_drink,7,3,"restaurant, ice_cream, restaurant, restaurant, fast_food, restaurant, fast_food","Central Gyros, Baskin-Robbins, El Capitan Snacks and Cafe, La Authentica De Guerrero, Wingstop, Golden Nugget, Dunkin'"
882664cb19fffff,grocery,5,3,"supermarket, convenience, bakery, bakery, convenience","Tony's Fresh Market, 7-Eleven, Wiklanski’s Bakery, Zorba’s Pastry Shop, Marathon"
882664cb19fffff,health,1,1,dentist,Forever Dental - Belmont Avenue
882664cb19fffff,nightlife,1,1,bar,Chicago by Night
882664cb19fffff,services,2,2,"laundry, hairdresser","SpinXpress Laundry, Leroy Avenue Barbers"
882664cb19fffff,shopping,5,3,"mobile_phone, mobile_phone, charity, variety_store, variety_store","Boost Mobile, Total by Verizon, The Salvation Army, Dollar Tree, Dollar General"
882664cb19fffff,transport,3,2,"fuel, bicycle_rental, bicycle_rental","Marathon, Mason Ave & Belmont Ave, Central Ave & Wellington Ave"
882664cb1bfffff,automotive,2,2,"car_wash, car_parts","Shell, AutoZone"
882664cb1bfffff,civic_community,4,3,"place_of_worship, social_facility, community_centre, place_of_worship","New Life Family Center, The Miracle Center, Saints Cyril and Methodius Polish National Catholic Church"
882664cb1bfffff,education,1,1,school,Austin Special Sheltered Work Center
882664cb1bfffff,grocery,7,3,"bakery, convenience, convenience, convenience, supermarket, supermarket, convenience","Gorski’s Bakery, Shell, BP Shop, Citgo, Tony's Fresh Market, Aldi, Clark's Pump-N-Shop"
882664cb1bfffff,nightlife,2,2,"nightclub, bar","Stereo Nightclub, J & A Sports Bar"
882664cb1bfffff,services,1,1,hairdresser,JV Hair Design
882664cb1bfffff,shopping,2,2,"variety_store, mobile_phone","Family Dollar, T-Mobile"
882664cb1bfffff,transport,8,2,"bicycle_rental, bicycle_rental, bicycle_rental, bicycle_rental, fuel, fuel, fuel, fuel","Central Ave & Parker Ave, Mango Ave & Diversey Ave, Central Ave & Altgeld St, Long Ave & Diversey Ave, Citgo, BP, Clark, Shell"
882664cb1dfffff,civic_community,3,1,"place_of_worship, place_of_worship, place_of_worship","Islamic Community Center of Illinois (ICCI), Belmont Evangelical Church, Northwest Church of God"
882664cb1dfffff,education,3,2,"school, library, school","ICCI Academy, West Belmont Branch Library, Steinmetz College Prep"
882664cb1dfffff,entertainment,2,1,"artwork, artwork",
882664cb1dfffff,food_drink,6,3,"cafe, restaurant, restaurant, restaurant, fast_food, fast_food","Cakes & Beyond, Jasmine Rise, Meson Del Taco, Jerusalem Grill, The Dog Stop, Dunkin'"
882664cb1dfffff,grocery,3,3,"supermarket, alcohol, convenience","Al-Bayan Grocery, Circle-G, Shell"
882664cb1dfffff,health,2,2,"clinic, dentist","PCC Community Wellness Center, International Dental Center"
882664cb1dfffff,leisure_sports,1,1,sports,Winter Globe Ski Shop
882664cb1dfffff,nightlife,1,1,pub,New Polonia Club
882664cb1dfffff,shopping,1,1,variety_store,Dollar Tree
882664cb1dfffff,transport,3,2,"bicycle_rental, bicycle_rental, fuel","Mulligan Ave & Wellington Ave, Narragansett Ave & School Ave, Shell"
882664cb21fffff,civic_community,3,2,"community_centre, place_of_worship, place_of_worship","Saint Francis Borgia Parish Hall, Saint Michael Lutheran Church, Saint Francis Borgia Church"
882664cb21fffff,education,1,1,school,Saint Francis Borgia School
882664cb21fffff,transport,1,1,bicycle_rental,Orange Ave & Addison St
882664cb23fffff,nightlife,1,1,bar,Club Belmont
882664cb25fffff,transport,1,1,bus_station,Addison & Cumberland Terminal
882664cb27fffff,finance,2,1,"bank, bank","Belmont Bank & Trust, Fifth Third Bank"
882664cb29fffff,nightlife,1,1,bar,Old 41 Saloon
882664cb29fffff,services,1,1,funeral_directors,Rago Brothers Funeral Homes
882664cb2bfffff,civic_community,1,1,place_of_worship,Leyden Baptist Church
882664cb2bfffff,education,3,3,"school, library, kindergarten","Dever Elementary School, Dunning Branch Library, Dever Early Childhood Center"
882664cb2bfffff,food_drink,2,2,"cafe, deli","La Capannina Coffee, Nottoli & Son"
882664cb2bfffff,transport,1,1,bicycle_rental,Overhill Ave & Belmont Ave
882664cb2dfffff,automotive,1,1,car_repair,Uno Auto Service
882664cb2dfffff,civic_community,1,1,place_of_worship,Irvingwood - Acacia Presbyterian Church
882664cb2dfffff,education,1,1,school,Canty Elementary School
882664cb2dfffff,food_drink,2,1,"fast_food, fast_food","Bob-O's Hot Dog's, Lonnie's Pizzeria"
882664cb2dfffff,nightlife,1,1,bar,Draft Bar
882664cb2dfffff,services,1,1,hairdresser,Angie's Hair Studio
882664cb2dfffff,transport,3,2,"bicycle_rental, bicycle_rental, bus_station","Pittsburgh Ave & Irving Park Rd, Panama Ave & Grace St, Irving Park & Cumberland Terminal"
882664cb31fffff,automotive,1,1,car_parts,AutoZone
882664cb31fffff,civic_community,1,1,place_of_worship,Mount Clare Baptist Church
882664cb31fffff,education,1,1,childcare,Tots Land
882664cb31fffff,finance,1,1,bank,Chase
882664cb31fffff,food_drink,1,1,cafe,I Due Mondi
882664cb31fffff,grocery,4,1,"bakery, bakery, bakery, bakery","Delipan Bakery, Eat Me Sweetheart Bakery, Kolatek’s Bakery & Deli, Reuter’s Bakery"
882664cb31fffff,health,1,1,clinic,Advanced Dermalogy & Urology Center
882664cb31fffff,nightlife,2,1,"bar, bar","Bistro Grand, Eva’s Sports Bar"
882664cb31fffff,services,2,2,"hairdresser, storage_rental","The Goat Parlor, Public Storage"
882664cb31fffff,shopping,1,1,furniture,The Room Place
882664cb33fffff,civic_community,2,2,"social_centre, place_of_worship","Knights of Columbus Council, Lutheran Church of the Good Shepherd"
882664cb33fffff,food_drink,1,1,cafe,Starbucks
882664cb33fffff,transport,1,1,bicycle_rental,Nordica Ave & Medill Ave
882664cb39fffff,automotive,1,1,car_repair,Jiffy Lube
882664cb39fffff,civic_community,1,1,social_centre,VFW Armed Forces Post 8322
882664cb39fffff,education,1,1,school,Locke Elementary School
882664cb39fffff,grocery,2,2,"bakery, convenience","Il Giardino Del Dolce, 7-Eleven"
882664cb39fffff,nightlife,1,1,bar,Jacqueline Lounge
882664cb39fffff,shopping,1,1,electronics,Level 5 future of technology
882664cb39fffff,transport,2,2,"bicycle_rental, bus_station","Sayre Ave & Diversey Ave, Diversey & Neva Terminal"
882664cb3bfffff,automotive,7,4,"car, car, car, car_repair, car_parts, car, car_wash","McGrath City Mazda, McGrath City Honda, McGrath City Hyundai, Pep Boys, O'Reilly Auto Parts, Jet Brite Car Wash"
882664cb3bfffff,civic_community,2,1,"place_of_worship, place_of_worship","Mont Clare Congregational Church, Saint Williams Church"
882664cb3bfffff,education,2,2,"library, school","Galewood-Mont Clare Branch Library, Saint Williams School"
882664cb3bfffff,finance,1,1,bank,Hoyne Savings Bank
882664cb3bfffff,food_drink,3,2,"fast_food, fast_food, restaurant","Taco Bell, Popeyes, Applebee's"
882664cb3bfffff,grocery,1,1,bakery,El Rincon Del Sabor
882664cb3bfffff,services,1,1,laundry,Speed Queen
882664cb3bfffff,shopping,3,3,"florist, doityourself, garden_centre","Same Day Flower Delivery Chicago, The Home Depot"
882664cb3bfffff,transport,2,2,"bicycle_rental, bus_station","Newcastle Ave & Belden Ave, Grand & Nordica Terminal"
882664cb41fffff,education,1,1,school,Beard Elementary School
882664cb41fffff,grocery,1,1,convenience,Gaelic Imports
882664cb41fffff,leisure_sports,1,1,dojo,Tae Kwon Do
882664cb41fffff,services,1,1,hairdresser,Anna's Hair Salon & Spa
882664cb43fffff,education,4,4,"library, college, childcare, school","Wilbur Wright College, Promiseland Learning Center, Smyser Elementary School"
882664cb43fffff,entertainment,2,1,"theatre, theatre",Stage Wright Theater
882664cb43fffff,finance,1,1,atm,
882664cb43fffff,food_drink,3,2,"fast_food, cafe, cafe","Tom & Jerry's Gyros, SGA cafe"
882664cb43fffff,grocery,1,1,convenience,BP Shop
882664cb43fffff,services,1,1,post_office,The UPS Store
882664cb43fffff,shopping,1,1,books,
882664cb43fffff,transport,3,3,"charging_station, bicycle_rental, fuel","Narragansett Ave & Montrose Ave, BP"
882664cb47fffff,civic_community,2,2,"place_of_worship, social_facility","Chicago Latvian Zion Lutheran Church, Illinois Veterans' Home Chicago"
882664cb47fffff,education,2,1,"school, school","New Horizon Center for the Developmentally Disabled, Chicago Latvian Krisjanis Barons School"
882664cb47fffff,food_drink,1,1,cafe,Eli’s Cheesecake
882664cb47fffff,grocery,1,1,bakery,Eli's Cheesecake Factory
882664cb49fffff,automotive,2,2,"car_wash, car_repair","Final Touch Hand Car Wash, Preferred Auto Service"
882664cb49fffff,civic_community,5,1,"place_of_worship, place_of_worship, place_of_worship, place_of_worship, place_of_worship","Meditation Center of Chicago, Norwood Gospel Chapel, Foster Avenue Baptist Church, Gladstone Park Lutheran Church"
882664cb49fffff,finance,1,1,atm,
882664cb49fffff,food_drink,3,3,"fast_food, ice_cream, restaurant","Dunkin', Baskin-Robbins, The Big Top Restaurant"
882664cb49fffff,grocery,2,2,"greengrocer, convenience","Kordian's Market, 7-Eleven"
882664cb49fffff,services,3,2,"hairdresser, beauty, beauty","European Hair Salon, Nail Care, Callista Beauty and Medical Spa"
882664cb49fffff,transport,2,2,"bicycle_rental, fuel","Higgins Ave & Austin Ave, Citgo"
882664cb4bfffff,civic_community,2,1,"place_of_worship, place_of_worship","Saint Robert Bellarmine Roman Catholic Church, CSI Christ Church of Chicago"
882664cb4bfffff,education,2,2,"school, kindergarten","Saint Bellarmine School, Pinocchio Child Care"
882664cb4bfffff,food_drink,7,4,"restaurant, restaurant, fast_food, restaurant, pastry, restaurant, deli","Taquería Amigo Chino, A Taste of the Philippines, Dunkin', Earl's BBQ, Delightful Pastries, Broasted Chicken Royale, J & J European Deli"
882664cb4bfffff,grocery,3,2,"alcohol, bakery, bakery","Prestige Liquors, Sicilia Bakery, Sandy's Bakery & Deli"
882664cb4bfffff,health,3,1,"dentist, dentist, dentist","Lawrence Plaza Dental, Marszalek Dental Clinic, Klempka Dental"
882664cb4bfffff,nightlife,4,2,"pub, bar, pub, bar","Galvin's Public House, Friendly Tavern, Printer's Row Brewing, Charlotte's Bar & Grill"
882664cb4bfffff,services,5,3,"hairdresser, beauty, beauty, hairdresser, funeral_directors","Art of Hair Beauty Salon, Illinois Nails, OM Spa, Simply Chic Beauty Salon, Lawrence Funeral Home"
882664cb4bfffff,shopping,4,4,"florist, video, electrical, nutrition_supplements","Casa Blanca Flowers, Monica's Video, MGD Electric, Natural Beginnings Health Food"
882664cb4bfffff,transport,1,1,bicycle_rental,Melvina Ave & Giddings St
882664cb4dfffff,civic_community,1,1,place_of_worship,Saint Sophia Ukrainian Orthodox Church
882664cb4dfffff,education,1,1,school,John Garvy Elementary School
882664cb51fffff,automotive,1,1,car,
882664cb51fffff,civic_community,7,2,"place_of_worship, place_of_worship, place_of_worship, place_of_worship, place_of_worship, place_of_worship, fire_station","Nebo Lutheran Church, Nebo Lutheran Church Hall, Shrine of the Sacred Heart Jesuit Millennium Center, The Bridge Community Church, Chicago Fil-Am Seventh-day Adventist Church, Portage Park Gospel Chapel, Chicago Fire Department Engine Company 94"
882664cb51fffff,education,1,1,childcare,Happy Kids Preschool & Daycare Center
882664cb51fffff,food_drink,7,3,"restaurant, cafe, fast_food, cafe, restaurant, fast_food, fast_food","BRGRBELLY, Tea’se Tea Shoppe, Little Caesars, Portage Grounds, Bluebird Portage Park, DQ Grill & Chill, McDonald's"
882664cb51fffff,grocery,1,1,convenience,7-Eleven
882664cb51fffff,nightlife,1,1,bar,Easy Street
882664cb51fffff,services,2,2,"hairdresser, storage_rental","Aurora's Family Hair Care, CubeSmart"
882664cb51fffff,shopping,3,3,"bicycle, florist, variety_store","Rudy's Cycle and Fitness, Dahlia Blooms, Dollar Tree"
882664cb51fffff,transport,2,1,"bicycle_rental, bicycle_rental","Grace St & Central Ave, Marmora Ave & Irving Park Rd"
882664cb53fffff,civic_community,2,1,"place_of_worship, place_of_worship","Saint Ladislaus Catholic Church, Saint Andrews Lutheran Church"
882664cb53fffff,education,4,1,"school, school, school, school","Saint Ladislaus School, Mid-America Beauty School, Portage Park Day Nursery, Peter A. Reinberg Elementary School"
882664cb53fffff,food_drink,1,1,cafe,Mather’s More Than a Cafe
882664cb53fffff,grocery,1,1,bakery,Cake’n It - Home Bakery
882664cb53fffff,health,1,1,hospital,Community First Medical Center
882664cb53fffff,shopping,1,1,chemist,CVS Pharmacy
882664cb53fffff,transport,2,1,"bicycle_rental, bicycle_rental","Central Ave & Roscoe St, Major Ave & Addison St"
882664cb55fffff,civic_community,3,1,"place_of_worship, place_of_worship, place_of_worship","Portage Park Evangelical Covenant Church, Saint Pascal Roman Catholic Church, LightSource Foundation Church"
882664cb55fffff,education,5,3,"school, childcare, library, childcare, school","Saint Pascal's School, Kinder Academy Daycare, Austin-Irving Branch Library, Little Scholars Learning Center, O A Thorp Scholastic Academy"
882664cb55fffff,entertainment,1,1,cinema,Patio Theater
882664cb55fffff,finance,1,1,bank,BMO
882664cb55fffff,food_drink,9,3,"restaurant, cafe, restaurant, restaurant, cafe, restaurant, restaurant, deli, restaurant","A's Restaurant & Pancake House, Perkolator, Bistro 6050, Burgundy Restaurant, Chicago Billiard Cafe, Pizza y Pan pa'ya, Magic Jug, Qasr al Nakhil Grocery, Giordano's Pizzeria"
882664cb55fffff,grocery,1,1,convenience,Drake Quick Stop
882664cb55fffff,health,2,2,"dentist, clinic","Copeland Dental Care, Chicagoland Foot and Ankle"
882664cb55fffff,services,2,2,"hairdresser, dry_cleaning","Betty's & Nick's, Norwood Cleaners"
882664cb55fffff,shopping,5,4,"jewelry, clothes, second_hand, clothes, bed","Kasia's Bridal & Special Occasion Boutique, Greater Goods Community Thrift, J G Uniforms, Sleep Haven Mattresses"
882664cb55fffff,transport,1,1,bicycle_rental,Narragansett Ave & Irving Park Rd
882664cb57fffff,education,1,1,school,Chicago Academy Elementary/High School
882664cb57fffff,food_drink,3,3,"ice_cream, cafe, fast_food","Baskin-Robbins, New Waves Cafe & Deli, Dunkin'"
882664cb57fffff,grocery,1,1,convenience,BP Shop
882664cb57fffff,health,1,1,pharmacy,Walgreens
882664cb57fffff,transport,2,2,"bicycle_rental, fuel","Meade Ave & Addison St, BP"
882664cb59fffff,automotive,3,1,"car, car, car",Autobarn City Volkswagen
882664cb59fffff,civic_community,1,1,place_of_worship,Romanian Eastern Orthodox Church of Saint Mary
882664cb59fffff,education,2,1,"school, school","Portage Park Elementary School, Vaughn Occupational High School"
882664cb59fffff,food_drink,4,4,"coffee, cafe, ice_cream, deli","Cafe Refreshed, Ciao Ciao Gelato Cafe, Mia's Gelato, Montrose Deli"
882664cb59fffff,health,1,1,pharmacy,Walgreens
882664cb59fffff,services,1,1,tattoo,
882664cb59fffff,shopping,3,3,"florist, wool, hardware","4 Get Me Not, The Bloomin' Spindle, Crafty Beaver"
882664cb59fffff,transport,3,2,"bicycle_rental, bicycle_rental, car_rental","Long Ave & Irving Park Rd, Linder Ave & Montrose Ave, Enterprise"
882664cb5bfffff,automotive,4,1,"car, car, car, car","Marino Chrysler Jeep Dodge, Marino Chrysler Jeep Dodge, Mike Anderson Chevrolet, Marino Chrysler Jeep Dodge"
882664cb5bfffff,civic_community,1,1,place_of_worship,Fil-American Baptist Church
882664cb5bfffff,education,1,1,school,William P. Gray School
882664cb5bfffff,food_drink,1,1,deli,Saravale Meat Market
882664cb5bfffff,grocery,4,2,"convenience, supermarket, convenience, convenience","BP Shop, Supermarket Martins, Shell, Shell"
882664cb5bfffff,nightlife,1,1,bar,Sutherland’s Food & Spirits
882664cb5bfffff,services,1,1,pet_grooming,Bark Out Loud
882664cb5bfffff,transport,5,2,"bicycle_rental, bicycle_rental, fuel, fuel, fuel","Laramie Ave & Irving Park Rd, Laramie Ave & Addison Ave, Shell, BP, Shell"
882664cb5dfffff,automotive,1,1,car_repair,Montrose Auto Clinic
882664cb5dfffff,civic_community,3,2,"place_of_worship, place_of_worship, social_facility","Sv. Ivan Rilski Bulgarian Orthodox Church, Community of Christ, St. Mary of Providence"
882664cb5dfffff,education,2,1,"school, school","Hyman Rickover Naval Academy, Providence Center"
882664cb5dfffff,entertainment,1,1,artwork,Vasil Levski
882664cb5dfffff,food_drink,2,1,"fast_food, fast_food","Flip, Pete's Pizzeria"
882664cb5dfffff,grocery,3,3,"supermarket, convenience, seafood","La Bodega - Food Market, Shell, Hagen's Fish Market"
882664cb5dfffff,nightlife,1,1,bar,Six Penny Bit
882664cb5dfffff,services,1,1,laundry,
882664cb5dfffff,transport,2,2,"bicycle_rental, fuel","Mason Ave & Montrose Ave, Shell"
882664cb63fffff,civic_community,1,1,place_of_worship,Forest Preserve Bible Church
882664cb63fffff,food_drink,1,1,fast_food,Jimmy John's
882664cb63fffff,health,1,1,optician,America's Best Contacts & Eyeglasses
882664cb63fffff,shopping,1,1,mobile_phone,T-Mobile
882664cb63fffff,transport,1,1,bicycle_rental,Oriole Ave & Irving Park Rd
882664cb65fffff,food_drink,1,1,fast_food,McDonald's
882664cc01fffff,civic_community,5,1,"place_of_worship, place_of_worship, place_of_worship, place_of_worship, place_of_worship","Christian Love Baptist Church, Saint Anselm Catholic Church, Saint Edmund's Episcopal Church, Full Gospel Pentecostal Church, Saint Philips Lutheran Church"
882664cc01fffff,education,2,1,"school, school","Dulles Elementary School, CICS Washington Park School"
882664cc01fffff,entertainment,1,1,artwork,Stop The Violence Chicago
882664cc01fffff,finance,1,1,money_transfer,63rd and King Currency Exchange
882664cc01fffff,grocery,3,2,"convenience, convenience, supermarket","New Food Mart, D Train Food Mart, Woodlawn Fresh Market"
882664cc01fffff,transport,2,1,"bicycle_rental, bicycle_rental","MLK Jr Dr & 63rd St, Eberhart Ave & 61st St"
882664cc03fffff,automotive,1,1,car_parts,AutoZone
882664cc03fffff,civic_community,6,4,"place_of_worship, fire_station, community_centre, place_of_worship, place_of_worship, social_facility","Church of God, Chicago Fire Department Engine Company 47, Edward G. Irvin Center, Parkway Garden Christian Church, New Beginnings Church"
882664cc03fffff,education,1,1,school,Emmett Louis Till Math and Science Academy
882664cc03fffff,food_drink,1,1,fast_food,Baba's Halal
882664cc03fffff,grocery,1,1,convenience,Clark's Pump-N-Shop
882664cc03fffff,lodging,1,1,motel,Best Motel
882664cc03fffff,services,1,1,dry_cleaning,Tailorite Complete Clothing Care
882664cc03fffff,shopping,1,1,mobile_phone,Boost Mobile
882664cc03fffff,transport,1,1,fuel,Clark
882664cc05fffff,civic_community,2,2,"information, place_of_worship","Welcome to Englewood, Mount Hope Baptist Church"
882664cc05fffff,education,1,1,school,Englewood High School
882664cc05fffff,grocery,2,1,"convenience, convenience","Citgo, BP Shop"
882664cc05fffff,services,1,1,rental,U-Haul
882664cc05fffff,transport,3,2,"bicycle_rental, fuel, fuel","Wentworth Ave & 63rd St, Citgo, BP"
882664cc07fffff,civic_community,1,1,social_facility,
882664cc07fffff,grocery,2,1,"convenience, convenience","Shell, Citgo"
882664cc07fffff,transport,2,1,"fuel, fuel","Shell, Citgo"
882664cc09fffff,civic_community,2,1,"place_of_worship, place_of_worship","Kindest United House of Prayer, Freedom Temple Church of God in Christ"
882664cc09fffff,education,1,1,school,John Fiske Elementary School
882664cc09fffff,entertainment,1,1,artwork,Fountain of Time
882664cc09fffff,food_drink,2,2,"cafe, restaurant","Greenline Coffee, 2 Potz & A Pan Eatery"
882664cc09fffff,grocery,1,1,convenience,Woodlawn Neighborhood Market
882664cc0bfffff,automotive,1,1,car_wash,Mobil
882664cc0bfffff,civic_community,11,3,"community_centre, community_centre, place_of_worship, place_of_worship, place_of_worship, place_of_worship, place_of_worship, place_of_worship, place_of_worship, social_facility, social_facility","Chicago Alliance Against Racist and Political Oppression, Harriet Harris Community Center, St. Peter Word Church, Vernon Baptist Church, Living Hope Church, Woodlawn African Methodist Episcopal Church, Langley Avenue Church of God, South Side Gospel Church, Lincoln Memorial Congregational United Church of Christ, AKArama Foundation Inc Community Service Center"
882664cc0bfffff,education,3,2,"school, library, school","Sonia Shankman Orthogenic School, Bessie Coleman Branch Library"
882664cc0bfffff,entertainment,6,2,"events_venue, artwork, artwork, artwork, artwork, events_venue","Grand Ballroom, Wonder of Woodlawn, Black Panther, The Green Living Room"
882664cc0bfffff,food_drink,3,2,"restaurant, fast_food, restaurant","Daley's Restaurant, Subway, Conscious Plates"
882664cc0bfffff,grocery,3,2,"convenience, convenience, supermarket","Tony's Dollar Store, Mobil Mart, Jewel-Osco"
882664cc0bfffff,health,1,1,clinic,Friend Health Clinic
882664cc0bfffff,nightlife,1,1,bar,McKie's DJ Lounge
882664cc0bfffff,services,3,2,"post_office, post_office, laundry","The UPS Store, Jackson Park Post Office, Rainbow Brite Laundromat"
882664cc0bfffff,shopping,3,3,"variety_store, department_store, mobile_phone","Family Dollar, City Sports, Metro by T-Mobile"
882664cc0bfffff,transport,2,2,"bicycle_rental, fuel","Cottage Grove Ave & 63rd St, Mobil"
882664cc0dfffff,civic_community,17,3,"place_of_worship, fire_station, place_of_worship, place_of_worship, place_of_worship, social_centre, place_of_worship, place_of_worship, place_of_worship, place_of_worship, place_of_worship, place_of_worship, place_of_worship, place_of_worship, place_of_worship, place_of_worship, place_of_worship","Chicago Fire Department Engine Company 84, Jubilee Christian Methodist Episcopal Church, Kingdom Hall of Jehovah's Witnesses, El-Bethel Baptist Church, American Legion Hall George L. Giles Post, Prayer Garden Church of God in Christ, Greater Metropolitan Baptist Church, Joy of Fellowship Baptist Church, Everybody's Bible Church, Holy Spiritual Temple II, Gorham United Methodist Church, Holy Cross Temple, Coppin Memorial African Methodist Episcopal Church, Church of the Good Shepherd, Saint Augustines Cathedral, Greater True Vine Missionary Baptist Church"
882664cc0dfffff,education,1,1,school,Carter School of Excellence
882664cc0dfffff,entertainment,1,1,arts_centre,Civic Arts Church
882664cc0dfffff,food_drink,1,1,fast_food,Church's Chicken
882664cc0dfffff,transport,1,1,bicycle_rental,Wabash Ave & 59th St
882664cc11fffff,civic_community,4,2,"social_facility, place_of_worship, place_of_worship, social_facility","Gary Comer Youth Center, Bray Temple Christian Methodist Episcopal Church, Carey A.M.E. Temple"
882664cc11fffff,education,4,2,"school, library, school, school","Gary Comer College Prep Middle School, Greater Grand Crossing Branch Library, Revere Elementary School, Gary Comer College Prep"
882664cc11fffff,entertainment,2,2,"cinema, gallery","Black Cinema House, Theaster Gates Studio"
882664cc11fffff,grocery,1,1,convenience,Citgo
882664cc11fffff,transport,1,1,fuel,Citgo
882664cc13fffff,civic_community,9,2,"place_of_worship, place_of_worship, place_of_worship, place_of_worship, place_of_worship, place_of_worship, place_of_worship, place_of_worship, social_facility","New Testament Memorial Baptist Church, The Lord's Way Missionary Baptist Church, Haven of Prayer and Praise Church, Fidelity Life Full Baptist Church, Christ Temple Community Church, Just Christ Ministries, New Life Covenant Church, Saint Paul Evangelical Lutheran Church"
882664cc13fffff,education,3,1,"school, school, school","James Madison Elementary School, Saint Paul Evangelical Lutheran School"
882664cc13fffff,entertainment,1,1,theatre,ETA Creative Arts Foundation
882664cc13fffff,food_drink,1,1,restaurant,Chuckies Grill
882664cc13fffff,grocery,2,1,"convenience, convenience","BP Shop, Citgo"
882664cc13fffff,nightlife,1,1,nightclub,Lee's Unleaded Blues
882664cc13fffff,transport,3,2,"bicycle_rental, fuel, fuel","Woodlawn Ave & 75th St, Citgo, BP"
882664cc15fffff,automotive,1,1,car_wash,Buddy Bear Car Wash
882664cc15fffff,civic_community,12,2,"place_of_worship, place_of_worship, place_of_worship, place_of_worship, place_of_worship, place_of_worship, place_of_worship, place_of_worship, place_of_worship, place_of_worship, place_of_worship, police","Greater Bethel Missionary Baptist Church, Grace Fellowship Baptist Church, Celestial Church of Christ, Prince of Peace Apostolic Church, Rising Sun Spiritual Church, Emmanuel Community Church, Park Manor Christian Church, Martin Temple AME Zion Church, Kelly United Methodist Church, Tabernacle of Love, Temple of God Pentecostal Church, Chicago Police Department 3rd District"
882664cc15fffff,education,1,1,school,Park Manor Elementary School
882664cc15fffff,entertainment,1,1,artwork,
882664cc15fffff,food_drink,1,1,fast_food,JJ Fish & Chicken
882664cc15fffff,services,2,2,"ticket, storage_rental","Pinkie April Snow Enterprises, StorageMart"
882664cc15fffff,transport,2,1,"bicycle_rental, bicycle_rental","Cottage Grove Ave & 71st St, Rhodes Ave & 71st St"
882664cc17fffff,civic_community,12,1,"place_of_worship, place_of_worship, place_of_worship, place_of_worship, place_of_worship, place_of_worship, place_of_worship, place_of_worship, place_of_worship, place_of_worship, place_of_worship, place_of_worship","First Christian Community Baptist Church, Holy Covenant Non-Denominational Church, Holy Stranger Home Church, Israel Methodist Community Church, Moorish Science Temple of America, Grace Conservative Baptist Church, Ingleside-Whitfield United Methodist Church, Saint Mark African Methodist Episcopal Zion Church, Saint Lawrence Church of God and Christ, Faith Tabernacle Church of God, Rock of Ages Church of God in Christ, New Covenant MB Church"
882664cc17fffff,education,2,2,"childcare, school","Topsy Turby Nursery and Kindergarten, Tanner Elementary School"
882664cc17fffff,finance,2,1,"money_transfer, money_transfer","Western Union, 75th & Cottage Currency Exchange"
882664cc17fffff,grocery,2,2,"bakery, convenience","Firehouse Bakery & Grill, Quick Stop Gas & Mini Mart"
882664cc17fffff,health,1,1,clinic,DaVita Dialysis
882664cc17fffff,leisure_sports,1,1,dojo,Tanksons Martial Arts Academy
882664cc17fffff,lodging,1,1,motel,Empire Motel
882664cc17fffff,nightlife,3,1,"bar, bar, bar","Murphy's Lounge, Randy's Lounge, President’s Lounge"
882664cc17fffff,shopping,1,1,trade,Banner Plumbing Supply
882664cc17fffff,transport,2,2,"bicycle_rental, fuel","Evans Ave & 75th St, Amstar"
882664cc19fffff,civic_community,4,2,"fire_station, place_of_worship, place_of_worship, place_of_worship","Chicago Fire Department Engine Company 63, Family of Faith, Celestial Church of Christ, Living Testimony Ministry"
882664cc19fffff,education,1,1,school,Woodlawn Community Academy
882664cc19fffff,entertainment,1,1,museum,Stony Island Arts Bank
882664cc19fffff,finance,1,1,bank,Chase
882664cc19fffff,food_drink,4,2,"fast_food, fast_food, restaurant, fast_food","Subway, See Thru Chinese Kitchen, Fisherman's Island, JJ Fish"
882664cc19fffff,grocery,1,1,alcohol,Midway #2 Food and Liquor
882664cc19fffff,health,1,1,pharmacy,Walgreens
882664cc19fffff,services,3,2,"beauty, beauty, laundry","Beautiful Sistera Nail Spa, Rose Beauty, Stony Laundry"
882664cc19fffff,shopping,1,1,mobile_phone,Boost Mobile
882664cc1bfffff,automotive,3,2,"car_repair, car_repair, car_parts","Melbar Import Car, Pit Stop 500, Advance Auto Parts"
882664cc1bfffff,civic_community,4,2,"place_of_worship, social_facility, place_of_worship, social_facility","Mosque Maryam, Maranatha Community Youth Center, South Shore Bible Baptist Church, Eden South Shore"
882664cc1bfffff,education,3,3,"university, school, kindergarten","Muhammad University of Islam, South Shore Fine Arts Academy, Children's Developmental Institute"
882664cc1bfffff,finance,2,1,"bank, bank","Bank of America, PNC Bank"
882664cc1bfffff,food_drink,8,4,"fast_food, restaurant, fast_food, ice_cream, fast_food, fast_food, cafe, fast_food","Shark's Fish and Chicken, The Foodie’s Spot, Harold's Chicken Shack, Baskin-Robbins, Dunkin', Church's Chicken, Starbucks, Burger King"
882664cc1bfffff,grocery,4,2,"convenience, supermarket, convenience, supermarket","Big Salem's Food Market, Zees Supermarket Plus, Shell, Save-A-Lot"
882664cc1bfffff,health,1,1,veterinary,Hyde Park Animal Hospital
882664cc1bfffff,services,7,6,"copyshop, beauty, beauty, dry_cleaning, hairdresser, rental, storage_rental","It's Major, 777 nails, Top 10 Nail and Spa, City Cleaners, Da Cuttin' Image, U-Haul, U-Haul"
882664cc1bfffff,shopping,3,2,"mobile_phone, variety_store, variety_store","Boost Mobile, Dollar General, Dollar Tree"
882664cc1bfffff,transport,2,2,"bicycle_rental, fuel","Stony Island Ave & 71st St, Shell"
882664cc1dfffff,civic_community,3,2,"social_facility, place_of_worship, place_of_worship","YWCA Laura Parks and Mildred Francis Center, Vineyard Spiritual Temple, Cosmopolitan Church Of Prayer"
882664cc1dfffff,education,1,1,school,Wadsworth Elementary School
882664cc1dfffff,grocery,2,2,"supermarket, convenience","Aldi, Citgo"
882664cc1dfffff,services,1,1,storage_rental,StorageMart
882664cc1dfffff,transport,2,2,"bicycle_rental, fuel","Cottage Grove Ave & 67th St, Citgo"
882664cc21fffff,civic_community,7,3,"place_of_worship, place_of_worship, community_centre, place_of_worship, place_of_worship, place_of_worship, social_facility","Manuel Memorial Missionary Baptist Church, Saint Mary's Missionary Baptist Church, Primo Center, Christ United Methodist Church, Saint Stephens Lutheran Church, Montclare Englewood"
882664cc21fffff,education,1,1,college,Kennedy-King College
882664cc21fffff,finance,3,3,"bank, atm, money_transfer","U.S. Bank, 63rd & Morgan Currency Exchange"
882664cc21fffff,food_drink,4,2,"fast_food, cafe, cafe, fast_food","Wingstop, Momentum Coffee, Starbucks, Chipotle"
882664cc21fffff,grocery,1,1,supermarket,Save-A-Lot
882664cc21fffff,health,2,2,"pharmacy, clinic","Oak Street Pharmacy, Fresenius Kidney Care"
882664cc21fffff,services,1,1,hairdresser,Powell’s Barbershop
882664cc21fffff,shopping,5,3,"clothes, second_hand, clothes, hardware, clothes","Dress Code, Marie|Wesley, DTLR, Englewood Hardware & Paint, Rainbow"
882664cc21fffff,transport,3,1,"bicycle_rental, bicycle_rental, bicycle_rental","Halsted St & 63rd St, Racine Ave & 65th St, Carpenter St & 63rd St"
882664cc23fffff,automotive,1,1,car_parts,O'Reilly Auto Parts
882664cc23fffff,civic_community,16,3,"place_of_worship, place_of_worship, place_of_worship, place_of_worship, place_of_worship, place_of_worship, place_of_worship, place_of_worship, place_of_worship, place_of_worship, place_of_worship, community_centre, social_facility, community_centre, place_of_worship, social_facility","New Era Missionary Baptist Church, Hope Bible Church, Blooming Rose Deliverance Church, Missionary Church of God in Christ, Christian Hope New Testament Church, Holy Trinity Non-Sectarian Temple, Ogden Park Congregation of Jehovahs Witnesses, Unity Church of God in Christ, Solid Rock Missionary Bapist Church, Burning Bush Missionary Baptist Church, Zion Temple Baptist Church, The Center of Englewood, Englewood Community Services, Adele and Robert Stern Red Shield Center, Saint Paul Missionary Baptist Church"
882664cc23fffff,food_drink,3,2,"cafe, fast_food, fast_food","Kusanya Cafe, White Castle, Checkers"
882664cc23fffff,grocery,2,1,"convenience, convenience","SNKFuels, Citgo"
882664cc23fffff,health,2,2,"dentist, clinic","Beloved Community Family Wellness Center - Dental Clinic, Beloved Community Family Wellness Center"
882664cc23fffff,shopping,1,1,variety_store,Family Dollar
882664cc23fffff,transport,3,2,"bicycle_rental, fuel, fuel","Halsted St & 69th St, SNK Fuels, Citgo"
882664cc25fffff,civic_community,16,3,"place_of_worship, place_of_worship, place_of_worship, place_of_worship, place_of_worship, place_of_worship, place_of_worship, place_of_worship, social_facility, place_of_worship, place_of_worship, place_of_worship, place_of_worship, place_of_worship, place_of_worship, police","Englewood United Missionary Baptist Church, Little Saint Matthews Baptist Church, Faith Tabernacle Baptist Church, Apostolic Faith Temple, Christ Haven Center, United Church of Holiness, Strangers Home Missionary Baptist Church, Spirit of Truth Church, IMAN Food and Wellness Center, Revival Tabernacle, St. John EMBC Church, Beautiful Zion Baptist Church, Mount Carmel Christian Methodist Episcopal Church, Trinity Baptist Church, Greater Saint John African Methodist Episcopal Church, Chicago Police Department 7th District"
882664cc25fffff,entertainment,1,1,theatre,
882664cc25fffff,finance,1,1,money_transfer,Western Union
882664cc25fffff,food_drink,1,1,fast_food,McDonald's
882664cc25fffff,grocery,2,2,"supermarket, convenience","Go Green Community Fresh Market, Citgo"
882664cc25fffff,shopping,4,2,"clothes, mobile_phone, mobile_phone, mobile_phone","Englewood Branded, Metro by T-Mobile, Boost Mobile"
882664cc25fffff,transport,3,3,"bicycle_rental, fuel, bus_station","Ashland Ave & 63rd St, Citgo, Ashland/63rd Green Line Station"
882664cc27fffff,civic_community,10,1,"place_of_worship, place_of_worship, place_of_worship, place_of_worship, place_of_worship, place_of_worship, place_of_worship, place_of_worship, place_of_worship, place_of_worship","First Community Baptist Church, New Bethlehem Missionary Baptist Church, Zion City Missionary Baptist Church, Green Grove Missionary Baptist Church, True Church House of Prayer to all Nations, Christ Chapel Missionary Baptist Church, Prayer Tower Church of God in Christ, Word & Holy Ghost Apostolic Faith Church, Holy Nazarene Rescue Mission, Gethsemane Church of God in Christ"
882664cc27fffff,education,2,2,"childcare, school","Southtown Day Care Center, Bass Elementary School"
882664cc27fffff,health,1,1,clinic,Englewood Health Center of Cook County
882664cc27fffff,transport,1,1,bicycle_rental,May St & 69th St
882664cc29fffff,civic_community,5,2,"place_of_worship, place_of_worship, place_of_worship, social_facility, social_facility","Victory Outreach Church, New Canaan Land Missionary Baptist Church, Church of the Living God, Chicago Englwood Senior Satellite Center, Hope Manor II"
882664cc29fffff,education,1,1,library,Kelly Branch Library
882664cc29fffff,finance,2,1,"atm, atm",PNC Bank
882664cc29fffff,food_drink,2,1,"fast_food, fast_food","Subway, Dunkin'"
882664cc29fffff,grocery,1,1,supermarket,Aldi
882664cc29fffff,health,1,1,pharmacy,Walgreens
882664cc29fffff,shopping,2,2,"mobile_phone, chemist","AT&T, Walgreens"
882664cc2bfffff,civic_community,6,1,"place_of_worship, place_of_worship, place_of_worship, place_of_worship, place_of_worship, place_of_worship","Union Tabernacle Baptist Church, Full Gospel Church, Big Zion Missionary Baptist Church, Englewood United Methodist Church, Greater Mount Vernon Baptist Church, Saint Benedict the African Roman Catholic Church"
882664cc2bfffff,education,4,1,"school, school, school, school","Saint Benedict School, Johnson College Prep, Benjamin Mays Elementary School, Kershaw Elementary School"
882664cc2bfffff,entertainment,3,1,"artwork, artwork, artwork",Englewood Junction
882664cc2bfffff,health,3,2,"clinic, clinic, hospital","Howard Brown Health 63rd Street, Englewood Health Center, Saint Bernard Hospital"
882664cc2bfffff,services,1,1,post_office,Englewood Post Office
882664cc2bfffff,transport,1,1,bicycle_rental,Stewart Ave & 63rd Street
882664cc2dfffff,civic_community,14,1,"place_of_worship, place_of_worship, place_of_worship, place_of_worship, place_of_worship, place_of_worship, place_of_worship, place_of_worship, place_of_worship, place_of_worship, place_of_worship, place_of_worship, place_of_worship, place_of_worship","New Mount Sinai Missionary Baptist Church, Mount Sinai Missionary Baptist Church, Bethel Tabernacle, Survival Awakening Church of Holiness, Holy Rock Church & Outreach Ministries, Silver Cloud Missionary Baptist Church, Rejecte Stone MB Church, New Greater Love Pentecostal Church, Full Gospel Evangelistic Church, Englewood Church of God, Christian Faith Fellowship Church, Hope Presbyterian Church, Sunrise Missionary Baptist Church, New Jerusalem Pentecostal Church"
882664cc2dfffff,education,3,1,"school, school, school","Nicholson School for Science and Math, Bottles to Books, Anna R. Langford Community Academy"
882664cc2dfffff,grocery,2,1,"convenience, convenience",Marathon
882664cc2dfffff,transport,3,2,"bicycle_rental, fuel, fuel","Racine Ave & 61st St, GoLo, Marathon"
882664cc31fffff,civic_community,5,2,"place_of_worship, place_of_worship, place_of_worship, social_facility, place_of_worship","Perlie Gates Missionary Baptist Church, Cathedral Temple of Divine Love, First Progressive Church of Christ, Maria Shelter, Saint Carthage Roman Catholic Church"
882664cc31fffff,education,2,1,"school, school","Saint Carthage School, Deneen Elementary School"
882664cc31fffff,entertainment,1,1,artwork,
882664cc31fffff,food_drink,3,2,"restaurant, fast_food, fast_food","Smoke Signals BBQ, Haire's Gulf Shrimp, Popeyes"
882664cc31fffff,grocery,5,2,"convenience, convenience, convenience, supermarket, convenience","Grand Palace, Aladdin's Food, Aldi, Shell"
882664cc31fffff,transport,2,1,"fuel, fuel","Falcon, Shell"
882664cc33fffff,automotive,1,1,car_wash,Mobil
882664cc33fffff,civic_community,3,2,"fire_station, place_of_worship, place_of_worship","Chicago Fire Department Engine Company 122, Carter Temple Christian Methodist Episcopal Church, Grace and Glory Gospel Chapel"
882664cc33fffff,education,1,1,childcare,Crickets Child and Infant Daycare Center
882664cc33fffff,entertainment,1,1,artwork,Mahalia Jackson
882664cc33fffff,finance,1,1,bank,Providence Bank & Trust
882664cc33fffff,food_drink,3,2,"fast_food, restaurant, restaurant","Church's Chicken, Jerk Taco Man, Pepe's Mexican Restaurant"
882664cc33fffff,grocery,4,1,"convenience, convenience, convenience, convenience","Shell, Citgo, Mobil Mart, BP Shop"
882664cc33fffff,health,1,1,pharmacy,Walgreens
882664cc33fffff,shopping,1,1,department_store,Forman Mills
882664cc33fffff,transport,7,3,"bicycle_rental, bicycle_rental, fuel, fuel, fuel, fuel, bus_station","State St & 79th St, State St & 76th St, Citgo, BP, Mobil, Shell, 79th Street & Perry Terminal"
882664cc35fffff,civic_community,4,2,"place_of_worship, place_of_worship, fire_station, place_of_worship","Mount Carmel Ridge Missionary Baptist Church, Cluster Baptist Church, Chicago Fire Department Engine Company 54, New Mount Olivet Baptist Church"
882664cc35fffff,education,1,1,school,"Dr. Martin Luther King, Jr Academy of Social Justice"
882664cc35fffff,grocery,1,1,convenience,Not Far From A Dollar
882664cc35fffff,transport,1,1,bicycle_rental,Halsted St & 73rd St
882664cc37fffff,civic_community,6,2,"place_of_worship, place_of_worship, place_of_worship, place_of_worship, place_of_worship, social_facility","Christs Temple Church of God in Christ Baptist Church, All Nations Pentecostal Church, Holy Temple Evangelistic Church of God in Christ, Faith United Methodist Church, Pleasant Green MB Church, SOS Children's Village"
882664cc37fffff,education,1,1,school,Harvard Elementary School
882664cc37fffff,finance,3,2,"atm, money_transfer, money_transfer","Vincennes Currency Exchange Bitcoin ATM, Western Union, Western Union"
882664cc37fffff,food_drink,2,1,"fast_food, fast_food","Fred & Jack's, McDonald's"
882664cc37fffff,grocery,2,2,"alcohol, convenience","Stewart Liquors, Citgo"
882664cc37fffff,shopping,1,1,mobile_phone,Boost Mobile
882664cc37fffff,transport,2,2,"bicycle_rental, fuel","Vincennes Ave & 75th St, Citgo"
882664cc39fffff,civic_community,11,1,"place_of_worship, place_of_worship, place_of_worship, place_of_worship, place_of_worship, place_of_worship, place_of_worship, place_of_worship, place_of_worship, place_of_worship, place_of_worship","Prayer Band General Assembly, Evening Star Baptist Church, Bethel Temple, Divine Church of Prayer, Lamb of God Church, Mount Olive Church of God in Christ, Shiloh Seventh Day Adventist Church, Saint James Missionary Baptist Church, Park Manor Congregational Church, Saint Columbanus Church, Martin Temple African Methodist Episcopal Zion Church"
882664cc39fffff,education,6,3,"school, school, kindergarten, childcare, school, school","Shiloh Academy, Chicago Academy, Shiloh Nursery, Child's World Academic Inc., Saint Columbanus School, Brownell Elementary School"
882664cc39fffff,entertainment,1,1,artwork,
882664cc39fffff,food_drink,1,1,fast_food,Subway
882664cc39fffff,grocery,5,2,"supermarket, convenience, convenience, convenience, convenience","Shop-N-Save, BP Shop, Mobil Mart, Citgo, 76"
882664cc39fffff,shopping,2,2,"mobile_phone, variety_store","Metro by T-Mobile, Family Dollar"
882664cc39fffff,transport,7,3,"bicycle_rental, bicycle_rental, fuel, fuel, fuel, fuel, bus_station","Calumet Ave & 71st St, Michigan Ave & 71st St, BP, Mobil, Citgo, 76, 69th Street Red Line Station"
882664cc3bfffff,civic_community,5,2,"place_of_worship, place_of_worship, place_of_worship, place_of_worship, community_centre","Salem Lutheran Church, Cathedral of Love Missionary Baptist Church, New Beginnings in Christ Ministries, Saint Columbanus Church Social Center"
882664cc3bfffff,education,1,1,childcare,Angel Land Nursery School
882664cc3bfffff,entertainment,1,1,attraction,Al Capone's House
882664cc3bfffff,food_drink,5,3,"ice_cream, fast_food, restaurant, restaurant, fast_food","Baskin-Robbins, Harold's Chicken Shack, Soul Veg City, Lem's Bar-B-Q, Dunkin'"
882664cc3bfffff,grocery,3,3,"supermarket, convenience, bakery","M & H Market, Marathon, Brown Sugar Bakery"
882664cc3bfffff,nightlife,1,1,bar,Frances' Cocktail Lounge
882664cc3bfffff,shopping,1,1,art,The Woodshop
882664cc3bfffff,transport,2,2,"bicycle_rental, fuel","Vernon Ave & 75th St, Marathon"
882664cc3dfffff,civic_community,7,1,"place_of_worship, place_of_worship, place_of_worship, place_of_worship, place_of_worship, place_of_worship, place_of_worship","Greater Mount Tabor Baptist Church, Rising Star Missionary Baptist Church, Canaan Baptist Church, True Vine Missionary Baptist Church, Antioch Baptist Church South, Calvary Light Pentecostal Church, Greater Salem Baptist Church"
882664cc3dfffff,education,2,1,"school, school","Englewood STEM High School, Parker Community Academy"
882664cc3dfffff,food_drink,2,1,"fast_food, fast_food","McDonald's, Dunkin'"
882664cc3dfffff,transport,2,1,"bicycle_rental, bicycle_rental","Perry Ave & 69th St, Eggleston Ave & 69th St"
882664cc41fffff,civic_community,4,2,"information, place_of_worship, place_of_worship, place_of_worship","Washington Park, McGee Temple, First Tabernacle Community Church, Old Friendship MBC"
882664cc41fffff,education,1,1,school,Walter H. Dyett High School
882664cc41fffff,entertainment,2,1,"artwork, artwork",
882664cc41fffff,food_drink,3,2,"restaurant, fast_food, fast_food","Sharks Fish & Chicken, Jimmy's Famous Burgers, Subway"
882664cc41fffff,health,4,3,"clinic, pharmacy, pharmacy, hospital","John Sengstacke Health Center, Walgreens, Outpatient Pharmacy, Provident Hospital of Cook County"
882664cc41fffff,services,3,2,"beauty, beauty, storage_rental","Modern Beauty, Sister Nail & Spa, Hyde Park Self Storage"
882664cc41fffff,shopping,2,2,"mobile_phone, chemist","Cricket Wireless, Walgreens"
882664cc41fffff,transport,1,1,bicycle_rental,Cottage Grove Ave & 51st St
882664cc43fffff,civic_community,1,1,social_facility,Ronald McDonald House
882664cc43fffff,education,2,2,"library, kindergarten","Joe and Rika Mansueto Library, UChicago Child Development Center - Drexel"
882664cc43fffff,entertainment,5,3,"artwork, artwork, museum, museum, theatre","Gotthold Ephraim Lessing, Nuclear Energy, DuSable Black History Museum and Education Center, David and Alfred Smart Museum of Art, Court Theatre"
882664cc43fffff,finance,2,2,"bank, atm",Maroon Financial Credit Union
882664cc43fffff,food_drink,4,4,"fast_food, cafe, food_court, restaurant","Burrito Beach, Quantum Cafe, Sky Cafe, Roux"
882664cc43fffff,health,2,2,"doctors, clinic","Adult Emergency Room, Friend Health Cottage Grove Clinic"
882664cc43fffff,transport,2,1,"bicycle_rental, bicycle_rental","Ellis Ave & 55th St, DuSable Museum"
882664cc45fffff,automotive,1,1,car_repair,Jones Auto Center
882664cc45fffff,civic_community,11,2,"place_of_worship, place_of_worship, place_of_worship, place_of_worship, place_of_worship, place_of_worship, social_facility, place_of_worship, place_of_worship, place_of_worship, place_of_worship","Ebenezer House of Prayer, Greater Harvest Baptist Church, Greater Mount Moriah Baptist Church, Cathedral Missionary Baptist Church, Saint Luke United Methodist Church, Forrestville Hyde Park Congregation of Jehovah Witnesses, Fred C. Matthews III Senior Housing, Greater Shiloh Missionary Baptist Church, First Unity Baptist Church, Corpus Christi Roman Catholic Church, Greater King David M.B. Church"
882664cc45fffff,education,8,2,"school, school, school, library, school, school, school, school","Corpus Christi School, Bronzeville Scholastic Institute, Daniel Hale Williams Preparatory School of Medicine, George C. Hall Branch Library, Chicago Baptist Institute, Educare Chicago, DuSable High School Campus"
882664cc45fffff,entertainment,11,2,"artwork, artwork, artwork, artwork, artwork, artwork, artwork, artwork, artwork, artwork, events_venue","George Washington Memorial, Walter Dyett, Kobe Bryant Memorial, Charles A. Hayes Family Investment Center"
882664cc45fffff,finance,1,1,pawnbroker,United Loan Co.
882664cc45fffff,food_drink,7,3,"restaurant, restaurant, fast_food, cafe, fast_food, restaurant, fast_food","Friistyle, Skidoe's Café & Grill, The Hot Dog Box, Southside Grinds Coffee Co., Louisiana Famous Fried Chicken, Little Wok, Five One Food Fresh Grill"
882664cc45fffff,grocery,3,2,"convenience, convenience, marketplace","Red Apple Food & Liquor, Citgo, Boxville"
882664cc45fffff,health,1,1,clinic,DaVita Dialysis Woodlawn
882664cc45fffff,shopping,1,1,furniture,Glam Furniture
882664cc45fffff,transport,3,2,"bicycle_rental, bicycle_rental, fuel","Calumet Ave & 51st St, Wabash Ave & 49th St, Citgo"
882664cc47fffff,civic_community,8,4,"community_centre, social_facility, information, place_of_worship, place_of_worship, social_facility, place_of_worship, social_facility","A Listening Space, K.L.E.O. Community Family Life Center, Washington Park, Greater Bethesda Baptist Church, Hopeful Missionary Baptist Church, Chicago Youth Programs, Holy Trinity Missionary Baptist Church"
882664cc47fffff,education,1,1,school,Burke Elementary School
882664cc47fffff,entertainment,6,2,"arts_centre, artwork, artwork, artwork, artwork, arts_centre","Green Line Performing Arts Center, Keep Loving Each Other, Washington Park Arts Incubator"
882664cc47fffff,food_drink,3,2,"fast_food, restaurant, fast_food","Harold's Chicken Shack, The Park Bar and Grill, McDonald's"
882664cc47fffff,grocery,2,1,"convenience, convenience",Garfield Food Mart
882664cc47fffff,health,1,1,clinic,Washington Park Children's Free Health Clinic
882664cc47fffff,nightlife,1,1,bar,Odyssey II
882664cc47fffff,shopping,1,1,gift,L1
882664cc47fffff,transport,3,2,"bicycle_rental, bicycle_rental, fuel","Prairie Ave & Garfield Blvd, MLK Jr Dr & 56th St, Amstar"
882664cc49fffff,automotive,1,1,car_parts,O'Reilly Auto Parts
882664cc49fffff,civic_community,6,3,"place_of_worship, place_of_worship, fire_station, social_facility, place_of_worship, place_of_worship","St. Ambrose Catholic Church, Kenwood United Church of Christ, Chicago Fire Department Engine Company 45, Kenwood Village, Hyde Park Seventh-day Adventist Church, Church of God"
882664cc49fffff,education,1,1,school,Reavis Elementary School
882664cc49fffff,entertainment,2,2,"arts_centre, artwork","Little Black Pearl Art Gallery, Carver 47"
882664cc49fffff,finance,3,2,"bank, bank, money_transfer","Associated Bank, BMO, Western Union"
882664cc49fffff,food_drink,8,3,"fast_food, cafe, restaurant, restaurant, fast_food, fast_food, fast_food, fast_food","Burger King, Carver 47 Cafe, Gorée Cuisine, De Rice, Moore Poppin', Red Snapper, McDonald's, Popeyes"
882664cc49fffff,health,2,1,"clinic, clinic","UChicago Medicine Kenwood, Northwestern Medicine Bronzeville Outpatient Center"
882664cc49fffff,services,5,3,"beauty, beauty, hairdresser, hairdresser, post_office","Egyptian Style, Queen Noir, Another Barber Shop, Blessed Hands Hair Studio, Henry W. McGee Post Office"
882664cc49fffff,shopping,5,5,"variety_store, shoes, mobile_phone, trade, furniture","Dollar Tree, Snipes, Metro by T-Mobile, Hyde Park Building & Material Supplies, Everyhome Furniture"
882664cc49fffff,transport,2,1,"bicycle_rental, bicycle_rental","Greenwood Ave & 47th St, Cottage Grove Ave & 47th St"
882664cc4bfffff,civic_community,5,3,"information, place_of_worship, place_of_worship, place_of_worship, community_centre","Washington Park, The Church of Jesus Christ of Latter-day Saints, KAM Isaiah Israel Temple, First Baptist Church of Chicago, Operation PUSH Community House"
882664cc4bfffff,education,2,1,"school, school","Israel School, Kozminski Community Academy"
882664cc4bfffff,entertainment,1,1,arts_centre,4th Ward
882664cc4bfffff,finance,1,1,bank,Chase
882664cc4bfffff,food_drink,7,2,"fast_food, fast_food, restaurant, restaurant, restaurant, restaurant, restaurant","Small Cheval, Harold's Chicken Shack, Cedars Mediterranean Kitchen, 5 Rabanitos, Sitdown Cafe and Sushi Bar, Nicky's Chinese Food, Jerk Yard"
882664cc4bfffff,grocery,3,3,"greengrocer, alcohol, supermarket","Hyde Park Produce, A&S Beverages, Valley of Jordan"
882664cc4bfffff,health,2,2,"optician, pharmacy","Pearle Vision, CVS Pharmacy"
882664cc4bfffff,services,3,2,"hairdresser, hairdresser, dry_cleaning","Marimarshe' 2.0 Salon & Suites, Page Too Hair Design, Ivory #3 Cleaners"
882664cc4bfffff,shopping,4,4,"telecommunication, pet, clothes, art","Xfinity, Sprocket & Stone, Kayra Imports, Kilimanjaro International Inc."
882664cc4bfffff,transport,2,1,"bicycle_rental, bicycle_rental","Kimbark Ave & 53rd St, Ellis Ave & 53rd St"
882664cc4dfffff,civic_community,4,1,"place_of_worship, place_of_worship, place_of_worship, place_of_worship","Second Faith Temple, Liberty Baptish Church, Ebenezer Missionary Baptist Church, Mount Pisgah MB Church"
882664cc4dfffff,education,1,1,school,Well Home
882664cc4dfffff,entertainment,13,4,"gallery, artwork, artwork, artwork, artwork, artwork, artwork, artwork, artwork, artwork, artwork, events_venue, theatre","Gallery Guichard, Mayor Harold Washington, Sim's Corner Wall of Respect, Parkway Ballroom, Harold Washington Cultural Center"
882664cc4dfffff,finance,1,1,bank,GN Bank
882664cc4dfffff,food_drink,3,2,"restaurant, cafe, restaurant","Dirty Tiff's Cafe, Spoken Word Cafe, Two Fish Crab Shack"
882664cc4dfffff,grocery,1,1,alcohol,200 Cut Rate Liquors
882664cc4dfffff,leisure_sports,1,1,sports,City Sports
882664cc4dfffff,nightlife,1,1,bar,Renaissance Bronzeville
882664cc4dfffff,services,1,1,hairdresser,NBWS Barber
882664cc4dfffff,shopping,5,3,"mobile_phone, clothes, clothes, clothes, shoes","Boost Mobile, Afro Heritage Boutique, The Top Price, Dress Code Clothing, Shoe Avenue"
882664cc4dfffff,transport,1,1,bicycle_rental,MLK Jr Dr & 47th St
882664cc51fffff,civic_community,3,3,"information, social_facility, community_centre","Jackson Park, Parkshore Estates, Barack Obama Presidential Center"
882664cc51fffff,education,5,2,"library, library, school, school, school","Obama Presidential Center Chicago Public Library, Center for Research Libraries, Carnegie Elementary School, University of Chicago Laboratory School, University of Chicago Laboratory School Early Childhood Campus"
882664cc51fffff,entertainment,5,4,"viewpoint, artwork, viewpoint, theatre, museum","Mother Peace, The Elie Wiesel Auditorium, Obama Presidential Center Museum"
882664cc51fffff,food_drink,2,2,"cafe, restaurant","Build Coffee, Truth Be Told"
882664cc51fffff,grocery,1,1,marketplace,61st Street Farmers Market
882664cc51fffff,leisure_sports,1,1,picnic_site,Jackson Park - Grove 10
882664cc51fffff,lodging,1,1,hotel,The Study at the University of Chicago
882664cc51fffff,shopping,1,1,bicycle,Blackstone Bicycle Works
882664cc51fffff,transport,2,1,"bicycle_rental, bicycle_rental","Harper Ave & 59th St, Blackstone Ave & 59th St"
882664cc53fffff,civic_community,1,1,social_facility,
882664cc53fffff,education,2,1,"school, school","Mount Carmel High School, Hyde Park Academy High School"
882664cc53fffff,entertainment,3,2,"viewpoint, viewpoint, artwork",Statue of the Republic
882664cc53fffff,food_drink,2,2,"restaurant, fast_food","Leon's Bar-B-Q & Grill, McDonald's"
882664cc53fffff,grocery,1,1,convenience,BP Shop
882664cc53fffff,transport,3,2,"bicycle_rental, bicycle_rental, fuel","Stony Island Ave & 64th St, Cornell Dr & Hayes Dr, BP"
882664cc55fffff,civic_community,6,3,"police, information, information, information, place_of_worship, place_of_worship","University of Chicago Police Department, Washington Park, Univercity of Chicago, Rockefeller Memorial Chapel, Bond Chapel"
882664cc55fffff,education,5,2,"library, library, library, university, library","D'Angelo Law Library, Eckhart Library, The Social Work Library, The University of Chicago, John Crerar Library"
882664cc55fffff,entertainment,7,6,"cinema, museum, artwork, museum, theatre, arts_centre, conference_centre","Max Palevsky Cinema, The Renaissance Society, Dialogo, Institute for the Study of Ancient Cultures Museum, Logan Center for the Arts, Mandel Hall, Rubenstein Forum"
882664cc55fffff,finance,3,1,"atm, atm, atm","Citibank, Citibank"
882664cc55fffff,food_drink,11,3,"cafe, fast_food, cafe, cafe, fast_food, fast_food, cafe, cafe, cafe, fast_food, restaurant","French Press Coffee, Arley D. Cathey Dining Commons, Grounds of Being, Harper Cafe, Panera Bread, Woodlawn Dining Commons, Cobb Coffee Shop, Peach's Cafe, Starbucks, Panera Bread, BARDAVID"
882664cc55fffff,grocery,2,2,"convenience, bakery","Midway Market, Chloe’s Sweets & Treats"
882664cc55fffff,health,2,2,"doctors, hospital","Pediatric Emergency Room, University of Chicago Medicine Campus"
882664cc55fffff,nightlife,1,1,bar,The University of Chicago Pub
882664cc55fffff,shopping,1,1,books,University of Chicago Bookstore
882664cc55fffff,transport,8,2,"bicycle_rental, charging_station, charging_station, bicycle_rental, bicycle_rental, bicycle_rental, bicycle_rental, bicycle_rental","Ellis Ave & 58th St, ChargePoint, ChargePoint, University Ave & 57th St, Ellis Ave & 60th St, Drexel Ave & 60th St, University Ave & 59th St, Woodlawn Ave & 58th St"
882664cc57fffff,civic_community,8,1,"place_of_worship, place_of_worship, place_of_worship, place_of_worship, place_of_worship, place_of_worship, place_of_worship, place_of_worship","Christ Church Chicago, St. Gelasius Church, Apostolic Church of God, Christian Temple Baptist Church, First Presbyterian Church, Woodlawn Baptist Church, Cornerstone Baptist Church, Institute of Christ the King Sovereign Priest"
882664cc57fffff,education,3,2,"kindergarten, school, school","Saint Clara Headstart, Hyde Park Day School, UChicago Charter School Woodlawn Campus"
882664cc57fffff,food_drink,1,1,cafe,Robust Coffee Lounge
882664cc57fffff,health,1,1,clinic,Woodlawn Health Center
882664cc57fffff,transport,2,1,"bicycle_rental, bicycle_rental","Dorchester Ave & 63rd St, University Ave & 65th St"
882664cc59fffff,civic_community,5,2,"information, information, information, social_facility, information","Montgomery Place, Meuseum of Science and Industry"
882664cc59fffff,education,1,1,school,Bret Harte Elementary School
882664cc59fffff,entertainment,5,4,"attraction, viewpoint, cinema, museum, museum","U-505 Submarine, Giant Dome Theater, Griffin Museum of Science and Industry, Hyde Park Historical Society Museum"
882664cc59fffff,finance,1,1,atm,
882664cc59fffff,food_drink,12,4,"restaurant, restaurant, restaurant, restaurant, deli, restaurant, restaurant, cafe, fast_food, restaurant, restaurant, cafe","Maravilla's, The Snail, Dawn A.M. Eatery, Kikuya Japanese Restaurant, Morry's Deli, Litehouse Whole Food Grill, Siam Thai Cuisine, Belly Up, Jimmy John's, Thai 55, Huaraches Mexican Restaurant, Stan's Donuts & Coffee"
882664cc59fffff,grocery,3,3,"bakery, supermarket, convenience","La Boulangerie & Co, Open Produce, Quick Snacks"
882664cc59fffff,health,2,2,"clinic, dentist","Howard Brown Health, Manus Dental"
882664cc59fffff,leisure_sports,5,1,"picnic_site, picnic_site, picnic_site, picnic_site, picnic_site","Jackson Park - Grove 9, Jackson Park - Grove 8, Jackson Park - Grove 7, Jackson Park - Grove 6B, Jackson Park - Grove 6A"
882664cc59fffff,nightlife,1,1,bar,The Cove Lounge
882664cc59fffff,services,5,4,"ticket, animal_boarding, dry_cleaning, locksmith, dry_cleaning","Admissions, Hyde Bark Dog Walking and Pet Care, The Golden Touch, Security Shop"
882664cc59fffff,shopping,8,6,"variety_store, florist, books, gift, gift, craft, clothes, books","Cornell Dollar Plus, Cornell Florist, First Aid Comics, Fiber Friends Studio, Gilda Designer Thrift Boutique, Powell's Books Chicago"
882664cc59fffff,transport,4,1,"bicycle_rental, bicycle_rental, bicycle_rental, bicycle_rental","Shore Dr & 55th St, Lake Park Ave & 56th St, Hyde Park Blvd & 55th St, Museum of Science & Industry"
882664cc5bfffff,civic_community,1,1,information,Garden of the Phoenix
882664cc5bfffff,entertainment,9,3,"artwork, viewpoint, viewpoint, viewpoint, viewpoint, viewpoint, viewpoint, attraction, artwork","Flock, Japanese Garden, Sky Landing"
882664cc5bfffff,leisure_sports,2,1,"picnic_site, picnic_site","Jackson Park - Grove 19B, Jackson Park - Grove 19A"
882664cc5dfffff,civic_community,10,4,"social_facility, place_of_worship, place_of_worship, place_of_worship, place_of_worship, place_of_worship, fire_station, community_centre, place_of_worship, place_of_worship","Love Fridge at Augustana Lutheran Church, First Unitarian Church of Chicago, Hyde Park Union Church, Saint Thomas the Apostle Catholic Church, Augustana Lutheran Church, University Church, Chicago Fire Department Engine Company 60, Hyde Park Neighborhood Club, Bishop Brent Episcopal Center, 57th Street Meeting of Friends"
882664cc5dfffff,education,5,3,"library, university, school, school, library","Special Collections Research Center, Lutheran School of Theology, William H. Ray Elementary School, Saint Thomas the Apostle Grade School, Joseph Regenstein Library"
882664cc5dfffff,entertainment,3,3,"theatre, artwork, attraction","Definition Theatre, Yes And, Frederick C. Robie House"
882664cc5dfffff,finance,7,2,"atm, bank, bank, atm, atm, atm, atm","Hyde Park Bank, BankFinancial, Citibank"
882664cc5dfffff,food_drink,25,4,"cafe, cafe, restaurant, restaurant, restaurant, cafe, restaurant, fast_food, cafe, cafe, restaurant, restaurant, food_court, cafe, cafe, fast_food, cafe, fast_food, restaurant, restaurant, cafe, restaurant, restaurant, fast_food, restaurant","Starbucks, TrueNorth Cafe, Noodles Etc, Nile Restaurant, Salonica, Plein Air Cafe, Saucy Porka, Pret A Manger, Ex Libris, Mahari, Nella Pizza e Pasta, Hutchinson Commons Food Court, Te’amo Boba Bar, Hallowed Grounds, Bartlett Dining Commons, Insomnia, Baker Dining Commons, Seoul Taco, B'Gabs Goodies, Fairgrounds Coffee, Ascione Bistro, Jet's Pizza, Subway, Medici on 57th"
882664cc5dfffff,grocery,4,3,"bakery, convenience, wine, convenience","Medici Bakery, Maroon Market, 57th Street Wines, Harper Foods"
882664cc5dfffff,nightlife,1,1,bar,Woodlawn Tap
882664cc5dfffff,services,5,3,"hairdresser, hairdresser, post_office, dry_cleaning, hairdresser","57th Street Hair Salon, Hair Design International, FedEx Office, Vogue Cleaners, University Hair Stylists"
882664cc5dfffff,shopping,5,4,"books, books, bicycle, shoes, toys","57th Street Books, Seminary Co-op Bookstore, Tamago, Wesley's Shoe Corral, toys et cetera"
882664cc5dfffff,transport,1,1,bicycle_rental,Woodlawn Ave & 55th St
882664cc61fffff,civic_community,2,1,"place_of_worship, place_of_worship","Who So Ever Will Let Him Come Missionary Baptist Church, House of Prayer for All People"
882664cc61fffff,education,1,1,school,Dewey Elementary School
882664cc63fffff,civic_community,2,1,"place_of_worship, place_of_worship","Mount Calvary Church of God Holiness, Chicago Embassy Church"
882664cc63fffff,education,1,1,school,Sherwood Elementary School
882664cc63fffff,grocery,1,1,convenience,The Roux
882664cc63fffff,transport,2,1,"fuel, fuel","The Roux, The Roux"
882664cc65fffff,civic_community,1,1,place_of_worship,Liberty Temple Church of God in Christ
882664cc65fffff,education,2,1,"school, school","Sherman School of Excellence, Peace & Education Coalition Alternative High School"
882664cc67fffff,automotive,1,1,car_wash,Shell
882664cc67fffff,civic_community,5,2,"place_of_worship, place_of_worship, place_of_worship, social_facility, place_of_worship","Willing Workers of God Christian and Missionary Alliance Church, Alev Rose of Sharon Baptist Church, Bethsaida Missionary Baptist Church, Westhaven Homes, St. Basil Visitation Catholic Church"
882664cc67fffff,education,4,1,"school, school, school, school","KIPP Bloom School, John Hope College Prep, Visitation School, Holmes Elementary School"
882664cc67fffff,entertainment,1,1,artwork,
882664cc67fffff,grocery,2,1,"convenience, convenience","Citgo, Shell"
882664cc67fffff,health,1,1,clinic,Heartland Alliance Health Center
882664cc67fffff,transport,4,2,"bicycle_rental, bicycle_rental, fuel, fuel","Halsted St & 56th St, Halsted St & 59th St, Citgo, Shell"
882664cc69fffff,civic_community,1,1,police,Chicago Police Department 2nd District
882664cc6bfffff,civic_community,6,1,"place_of_worship, place_of_worship, place_of_worship, place_of_worship, place_of_worship, place_of_worship","First Timothy Missionary Baptist Church, Douglas - Tubman Christian Center, New Philadelphia Missionary Baptist Church, Berean Baptist Church, Cosmopolitan Peoples Community Church, Life Center Church of Universal Awareness"
882664cc6bfffff,education,4,1,"school, school, school, school","ACE Technical Charter High School, Edward W. Beasley Academy"
882664cc6bfffff,entertainment,1,1,museum,African American Firefighters Museum
882664cc6bfffff,finance,1,1,money_transfer,Western Union
882664cc6bfffff,food_drink,7,2,"fast_food, cafe, fast_food, fast_food, fast_food, fast_food, fast_food","Pizza Hut Delivery, Evelyns Food Love, Dunkin', Checkers, Burger King, Wendy's, Taco Bell"
882664cc6bfffff,grocery,5,2,"alcohol, convenience, convenience, convenience, convenience","Midway Liqours, Shell, BP Shop, 76"
882664cc6bfffff,health,1,1,clinic,Fresenius Kidney Care
882664cc6bfffff,shopping,8,4,"variety_store, shoes, mobile_phone, clothes, mobile_phone, mobile_phone, mobile_phone, clothes","Family Dollar, Foot Locker, Cricket Wireless, Rainbow, Metro by T-Mobile, Boost Mobile, T-Mobile, DTLR"
882664cc6bfffff,transport,6,2,"bicycle_rental, bicycle_rental, fuel, fuel, fuel, fuel","Princeton Ave & Garfield Blvd, State St & 54th St, Shell, 76, BP, Super Save"
882664cc6dfffff,civic_community,3,2,"place_of_worship, fire_station, place_of_worship","Unity of Love Baptist Church, Chicago Fire Department Engine Company 50, The Chicago-Salem Church"
882664cc6dfffff,education,1,1,school,Tilden High School
882664cc6dfffff,food_drink,4,2,"restaurant, fast_food, restaurant, fast_food","Jamaica Island Jerk Chicken, S2 Express Grill, Bell Heir’s BBQ, Dunkin'"
882664cc6dfffff,grocery,1,1,convenience,Citgo
882664cc6dfffff,health,2,2,"pharmacy, clinic","Walgreens, Howard Brown Health at Thresholds South"
882664cc6dfffff,services,1,1,beauty,CT Nails
882664cc6dfffff,shopping,1,1,mobile_phone,Boost Mobile
882664cc6dfffff,transport,3,2,"bicycle_rental, bicycle_rental, fuel","Halsted St & 51st St, Halsted St & 47th Pl, Citgo"
882664cc81fffff,automotive,3,2,"car_parts, car_repair, car_parts","O'Reilly Auto Parts, C&T Auto Services, AutoZone"
882664cc81fffff,civic_community,4,1,"place_of_worship, place_of_worship, place_of_worship, place_of_worship","Saint Ailbes Roman Catholic Church, Spiritual Love Missionary Baptist Church, South Side Baptist Church, Christ Apostolic Church"
882664cc81fffff,education,2,1,"school, school","Saint Ailbe School, Amelia Earhart Elementary School"
882664cc81fffff,entertainment,1,1,museum,Bronzeville Children's Museum
882664cc81fffff,grocery,1,1,convenience,Citgo
882664cc81fffff,lodging,2,1,"motel, motel","Skyway Motel, Stony Island Motel"
882664cc81fffff,nightlife,1,1,bar,Family Den
882664cc81fffff,shopping,1,1,paint,Sherwin-Williams
882664cc81fffff,transport,2,2,"bicycle_rental, fuel","Stony Island Ave & 90th St, Citgo"
882664cc83fffff,automotive,2,1,"car_wash, car_wash","Marathon, Buddy Bear Car Wash"
882664cc83fffff,civic_community,1,1,social_facility,Montclare Senior Residences of Calumet Heights
882664cc83fffff,education,1,1,school,Fellowship Christian Academy
882664cc83fffff,finance,5,3,"bank, bank, money_transfer, bank, bureau_de_change","Chase, Huntington Bank, Western Union, Bank of America, 95th & Jeffrey Currency Exchange"
882664cc83fffff,food_drink,6,2,"fast_food, restaurant, fast_food, fast_food, fast_food, fast_food","Subway, BJ's Market & Bakery, KFC, McDonald's, White Castle, Burger King"
882664cc83fffff,grocery,3,2,"supermarket, convenience, convenience","Jewel-Osco, Marathon, Circle K"
882664cc83fffff,health,1,1,optician,America's Best Contacts & Eyeglasses
882664cc83fffff,shopping,5,4,"department_store, shoes, clothes, clothes, variety_store","dd's Discounts, Snipes, DTLR, Ashley Stewart, Dollar General"
882664cc83fffff,transport,3,2,"bicycle_rental, fuel, fuel","Constance Ave & 95th St, Marathon, Shell"
882664cc85fffff,civic_community,1,1,place_of_worship,Saint Mark Church of God in Christ
882664cc85fffff,education,1,1,school,Harold Washington Elementary School
882664cc85fffff,transport,1,1,bicycle_rental,Greenwood Ave & 91st St
882664cc87fffff,civic_community,5,1,"place_of_worship, place_of_worship, place_of_worship, place_of_worship, place_of_worship","New Hope Christian Missionary Baptist Church, Kingdom Hall of Jehova Witness, Outreach Missionary Baptist Church, Tree of Life Missionary Baptist Church, Upright MB Church"
882664cc87fffff,education,1,1,school,Our Lady of Hungary School
882664cc89fffff,automotive,1,1,car_repair,Goodyear
882664cc89fffff,civic_community,1,1,place_of_worship,Southlawn United Methodist Church
882664cc89fffff,education,3,2,"school, school, dancing_school","Crickets Child Day Care Center, Daisy Bates Academy of Social Justice, Mayfair Academy of Fine Arts"
882664cc89fffff,food_drink,8,2,"fast_food, ice_cream, fast_food, fast_food, fast_food, fast_food, fast_food, fast_food","Subway, Baskin-Robbins, WingStreet, Harold's Chicken Shack, Wendy's, Checkers, Dunkin', Pizza Hut Delivery"
882664cc89fffff,grocery,1,1,convenience,BP Shop
882664cc89fffff,health,2,2,"clinic, pharmacy","DaVita Dialysis, Walgreens"
882664cc89fffff,shopping,2,2,"books, chemist","Underground Bookstore, Walgreens"
882664cc89fffff,transport,2,2,"bicycle_rental, fuel","East End Ave & 87th St, BP"
882664cc8bfffff,civic_community,2,1,"place_of_worship, place_of_worship","Bethany Lutheran Church, Fireball Faith Church"
882664cc8bfffff,education,3,1,"school, school, school","Warren Elementary School, Robert A. Black Elementary School, Davis Development Center"
882664cc8dfffff,civic_community,2,1,"place_of_worship, place_of_worship","Free Salvation Missionary Baptist Church, Blessed Trinity Temple of Divine Science"
882664cc8dfffff,education,2,2,"university, school","University of Illinois Extension - Cook County Office, Mary E. McDowell Elementary School"
882664cc8dfffff,finance,2,2,"money_lender, bank","Americash Loans, Citibank"
882664cc8dfffff,food_drink,5,2,"restaurant, fast_food, fast_food, fast_food, fast_food","Grand Chinese Kitchen, Subway, Wingstop, McDonald's, Popeyes"
882664cc8dfffff,grocery,4,3,"convenience, convenience, bakery, supermarket","Clark's Pump-N-Shop, BP Shop, Justice of the Pies, Pete's Produce"
882664cc8dfffff,health,1,1,pharmacy,CVS Pharmacy
882664cc8dfffff,shopping,3,3,"mobile_phone, bed, chemist","T-Mobile, Mattress Firm, CVS Pharmacy"
882664cc8dfffff,transport,2,1,"fuel, fuel","Clark, BP"
882664cc91fffff,civic_community,5,1,"place_of_worship, place_of_worship, place_of_worship, place_of_worship, place_of_worship","Our Lady Gate of Heaven Roman Catholic Church, Great Morning View Missionary Church, Manor Community Church, New Mount Olive Missionary Baptist Church, Mount Sinai Deliverance Missionary Baptist Church"
882664cc91fffff,education,3,2,"school, library, school","Our Lady School, Jeffery Manor Branch Library, Burnham Elementary School"
882664cc91fffff,transport,2,1,"bicycle_rental, bicycle_rental","Oglesby Ave & 100th St, Bradley Park"
882664cc93fffff,automotive,2,2,"car_repair, tyres","Cedano's Auto Repair, Armando's Tire Shop"
882664cc93fffff,civic_community,5,2,"fire_station, place_of_worship, place_of_worship, place_of_worship, place_of_worship","Chicago Fire Department Engine Company 81, Inspired Word Church of Jesus Christ, Saint Kevin Roman Catholic Church, Pray in Faith Ministries, D.C. Coleman Temple African Methodist Episcopal Church"
882664cc93fffff,food_drink,7,3,"restaurant, ice_cream, fast_food, fast_food, restaurant, restaurant, fast_food","Gusi's Pizza, Baskin-Robbins, Subway, Heinie's Shrimp House, L & G, Tacos Don Memo, Dunkin'"
882664cc93fffff,grocery,3,3,"supermarket, convenience, bakery","South Deering Food Mart, BP Shop, Calumet Bakery"
882664cc93fffff,health,1,1,clinic,Fresenius Kidney Care
882664cc93fffff,transport,2,2,"bicycle_rental, fuel","Torrence Ave & 106th St, BP"
882664cc97fffff,civic_community,1,1,police,Chicago Police Department 4th District
882664cc99fffff,civic_community,4,1,"place_of_worship, place_of_worship, place_of_worship, place_of_worship","Redemption Way Church of God, South Spanish Congregation of Jehovah's Witnesses, Sacred Heart Croatian Catholic Church, Compassion Baptist Church"
882664cc99fffff,education,1,1,school,Sacred Heart School
882664cc99fffff,food_drink,1,1,ice_cream,La Original Michoacana
882664cc99fffff,grocery,1,1,convenience,Citgo
882664cc99fffff,health,1,1,clinic,DaVita Dialysis
882664cc9bfffff,automotive,1,1,car_wash,National Pride Car Wash
882664cc9bfffff,education,1,1,school,John L. Marsh Elementary School
882664cc9bfffff,transport,1,1,bicycle_rental,Commercial Ave & 100th St
882664cc9dfffff,food_drink,2,1,"fast_food, fast_food","Little Caesars, Domino's"
882664cc9dfffff,grocery,1,1,supermarket,Aldi
882664cc9dfffff,shopping,4,2,"variety_store, mobile_phone, mobile_phone, variety_store","Family Dollar, T-Mobile, Boost Mobile, Dollar Tree"
882664cca1fffff,civic_community,1,1,place_of_worship,Wesley United Methodist Church
882664cca1fffff,food_drink,2,1,"fast_food, fast_food","Wendy's, Popeyes"
882664cca1fffff,grocery,1,1,convenience,BP Shop
882664cca1fffff,services,1,1,storage_rental,U-Haul
882664cca1fffff,transport,1,1,fuel,BP
882664cca3fffff,civic_community,1,1,police,Chicago State University Police Department
882664cca3fffff,education,2,2,"university, library","Chicago State University, Gwendolyn Brooks Library"
882664cca3fffff,entertainment,1,1,artwork,
882664cca3fffff,transport,1,1,bicycle_rental,Chicago State University
882664cca5fffff,civic_community,3,1,"place_of_worship, place_of_worship, place_of_worship","Resurrection Lutheran Church, Saint James African Methodist Episcopal Church, New Progressive Missionary Baptist Church"
882664cca5fffff,education,2,1,"school, school","Turner-Drew Language Academy, Gillespie Elementary School"
882664cca5fffff,shopping,1,1,variety_store,Family Dollar
882664cca5fffff,transport,2,2,"bicycle_rental, bus_station","Wentworth Ave & 92nd St, 95th/Dan Ryan - North Terminal"
882664cca7fffff,civic_community,3,2,"place_of_worship, place_of_worship, social_facility","Christ Temple Missionary Baptist Church, Grace Temple Church of God Established in Christ, Abbott Park Senior Center"
882664cca7fffff,education,1,1,school,Harlan Community Academy High School
882664cca7fffff,finance,1,1,money_transfer,Western Union
882664cca7fffff,food_drink,1,1,fast_food,Burger King
882664cca7fffff,transport,2,2,"bicycle_rental, bus_station","State St & 95th St, 95th/Dan Ryan - South Terminal"
882664cca9fffff,civic_community,10,3,"place_of_worship, place_of_worship, place_of_worship, social_facility, fire_station, place_of_worship, place_of_worship, place_of_worship, place_of_worship, place_of_worship","New Faith Missionary Baptist Church, Burnside Community Baptist Church, New Mount Zion Missionary Baptist Church, Burnside Community Services Center, Chicago Fire Department Engine Company 82, Vincent United Methodist Church, Saint Basil Catholic Mission, New Bethlehem #4 MB Church, Spiral Temple of Truth, Evangelistic Crusaders Church of God in Christ"
882664cca9fffff,education,3,2,"school, childcare, school","Saint Joachims School, The Children Village, Burnside Scholastic Academy"
882664cca9fffff,lodging,1,1,motel,Admiral Motel
882664cca9fffff,transport,1,1,bicycle_rental,Eberhart Ave & 91st St
882664ccabfffff,civic_community,6,1,"place_of_worship, place_of_worship, place_of_worship, place_of_worship, place_of_worship, place_of_worship","Good Temple Missionary Baptist Church, Bethlehem Star Missionary Baptist Church, Christ Temple Pentecostal Church, Faith Temple House of God by Christ, Wallace Temple, Hosea Temple Church"
882664ccabfffff,education,1,1,childcare,Chesterfield Tom Thumb Day Care Center and Kindergarten School
882664ccabfffff,grocery,2,2,"alcohol, convenience","Foremost Liquors, Citgo"
882664ccabfffff,services,2,1,"storage_rental, storage_rental","Extra Space Storage, Public Storage"
882664ccabfffff,transport,1,1,fuel,Citgo
882664ccadfffff,civic_community,1,1,place_of_worship,Saint Luke's Pentecostal Church
882664ccadfffff,education,1,1,school,McDade Classical Elementary School
882664ccb1fffff,education,1,1,college,Olive-Harvey College
882664ccb1fffff,entertainment,1,1,artwork,
882664ccb1fffff,transport,2,1,"bicycle_rental, bicycle_rental","Olive Harvey College, Woodlawn Ave & 103rd St"
882664ccb5fffff,civic_community,2,1,"place_of_worship, place_of_worship","Pullman Presbyterian Church, Christ Community Church"
882664ccb5fffff,education,1,1,school,Wendell Smith Elementary School
882664ccb5fffff,entertainment,2,1,"artwork, artwork",
882664ccb5fffff,food_drink,2,1,"fast_food, fast_food","The Love Juice, Popeyes"
882664ccb5fffff,grocery,1,1,convenience,Citgo
882664ccb5fffff,transport,2,2,"bicycle_rental, fuel","Dauphin Ave & 103rd St, Citgo"
882664ccb7fffff,education,2,1,"school, school","Corliss High School, Edgar Allan Poe Classical School"
882664ccb7fffff,entertainment,2,2,"artwork, museum",A. Philip Randolph Pullman Porter Museum
882664ccb7fffff,services,2,1,"post_depot, post_depot","Amazon DC / SCJ DC, Amazon Logistics - DLN4 Chicago"
882664ccb7fffff,transport,1,1,bicycle_rental,Maryland Ave & 104th St
882664ccbbfffff,transport,1,1,bus_station,103rd Street & Stony Island Garage Terminal
882664ccbdfffff,civic_community,1,1,place_of_worship,Grove Heights Baptist Church
882664ccbdfffff,education,1,1,school,Schmid Elementary School
882664ccbdfffff,transport,1,1,bicycle_rental,Greenwood Ave & 97th St
882664ccc1fffff,civic_community,9,2,"social_facility, place_of_worship, place_of_worship, place_of_worship, place_of_worship, place_of_worship, place_of_worship, place_of_worship, social_facility","Southeast (Atlas) Regional Senior Center, First Unity Cathedral, Church of Living Faith, Colony All Nation Pentecostal Church, Saint John Church Temple, Saint Thomas Lutheran Church, Our Lady of Peace Roman Catholic Church"
882664ccc1fffff,education,2,1,"school, school","Horace Mann Elementary School, Our Lady of Peace School"
882664ccc1fffff,food_drink,1,1,cafe,Heritage Cafe
882664ccc1fffff,services,1,1,beauty,Benkady African Hair Braiding
882664ccc1fffff,transport,2,1,"bicycle_rental, bicycle_rental","Bennett Ave & 79th St, South Chicago Ave & Elliott Ave"
882664ccc3fffff,automotive,3,1,"car_repair, car_repair, car_repair","Meineke, MAACO, Jiffy Lube"
882664ccc3fffff,civic_community,4,1,"place_of_worship, place_of_worship, place_of_worship, place_of_worship","Greater Mount Pleasant Missionary Baptist Church, Paxton Avenue Church of Christ, King of Glory Tabernacle Church of God in Christ, The Calvary Baptist Church"
882664ccc3fffff,education,3,1,"school, school, school","Oxford Community Center for Academics, Chicago Vocational High School"
882664ccc3fffff,food_drink,1,1,fast_food,Carl's Red Hots
882664ccc3fffff,services,3,1,"storage_rental, storage_rental, storage_rental","Public Storage, CubeSmart, CubeSmart"
882664ccc3fffff,transport,1,1,bicycle_rental,South Chicago Ave & 83rd St
882664ccc5fffff,civic_community,4,2,"place_of_worship, fire_station, place_of_worship, place_of_worship","Black Methodist for Church Renewal, Chicago Fire Department Engine Company 72, Haven of Rest Missionary Baptist Church, United Church of Christ"
882664ccc5fffff,education,1,1,school,Avalon Park Elementary School
882664ccc5fffff,entertainment,2,2,"theatre, events_venue","Avalon Regal Theater, Dr. John L. Connor Fellowship Hall"
882664ccc5fffff,finance,1,1,bank,Fifth Third Bank
882664ccc5fffff,food_drink,3,2,"restaurant, fast_food, fast_food","Beggars Pizza, White Castle, Taco Bell"
882664ccc5fffff,grocery,1,1,supermarket,Aldi
882664ccc5fffff,lodging,1,1,motel,South Shore Motel
882664ccc5fffff,transport,1,1,bicycle_rental,Stony Island Ave & South Chicago Ave
882664ccc7fffff,civic_community,7,1,"place_of_worship, place_of_worship, place_of_worship, place_of_worship, place_of_worship, place_of_worship, place_of_worship","Bible Deliverance Temple, Gods House of All Nations, Zion Lutheran Church, Church of Christ Stony Island, Faith Tabernacle Baptist Church, Messiah and Saint Bartholomew Episcopal Church, Saint Felicitas Roman Catholic Church"
882664ccc7fffff,education,4,3,"school, driving_school, library, school","Saint Felicitas School, Midway Driving School, Avalon Branch Library, CICS Avalon/South Shore School"
882664ccc7fffff,finance,1,1,atm,Bank of America
882664ccc7fffff,food_drink,2,1,"fast_food, fast_food","That's a Burger, Stony Sub"
882664ccc7fffff,grocery,1,1,convenience,Citgo
882664ccc7fffff,shopping,2,2,"mobile_phone, variety_store","Boost Mobile, Family Dollar"
882664ccc7fffff,transport,2,2,"bicycle_rental, fuel","Stony Island Ave & 82nd St, Citgo"
882664ccc9fffff,civic_community,2,1,"social_facility, social_facility",South Central Community Services: South Shore Campus
882664ccc9fffff,education,2,2,"prep_school, childcare","Second Chance Tutoring, Kenyatta's Day Care and Learning Center"
882664ccc9fffff,food_drink,1,1,restaurant,Taste Jamaica
882664ccc9fffff,grocery,1,1,convenience,
882664ccc9fffff,services,1,1,funeral_directors,"Cage Memorial Chapel Funeral & Cremation Services, Inc."
882664ccc9fffff,shopping,1,1,doityourself,Metro Hardware
882664ccc9fffff,transport,3,2,"bicycle_rental, bicycle_rental, fuel","Yates Blvd & 75th St, Jeffery Blvd & 76th St, Fuel Star"
882664cccbfffff,civic_community,3,1,"place_of_worship, place_of_worship, place_of_worship","Calvary Baptist Church of Chicago, New Nazareth Missionary Baptist Church, Excellent Way Church of God in Christ"
882664cccbfffff,food_drink,2,1,"fast_food, fast_food","Subway, McDonald's"
882664cccbfffff,grocery,2,1,"convenience, convenience",Citgo
882664cccbfffff,health,2,2,"clinic, hospital","Fresenius Kidney Care, South Shore Hospital"
882664cccbfffff,shopping,1,1,variety_store,Family Dollar
882664cccbfffff,transport,4,2,"bicycle_rental, bicycle_rental, fuel, fuel","Phillips Ave & 79th St, Phillips Ave & 83rd St, Citgo, All Star"
882664cccdfffff,automotive,3,2,"car_repair, car_parts, car_repair","Midas, AutoZone, Car-X"
882664cccdfffff,civic_community,4,1,"place_of_worship, place_of_worship, place_of_worship, place_of_worship","New Original Church of God in Christ, Temple of Brotherly Love Community Church, Prayer Mission Church of God in Christ, The New Jerusalem Evangelistic Church"
882664cccdfffff,education,3,1,"school, school, school","Clara Muhammad Elementary School, South Shore International College Preparatory High School"
882664cccdfffff,entertainment,1,1,attraction,Michelle Obama's Childhood Home
882664cccdfffff,finance,1,1,money_lender,CFSC Checks Cashed
882664cccdfffff,food_drink,4,2,"restaurant, fast_food, fast_food, fast_food","Vegan Now 2 Go, A.P. Deli, KFC, Popeyes"
882664cccdfffff,grocery,3,2,"convenience, supermarket, convenience","BP Shop, Jewel-Osco, Mobil Mart"
882664cccdfffff,health,1,1,hospital,Jackson Park Hospital
882664cccdfffff,nightlife,1,1,bar,Club Escape
882664cccdfffff,shopping,4,2,"clothes, clothes, clothes, variety_store","Citi Trends, DTLR, K&G Fashion Superstore, Family Dollar"
882664cccdfffff,transport,3,2,"bicycle_rental, fuel, fuel","Stony Island Ave & 75th St, BP, Exxon"
882664ccd1fffff,automotive,3,2,"car_parts, car_repair, car_repair","AutoZone, Pely's Auto Repair, Firestone"
882664ccd1fffff,civic_community,7,4,"place_of_worship, place_of_worship, social_facility, place_of_worship, place_of_worship, community_centre, religion","Saint Joseph Catholic Church, Saint Bronislava Catholic Church, The Catholic Charities, Gabaon Baptist Church, Immaculate Conception Roman Catholic Church, Centro Comunitario Juan Diego, Botanica Elegua"
882664ccd1fffff,education,5,1,"school, school, school, school, school","Saint Joseph School, Arnold Mireles Academy, Bowen High School, Immaculate Conception School"
882664ccd1fffff,entertainment,1,1,artwork,
882664ccd1fffff,food_drink,5,3,"restaurant, restaurant, restaurant, ice_cream, cafe","Cocula Restraunt, Casa Del Sol, TNT Mexican Restaurant, La Michoacana Del Sur, Dulce's Café"
882664ccd1fffff,grocery,4,4,"bakery, alcohol, supermarket, convenience","Panaderia Marzeya, 8900 Commercial Food & Liquor, La Fruteria"
882664ccd1fffff,health,1,1,clinic,Athletico Physical Therapy
882664ccd1fffff,services,2,2,"beauty, hairdresser","Expert Nails, Esperanza Salon De Belleza"
882664ccd1fffff,shopping,3,2,"florist, clothes, clothes","Samantha's Flowers, City Sports, D'Light Boutique"
882664ccd1fffff,transport,3,2,"bicycle_rental, bicycle_rental, fuel","Marquette Ave & 89th St, Commercial Ave & 90th St, Amstar"
882664ccd3fffff,automotive,4,3,"car_parts, tyres, tyres, car_wash","Standard Auto Parts, RCB Tire Shop, R.C.B Tire Shop, M & A Hand Car Wash"
882664ccd3fffff,civic_community,8,3,"place_of_worship, place_of_worship, social_facility, fire_station, social_facility, place_of_worship, place_of_worship, social_facility","Christ Universal Church, Power Circle Congregation, Institute of Women Today, Chicago Fire Department Engine Company 46, El Valor Ray Gonzalez Children & Family Center, Church of God, Iglesia De Dios Pentecostal"
882664ccd3fffff,education,2,2,"childcare, college","Shining Star Child Development, Olive Harvey College South Chicago Learning Center"
882664ccd3fffff,entertainment,1,1,artwork,The Mural @ 91st & Commercial
882664ccd3fffff,finance,5,2,"bank, atm, bank, bank, bank","Chase, Fifth Third Bank, Fifth Third Bank, Peoples Bank, U.S. Bank"
882664ccd3fffff,food_drink,9,3,"restaurant, fast_food, fast_food, fast_food, ice_cream, fast_food, restaurant, fast_food, restaurant","Hua's Open Kitchen, Gomez Tacos & Pizza, Dunkin', Subway, Baskin-Robbins, Attock Submarine, A Town Wings, McDonald's, Roma's"
882664ccd3fffff,grocery,2,1,"supermarket, supermarket","La Jerezana, 1st Choice Market"
882664ccd3fffff,health,5,4,"optician, dentist, pharmacy, clinic, clinic","Tropical Optical, Family Dental Care, Walgreens, Fresenius Kidney Care, South Chicago Health Center"
882664ccd3fffff,leisure_sports,1,1,sports,City Sports
882664ccd3fffff,nightlife,1,1,bar,Loncar Chico
882664ccd3fffff,services,5,4,"laundry, beauty, beauty, dry_cleaning, post_office","South Chicago Coin Laundry, Gel Nails, Hair World, Dry Clean Direct, South Chicago Post Office"
882664ccd3fffff,shopping,9,6,"mobile_phone, clothes, jewelry, mobile_phone, variety_store, clothes, mobile_phone, chemist, paint","Cricket Wireless, Venus Fashions, B M Jewelry, Metro by T-Mobile, Family Dollar, Rainbow, Boost Mobile, Walgreens, Benjamin Moore"
882664ccd3fffff,transport,2,2,"bicycle_rental, fuel","Houston Ave & 92nd St, Citgo"
882664ccd5fffff,civic_community,2,1,"place_of_worship, place_of_worship","Mount Helm Missionary Baptist Church, Unity Center of Truth"
882664ccd5fffff,education,1,1,school,Hoyne Elementary School
882664ccd5fffff,transport,1,1,bicycle_rental,Clyde Ave & 87th St
882664ccd7fffff,civic_community,3,3,"place_of_worship, community_centre, social_facility","First Day Christian Community Church, Chicago Youth Centers - Calumet Heights, Chicago Youth Centers - Calumet Heights"
882664ccd7fffff,health,3,2,"clinic, clinic, hospital",Advocate Trinity Hospital
882664ccd7fffff,transport,1,1,bicycle_rental,Yates Blvd & 93rd St
882664ccd9fffff,automotive,1,1,car_repair,Cabrales Auto Repair Service
882664ccd9fffff,civic_community,3,1,"place_of_worship, place_of_worship, place_of_worship","Ecclesia Word Center, End Time Full Gospel Church, Cornerstone Church of Chicago"
882664ccd9fffff,finance,1,1,money_transfer,Western Union
882664ccd9fffff,food_drink,4,2,"fast_food, restaurant, restaurant, restaurant","Maya's Pizza, Birrieria Ocotlan, El Progreso, El Jacalito"
882664ccd9fffff,grocery,3,3,"bakery, alcohol, supermarket","Maxi Bakery, D&O Food and Liquors, Cecy's Molino De Masa"
882664ccd9fffff,services,1,1,funeral_directors,Hudson Funeral Home
882664ccd9fffff,shopping,3,3,"doityourself, cannabis, mobile_phone","Hyman's Ace Hardware, Mission Illinois, Metro by T-Mobile"
882664ccd9fffff,transport,1,1,bicycle_rental,Baltimore Ave & 87th St
882664ccdbfffff,civic_community,15,3,"place_of_worship, community_centre, community_centre, place_of_worship, place_of_worship, place_of_worship, place_of_worship, place_of_worship, place_of_worship, place_of_worship, place_of_worship, place_of_worship, place_of_worship, social_facility, social_facility","National Shrine of St Jude, SkyART, The Salud Center, Our Lady of Guadalupe Roman Catholic Church, Pilgrim Baptist Church, Trinity Resurrection United Church, New Prospect Missionary Baptist Church, South Haitian Church of God, Saint Paul African Methodist Episcopal Church, Christ Life Church, New Holy Trinity Temple, Greater Rising Sun Baptist Church, Beyth-el Temple & College"
882664ccdbfffff,education,4,2,"school, school, library, school","LEARN South Chicago Campus, J.N. Thorp Elementary School, South Chicago Branch Library, Our Lady of Guadalupe School"
882664ccdbfffff,entertainment,3,1,"artwork, artwork, artwork","We All Come Together as One, Vietnam Veteran's Memorial Mural, Sky Art"
882664ccdbfffff,grocery,2,1,"supermarket, supermarket","Macias Produce, El Guero"
882664ccdbfffff,services,1,1,beauty,Diamond Nails
882664ccddfffff,civic_community,3,1,"place_of_worship, place_of_worship, place_of_worship","Jesus Christ House of Prayer, Zion Temple Church of Christ, Higher Love Ministries"
882664ccddfffff,education,4,1,"school, school, school, school","Saint Bronislava School, Cosmetologist Educational Institute, Coles Elementary School, Great Lakes Academy"
882664cce1fffff,automotive,1,1,car_parts,AutoZone
882664cce1fffff,civic_community,4,2,"place_of_worship, social_facility, place_of_worship, place_of_worship","Chatham-Bethlehem United Presbyterian Church, Senior Suites of Chatham, Chatham Fields Lutheran Church"
882664cce1fffff,education,1,1,school,Dixon Elementary School
882664cce1fffff,finance,1,1,money_transfer,Western Union
882664cce1fffff,food_drink,3,2,"restaurant, fast_food, restaurant","City Life, Domino's, Pepe's Mexican Restaurant"
882664cce1fffff,grocery,5,2,"bakery, bakery, convenience, convenience, convenience","Dat Donut, Tony’s Original Steak & Gyros, Paradise Grocery"
882664cce1fffff,shopping,3,3,"hardware, florist, variety_store","Aranoff True Value Hardware, Majestic Florist, Dollar General"
882664cce1fffff,transport,3,2,"bicycle_rental, fuel, fuel","Cottage Grove Ave & 83rd St, Amstar, Falcon Fuel"
882664cce3fffff,automotive,2,2,"car_wash, car_parts","Quality Car Wash, Advance Auto Parts"
882664cce3fffff,civic_community,2,1,"place_of_worship, place_of_worship","Harvey Memorial Community Church, Saint Stephen's Evangelical Lutheran Church"
882664cce3fffff,education,1,1,school,Arthur Ashe Elementary School
882664cce3fffff,finance,4,2,"bank, bank, money_lender, bank","Self-Help Federal Credit Union, Chase, PNC Bank"
882664cce3fffff,food_drink,4,3,"restaurant, fast_food, confectionery, fast_food","Reggio's Pizza, Subway, Garrett's Popcorn, Fatburger"
882664cce3fffff,grocery,1,1,convenience,Citgo
882664cce3fffff,health,5,3,"clinic, pharmacy, dentist, dentist, dentist","Fresenius Kidney Care, Walgreens, Robin L. Ferguson DDS, Chicago Dental Dream Team, Dr. Yetta McCullom"
882664cce3fffff,services,3,2,"storage_rental, dry_cleaning, storage_rental","Extra Space Storage, Tailorite Complete Clothing Care, Metro Self Storage"
882664cce3fffff,shopping,12,5,"variety_store, clothes, clothes, shoes, clothes, mobile_phone, mobile_phone, clothes, mobile_phone, shoes, chemist, mobile_phone","Dollar Tree, Nike, America's Kids, Foot Locker, Rainbow, Boost Mobile, AT&T, DTLR, Cricket Wireless, Kids Foot Locker, Walgreens, Metro by T-Mobile"
882664cce3fffff,transport,2,2,"bicycle_rental, fuel","Dauphin Ave & 87th St, Citgo"
882664cce5fffff,civic_community,5,1,"place_of_worship, place_of_worship, place_of_worship, place_of_worship, place_of_worship","Salvation Church of God, Saint James Evangelical Lutheran Church, Goshen SDA Church, Crerar Memorial Presbyterian Church, Ephphatha Lutheran Church of the Deaf"
882664cce5fffff,transport,1,1,bicycle_rental,MLK Jr Dr & 83rd St
882664cce7fffff,civic_community,3,1,"place_of_worship, place_of_worship, place_of_worship","Saint Clotilde's Roman Catholic Church, Come and See Missionary Baptist Church, Saint Mark United Methodist Church"
882664cce7fffff,education,2,1,"school, school","Saint Clotildes School, Pirie Elementary School"
882664cce7fffff,finance,1,1,bank,ISF Bank
882664cce7fffff,food_drink,3,2,"ice_cream, fast_food, fast_food","Baskin-Robbins, Church's Chicken, Dunkin'"
882664cce7fffff,nightlife,2,1,"bar, bar","Red Pepper's Masquerade, Licorice Lounge"
882664cce7fffff,shopping,1,1,variety_store,Family Dollar
882664cce7fffff,transport,1,1,fuel,Phillips 66
882664cce9fffff,civic_community,5,2,"place_of_worship, place_of_worship, place_of_worship, place_of_worship, social_facility","Grace Eden Baptist Church, Saint Francis De Paula Catholic Church, Vernon Park Church of God, Helen Durhams Temple, Montclare Senior Residences of Avalon Park"
882664cce9fffff,education,2,1,"school, school","Saint Francis School, Hirsch Metropolitan High School"
882664cce9fffff,finance,3,3,"atm, money_transfer, bank","MoneyGram, Providence Bank"
882664cce9fffff,food_drink,2,2,"restaurant, fast_food","The Woodlawn, Harold's Chicken Shack"
882664cce9fffff,grocery,4,3,"alcohol, convenience, bakery, convenience","Dady Mart Food & Liquor, Food Town, West Indies Bakery, Falcon Fuel"
882664cce9fffff,lodging,1,1,hotel,East of the Ryan
882664cce9fffff,nightlife,1,1,nightclub,East of the Ryan
882664cce9fffff,services,3,3,"funeral_directors, post_depot, post_office","Leak and Sons Funeral Home, Grand Crossing Post Office Annex, Grand Crossing Post Office"
882664cce9fffff,shopping,2,2,"mobile_phone, hardware","Boost Mobile, Acme Lumber & Building Supply"
882664cce9fffff,transport,3,2,"bicycle_rental, bicycle_rental, fuel","Greenwood Ave & 79th St, Cottage Grove Ave & 78th St, Falcon Fuel"
882664ccebfffff,civic_community,1,1,place_of_worship,Christian Love Christian Church
882664ccebfffff,transport,1,1,bicycle_rental,Ellis Ave & 83rd St
882664ccedfffff,civic_community,3,1,"place_of_worship, place_of_worship, place_of_worship","First Cumberland Presbyterian Church, Jehovahs Witnesses Avalon Park Unit, Saint Dorothy Church"
882664ccedfffff,education,3,2,"school, library, school","Ruggles Elementary School, Whitney M. Young Jr. Branch Library, Saint Dorothy School"
882664ccedfffff,food_drink,3,1,"fast_food, fast_food, fast_food","Old Chicago Pizza Company, McDonald's, Burger King"
882664ccedfffff,grocery,1,1,convenience,Marathon
882664ccedfffff,shopping,1,1,variety_store,Family Dollar
882664ccedfffff,transport,2,2,"bicycle_rental, fuel","Vernon Ave & 79th St, Marathon"
882664cd01fffff,automotive,2,1,"car_repair, car_repair","Nunez Auto Repair Shop, Ramirez Auto Parts & Repair"
882664cd01fffff,civic_community,4,3,"place_of_worship, place_of_worship, information, social_facility","Church of the Christ Light, Rumanian Pentecostal Assembly"
882664cd01fffff,finance,1,1,bank,Bank of America
882664cd01fffff,food_drink,6,2,"fast_food, fast_food, restaurant, restaurant, fast_food, fast_food","Subway, Wingstop, 5 Estrellas Restaurant, Taquería Atotonilco, Wendy's, McDonald's"
882664cd01fffff,grocery,4,3,"bakery, bakery, supermarket, convenience","La Baguette Bakery, Luna’s Bakery, Pete's Market, Citgo"
882664cd01fffff,leisure_sports,1,1,video_games,GameStop
882664cd01fffff,shopping,1,1,mobile_phone,T-Mobile
882664cd01fffff,transport,3,2,"bicycle_rental, bicycle_rental, fuel","Richmond St & 59th St, Kedzie Ave & 57th St, Citgo"
882664cd03fffff,civic_community,5,3,"place_of_worship, information, community_centre, place_of_worship, place_of_worship","Saint Rita Parish Sisters Convent, IMAN Community Center, First Baptist Church of Marquette Manor, Saint Rita Roman Catholic Church"
882664cd03fffff,education,2,2,"kindergarten, school","Merry Go Round Nursery School, Fairfield Academy"
882664cd03fffff,entertainment,1,1,arts_centre,IMAN Beloved Community Ceramics Studio
882664cd03fffff,food_drink,1,1,restaurant,Papa T's
882664cd03fffff,grocery,2,1,"convenience, convenience",Marathon
882664cd03fffff,transport,2,1,"fuel, fuel","Amstar, Marathon"
882664cd05fffff,civic_community,1,1,social_facility,
882664cd05fffff,education,4,2,"childcare, school, school, school","Creative Kids Daycare Center, Monarcas Academy, Irene C. Hernandez Middle School, Socorro Sandoval Elementary School"
882664cd05fffff,food_drink,1,1,restaurant,Taqueria La Hacienda
882664cd05fffff,grocery,1,1,grocery,La Hacienda
882664cd05fffff,transport,1,1,bicycle_rental,St. Louis Ave & 59th St
882664cd07fffff,civic_community,8,2,"social_facility, place_of_worship, place_of_worship, social_facility, place_of_worship, place_of_worship, social_facility, social_facility","Sothwest Regional Senior Center, Nazareth Evangelical Lutheran Church, Grace United Church of Christ, Senior Suites Of Gage Park, Saint Elizabeth's Episcopal Church, Chicago Lawn Presbyterian Church"
882664cd07fffff,education,3,2,"school, library, school","Nazareth School, Chicago Lawn Branch Library"
882664cd07fffff,finance,1,1,bank,Citibank
882664cd07fffff,food_drink,2,2,"ice_cream, fast_food","Baskin-Robbins, Dunkin'"
882664cd07fffff,grocery,3,3,"bakery, supermarket, convenience","La Chiquita Bakery, Rio Valley Market, 7-Eleven"
882664cd07fffff,services,3,3,"rental, storage_rental, post_office","U-Haul, U-Haul, Chicago Lawn Post Office"
882664cd07fffff,shopping,5,3,"mobile_phone, tobacco, mobile_phone, mobile_phone, variety_store","Boost Mobile, Tobacco 5 Stars, Boost Mobile, Cricket Wireless, Dollar General"
882664cd07fffff,transport,1,1,bicycle_rental,Spaulding Ave & 63rd St
882664cd09fffff,civic_community,3,1,"place_of_worship, place_of_worship, place_of_worship","Saint Simon Catholic Church, Tabor Lutheran Church, St. Clare of Montefalco Catholic Church"
882664cd09fffff,education,4,2,"school, library, school, school","Nightingale Elementary School, Gage Park Branch Library, Rachel Carson Elementary School, Saint Clare Catholic School"
882664cd09fffff,finance,2,2,"money_transfer, bank","Western Union, Peoples Bank"
882664cd09fffff,food_drink,2,2,"restaurant, fast_food","Carnitas Uruapan Restaurant, Subway"
882664cd09fffff,grocery,2,2,"bakery, convenience","Famosa Bakery, Clark's Pump-N-Shop"
882664cd09fffff,services,1,1,hairdresser,Chicago Barbers
882664cd09fffff,shopping,1,1,mobile_phone,Metro by T-Mobile
882664cd09fffff,transport,1,1,fuel,Clark
882664cd0bfffff,automotive,4,2,"car_repair, car, car, car",Pep Boys
882664cd0bfffff,civic_community,1,1,place_of_worship,New Covenant Baptist Church
882664cd0bfffff,education,3,1,"school, school, school","Study Progress School, Morrill Elementary School, Gage Park High School"
882664cd0bfffff,finance,2,2,"atm, bank",Fifth Third Bank
882664cd0bfffff,food_drink,3,3,"ice_cream, restaurant, fast_food","La Michoacana, Taqueria Vallarta, KFC"
882664cd0bfffff,grocery,2,2,"alcohol, supermarket","Ike's Liquors, Mi Mexico"
882664cd0bfffff,services,1,1,storage_rental,Extra Space Storage
882664cd0bfffff,transport,2,1,"bicycle_rental, bicycle_rental","Maplewood Ave & 59th St, Rockwell St & 57th St"
882664cd0dfffff,civic_community,3,1,"place_of_worship, place_of_worship, place_of_worship","Elsdon United Methodist Church, Saint Gall Catholic Church"
882664cd0dfffff,education,3,1,"school, school, school","Saint Gall School, Sawyer Elementary School"
882664cd0dfffff,food_drink,4,2,"restaurant, restaurant, restaurant, cafe","Rosa's Tamales, Jesse's Place, Starbucks"
882664cd0dfffff,grocery,5,2,"bakery, bakery, convenience, convenience, convenience","Don Pan Bakery, La France Bakery, Cup Board Food & Liquors"
882664cd0dfffff,health,2,2,"clinic, dentist",Outpatient Recovery Services
882664cd0dfffff,services,4,3,"hairdresser, laundry, beauty, hairdresser","Chic Hair Studio, Su Nueva Lavanderia, Reyna's Salon Unisex"
882664cd0dfffff,shopping,2,2,"mobile_phone, chemist","T-Mobile, Walgreens"
882664cd0dfffff,transport,2,2,"bicycle_rental, fuel","Kedzie Ave & 52nd St, AllStar"
882664cd11fffff,automotive,4,2,"car, car_parts, car, car","Kingdom Chevrolet, Advance Auto Parts, Metro Ford, Kingdom Chevrolet"
882664cd11fffff,civic_community,3,1,"place_of_worship, place_of_worship, place_of_worship","New Salem Missionary Baptist Church, West Englewood United Methodist Church, New St. Paul C.O.G.I.C. Church"
882664cd11fffff,education,1,1,school,O'Toole Elementary School
882664cd11fffff,food_drink,1,1,fast_food,McDonald's
882664cd11fffff,grocery,1,1,convenience,Marathon
882664cd11fffff,shopping,1,1,variety_store,Dollar General
882664cd11fffff,transport,2,1,"fuel, fuel","Marathon, Shell"
882664cd13fffff,civic_community,2,1,"place_of_worship, place_of_worship","New Hope Inspirational Baptist Church, Peoples Church of God in Christ"
882664cd13fffff,education,2,1,"school, school","Benedict the African School, Montessori School of Englewood"
882664cd13fffff,grocery,1,1,convenience,
882664cd13fffff,transport,1,1,fuel,Midwest
882664cd15fffff,automotive,2,2,"car_parts, car",AutoZone
882664cd15fffff,civic_community,5,2,"place_of_worship, place_of_worship, information, information, place_of_worship","First Southern Baptist Church, Marquette Park Presbyterian Church, Hope Lutheran Church"
882664cd15fffff,education,2,1,"school, school",Catalyst Maria School
882664cd15fffff,entertainment,1,1,artwork,
882664cd15fffff,grocery,1,1,convenience,Shell
882664cd15fffff,transport,2,1,"bicycle_rental, bicycle_rental","California Ave & Marquette Rd, Artesian Ave & Marquette Rd"
882664cd17fffff,automotive,2,2,"car, car_repair","Toyota on Western, Midas"
882664cd17fffff,civic_community,5,2,"place_of_worship, place_of_worship, place_of_worship, fire_station, place_of_worship","Temple of Faith Church, Calvary Hill Baptist Church, The Victory Missionary Baptist Church, Chicago Fire Department Engine Company 101, Abundant Life Missionary Baptist Church"
882664cd17fffff,education,1,1,driving_school,Nationwide Trucking School
882664cd17fffff,entertainment,1,1,arts_centre,Ephraim Bajar Cultural Center
882664cd17fffff,food_drink,5,1,"fast_food, fast_food, fast_food, fast_food, fast_food","Harold’s Chicken Shack, White Castle, Church's Chicken, Western Tacos, Wendy's"
882664cd17fffff,grocery,2,1,"convenience, convenience","The Adding Mart, The Roux"
882664cd17fffff,health,1,1,pharmacy,Walgreens
882664cd17fffff,shopping,1,1,mobile_phone,Aiden Team Wireless
882664cd17fffff,transport,3,2,"bicycle_rental, fuel, fuel","Artesian Ave & 71st St, Citgo, The Roux"
882664cd19fffff,civic_community,9,2,"place_of_worship, place_of_worship, place_of_worship, place_of_worship, place_of_worship, place_of_worship, place_of_worship, place_of_worship, social_facility","Church of Jesus Christ, Rainbow Church of Faith, Shining Light Baptist Church, Shield of Faith Baptist Church, Bread of Life Missionary Baptist Church, New Ninevea Missionary Baptist Temple, Goodhope Baptist Church, Messiah Lutheran Church, Mitzi Friedheim Englewood Child + Family Center"
882664cd19fffff,education,3,2,"library, school, school","West Englewood Library, Lindblom Technical High School, Earle Elementary School"
882664cd19fffff,entertainment,1,1,artwork,Abraham Lincoln
882664cd19fffff,grocery,1,1,convenience,Citgo
882664cd19fffff,transport,1,1,fuel,Citgo
882664cd1bfffff,civic_community,16,1,"place_of_worship, place_of_worship, place_of_worship, place_of_worship, place_of_worship, place_of_worship, place_of_worship, place_of_worship, place_of_worship, place_of_worship, place_of_worship, place_of_worship, place_of_worship, place_of_worship, place_of_worship, place_of_worship","Prince of Peace Missionary Baptist Church, Greater Pisidia Missionary Baptist Church, Greater Rock of Ages Missionary Baptist Church, Saint John Evangelist Missionary Baptist Church, Golgotha Lutheran Church, Community Vinegard Missionary Baptist Church, Church of God, Saint Justin Martyr Catholic Church, Unity Tabernacle Church, Living Hope Missionary Baptist Church, Hopewell Missionary Baptist Church, New Hope Congregational Church of God and Christ, The Lebanon Baptist Church, Laflin Gospel Chapel, Nazarene All Nations Church"
882664cd1bfffff,education,3,1,"school, school, school","Golgotha School, Sir Miles Davis Academy, Providence Englewood Charter School"
882664cd1bfffff,food_drink,2,1,"fast_food, fast_food","Subway, JJ Fish & Chicken"
882664cd1bfffff,grocery,1,1,convenience,Clark's Pump-N-Shop
882664cd1bfffff,services,1,1,post_office,Ogden Park Post Office
882664cd1bfffff,shopping,2,2,"mobile_phone, variety_store","Boost Mobile, Family Dollar"
882664cd1bfffff,transport,2,2,"bicycle_rental, fuel","Ashland Ave & 66th St, Clark"
882664cd1dfffff,civic_community,2,2,"place_of_worship, social_facility",First New Bethany Missionary Baptist Church
882664cd1dfffff,education,1,1,school,Claremont Academy
882664cd1dfffff,finance,1,1,bank,Marquette Bank
882664cd1dfffff,food_drink,4,3,"restaurant, fast_food, ice_cream, fast_food","Garifuna Flava, Subway, Baskin-Robbins, Dunkin'"
882664cd1dfffff,grocery,2,2,"convenience, supermarket","Mobil Mart, Aldi"
882664cd1dfffff,shopping,2,2,"hardware, variety_store","Kuhl's Hardware, Family Dollar"
882664cd1dfffff,transport,3,2,"bicycle_rental, bicycle_rental, fuel","Western Ave & 62nd St, Rockwell St & 63rd St, Mobil"
882664cd21fffff,civic_community,2,1,"place_of_worship, place_of_worship","Christian Fellowship Church, Good Shepherd Lutheran Church"
882664cd21fffff,education,2,1,"school, school","Richardson Middle School, Pasteur Elementary School"
882664cd21fffff,food_drink,2,2,"restaurant, fast_food","Tamales Rebe, Pizza Nova"
882664cd21fffff,grocery,2,2,"convenience, supermarket","7-Eleven, Pete's Market"
882664cd21fffff,health,1,1,pharmacy,Walgreens
882664cd21fffff,shopping,2,2,"mobile_phone, chemist","Boost Mobile, Walgreens"
882664cd21fffff,transport,1,1,fuel,BP
882664cd23fffff,automotive,2,1,"car_parts, car_parts","Advance Auto Parts, AutoZone"
882664cd23fffff,civic_community,1,1,place_of_worship,West Lawn Free Methodist Church
882664cd23fffff,education,3,2,"school, school, library","Teddy Bear Pre-School #3, Lee Elementary School, West Lawn Branch Library"
882664cd23fffff,entertainment,3,3,"artwork, events_venue, museum","Eye Can See Now, Midway Catering & Banquet Hall, Balzekas Museum of Lithuanian Culture"
882664cd23fffff,finance,3,1,"bank, bank, bank","Republic Bank of Chicago, Marquette Bank, BMO"
882664cd23fffff,food_drink,3,2,"fast_food, restaurant, restaurant","Subway, Mariscos La Diabla Restaurant, Paisans Pizzeria"
882664cd23fffff,grocery,2,2,"bakery, convenience","La Fiesta Bakery, Phillips 66"
882664cd23fffff,health,2,2,"pharmacy, dentist","CVS Pharmacy, Avila Dental"
882664cd23fffff,shopping,3,3,"mobile_phone, variety_store, chemist","Metro by T-Mobile, Family Dollar, CVS Pharmacy"
882664cd23fffff,transport,2,2,"bicycle_rental, fuel","Tripp Ave & 65th St, Phillips 66"
882664cd25fffff,automotive,1,1,vehicle_inspection,Inspection Pit
882664cd25fffff,civic_community,7,4,"information, information, information, social_facility, police, place_of_worship, information","The Technology, The Chicago Connection, USO, Chicago Police Department, Chapel, The Battle"
882664cd25fffff,entertainment,2,1,"artwork, artwork","Flight Forms, Space Junction of Energy"
882664cd25fffff,finance,8,2,"atm, atm, atm, atm, atm, bureau_de_change, atm, atm",BMO
882664cd25fffff,food_drink,30,5,"cafe, restaurant, fast_food, fast_food, fast_food, fast_food, cafe, fast_food, food_court, restaurant, fast_food, fast_food, restaurant, fast_food, fast_food, fast_food, cafe, fast_food, confectionery, fast_food, fast_food, restaurant, restaurant, fast_food, fast_food, restaurant, restaurant, restaurant, restaurant, fast_food","Fuel Bar, Big City Chicken, Big & Little’s, Porkchop, Nuts on Clark, Woodgrain, Big Shoulders Coffee, Arami, Reilly's Daughter, Billy Goat Tavern, Einstein Bros. Bagels, Cielo Cantina, AD&B America's Dog, R.J. Grunts Burger And Fries, Garrett Popcorn Shops, Caffé Vita, Beecher's Handmade, Sarah's Candies, Garrett Popcorn Shops, M Burger, Connie's Pizza, White Sox Bar And Grill, Dunkin', Tallboy Taco, Big Bowl Chinese & Sushi, Gene's Bistro, Hubbard Inn, Home Run Inn Pizzeria, Dunkin'"
882664cd25fffff,grocery,4,1,"convenience, convenience, convenience, convenience","Hudson, Hudson, Hudson, Urban Snack Mart"
882664cd25fffff,leisure_sports,1,1,picnic_site,Food Court
882664cd25fffff,nightlife,2,2,"bar, pub","Harry Carry’s Shortstop, Reilly's Daughter"
882664cd25fffff,services,1,1,cosmetics,MAC Cosmetics
882664cd25fffff,shopping,11,8,"gift, newsagent, electronics, books, clothes, toys, gift, books, perfumery, newsagent, bag","iStore, Southside News, iStore, Ink, Chicago Sports, FAO Schwartz, The Atrium, Ink by Hudson, Jo Malone, Departure News, Tumi"
882664cd25fffff,transport,2,2,"bicycle_rental, bus_station","Midway Orange Line, Midway Orange Line Station"
882664cd27fffff,civic_community,5,4,"place_of_worship, social_centre, community_centre, place_of_worship, social_facility","Saint Mary Star of the Sea Church, American Legion Clearing Post 600, St Mary's Parish Center, Calvary Lutheran Church"
882664cd27fffff,education,1,1,school,Saint Mary School
882664cd27fffff,entertainment,1,1,artwork,Giant Cow
882664cd27fffff,food_drink,1,1,restaurant,Top View Restaurant
882664cd27fffff,grocery,4,3,"convenience, supermarket, convenience, butcher","BP Shop, Save-A-Lot, 7-Eleven, Winston's Sausages"
882664cd27fffff,nightlife,1,1,bar,Mr C’s Midway Bar
882664cd27fffff,services,1,1,beauty,Audiffred Salon
882664cd27fffff,shopping,1,1,mobile_phone,Xtreme Mobile
882664cd27fffff,transport,2,2,"bicycle_rental, fuel","Kostner Ave & 63rd St, BP"
882664cd29fffff,automotive,1,1,car_repair,Car-X
882664cd29fffff,civic_community,2,1,"place_of_worship, place_of_worship","Divine Word Polish National Catholic Church, Saint Turibius Roman Catholic Church"
882664cd29fffff,education,4,2,"childcare, school, school, school","Los Pequenos Angelitos Day Care, Sor Juana Elementary School, Saint Turibius School, Peck Elementary School"
882664cd29fffff,finance,3,3,"bank, money_transfer, bureau_de_change","Peoples Bank, Western Union, 55th & Pulaski Currency Exchange"
882664cd29fffff,food_drink,3,2,"cafe, fast_food, fast_food","Razpachos Neveria, Burger King, Dunkin'"
882664cd29fffff,grocery,3,2,"bakery, bakery, convenience","BomBon Cafe, Le Paris Bakery, Circle K"
882664cd29fffff,health,1,1,clinic,UI Health 55th & Pulaski Health Collaborative
882664cd29fffff,services,1,1,hairdresser,Glenna's Hair Salon
882664cd29fffff,transport,2,2,"bicycle_rental, fuel","Komensky Ave & 55th St, Shell"
882664cd2bfffff,automotive,1,1,car_repair,Valvoline
882664cd2bfffff,civic_community,2,2,"fire_station, place_of_worship","Chicago Fire Department Engine Company 88, Saint Nicolas School"
882664cd2bfffff,education,2,1,"school, school","Hubbard High School, Saint Nicolas School"
882664cd2bfffff,finance,1,1,bank,Bank of America
882664cd2bfffff,grocery,2,1,"convenience, convenience","Mobil Mart, BP Shop"
882664cd2bfffff,shopping,1,1,jewelry,Sergio V Jewelry
882664cd2bfffff,transport,3,2,"bicycle_rental, bicycle_rental, fuel","Hamlin Ave & 62nd Pl, Pulaski Rd & 60th St, Mobil"
882664cd2dfffff,food_drink,1,1,fast_food,KFC
882664cd2dfffff,grocery,2,1,"convenience, convenience","7-Eleven, BP Shop"
882664cd2dfffff,health,1,1,clinic,Greater Lawn Health Center
882664cd2dfffff,nightlife,2,1,"bar, bar","Sloppy Joes Dive Inn Spirits & Music, West 55th Street"
882664cd2dfffff,transport,2,2,"bicycle_rental, fuel","Kildare Ave & 55th St, BP"
882664cd31fffff,education,1,1,school,Tarkington Elementary School
882664cd33fffff,transport,2,1,"bicycle_rental, bicycle_rental","Kedzie Ave & Redfield Dr, Kedzie Ave & 73rd St"
882664cd35fffff,automotive,2,2,"car_parts, car_repair","O'Reilly Auto Parts, Jiffy Lube"
882664cd35fffff,civic_community,2,1,"place_of_worship, place_of_worship","Trinity Baptist Church of Chicago, Iglesia De La Santa Cruz"
882664cd35fffff,education,1,1,school,Hurley Elementary School
882664cd35fffff,food_drink,5,3,"restaurant, fast_food, ice_cream, fast_food, fast_food","Birrieria De La Torre, Little Caesars, Baskin-Robbins, McDonald's, Dunkin'"
882664cd35fffff,grocery,1,1,convenience,BP Shop
882664cd35fffff,shopping,2,1,"mobile_phone, mobile_phone","T-Mobile, Boost Mobile"
882664cd35fffff,transport,2,2,"bicycle_rental, fuel","Pulaski Rd & 68th St, BP"
882664cd37fffff,education,1,1,school,Queen of the Universe School
882664cd37fffff,transport,1,1,bicycle_rental,St. Louis Ave & 71st St
882664cd39fffff,civic_community,2,1,"place_of_worship, place_of_worship","Beth Shalom B’nai Zaken Ethiopian Hebrew Congregation, Lithuanian Evangelical Lutheran Church"
882664cd39fffff,education,2,1,"school, school","Magic Mirror Learning Center, Marquette Elementary School"
882664cd39fffff,entertainment,1,1,artwork,MLK Living Memorial
882664cd39fffff,food_drink,3,2,"restaurant, fast_food, fast_food","Tacos Villa, Burger King, Dunkin'"
882664cd39fffff,grocery,6,2,"bakery, bakery, convenience, convenience, convenience, convenience","Del Real Bakery, Torres Bakery, BP Shop, Mobil Mart"
882664cd39fffff,health,1,1,pharmacy,Walgreens
882664cd39fffff,services,1,1,beauty,Royalty Spa
882664cd39fffff,shopping,2,2,"variety_store, chemist","Family Dollar, Walgreens"
882664cd39fffff,transport,5,3,"bicycle_rental, fuel, fuel, fuel, bus_station","Kedzie Ave & 66th Pl, BP, Gas Center, Mobil, Kedzie & 63rd Place Terminal"
882664cd3bfffff,civic_community,4,3,"information, place_of_worship, place_of_worship, social_facility","Nativity of the Blessed Virgin Mary Church, Saint Adrian Roman Catholic Church"
882664cd3bfffff,education,4,1,"school, school, school, school","McKay Elementary School, Nativity School, Saint Adrian School, Saint Adrian's School"
882664cd3bfffff,grocery,1,1,convenience,Filling Station
882664cd3bfffff,health,1,1,hospital,Holy Cross Hospital
882664cd3bfffff,transport,2,2,"bicycle_rental, fuel","California Ave & 71st St, Falcon Fuel"
882664cd3dfffff,automotive,1,1,car_repair,Collision Revision
882664cd3dfffff,civic_community,3,2,"place_of_worship, place_of_worship, police","Chicago Lawn United Methodist Church, Thomas Memorial Congregational Church, Chicago Police Department 8th District"
882664cd3dfffff,education,2,2,"kindergarten, school","Southwest Cooperative Pre-School, Eberhart Elementary School"
882664cd3dfffff,finance,2,2,"atm, bank",U.S. Bank
882664cd3dfffff,food_drink,3,2,"cafe, cafe, restaurant","Los Pekes Ice Cream & Coffee, Palermo's of 63rd Pizza and Restaurant"
882664cd3dfffff,transport,2,1,"bicycle_rental, bicycle_rental","Homan Ave & 65th St, Central Park Ave & 66th St"
882664cd41fffff,civic_community,2,1,"information, information",
882664cd41fffff,education,2,1,"school, school","Little Peoples Nursery School, James Shields Middle School"
882664cd41fffff,finance,1,1,bank,Huntington Bank
882664cd41fffff,food_drink,2,2,"cafe, restaurant","Sputnik Coffee Company, Tacos De Canasta"
882664cd41fffff,grocery,3,2,"bakery, bakery, convenience","Tom Tom Tamale & Bakery Company, La Central Bakery, Shell"
882664cd41fffff,health,2,1,"clinic, clinic","Esperanza Brighton Park, DaVita Dialysis"
882664cd41fffff,nightlife,1,1,bar,Frankie's Place
882664cd41fffff,shopping,1,1,second_hand,Village Discount Outlet
882664cd41fffff,transport,1,1,fuel,Shell
882664cd43fffff,civic_community,4,2,"place_of_worship, place_of_worship, place_of_worship, fire_station","First Christian Charismatic Church La Nueva Uncion, Iglesia del Evangelio de Cristo, Iglesia Christina Alcance Victoria, Chicago Fire Department Engine Company 123"
882664cd43fffff,education,2,2,"kindergarten, school","Teddy Bear Pre-School, Christopher Elementary School"
882664cd43fffff,entertainment,1,1,museum,Fire Museum of Greater Chicago
882664cd43fffff,finance,1,1,money_lender,
882664cd43fffff,food_drink,2,2,"restaurant, fast_food","El Publano, Dunkin'"
882664cd43fffff,grocery,6,2,"bakery, convenience, convenience, convenience, convenience, convenience","Grecias Bakery, Marathon, Clark's Pump-N-Shop"
882664cd43fffff,nightlife,1,1,bar,El Plan
882664cd43fffff,services,3,2,"hairdresser, hairdresser, laundry","International, Chavez Unisex"
882664cd43fffff,shopping,3,2,"mobile_phone, mobile_phone, variety_store","Boost Mobile, Tecnophone, Family Dollar"
882664cd43fffff,transport,6,3,"bicycle_rental, bicycle_rental, fuel, fuel, fuel, bus_station","Western Blvd & 48th Pl, Campbell Ave & 51st St, Marathon, GoLo, Clark, Western Orange Line Station"
882664cd45fffff,civic_community,1,1,place_of_worship,Saint John's Polish National Catholic Church
882664cd45fffff,education,5,1,"school, school, school, school, school","Gunsaulus Scholastic Academy, Columbia Explorers Academy, Mansueto High School, Pathways in Education, Acero Officer Donald J. Marquez Elementary School"
882664cd45fffff,finance,1,1,bank,Byline Bank
882664cd45fffff,food_drink,7,4,"fast_food, coffee, ice_cream, fast_food, fast_food, restaurant, fast_food","Dunkin', Cafe El Meson, Baskin-Robbins, Popeyes, Dunkin', Carnitas Don Rafa, McDonald's"
882664cd45fffff,grocery,2,2,"supermarket, bakery","Pete's Market, Le Paris Bakery"
882664cd45fffff,health,1,1,dentist,Forever Dental
882664cd45fffff,shopping,5,5,"furniture, hairdresser_supply, shoes, mobile_phone, chemist","Rent-A-Center, Sally Beauty, Foot Locker, T-Mobile, Walgreens"
882664cd45fffff,transport,2,1,"bicycle_rental, bicycle_rental","Francisco Ave & 47th St, Kedzie Ave & 45th St"
882664cd47fffff,education,1,1,school,Acero Rufino Tamayo Elementary School
882664cd47fffff,grocery,1,1,convenience,Citgo
882664cd47fffff,transport,1,1,fuel,Citgo
882664cd49fffff,automotive,1,1,car_wash,Buddy Bear Car Wash
882664cd49fffff,food_drink,2,1,"restaurant, restaurant","El Pescador, Naples Pizza"
882664cd49fffff,nightlife,2,1,"bar, bar","Xavier Players Club, Confessions"
882664cd4bfffff,automotive,1,1,car_parts,Advance Auto Parts
882664cd4bfffff,civic_community,2,2,"place_of_worship, social_facility","Saint Michael the Archangel Catholic Church, Aperion Care International"
882664cd4bfffff,education,3,2,"library, school, school","Back of the Yards Branch Library, Back of the Yards College Preparatory High School, Saint Michael the Archangel Catholic School"
882664cd4bfffff,food_drink,7,3,"coffee, restaurant, fast_food, fast_food, restaurant, fast_food, fast_food","Back of The Yards Coffeehouse and Roastery, Birrieria y Taqueria El Arandas, Subway, Burger King, Pizza Hut, Taco Bell, Checkers"
882664cd4bfffff,grocery,4,2,"convenience, bakery, convenience, convenience","Citgo, Benitez Bakery, BP Shop"
882664cd4bfffff,health,1,1,pharmacy,Walgreens
882664cd4bfffff,shopping,8,6,"variety_store, clothes, mobile_phone, mobile_phone, department_store, clothes, doityourself, garden_centre","Dollar Tree, Rainbow, Boost Mobile, Cricket Wireless, Forman Mills, DTLR, The Home Depot"
882664cd4bfffff,transport,6,2,"bicycle_rental, fuel, fuel, fuel, fuel, fuel","Hoyne Ave & 47th St, Amstar, Citgo, BP, BP, Food 4 Less"
882664cd4dfffff,automotive,1,1,car_parts,AutoZone
882664cd4dfffff,civic_community,8,4,"community_centre, information, fire_station, place_of_worship, place_of_worship, place_of_worship, place_of_worship, place_of_worship","Gads Hill Center, Chicago Fire Department Engine Company 65, Saint Pancratius Roman Catholic Church, Grace Community Church, Peace Lutheran Church, Five Holy Martyrs Church, Immaculate Conception Roman Catholic Church"
882664cd4dfffff,education,9,2,"school, school, school, childcare, school, school, school, school, school","Peace Lutheran School, Franciscan Sisters School, Holy Martyrs School, Brighton Park Early Learning Center, Shields Elementary School, Kelly High School, Acero Brighton Park School"
882664cd4dfffff,finance,2,2,"money_lender, bank","PLS, Huntington Bank"
882664cd4dfffff,food_drink,1,1,restaurant,D'Nuez
882664cd4dfffff,grocery,1,1,supermarket,Supermercado El Guero
882664cd4dfffff,services,1,1,hairdresser,Maria’s Beauty Salon
882664cd4dfffff,shopping,2,2,"clothes, mobile_phone","Zemsky's, Boost Mobile"
882664cd4dfffff,transport,1,1,bicycle_rental,Fairfield Ave & 44th St
882664cd51fffff,civic_community,1,1,place_of_worship,Julia Gay Memorial United Methodist Church
882664cd51fffff,education,4,1,"school, school, school, school","Mays School, Fulton Elementary School, Henderson Elementary School, CICS Basil School"
882664cd51fffff,food_drink,1,1,fast_food,Dunkin'
882664cd51fffff,grocery,3,2,"alcohol, convenience, convenience","D&A Food & Liquor, Clark's Pump-N-Shop, Citgo"
882664cd51fffff,transport,4,2,"bicycle_rental, fuel, fuel, fuel","Ashland Ave & Garfield Blvd, Amstar, Clark, Citgo"
882664cd53fffff,civic_community,7,2,"place_of_worship, place_of_worship, place_of_worship, place_of_worship, fire_station, place_of_worship, place_of_worship","Kingdom of Christ Baptist Church, Christ Temple Apostolic Church, New Way Mission Church, Spirit of Love Missionary Baptist Church, Chicago Fire Department Engine Company 116, Philadelphia Church of God in Christ, Assumption Blessed Virgin Mary Roman Catholic Church"
882664cd53fffff,education,5,1,"school, school, school, school, school","Assumption School, Saint Raphael School, Charles Harrison Mason Bible College, Philadelphia Church of God in Christ School"
882664cd53fffff,food_drink,1,1,fast_food,Subway
882664cd53fffff,grocery,2,1,"convenience, convenience","Citgo, Clark's Pump-N-Shop"
882664cd53fffff,shopping,2,2,"mobile_phone, variety_store","Metro by T-Mobile, Family Dollar"
882664cd53fffff,transport,3,2,"bicycle_rental, fuel, fuel","Marshfield Ave & 59th St, Citgo, Clark"
882664cd55fffff,automotive,1,1,car,
882664cd55fffff,civic_community,2,1,"place_of_worship, place_of_worship","Lithuanian Jesuit Fathers Roman Catholic Church, Saint Peter and Paul Russian Orthodox Church"
882664cd55fffff,education,2,1,"school, school","Horizon Science Academy (Southwest Chicago), Lithuanian Institute of Education"
882664cd55fffff,grocery,1,1,convenience,BP Shop
882664cd55fffff,shopping,1,1,variety_store,Dollar Tree
882664cd55fffff,transport,3,2,"bicycle_rental, bicycle_rental, fuel","Seeley Ave & Garfield Blvd, Artesian Ave & 55th St, BP"
882664cd57fffff,automotive,1,1,car_parts,Robbin's
882664cd57fffff,civic_community,1,1,place_of_worship,Cannon Temple Missionary Baptist Church
882664cd57fffff,grocery,1,1,farm,Growing Home Farm Stand
882664cd57fffff,transport,1,1,bicycle_rental,Damen Ave & 59th St
882664cd59fffff,automotive,2,1,"car_parts, car_parts","AutoZone, O'Reilly Auto Parts"
882664cd59fffff,civic_community,3,2,"place_of_worship, social_facility, social_facility","Spiritual Rock M.B. Church, Su Casa"
882664cd59fffff,education,2,1,"school, school","Richards Career Academy, Libby Elementary School"
882664cd59fffff,entertainment,1,1,artwork,Sherman American History Series
882664cd59fffff,health,2,1,"clinic, clinic","ACCESS Ashland Family Health Center, Access Center For Discovery And Learning"
882664cd59fffff,transport,2,1,"bicycle_rental, bicycle_rental","Throop St & 52nd St, Ashland Ave & 50th St"
882664cd5bfffff,civic_community,4,2,"place_of_worship, place_of_worship, place_of_worship, information","Greater New Mount Zion Missionary Baptist Church, Stone Temple Church of God in Christ, Samuel Temple Church of God in Christ, Sherman Park"
882664cd5bfffff,education,1,1,library,Sherman Park Branch Library
882664cd5bfffff,grocery,1,1,convenience,
882664cd5bfffff,transport,2,1,"bicycle_rental, bicycle_rental","Elizabeth St & 59th St, Racine Ave & Garfield Blvd"
882664cd5dfffff,civic_community,2,1,"place_of_worship, place_of_worship","Spiritual Wholistic Ministries of Love and Faith, Saint Mary's Byzantine Catholic Church"
882664cd5dfffff,education,3,1,"school, school, school","Richard J. Daley Academy, Saint Rose Center, Saint Mary's School"
882664cd5dfffff,entertainment,1,1,artwork,Paul Cornell
882664cd5dfffff,transport,1,1,bicycle_rental,Damen Ave & 51st St
882664cd61fffff,automotive,2,2,"tyres, car_repair","Archer Premier Tire Shop, Valvoline"
882664cd61fffff,civic_community,2,2,"place_of_worship, social_centre","Saint Bruno's Roman Catholic Church, Polish Highlanders Alliance"
882664cd61fffff,education,3,1,"school, school, school","Curie Metropolitan High School, Saint Bruno School, Edwards Elementary School"
882664cd61fffff,finance,2,2,"bank, bureau_de_change","Self-Help Federal Credit Union, 47th & Pulaski Currency Exchange"
882664cd61fffff,food_drink,3,3,"restaurant, cafe, ice_cream","Birrieria Zaragoza, Pastel! Cakes and More, De Colores"
882664cd61fffff,grocery,1,1,convenience,Shell
882664cd61fffff,health,1,1,pharmacy,Walgreens
882664cd61fffff,lodging,1,1,hotel,Carlton Inn Midway
882664cd61fffff,nightlife,2,1,"bar, bar","Watra Night Club, The Apartment Lounge"
882664cd61fffff,shopping,2,2,"chemist, mobile_phone","Walgreens, T-Mobile"
882664cd61fffff,transport,2,2,"bicycle_rental, fuel","Springfield Ave & 47th St, Shell"
882664cd63fffff,education,1,1,school,Eric Solorio Academy High School
882664cd63fffff,services,1,1,post_depot,Amazon DIL3
882664cd63fffff,transport,1,1,bicycle_rental,St. Louis Ave & Norman Bobbins Pl
882664cd65fffff,education,3,1,"school, school, school","Acero SPC Daniel Zizumbo Elementary School, Acero PFC Omar E. Torres Elementary School, Acero Major Hector P. García M.D. High School"
882664cd65fffff,grocery,2,2,"bakery, convenience","La Central Bakery, Citgo"
882664cd65fffff,nightlife,2,1,"bar, bar","Chicago Sports Bar & Grill, Illinois Bar & Grill On 47th"
882664cd65fffff,services,1,1,storage_rental,Public Storage
882664cd65fffff,transport,3,2,"bicycle_rental, bicycle_rental, fuel","Kildare Ave & 47th St, Kilbourn Ave & 49th St, Citgo"
882664cd67fffff,automotive,2,2,"car_wash, car_parts","Citgo, AutoZone"
882664cd67fffff,civic_community,1,1,place_of_worship,Midway Church of God
882664cd67fffff,education,1,1,library,Archer Heights Branch Library
882664cd67fffff,finance,3,2,"pawnbroker, bank, bank","Casa de Empeno, Chase, PNC Bank"
882664cd67fffff,food_drink,11,3,"fast_food, fast_food, restaurant, ice_cream, fast_food, fast_food, restaurant, restaurant, restaurant, fast_food, fast_food","Chipotle, Subway, El Taconazo, La Michoacana Premium, Mr. Submarine, Domino's, Giordano's Pizzeria, Red Lobster, Restaurante Cocula, McDonald's, Taco Bell"
882664cd67fffff,grocery,4,3,"supermarket, supermarket, marketplace, convenience","Jewel-Osco, Cermak Fresh Market, Super Mall, Citgo"
882664cd67fffff,leisure_sports,1,1,video_games,GameStop
882664cd67fffff,lodging,1,1,motel,Midway Inn
882664cd67fffff,services,2,2,"beauty, hairdresser","Lux Nail Studio, Made Barber Lounge"
882664cd67fffff,shopping,7,5,"mobile_phone, variety_store, hairdresser_supply, clothes, nutrition_supplements, mobile_phone, hairdresser_supply","Metro by T-Mobile, Dollar Tree, Sally Beauty, Discovery Clothing Company, GNC, Metro by T-Mobile, CosmoProf"
882664cd67fffff,transport,3,3,"bicycle_rental, fuel, bus_station","Pulaski Rd & 51st St, Citgo, Pulaski Orange Line Station"
882664cd69fffff,automotive,2,2,"car_wash, car","BP, Carfect"
882664cd69fffff,food_drink,1,1,restaurant,Leon's BBQ
882664cd69fffff,grocery,1,1,convenience,BP Shop
882664cd69fffff,health,1,1,dentist,Premiere Family Dental- Archer
882664cd69fffff,nightlife,1,1,bar,Michael’s Sport Lounge
882664cd69fffff,shopping,1,1,cannabis,Maribis of Chicago
882664cd69fffff,transport,1,1,fuel,BP
882664cd6bfffff,automotive,2,1,"car_parts, car_parts","AutoZone, O'Reilly Auto Parts"
882664cd6bfffff,finance,1,1,pawnbroker,Cash America Pawn
882664cd6bfffff,food_drink,3,2,"restaurant, fast_food, restaurant","Coco Club, Little Caesars, Chuck E. Cheese"
882664cd6bfffff,grocery,1,1,supermarket,Aldi
882664cd6bfffff,health,2,2,"clinic, dentist","ACCESS Kedzie Family Health Center, Sonrisa Family Dental"
882664cd6bfffff,nightlife,1,1,bar,MaddAnthonys Bar & Grill
882664cd6bfffff,services,1,1,post_office,Elsdon Post Office
882664cd6bfffff,shopping,3,2,"variety_store, department_store, variety_store","Dollar Tree, TJ Maxx, Family Dollar"
882664cd6bfffff,transport,2,2,"bicycle_rental, bus_station","Kedzie Ave & 48th Pl, Kedzie Orange Line Station"
882664cd6dfffff,automotive,2,2,"car_parts, car_wash","Advance Auto Parts, BP"
882664cd6dfffff,civic_community,1,1,fire_station,Chicago Fire Department Engine Company 34
882664cd6dfffff,finance,3,1,"bank, bank, bank","First American Bank, United Credit Union, Chase"
882664cd6dfffff,food_drink,3,1,"fast_food, fast_food, fast_food","Wingstop, Subway, Pizza Hut Delivery"
882664cd6dfffff,grocery,3,2,"supermarket, supermarket, convenience","Pete's Market, Aldi, BP Shop"
882664cd6dfffff,health,1,1,optician,Visionworks
882664cd6dfffff,services,2,2,"storage_rental, laundry","Extra Space Storage, The Blue Kanagaroo Laundromat"
882664cd6dfffff,shopping,3,3,"mobile_phone, doityourself, department_store","Cricket Wireless, Lowe's, Target"
882664cd6dfffff,transport,3,3,"bicycle_rental, charging_station, fuel","Pulaski Rd & Ann Lurie Pl, Tesla Supercharger, BP"
882664cd81fffff,civic_community,6,1,"place_of_worship, place_of_worship, place_of_worship, place_of_worship, place_of_worship, place_of_worship","Mount Helm Missionary Baptist Church, New Nation Anoited Ministries, Saint Ethelreda Church, Christian Youth Missionary Baptist Church, Beverly Congregational Jehovah Witnesses, Memorial Missionary Baptist Church"
882664cd81fffff,education,2,1,"school, school","Saint Ethelreda School, Foster Park Elementary School"
882664cd81fffff,finance,1,1,bank,United Fidelity Bank
882664cd81fffff,food_drink,2,2,"ice_cream, fast_food","Baskin-Robbins, Dunkin'"
882664cd81fffff,grocery,2,1,"convenience, convenience",BP Shop
882664cd81fffff,services,2,2,"rental, storage_rental","U-Haul, U-Haul"
882664cd81fffff,shopping,1,1,mobile_phone,Boost Mobile
882664cd81fffff,transport,4,3,"bicycle_rental, car_rental, fuel, fuel","Paulina St & 87th St, Enterprise, Phillips 66, BP"
882664cd83fffff,automotive,1,1,car_parts,AutoZone
882664cd83fffff,civic_community,4,1,"place_of_worship, place_of_worship, place_of_worship, place_of_worship","Stratford Revival Center Southside Move of God Church, School of Wisdom of Truth Class, Cross Temple Church of God in Christ, Shiloah Baptist Church"
882664cd83fffff,grocery,1,1,convenience,
882664cd83fffff,lodging,1,1,motel,New Budget Motel
882664cd83fffff,transport,2,2,"bicycle_rental, fuel","Loomis St & 89th St, Amstar"
882664cd85fffff,civic_community,3,2,"place_of_worship, place_of_worship, information","Eightyseventh Street Church of Christ, Greater Walters African Methodist Episcopal Zion Church, Dan Ryan Woods Visitor Center"
882664cd85fffff,education,2,2,"kindergarten, school",Three Kittens Day Nursery and Kindergarten
882664cd85fffff,leisure_sports,12,1,"picnic_site, picnic_site, picnic_site, picnic_site, picnic_site, picnic_site, picnic_site, picnic_site, picnic_site, picnic_site, picnic_site, picnic_site","Dan Ryan Woods East Picnic Grove 13, Dan Ryan Woods East Picnic Grove 14, Dan Ryan Woods East Picnic Grove 9, Dan Ryan Woods South Picnic Grove 14, Dan Ryan Woods West Picnic Grove 6, Dan Ryan Woods West Picnic Grove 7, Dan Ryan Woods West Picnic Grove 8, Dan Ryan Woods West Picnic Shelter Grove 5, Dan Ryan Woods Central Picnic Shelter Grove 4, Dan Ryan Woods Central Picnic Shelter Grove 3, Dan Ryan Woods Central Picnic Shelter Grove 2, Dan Ryan Woods East Picnic Shelter Grove 10"
882664cd85fffff,transport,3,2,"bicycle_rental, bus_station, bus_station","Damen Ave & 87th St, Damen & 87th Street Terminal, 87th Street & Western Terminal"
882664cd87fffff,nightlife,1,1,bar,Wild Blossom Meadery & Winery
882664cd87fffff,transport,1,1,bicycle_rental,Prospect Sq & 91st St
882664cd89fffff,civic_community,6,2,"place_of_worship, place_of_worship, place_of_worship, place_of_worship, place_of_worship, fire_station","Pillars of Jerusalem Missionary Baptist Church, Everlasting Gospel Mission, Holiness is the Way Gospel Temple, Mount Carmel Children of God Church, Saint Mark Pentecostal Church of Holiness, Chicago Fire Department Engine Company 129"
882664cd89fffff,education,2,1,"school, school","Cook Elementary School, Cuffe Elementary School"
882664cd89fffff,food_drink,2,1,"fast_food, fast_food","Wendy's, McDonald's"
882664cd89fffff,services,1,1,post_office,Auburn Park Post Office
882664cd89fffff,shopping,1,1,variety_store,Dollar General
882664cd89fffff,transport,1,1,bicycle_rental,Loomis St & 84th St
882664cd8bfffff,civic_community,4,1,"place_of_worship, place_of_worship, place_of_worship, place_of_worship","Evangelist Temple, Progressive Beulah Pentecostal Church, Saint Kilian Roman Catholic Church, Community of Christ"
882664cd8bfffff,education,4,2,"school, school, library, school","L H Day School, Lenas Artistic Beauty College, Brainerd Branch Library, Saint Kilian School"
882664cd8bfffff,grocery,4,2,"convenience, convenience, supermarket, convenience","Marathon, Citgo, Pete's Produce, BP Shop"
882664cd8bfffff,services,1,1,laundry,Mr. Bubbles Laundromat
882664cd8bfffff,shopping,1,1,variety_store,Family Dollar
882664cd8bfffff,transport,4,2,"fuel, fuel, fuel, bus_station","Citgo, Marathon, BP, Racine & 87th Street Terminal"
882664cd8dfffff,civic_community,1,1,place_of_worship,Emmanuel Baptist Church
882664cd8dfffff,education,4,2,"school, kindergarten, school, school","Emmanuel Christian School, Little Flower School, CICS Ralph Ellison High School, LEARN Hunter Perkins Campus"
882664cd8dfffff,transport,2,1,"bicycle_rental, bicycle_rental","Wood St & 84th St, Damen Ave & 81st St"
882664cd91fffff,automotive,1,1,car_wash,
882664cd91fffff,civic_community,3,1,"place_of_worship, place_of_worship, place_of_worship","New Calvary Missionary Baptist Church, New Covenant Coptic Temple, Baptist Church Without a Spot or Wrinkle"
882664cd91fffff,education,1,1,library,Carter G. Woodson Regional Library
882664cd91fffff,food_drink,1,1,fast_food,McDonald's
882664cd91fffff,health,2,2,"dentist, nursing_home","Sonrisa Family Dental, Southpoint Nursing and Rehabilitation Center"
882664cd91fffff,transport,2,1,"bicycle_rental, bicycle_rental","Halsted St & 96th St, Vincennes Ave & 95th St"
882664cd93fffff,civic_community,1,1,place_of_worship,Fernwood United Methodist Church
882664cd93fffff,education,3,1,"school, school, school","Saint Helena School, Medgar Evers Elementary School, Fernwood Elementary School"
882664cd93fffff,grocery,3,1,"convenience, convenience, convenience","BP Shop, Shell, Citgo"
882664cd93fffff,lodging,1,1,motel,Motel 6 Chicago - Halsted
882664cd93fffff,shopping,1,1,gift,Edible Arrangements
882664cd93fffff,transport,4,1,"fuel, fuel, fuel, fuel","Super Save, Shell, Citgo, BP"
882664cd95fffff,civic_community,1,1,place_of_worship,Third Baptist Church
882664cd95fffff,education,3,1,"school, school, school","Oakdale Christian Academy, Wendell Green Elementary School, Chicago International Charter School Loomis-Longwood"
882664cd95fffff,food_drink,4,2,"cafe, fast_food, fast_food, fast_food","Poppin Dough, Subway, Dunkin', Popeyes"
882664cd95fffff,lodging,1,1,motel,Beverly Motel & Suites
882664cd95fffff,shopping,1,1,variety_store,Family Dollar
882664cd95fffff,transport,1,1,bicycle_rental,Loomis St & 95th St
882664cd97fffff,civic_community,3,1,"place_of_worship, place_of_worship, place_of_worship","Saint Margaret of Scotland Catholic Church, Zion Lutheran Church, Little Zion Baptist Church"
882664cd97fffff,education,5,2,"school, school, school, childcare, school","Saint Margaret School, Marra Collins South Preparatory School, Collins South School, Daycare, Wacker Elementary School"
882664cd97fffff,health,1,1,clinic,Fresenius Kidney Care
882664cd97fffff,transport,1,1,bicycle_rental,Throop St & 99th St
882664cd99fffff,civic_community,2,1,"place_of_worship, place_of_worship","Greater Mount Bethel Missionary Baptist Church, Saint Matthew-Gordon African Methodist Episcopal Zion Church"
882664cd99fffff,education,1,1,school,Kipling Elementary School
882664cd99fffff,transport,2,1,"bicycle_rental, bicycle_rental","Eggleston Ave & 92nd St, Halsted St & 93rd St"
882664cd9bfffff,civic_community,2,1,"place_of_worship, place_of_worship","Saint Thaddeus Church, Trinity United Church of Christ"
882664cd9bfffff,education,1,1,school,Saint Thaddeus School
882664cd9bfffff,transport,1,1,bicycle_rental,Princeton Ave & 95th St
882664cd9dfffff,education,2,1,"school, school","Fort Dearborn Elementary School, Evangelical Christian School"
882664cd9dfffff,transport,1,1,bicycle_rental,Elizabeth St & 92nd St
882664cda1fffff,civic_community,1,1,social_facility,Vet Center
882664cda1fffff,health,1,1,clinic,Union Health Service
882664cda5fffff,automotive,1,1,car_wash,Buddy Bear Car Wash
882664cda5fffff,food_drink,2,1,"restaurant, restaurant","Lawrence's Fish & Shrimp, Chicago's Chicken Coop"
882664cda5fffff,grocery,1,1,supermarket,Pete's Market
882664cda5fffff,shopping,1,1,clothes,DTLR
882664cdabfffff,leisure_sports,2,1,"picnic_site, picnic_site","Dan Ryan South Picnic Grove 12, Dan Ryan Woods South Picnic Shelter Grove 11"
882664cdabfffff,shopping,1,1,bicycle,Beverly Bike & Ski
882664cdadfffff,education,2,2,"library, school","Wrightwood-Ashburn Branch Library, Carroll Elementary School"
882664cdadfffff,finance,1,1,bank,Chase
882664cdadfffff,food_drink,3,2,"fast_food, ice_cream, fast_food","Dunkin', Baskin-Robbins, Subway"
882664cdadfffff,grocery,1,1,bakery,D&D’s Place
882664cdadfffff,shopping,1,1,mobile_phone,Metro by T-Mobile
882664cdadfffff,transport,2,1,"bicycle_rental, bicycle_rental","Francisco Ave & 85th St, Kedzie Ave & 83rd St"
882664cdb1fffff,civic_community,1,1,place_of_worship,Trinity United Methodist Church
882664cdb3fffff,civic_community,3,1,"place_of_worship, place_of_worship, place_of_worship","Beverly Unitarian Church, Saint Barnabas Roman Catholic Church, Bethany Union Church"
882664cdb3fffff,education,1,1,school,Saint Barnabas School
882664cdb3fffff,food_drink,2,2,"fast_food, cafe","Subway, Starbucks"
882664cdb3fffff,health,1,1,pharmacy,CVS Pharmacy
882664cdb3fffff,services,1,1,funeral_directors,Heavenly Angels Funeral Home
882664cdb3fffff,transport,1,1,bicycle_rental,Walden Pkwy & 100th St
882664cdb5fffff,food_drink,1,1,fast_food,Wendy's
882664cdb5fffff,health,1,1,clinic,
882664cdb7fffff,automotive,2,2,"car_repair, car_wash","Car-X, Sparkle Express Car Wash"
882664cdb7fffff,education,2,1,"school, school","The Reading House, Sutherland Elementary School"
882664cdb7fffff,food_drink,3,3,"cafe, fast_food, restaurant","AndySunflower Café, Janson's Drive-In, Fox's Pub"
882664cdb7fffff,grocery,4,2,"bakery, convenience, convenience, convenience","Ain't She Sweet Cafe, BP Shop, 7-Eleven, Shell"
882664cdb7fffff,health,1,1,pharmacy,Walgreens
882664cdb7fffff,nightlife,1,1,bar,Sean’s Rhino Bar & Grill
882664cdb7fffff,transport,3,2,"bicycle_rental, fuel, fuel","Western Ave & 101st St, BP, Shell"
882664cdb9fffff,civic_community,6,2,"place_of_worship, fire_station, place_of_worship, place_of_worship, place_of_worship, place_of_worship","Southside Unity Center of Christianity, Chicago Fire Department Engine Company 121, Saint Paul's Union Church, Prayer Tabernacle Church of God in Christ, Church of the Holy Nativity, Beverly Hills Seventh Day Adventist Church"
882664cdb9fffff,education,3,3,"kindergarten, library, school","Lolly Pop Nursery School and Kindergarten, Beverly Branch Library, Vanderpoel Magnet School"
882664cdb9fffff,entertainment,1,1,museum,Vanderpoel Art Museum
882664cdb9fffff,finance,2,1,"bank, bank","BMO, Old Second National Bank"
882664cdb9fffff,food_drink,5,2,"cafe, cafe, fast_food, fast_food, fast_food","Two Mile Coffee Bar. Co, Munchiez, Taco Bell, Burger King, McDonald's"
882664cdb9fffff,grocery,2,2,"bakery, supermarket","Jimmy Jamm Sweet Potato Pies, Jewel-Osco"
882664cdb9fffff,health,1,1,pharmacy,Walgreens
882664cdb9fffff,shopping,3,2,"mobile_phone, variety_store, variety_store","Boost Mobile, Dollar Tree, Dollar General"
882664cdb9fffff,transport,1,1,bus_station,Ashland & 95th Street Terminal
882664cdbbfffff,civic_community,1,1,place_of_worship,Saint Andrews-Cheney Memorial Reformed Episcopal Church
882664cdbbfffff,entertainment,1,1,artwork,
882664cdbbfffff,food_drink,3,2,"cafe, cafe, restaurant","Two Mile Coffee Bar, Afro Joe's Coffee & Tea, Sanders BBQ Supply Co"
882664cdbdfffff,automotive,1,1,car,Evergreen Kia
882664cdbdfffff,civic_community,2,1,"place_of_worship, place_of_worship","Christ the King Roman Catholic Church, Bethlehem Lutheran Church"
882664cdbdfffff,education,2,1,"school, school","Kate S Kellogg Elementary School, Christ the King School"
882664cdbdfffff,entertainment,1,1,events_venue,The Vineyard
882664cdbdfffff,finance,2,1,"bank, bank","Chase, Citibank"
882664cdbdfffff,food_drink,4,2,"fast_food, restaurant, fast_food, fast_food","Chipotle, Barraco's Pizza, Top Notch Beefburgers, Rainbow Cone"
882664cdbdfffff,health,1,1,clinic,Passport Health Evergreen Park Travel Clinic
882664cdbdfffff,shopping,5,5,"mobile_phone, charity, printer_ink, clothes, variety_store","AT&T, Goodwill, Essential Creations, Andriana Furs, Dollar Tree"
882664cdc1fffff,civic_community,4,1,"place_of_worship, place_of_worship, place_of_worship, place_of_worship","Back to God Christian Reformed Church, Mount Elim Missionary Baptist Church, Freedom Temple Church of God In Christ, Rose Of Light MB Church"
882664cdc1fffff,education,1,1,library,Thurgood Marshall Branch Library
882664cdc1fffff,entertainment,1,1,artwork,Thurgood Marshall
882664cdc1fffff,food_drink,1,1,fast_food,Popeyes
882664cdc1fffff,grocery,1,1,supermarket,Walmart Neighborhood Market
882664cdc3fffff,civic_community,14,3,"place_of_worship, place_of_worship, place_of_worship, place_of_worship, place_of_worship, place_of_worship, place_of_worship, social_facility, community_centre, social_facility, social_facility, place_of_worship, place_of_worship, place_of_worship","New Birth Strong Hope Missionary Baptist Church, Kendrick Memorial Missionary Baptist Church, Community Faith Baptist Church, North Wells Gospel Mission, Original Glorious Apostolic Faith Church, Faith Pentecostal Holiness Church, Victory Apostolic Faith Church, Auburn Gresham Senior Satellite Center, Englewood Community Service Center, Senior Suites of Auburn Gresham, St. Sabina Elders Village Apartments, Southside Worship Center, Saint Sabina Roman Catholic Church, Saint Matthew Evangelical Lutheran Church"
882664cdc3fffff,education,4,2,"kindergarten, school, school, school","Childrens House Preschool, Saint Sabina School, Perspectives High School of Technology, Leo High School"
882664cdc3fffff,entertainment,1,1,artwork,Renaissance Park Sculpture
882664cdc3fffff,food_drink,2,2,"restaurant, cafe","Dirty Birds Southern Kitchen, Brewer Coffee & Custard"
882664cdc3fffff,grocery,1,1,convenience,Citgo
882664cdc3fffff,health,1,1,pharmacy,Walgreens
882664cdc3fffff,shopping,1,1,chemist,Walgreens
882664cdc3fffff,transport,1,1,fuel,Citgo
882664cdc5fffff,automotive,1,1,car_parts,AutoZone
882664cdc5fffff,civic_community,1,1,place_of_worship,West Seventy Fourth Street Church of Christ
882664cdc5fffff,education,1,1,school,Clara Barton Elementary School
882664cdc5fffff,food_drink,1,1,fast_food,Burger King
882664cdc5fffff,shopping,2,1,"variety_store, variety_store","Family Dollar, Dollar Tree"
882664cdc5fffff,transport,3,2,"bicycle_rental, bicycle_rental, bus_station","Ashland Ave & 74th St, Damen Ave & 74th St, 74th Street & Damen Terminal"
882664cdc7fffff,civic_community,23,1,"place_of_worship, place_of_worship, place_of_worship, place_of_worship, place_of_worship, place_of_worship, place_of_worship, place_of_worship, place_of_worship, place_of_worship, place_of_worship, place_of_worship, place_of_worship, place_of_worship, place_of_worship, place_of_worship, place_of_worship, place_of_worship, place_of_worship, place_of_worship, place_of_worship, place_of_worship, place_of_worship","Faith of Abraham Missionary Baptist Church, Shining Star Missionary Baptist Church, Second Mount Calvery Missionary Baptist Church, Theorem Missionary Baptist Church, Little Mount of Hope Missionary Baptist Church, Chicago Assembly Hall of Jehovah's Witnesses, Apostolic Little Rock Church, Evangelical Church of God in Christ, Beulah Mission Full Gospel Church, Jehovahs Witnesses South Unit, Christian Doctrine Baptist Church, Holly Memorial Temple, Original Church of Jesus Christ, Faith Revival Center Church, Zion Hill Missionary Baptist Church, Truth Bethesda Missionary Baptist Church, True Church of Holiness, Sweet Holy Spirit Missionary Baptist Church, Saint Michael Church, Sion Temple, Daniel Baptist Missionary Baptist Church, Evangelist Hope Church, Grace-Calvary United Methodist Church"
882664cdc7fffff,education,6,4,"kindergarten, music_school, childcare, childcare, childcare, school","Auburn-Gresham Preschool, Portias Piano Methods School, Highland Educational Day Care Center, Highland Day Care Center, Zion Hill Day Care Center School, Scott Joplin Elementary School"
882664cdc7fffff,food_drink,1,1,fast_food,White Castle
882664cdc7fffff,grocery,4,3,"alcohol, convenience, supermarket, convenience","Rothschild Liquors, Village Food Mart, Shell"
882664cdc7fffff,shopping,2,2,"variety_store, mobile_phone","Family Dollar, Cricket Wireless"
882664cdc7fffff,transport,3,2,"bicycle_rental, fuel, fuel","Ashland Ave & 78th St, Falcon Fuel, Marathon"
882664cdc9fffff,civic_community,14,1,"place_of_worship, place_of_worship, place_of_worship, place_of_worship, place_of_worship, place_of_worship, place_of_worship, place_of_worship, place_of_worship, place_of_worship, place_of_worship, place_of_worship, place_of_worship, place_of_worship","Rayfield Missionary Baptist Church, New Hope Spiritual Church, Little Friendly Spiritual Church, Holy Nazarene Tabernacle, Holy Latter Rain Pentecostal Church, Second Temple Church of Christ Holiness, Travel Rest Spiritual Church, Shiloh Baptist Church, Spirit of Faith Missionary Baptist Church, Faith Temple Church of God in Christ, Mount Hebron Baptist Church, Second Birth Missionary Baptist Church, Holy Miracle Pentecostal Fellowship Church, Harris Temple Church of God and Christ"
882664cdc9fffff,education,3,1,"school, school, school","Sacred Heart School, Excel Academy of Englewood, Bond Elementary School"
882664cdc9fffff,grocery,1,1,convenience,Shell
882664cdc9fffff,transport,1,1,fuel,Shell
882664cdcbfffff,civic_community,6,3,"place_of_worship, place_of_worship, place_of_worship, place_of_worship, social_facility, police","Revealing Missionary Baptist Church, First Corinthian Baptist Church, Christian Hope Missionary Baptist Church, Saint Peters Holiness Missionary Baptist Church, St Leo's Residence for Veterans, Chicago Police Department 6th District"
882664cdcbfffff,education,2,1,"school, school","Stagg Elementary School, Oglesby Elementary School"
882664cdcbfffff,grocery,1,1,convenience,
882664cdcbfffff,health,1,1,clinic,Auburn-Gresham VA Outpatient Clinic
882664cdcbfffff,shopping,2,2,"bicycle, hardware","John's Hardware & Bicycle Shop, John's Hardware & Bicycle Shop"
882664cdcbfffff,transport,2,2,"bicycle_rental, fuel","Halsted St & 78th St, Falcon"
882664cdcdfffff,civic_community,11,2,"place_of_worship, place_of_worship, place_of_worship, place_of_worship, place_of_worship, place_of_worship, place_of_worship, place_of_worship, social_facility, place_of_worship, place_of_worship","New Third Heaven Missionary Baptist Church, Faith of Truth Missionary Baptist Church, Boosters for Christ Revival Center, Beulah Land Church of God in Christ, Original Church of God, First Mennonite Church, True Church of Christ Devine, Stir Up The Gifts Ministries Church, Wheeler House Senior Residence, New Birth Church of God in Christ, Atonement Evangelical Lutheran Church"
882664cdcdfffff,education,2,2,"kindergarten, school","Childrens Hour Pre-School Center, Daniel S. Wentworth Elementary School"
882664cdcdfffff,finance,2,1,"bank, bank","Chase, Bank of America"
882664cdcdfffff,food_drink,1,1,fast_food,Dunkin'
882664cdcdfffff,grocery,3,2,"convenience, supermarket, convenience","BP Shop, Food 4 Less, Falcon Mart"
882664cdcdfffff,shopping,2,2,"shoes, furniture","Foot Locker, Top Home Furniture"
882664cdcdfffff,transport,3,1,"fuel, fuel, fuel","BP, Falcon Fuel, Food 4 Less"
882664cdd1fffff,civic_community,1,1,place_of_worship,Prayer Band of Faith Deliverance Church
882664cdd1fffff,finance,2,1,"bank, bank","BMO, Chase"
882664cdd1fffff,food_drink,1,1,fast_food,Potbelly
882664cdd1fffff,grocery,1,1,supermarket,Aldi
882664cdd1fffff,leisure_sports,1,1,video_games,GameStop
882664cdd1fffff,shopping,1,1,mobile_phone,Boost Mobile
882664cdd1fffff,transport,1,1,bicycle_rental,Stewart Ave & 83rd St
882664cdd3fffff,automotive,1,1,car_parts,AutoZone
882664cdd3fffff,civic_community,1,1,place_of_worship,Beacon Light Baptist Church
882664cdd3fffff,finance,1,1,bank,Huntington Bank
882664cdd3fffff,food_drink,3,2,"cafe, fast_food, fast_food","Starbucks, Dunkin', Harold's Chicken Shack"
882664cdd3fffff,grocery,1,1,supermarket,Jewel-Osco
882664cdd3fffff,health,2,2,"optician, clinic","America's Best Contacts & Eyeglasses, Fresenius Kidney Care"
882664cdd3fffff,services,2,1,"cosmetics, cosmetics","Beauty One Beauty Supply, Sistar Beauty"
882664cdd3fffff,shopping,8,6,"clothes, jewelry, clothes, department_store, flooring, clothes, doityourself, garden_centre","Rainbow, Freeman Jewelers, Citi Trends, dd's Discounts, Floor & Decor, DTLR, The Home Depot"
882664cdd5fffff,civic_community,4,1,"place_of_worship, place_of_worship, place_of_worship, place_of_worship","Mount Zion Missionary Baptist Church, Love and Unity Prayer Chapel, New Faith Missionary Baptist Church, Faith Evangelical Lutheran Church"
882664cdd5fffff,education,1,1,school,Gresham Elementary School
882664cdd5fffff,food_drink,1,1,cafe,Afro Joe's
882664cdd5fffff,transport,1,1,fuel,Falcon
882664cdd7fffff,civic_community,4,2,"fire_station, place_of_worship, place_of_worship, place_of_worship","Chicago Fire Department Engine Company 73, Gresham United Methodist Church, New Berea Missionary Baptist Church, Acme Missionary Baptist Church"
882664cdd7fffff,education,2,1,"school, school","Mahalia Jackson Elementary School, Ryder Elementary School"
882664cdd7fffff,grocery,1,1,convenience,
882664cdd7fffff,transport,2,2,"bicycle_rental, fuel","Summit Ave & 86th St, GoLo"
882664cdd9fffff,civic_community,2,1,"place_of_worship, place_of_worship","Greater Omega Missionary Baptist Church, Commonwealth Community Church"
882664cdd9fffff,education,2,1,"school, school","Simeon Career Academy, Lenart Elementary Regional Gifted Center"
882664cdd9fffff,finance,1,1,bank,Bank of America
882664cdd9fffff,food_drink,2,1,"fast_food, fast_food","Subway, Dunkin'"
882664cdd9fffff,shopping,2,2,"variety_store, mobile_phone","Family Dollar, Boost Mobile"
882664cddbfffff,automotive,1,1,car_parts,O'Reilly Auto Parts
882664cddbfffff,civic_community,2,1,"place_of_worship, place_of_worship",Chatham-Avalon Church of Christ
882664cddbfffff,education,3,1,"school, school, school","Chatham Montessori School, Perscpectives Leadership Academy, Neil Elementary School"
882664cddbfffff,food_drink,11,2,"fast_food, fast_food, fast_food, fast_food, fast_food, fast_food, fast_food, fast_food, fast_food, cafe, fast_food","Subway, Chipotle, Harold's Chicken Shack, Dock's, Subway, Wingstop, Just Turkey Grill, Burger King, McDonald's, Mather’s More Than a Cafe, Wendy's"
882664cddbfffff,grocery,4,2,"supermarket, convenience, convenience, convenience","Food 4 Less, BP Shop, Shell, Shell"
882664cddbfffff,services,1,1,storage_rental,Extra Space Storage
882664cddbfffff,shopping,8,6,"variety_store, variety_store, shoes, mobile_phone, nutrition_supplements, mobile_phone, clothes, doityourself","Dollar Tree, Five Below, Foot Locker, Verizon, GNC, T-Mobile, DTLR, Lowe's"
882664cddbfffff,transport,5,2,"bicycle_rental, bicycle_rental, fuel, fuel, fuel","Wabash Ave & 83rd St, Wabash Ave & 87th St, Shell, BP, Shell"
882664cdddfffff,civic_community,4,1,"place_of_worship, place_of_worship, place_of_worship, place_of_worship","Little Mercy Seat Missionary Baptist Church, Greater Bethlehem Missionary Baptist Church, Mount Hermon Missionary Baptist Church, Pleasant Hill Missionary Baptist Church"
882664cdddfffff,education,2,2,"childcare, school","Auburn Park Day Care Center, Westcott Elementary School"
882664cdddfffff,finance,1,1,bank,Bank of America
882664cdddfffff,food_drink,2,1,"restaurant, restaurant",Jamaican Jerk Villa
882664cdddfffff,grocery,2,2,"bakery, convenience",Salaam Restaurant and Bakery
882664cdddfffff,shopping,2,2,"mobile_phone, variety_store","Metro by T-Mobile, Family Dollar"
882664cdddfffff,transport,2,2,"fuel, bus_station","Amstar, Halsted & 79th Street Terminal"
882664cde1fffff,automotive,1,1,car,Car Credit 7600
882664cde1fffff,education,1,1,school,St. Rita of Cascia High School
882664cde1fffff,finance,1,1,atm,
882664cde1fffff,food_drink,5,1,"fast_food, fast_food, fast_food, fast_food, fast_food","Shark's Fish & Chicken, Subway, McDonald's, Taco Bell, Dunkin'"
882664cde1fffff,grocery,1,1,convenience,Marathon
882664cde1fffff,services,2,1,"storage_rental, storage_rental","Public Storage, Metro Self Storage"
882664cde1fffff,shopping,2,2,"chemist, variety_store","CVS Pharmacy, Dollar Tree"
882664cde1fffff,transport,3,3,"bicycle_rental, fuel, bus_station","Western Ave & 79th St, Marathon, 79th Street & Western Terminal"
882664cde3fffff,civic_community,3,2,"place_of_worship, place_of_worship, social_facility","Kingdom Hall of Jehovah's Witnesses, Calvary Covenant Church, BRIA of Forest Edge"
882664cde3fffff,grocery,1,1,convenience,Citgo
882664cde3fffff,health,1,1,clinic,DaVita Dialysis
882664cde3fffff,leisure_sports,3,1,"picnic_site, picnic_site, picnic_site","Dan Ryan Woods Central Picnic Shelter Grove 1, Dan Ryan Woods North Picnic Shelter Grove 15, Dan Ryan Woods North Picnic Shelter Grove 16"
882664cde3fffff,transport,3,2,"bicycle_rental, bicycle_rental, fuel","Dan Ryan Woods & 83rd St, Western Ave & 81st St, Citgo"
882664cde5fffff,automotive,1,1,vehicle_inspection,State Of Illinois Auto Inspection
882664cde5fffff,grocery,1,1,convenience,Citgo
882664cde5fffff,transport,1,1,fuel,Citgo
882664cde7fffff,civic_community,3,2,"place_of_worship, place_of_worship, social_facility","Gethsemane Evangelical Lutheran Church, Saint Thomas More Roman Catholic Church, Wrightwood Senior Apartments"
882664cde7fffff,education,2,1,"school, school","Rosenwald Elementary School, CICS Wrightwood School"
882664cde9fffff,automotive,2,1,"car, car","Western Avenue Nissan, South Chicago Dodge Chrysler Jeep"
882664cde9fffff,civic_community,1,1,place_of_worship,Second Mount Calvary Missionary Baptist Church
882664cde9fffff,education,3,2,"driving_school, school, school","Chicago Truck Driving School, Asa Philip Randolph Elementary School, Southside Occupational Academy High School"
882664cde9fffff,food_drink,1,1,fast_food,Popeyes
882664cdebfffff,civic_community,4,1,"place_of_worship, place_of_worship, place_of_worship, place_of_worship","Second Mount Vernon Baptist Church, Liberty Temple, First Church of Love and Faith, True Believers Missionary Baptist Church"
882664cdebfffff,food_drink,3,1,"fast_food, fast_food, fast_food","Dolphin's Fish & Chicken, Pepe's Mexican Restaurant, Krispy's Chicken & Seafood"
882664cdebfffff,grocery,2,2,"supermarket, convenience","Dearborn Wholesale Grocers, Citgo"
882664cdebfffff,shopping,1,1,variety_store,Family Dollar
882664cdebfffff,transport,2,2,"bicycle_rental, fuel","Damen Ave & 77th St, Citgo"
882664cdedfffff,civic_community,4,2,"place_of_worship, place_of_worship, place_of_worship, social_facility","Grace Christian Ministries, Holy Healing Temple Church, Monument Of Faith Church, Senior Suites Of Marquette Village"
882664ce21fffff,entertainment,4,1,"artwork, artwork, artwork, artwork",Restoration
882664ce21fffff,transport,1,1,bicycle_rental,Cottage Grove Ave & Oakwood Blvd
882664ce23fffff,civic_community,1,1,place_of_worship,Pleasant Gift Missionary Baptist Church
882664ce23fffff,education,4,1,"school, school, school, school","King College Prep, Jackie Robinson Elementary School, Ariel Community Academy"
882664ce23fffff,entertainment,2,1,"artwork, artwork",Gwendolyn Brooks: The Oracle of Bronzeville
882664ce23fffff,grocery,1,1,supermarket,One Stop Foods
882664ce23fffff,transport,1,1,bicycle_rental,Woodlawn Ave & Lake Park Ave
882664ce25fffff,automotive,1,1,car_wash,BP
882664ce25fffff,civic_community,9,3,"place_of_worship, place_of_worship, social_facility, place_of_worship, place_of_worship, place_of_worship, place_of_worship, place_of_worship, community_centre","Masjid Al Ihsan, South Park Baptist Church, Trinity Acres Senior Apartments, Morning Star Baptist Church, Holy Angels Catholic Church, Blackwell-Israel Samuel A.M.E. Zion Church, South Central Church of Christ, Monumental Baptist Church, Oakwood Center"
882664ce25fffff,education,3,2,"university, school, school","Jacob H. Carruthers Center for Inner City Studies, Holy Angels Catholic School, Former Holy Angels School"
882664ce25fffff,finance,1,1,bank,CIBC Bank USA
882664ce25fffff,grocery,2,2,"convenience, supermarket","BP Shop, Mariano's Fresh Market"
882664ce25fffff,shopping,1,1,variety_store,Dollar General
882664ce25fffff,transport,2,2,"bicycle_rental, fuel","MLK Jr Dr & Pershing Rd, BP"
882664ce27fffff,civic_community,8,3,"place_of_worship, social_facility, place_of_worship, social_facility, social_centre, place_of_worship, place_of_worship, social_facility","Evening Star Missionary Baptist Church, Centers For New Horizons: Effie Ellis Center, Dr. Martin Luther King Jr. Community Service Center, Most Worshipful Prince Hall Grand Lodge, The CityLight Church, Bright Star Church"
882664ce27fffff,education,3,1,"school, school, school","Woodson Elementary School, James Farmer Jr. Elementary School"
882664ce27fffff,entertainment,1,1,artwork,
882664ce27fffff,food_drink,8,3,"cafe, cafe, fast_food, fast_food, restaurant, restaurant, restaurant, fast_food","Ain’t She Sweet Cafe, Sip & Savor, Mr. Captain Hook, Just Turkey Grill, Cleo's Southern Cuisine, Surf's Up Bronzeville, Bronzeville Winery, Reggio's Pizza"
882664ce27fffff,grocery,1,1,convenience,Tony's Stop & Save
882664ce27fffff,health,1,1,clinic,DaVita Dialysis
882664ce27fffff,nightlife,1,1,bar,Some Like It Black
882664ce27fffff,services,1,1,massage,House of Hands
882664ce27fffff,shopping,3,3,"bicycle, mobile_phone, variety_store","Small Shop Cycles & Service, Metro by T-Mobile, Family Dollar"
882664ce27fffff,transport,1,1,bicycle_rental,Cottage Grove Ave & 43rd St
882664ce2bfffff,entertainment,1,1,artwork,Mermaid (La Sirena)
882664ce2dfffff,civic_community,3,2,"place_of_worship, place_of_worship, community_centre","West Point Baptist Church, Sixth Grace United Presbyterian Church, Arts & Recreation Center at Ellis Park"
882664ce2dfffff,education,2,1,"school, school","Christ the King Lutheran School, Donoghue Elementary School"
882664ce2dfffff,entertainment,1,1,artwork,La Ronda Parkata
882664ce2dfffff,health,1,1,clinic,Mercy Care Center
882664ce2dfffff,transport,1,1,bicycle_rental,Lake Park Ave & 35th St
882664ce31fffff,entertainment,1,1,artwork,Ecstasy
882664ce31fffff,lodging,1,1,hotel,Chicago Lake Shore Hotel
882664ce33fffff,entertainment,1,1,artwork,
882664ce35fffff,civic_community,2,1,"place_of_worship, place_of_worship","St. Paul and the Redeemer Church, Masjid Al-Faatir"
882664ce35fffff,education,3,2,"library, school, school","Blackstone Memorial Library, Shoesmith Elementary School, Ancona School"
882664ce35fffff,finance,1,1,bank,Citibank
882664ce35fffff,food_drink,10,3,"fast_food, restaurant, fast_food, fast_food, ice_cream, restaurant, fast_food, fast_food, fast_food, fast_food","Italian Fiesta Pizzeria, The Original Pancake House, Subway, Dunkin', Baskin-Robbins, Beggars Pizza, Charleys Philly Steaks, JJ Fish & Chicken, Fung's Chop Suey, Taco Pro's"
882664ce35fffff,grocery,2,2,"alcohol, convenience","Binny's Beverage Depot, BP Shop"
882664ce35fffff,health,1,1,pharmacy,Walgreens
882664ce35fffff,services,5,3,"dry_cleaning, beauty, dry_cleaning, laundry, beauty","Kenwood Cleaners, Eyebrow Threading Studio, Spotless Solutions, Your Neighborhood Laundromat, Hyde Park Nail Salon"
882664ce35fffff,shopping,4,4,"department_store, paint, chemist, hairdresser_supply","Ross, Sherwin-Williams, Walgreens, Beauty Supply"
882664ce35fffff,transport,4,3,"bicycle_rental, fuel, bus_station, bicycle_rental","Dorchester Ave & 49th St, BP, Lake Park & 47th Street Terminal, Lake Park Ave & 47th St"
882664ce37fffff,automotive,1,1,car_wash,BP
882664ce37fffff,civic_community,4,1,"place_of_worship, place_of_worship, place_of_worship, place_of_worship","St. Makarios Orthodox Mission, United Church of Hyde Park, Hyde Park Christian Reformed Church, Congregation Rodfei Zedek"
882664ce37fffff,education,4,2,"university, school, school, school","Academic Conference Center - Catholic Theological Union, Kenwood Academy, Philip Murray Language Academy, Akiba Schechter Jewish Day School"
882664ce37fffff,entertainment,5,5,"theatre, artwork, attraction, arts_centre, cinema","The Promontory, jenitor, Obama Kissing Rock, Hyde Park Art Center, Harper Theater"
882664ce37fffff,finance,8,3,"bank, bank, bank, bank, atm, atm, money_transfer, bank","Fifth Third Bank, Bank of America, Hyde Park Bank, PNC Bank, Hyde Park Bank, Western Union, Vicinity Credit Union"
882664ce37fffff,food_drink,47,5,"restaurant, fast_food, restaurant, cafe, restaurant, restaurant, restaurant, fast_food, restaurant, cafe, restaurant, restaurant, cafe, fast_food, restaurant, restaurant, fast_food, restaurant, fast_food, ice_cream, fast_food, fast_food, restaurant, restaurant, restaurant, cafe, cafe, fast_food, fast_food, restaurant, fast_food, fast_food, fast_food, restaurant, cafe, restaurant, pastry, fast_food, cafe, fast_food, restaurant, cafe, restaurant, ice_cream, restaurant, fast_food, restaurant","Pizza Capri, Five Guys, Valois, Starbucks, Nando's, Rajun Cajun, Chant, Potbelly, Bob's Pizza, Almendro Cafe, Virtue, Tacos El Pastor 53, Sip & Savor, Wingstop, 14 Parish, Litehouse, Deep Purpl, Uncle Joe's Jerk Chicken, Dunkin', Baskin-Robbins, Subway, Krispy Krunchy Chicken, Can't Believe It's Not Meat, Nathan's Chicago Style and Taste of Jamaica, Eto'o Modern Asian Cuisine, Capital One Café, Philz Coffee, Sweetgreen, Chipotle, Shinju Sushi, Papa John's, Taco Bell, Roti, Strings Ramen, Stan's Donuts & Coffee, Red Snapper, Strugglebeard Bakery, Domino's, Love & Light Cafe, Fruve Xpress Juicery, Jordyn's Soul Cafe, Sweet Drip Dessert Cafe, Ja' Grill, Kilwins, Daisy's Po-Boy and Tavern, McDonald's, Giordano's Pizzeria"
882664ce37fffff,grocery,6,3,"supermarket, bakery, bakery, supermarket, convenience, convenience","Whole Foods Market, Arifa’s Kitchen, Cafe 53, Trader Joe's, BP Shop, BP Shop"
882664ce37fffff,health,5,2,"pharmacy, pharmacy, dentist, dentist, dentist","Walgreens, Katsaros Pharmacy, Smile Studio Chicago, Comfort Dental Studio, Smile Design Studio Of Hyde Park LLC"
882664ce37fffff,lodging,2,1,"hotel, hotel","Sophy Hotel, Hyatt Place Chicago-South/University Medical Center"
882664ce37fffff,nightlife,4,1,"bar, bar, bar, bar","Falcon Inn, The Hyde, Mesler Kitchen | Bar | Lounge, Cantina Rosa"
882664ce37fffff,services,15,6,"post_office, hairdresser, hairdresser, beauty, hairdresser, pet_grooming, hairdresser, post_office, beauty, massage, dry_cleaning, hairdresser, beauty, beauty, hairdresser","Lake Park Post Office, Hyde Park Barber Studio, Hyde Park Hair Salon, Black Beauty Collective, Chickie Curls Studio, A Paw Place, Yehia & Co Hair Designs, The UPS Store, Happy Nails, Bettye O Day Spa, Hyde Park Cleaners, Max & Co Hair Designs, Nikki Nails, Milan Laser Hair Removal, Ossama's Hair Design"
882664ce37fffff,shopping,17,13,"variety_store, tobacco, department_store, doityourself, department_store, clothes, mobile_phone, interior_decoration, gift, hairdresser_supply, frame, books, clothes, books, clothes, music, mall","Jeffery Dollar Store, Hyde Park Cigars, Target, Elston Ace Hardware, Marshalls, Silver Room, T-Mobile, Recycled Modern Hyde Park, Edible Arrangements, Viking General Merchandise, The Great Frame Up, Call & Response, Fashion Geek, Barnes & Noble, Akira, Hyde Park Records, Hyde Park Shopping Center"
882664ce37fffff,transport,4,2,"bicycle_rental, bicycle_rental, fuel, fuel","Blackstone Ave & Hyde Park Blvd, Cornell Ave & Hyde Park Blvd, BP, BP"
882664ce65fffff,entertainment,1,1,artwork,Caracol
882664ce67fffff,food_drink,1,1,restaurant,
882664ce67fffff,nightlife,1,1,bar,
882664cea1fffff,civic_community,2,2,"community_centre, social_facility","South Shore Cultural Center, Senior Suites of South Shore"
882664cea1fffff,education,1,1,school,O'Keeffe Elementary School
882664cea1fffff,entertainment,6,2,"artwork, artwork, artwork, events_venue, events_venue, events_venue","Mr. Big, BlammO, Leap, Studio 2226, South Shore Solarium, South Shore Dining Room"
882664cea1fffff,food_drink,3,1,"restaurant, restaurant, restaurant","House of Bing, Surf's Up, Ta'golazo"
882664cea1fffff,grocery,1,1,bakery,Give Me Some Sugah
882664cea1fffff,leisure_sports,1,1,picnic_site,South Shore Picnic Grove
882664cea1fffff,services,5,2,"hairdresser, dry_cleaning, hairdresser, hairdresser, hairdresser","B Selfish, Quad Valet Cleaners, Guyse Salon of Beauty, Dubose Barber Shop, Mena's Hair Design"
882664cea1fffff,transport,2,2,"bus_station, bicycle_rental","67th Street & Oglesby Terminal, South Shore Dr & 67th St"
882664cea3fffff,civic_community,9,4,"place_of_worship, fire_station, place_of_worship, place_of_worship, place_of_worship, place_of_worship, social_facility, place_of_worship, police","McKenzie Mission Chicago, Chicago Fire Department Engine Company 126, Greater Metropolitan Church of Christ, Saint Margaret's Episcopal Church, Saint Luke's Missionary Baptist Church, South Shore Community Church, Grand Regency Of South Shore, Israel of God Church, Chicago Police Department Mounted Unit Horse Stables"
882664cea3fffff,education,3,3,"kindergarten, library, school","Ada S. McKinley, Ersula Howard Child Care Center, South Shore Branch Library, Robert A. Black Magnet Elementary School"
882664cea3fffff,entertainment,1,1,events_venue,The Quarry Event Center
882664cea3fffff,food_drink,9,3,"cafe, restaurant, restaurant, fast_food, fast_food, restaurant, cafe, restaurant, fast_food","Chef Sara's Cafe, L&G Restaurant, Ming's Chop Suey, Hoagy House, Kennedy Fish and Chicken, Magal Restaurant, South Shore Brew, Majani, Imani's Original"
882664cea3fffff,grocery,4,3,"convenience, greengrocer, bakery, convenience","El Barakah Supermarket, Healthy Food Hub, Bot Bakery, Citgo"
882664cea3fffff,health,2,2,"nursing_home, clinic","Renaissance at South Shore, University of Chicago Outpatient Senior Health Center"
882664cea3fffff,nightlife,1,1,bar,Tom's
882664cea3fffff,services,7,4,"hairdresser, hairdresser, hairdresser, tattoo, dry_cleaning, dry_cleaning, post_office","Salon Exhale, Haley's African Hair Braiding, Hair 4 U Salon, Tattoo World Studio, Cleaner Quality One Hour, Quality First Cleaners, Charles A. Hayes Post Office"
882664cea3fffff,shopping,3,3,"computer, mobile_phone, trade","CBI Computer, Metro by T-Mobile, South Shore Plumbing and Heating"
882664cea3fffff,transport,3,2,"bicycle_rental, bicycle_rental, fuel","South Shore Dr & 71st St, South Shore Dr & 74th St, Citgo"
882664cea5fffff,civic_community,2,2,"social_facility, place_of_worship","Good Shepherd Manor, Bryn Mawr Community Church"
882664cea5fffff,education,2,2,"school, childcare","Parkside Community Academy, DJ Brooks Child Development Center"
882664cea5fffff,food_drink,1,1,fast_food,Dunkin'
882664cea5fffff,grocery,2,1,"convenience, convenience","Mobil Mart, BP Shop"
882664cea5fffff,transport,4,2,"bicycle_rental, fuel, fuel, bicycle_rental","Stony Island Ave & 67th St, Mobil, BP, Jeffery Blvd & 67th St"
882664cea7fffff,civic_community,8,3,"social_facility, social_facility, community_centre, place_of_worship, place_of_worship, place_of_worship, place_of_worship, place_of_worship","WIC Food and Nutrition Center, ABJ Community Services, Don Nash Community Center, Christian Fellowship Missionary Baptist Church, The Old Landmark Church of God Holiness in Christ, South Shore United Methodist Church, All Nations Worship Assembly, Saint Philip Neri Roman Catholic Church"
882664cea7fffff,education,2,1,"school, school","Saint Phillip Neri School, Edward A. Bouchet Math & Science Academy"
882664cea7fffff,finance,1,1,bank,Chase
882664cea7fffff,food_drink,6,2,"restaurant, restaurant, restaurant, restaurant, fast_food, fast_food","Italian Fiesta, Good Foods Health Center, The Slab Bar-B-Que, Taste of Chicago, Subway, Domino's"
882664cea7fffff,grocery,3,2,"convenience, convenience, supermarket","South Shore Pantry, Jordan Valley Food, Local Market Foods"
882664cea7fffff,nightlife,1,1,bar,Jeffery Pub
882664cea7fffff,services,2,2,"cosmetics, hairdresser","The Scentuary, Izi African Hair Braiding"
882664cea7fffff,shopping,10,5,"bicycle, shoes, shoes, mobile_phone, clothes, furniture, mobile_phone, mobile_phone, clothes, shoes","Bicycle Clinic, J-BEES, Shoe! Time, Boost Mobile, Chez Vouz, Rent-A-Center, Metro by T-Mobile, Cricket Wireless, DTLR, Snipes"
882664cea7fffff,transport,1,1,bicycle_rental,Jeffery Blvd & 71st St
882664ceabfffff,entertainment,2,1,"theatre, theatre","South Shore Paul Robeson Outdoor Theatre, South Shore Paul Robeson Theatre"
882664ceadfffff,entertainment,1,1,artwork,Fishing Eagle
882664ceadfffff,health,1,1,hospital,La Rabida Children's Hospital
882664ceadfffff,leisure_sports,1,1,picnic_site,Jackson Park - Grove 16
882664ceadfffff,nightlife,1,1,pub,Reggies On The Beach
882664ceadfffff,transport,1,1,bicycle_rental,63rd Street Beach
882664ceb1fffff,civic_community,2,1,"place_of_worship, place_of_worship","Christ Bible Church, Saint Bride Roman Catholic Church"
882664ceb1fffff,education,2,1,"school, school","Camelot Academy, Saint Bride's School"
882664ceb1fffff,entertainment,2,1,"artwork, artwork",
882664ceb1fffff,transport,3,2,"bicycle_rental, bicycle_rental, bus_station","Rainbow Beach, Exchange Ave & 79th St, 79th Street & Lake Shore Drive Terminal"
882664ceb3fffff,civic_community,3,1,"place_of_worship, place_of_worship, place_of_worship","Eglise Haitienne De La Grace, Saint Michael the Archangel Catholic Church, Morning Star Bible Baptist Church"
882664ceb3fffff,education,2,1,"school, school","New Sullivan Elementary School, Saint Michael High School"
882664ceb5fffff,civic_community,7,3,"place_of_worship, community_centre, place_of_worship, place_of_worship, place_of_worship, place_of_worship, social_facility","Free Salvation M.B. Church, Rebecca K. Crown Youth Center, Labor of Love Apostolic Church, Windsor Park Evangelical Lutheran Church, Mountain of the Lord World Wide Ministries, Faith Chapel Deliverance Center"
882664ceb5fffff,education,1,1,school,Bradwell Elementary School
882664ceb5fffff,food_drink,1,1,fast_food,Rainbow Beach Sub Shop
882664ceb5fffff,grocery,1,1,convenience,Citgo
882664ceb5fffff,shopping,3,2,"variety_store, hardware, variety_store","Family Dollar, Midwest True Value Hardware, Dollar General"
882664ceb5fffff,transport,1,1,fuel,Citgo
882664ceb7fffff,automotive,1,1,car_wash,Citgo
882664ceb7fffff,civic_community,8,1,"place_of_worship, place_of_worship, place_of_worship, place_of_worship, place_of_worship, place_of_worship, place_of_worship, place_of_worship","Gospel Way Covenant Church, New Grace Emmanuel Community Church, Greene African Methodist Episcopal Church, Kingdom Hall of Jehovahs Witnesses, Lighthouse Missionary Baptist Church, Tabor Christian Church, Restoration Tabernacle Church, Grace Apostolic Church"
882664ceb7fffff,education,2,1,"school, school","EPIC Academy, Niños Heroes Community Academy"
882664ceb7fffff,food_drink,4,3,"fast_food, cafe, restaurant, restaurant","Little Caesars, Urban Luxe Café, Rocky's Pancake House, Pepe's Mexican Restaurant"
882664ceb7fffff,grocery,2,2,"convenience, supermarket","Citgo, Save-A-Lot"
882664ceb7fffff,shopping,1,1,mobile_phone,Boost Mobile
882664ceb7fffff,transport,2,2,"bicycle_rental, fuel","Commercial Ave & 83rd St, Citgo"
882664cebdfffff,civic_community,1,1,place_of_worship,New Spiritual Light Baptist Church
882664cebdfffff,education,2,1,"school, school","Adam Clayton Powell, Jr. Paideia Academy, Excel Academy of South Shore"
882664cf01fffff,civic_community,7,4,"place_of_worship, place_of_worship, place_of_worship, place_of_worship, social_centre, community_centre, monastery","Ling Shen Ching Tze Temple, Saint Mary of Perpetual Help Roman Catholic Church, Monastery of the Holy Cross, Holy Cross Lutheran Church, Bridgeport VFW Post 5079, Wilson Community Center"
882664cf01fffff,education,6,1,"school, school, school, school, school, school","Saint Mary Perpetual Help High School, Bridgeport Academy West, Immaculate Conception School, Saint Mary of Perpetual Help Elementary School, Armour Elementary School"
882664cf01fffff,entertainment,4,3,"events_venue, museum, museum, arts_centre","Co-Prosperity Sphere, Chicago Maritime Museum, Heritage Museum of Asian Art, Zhou B Art Center"
882664cf01fffff,finance,1,1,bank,Pulaski Savings Bank
882664cf01fffff,food_drink,12,5,"cafe, restaurant, deli, restaurant, restaurant, fast_food, coffee, restaurant, restaurant, restaurant, restaurant, restaurant","Bridgeport Coffeehouse, Kimski, Nonna Soluri’s Italian Deli, Zaytune Mediterranean Grill, 3LP, Martinez Grocery Taqueria, Bad Owl Coffee House, With U, Cowabunga Pizza Pies, Antique Taco, Phil's Pizza, The Adelitas Mexican Restaurant"
882664cf01fffff,grocery,2,2,"convenience, bakery","Martinez Grocery, Bourbon On Division"
882664cf01fffff,lodging,2,2,"motel, guest_house","The Polo Inn, Benedictine Bed and Breakfast"
882664cf01fffff,nightlife,2,1,"bar, bar","Maria's Packaged Goods & Community Bar, Bernice's Tavern"
882664cf01fffff,services,4,3,"storage_rental, laundry, beauty, laundry","CubeSmart, Salon Hydrate, Bridgeport Express Laundromat"
882664cf01fffff,shopping,1,1,art,Hoofprint Chicago
882664cf01fffff,transport,1,1,bicycle_rental,Morgan St & 31st St
882664cf03fffff,civic_community,1,1,place_of_worship,Nativity of Our Lord Catholic Church
882664cf03fffff,education,1,1,school,Bridgeport Catholic Academy
882664cf03fffff,entertainment,1,1,theatre,Ramova Theatre
882664cf03fffff,finance,2,1,"bank, bank","Chase, Lakeside Bank"
882664cf03fffff,food_drink,5,2,"restaurant, restaurant, fast_food, restaurant, restaurant","Stussy's Diner, La Mexicana Taqueria, Vienna Beef Factory Store, Ramova Grill & Taproom, GREEK PRIME"
882664cf03fffff,grocery,1,1,convenience,BP Shop
882664cf03fffff,health,1,1,clinic,Fresenius Kidney Care
882664cf03fffff,nightlife,2,1,"bar, bar","Shinnick’s Pub, Schaller's Pump"
882664cf03fffff,services,2,2,"hairdresser, post_depot","Antonia's Beauty Salon, UPS Morgan Street Center"
882664cf03fffff,shopping,1,1,collector,Bridgeport Hobby Sports Cards
882664cf03fffff,transport,4,2,"bicycle_rental, bicycle_rental, bicycle_rental, fuel","Halsted St & 35th St, Halsted St & 37th St, Morgan St & Pershing Rd, BP"
882664cf05fffff,automotive,1,1,car_parts,O'Reilly Auto Parts
882664cf05fffff,civic_community,1,1,fire_station,Chicago Fire Department Engine Company 39
882664cf05fffff,finance,1,1,bank,Pacific Global Bank
882664cf05fffff,food_drink,6,2,"fast_food, restaurant, fast_food, fast_food, fast_food, fast_food","Domino's, Slice Factory, Burger King, Popeyes, White Castle, Dunkin'"
882664cf05fffff,grocery,1,1,supermarket,Mariano's Fresh Market
882664cf05fffff,health,1,1,clinic,
882664cf05fffff,nightlife,1,1,bar,One City Tap
882664cf05fffff,shopping,10,9,"doityourself, variety_store, mobile_phone, paint, mobile_phone, bed, nutrition_supplements, hairdresser_supply, pet, telecommunication","Bridgeport Ace Hardware, Dollar Tree, Boost Mobile, Sherwin-Williams, T-Mobile, Mattress Firm, GNC, Sally Beauty, Pet Supplies Plus, Xfinity"
882664cf05fffff,transport,1,1,bus_station,Ashland Orange Line Station
882664cf07fffff,entertainment,1,1,arts_centre,Bridgeport Art Center
882664cf07fffff,food_drink,2,1,"cafe, cafe","Base Community Cafe, Iron Café"
882664cf07fffff,nightlife,1,1,pub,Marz Community Brewing
882664cf07fffff,services,1,1,post_depot,Amazon DXH5 Delivery Station
882664cf07fffff,shopping,1,1,flooring,Midwest Carpet & Flooring
882664cf07fffff,transport,1,1,bicycle_rental,Racine Ave & 35th St
882664cf09fffff,automotive,4,1,"car_repair, car_repair, car_repair, car_repair","Tony's Auto Center, Car One Complete Auto Repair, Jiffy Lube, Alex & A Auto Repair"
882664cf09fffff,civic_community,5,3,"place_of_worship, police, place_of_worship, place_of_worship, social_facility","Victory Bible Church, Chicago Police Department 9th District, First Lutheran Church of the Trinity, Central Assembly of God Church, Senior Suites of Bridgeport"
882664cf09fffff,education,5,2,"school, school, prep_school, school, school","Trinity School, Special Religious Education Division (SPRED), Smart Kids Digital Tutoring Center, Healy Elementary School"
882664cf09fffff,finance,2,1,"bank, bank","NuMark Credit Union, Marquette Bank"
882664cf09fffff,food_drink,12,4,"fast_food, fast_food, cafe, restaurant, fast_food, fast_food, restaurant, restaurant, ice_cream, restaurant, cafe, fast_food","Subway, McDonald's, Jackalope Coffee & Tea House, Han 202 Restaurant, Little Caesars, Wingstop, Potsticker House, Fabulous Freddies Italian Eatery, Runaway Cow, Uncle Zhang Chinese Cusine, Starbucks, Dunkin'"
882664cf09fffff,grocery,4,3,"bakery, supermarket, convenience, convenience","Impallaria Bakery & Deli, Cermak Fresh Market, BP Shop"
882664cf09fffff,health,1,1,pharmacy,CVS Pharmacy
882664cf09fffff,leisure_sports,1,1,video_games,GameStop
882664cf09fffff,services,1,1,massage,Tokyo Spa
882664cf09fffff,shopping,7,4,"bicycle, chemist, tobacco, mobile_phone, mobile_phone, chemist, mobile_phone","Blue City Cycles, Walgreens, Smoker Zone Chicago, T-Mobile, Verizon, CVS Pharmacy, AT&T"
882664cf09fffff,transport,6,2,"bicycle_rental, bicycle_rental, bicycle_rental, bicycle_rental, fuel, fuel","Emerald Ave & 28th St, Emerald Ave & 31st St, Wallace St & 28th St, Parnell Ave & 31st St, VP Fuels, BP"
882664cf0bfffff,civic_community,3,3,"fire_station, social_centre, social_facility","Chicago Fire Department Engine Company 29, Mark White Square VFW Post, Boys & Girls Club"
882664cf0bfffff,education,2,2,"library, school","Richard J. Daley Branch Library, Minnie Miñoso Academy"
882664cf0bfffff,finance,2,2,"bank, atm",Citibank
882664cf0bfffff,food_drink,7,2,"restaurant, restaurant, restaurant, restaurant, fast_food, restaurant, fast_food","Min’s Noodle House, Buffalo Wings & Rings, Four Seasons Dumplings, Happy Lamb Hot Pot, George's Gyros, JM Seafood Restaurant, 35th Street Red Hots"
882664cf0bfffff,grocery,1,1,bakery,El Churrito Rojas
882664cf0bfffff,health,1,1,dentist,Lee Orthodontics
882664cf0bfffff,nightlife,1,1,bar,Mitchell's Tap
882664cf0bfffff,services,1,1,post_office,The UPS Store
882664cf0bfffff,shopping,9,9,"books, pet, jewelry, tobacco, music, variety_store, furniture, clothes, hardware","Tangible Books, Bark N' Bites, Oscar and Sons Jewlers, Smokey's Smoke Shop, Bridgeport Records, Family Dollar, Romo Mattress and Furniture, Grandstand, Joe Harris Paint & True Value Hardware Store"
882664cf0bfffff,transport,1,1,bicycle_rental,Wallace St & 35th St
882664cf0dfffff,civic_community,3,3,"fire_station, place_of_worship, social_facility","Chicago Fire Department Engine Company 28, Saint Barbara Roman Catholic Church, Archer Avenue Senior Residences"
882664cf0dfffff,education,2,1,"school, school","Saint Barbara Grammar School, Holden Elementary School"
882664cf0dfffff,finance,1,1,bank,People's Bank
882664cf0dfffff,food_drink,2,2,"coffee, restaurant","Ctrl Z Coffee, The Duck Inn"
882664cf0dfffff,grocery,1,1,bakery,Fat Peach Bakery
882664cf0dfffff,nightlife,1,1,bar,Bridgeport Inn
882664cf0dfffff,shopping,1,1,florist,Chicago Flower Exchange
882664cf0dfffff,transport,1,1,bicycle_rental,Loomis St & Archer Ave
882664cf11fffff,automotive,1,1,car_wash,Adam’s Ultimate Carwash
882664cf11fffff,education,3,1,"school, school, school","Bronzeville Classical School, Hendricks Elementary School, Chicago Kids Klub"
882664cf11fffff,food_drink,2,1,"fast_food, fast_food","Nicky's Gyros, Subway"
882664cf11fffff,grocery,3,1,"convenience, convenience, convenience","BP Shop, Citgo, BP Shop"
882664cf11fffff,transport,4,2,"bicycle_rental, fuel, fuel, fuel","Shields Ave & 43rd St, BP, Citgo, BP"
882664cf13fffff,civic_community,7,1,"place_of_worship, place_of_worship, place_of_worship, place_of_worship, place_of_worship, place_of_worship, place_of_worship","Progressive Community Church, St. Paul Church of God in Christ, Omega Missionary Baptist Church, Church of The Living God CWFF, Al Sadiq Mosque, United House of Prayer for All People, Saint Paul Christian Methodist Episcopal Church"
882664cf13fffff,education,2,1,"school, school",Beethoven Elementary School
882664cf13fffff,food_drink,4,3,"cafe, ice_cream, fast_food, fast_food","Sip & Savor, Shawn Michelle's Homemade Ice Cream, Tony's Carryout, Kennedy Fish & Chicken"
882664cf13fffff,grocery,5,4,"bakery, convenience, supermarket, butcher, convenience","Pookie Crack Cakes, Adom African Market, Parker House Sausage Company, BP Shop"
882664cf13fffff,services,2,2,"hairdresser, beauty","Africa Hair Braiding, Baby Beauty Bar"
882664cf13fffff,transport,1,1,fuel,BP
882664cf15fffff,automotive,2,2,"car_repair, car_wash",Stokes Auto Service
882664cf15fffff,civic_community,1,1,place_of_worship,Union Avenue United Methodist Church
882664cf15fffff,education,1,1,library,Canaryville Branch Library
882664cf15fffff,entertainment,2,1,"artwork, artwork","Canaryville, Bridgeport"
882664cf15fffff,food_drink,2,2,"fast_food, restaurant","Takito Grill, Pizza Nova Express"
882664cf15fffff,grocery,3,3,"alcohol, convenience, bakery","Bravo Food and Liquor, Clark's Pump-N-Shop, Bake for Me"
882664cf15fffff,health,1,1,clinic,DaVita Dialysis
882664cf15fffff,nightlife,1,1,bar,Village Inn
882664cf15fffff,services,4,4,"beauty, hairdresser, storage_rental, post_office","INail, Joe's Barbershop, Extra Space Storage, Stockyards Post Office"
882664cf15fffff,transport,2,2,"bicycle_rental, fuel","Union Ave & Root St, Clark"
882664cf17fffff,automotive,1,1,car_repair,City Tire and Auto Repair
882664cf17fffff,civic_community,3,1,"place_of_worship, place_of_worship, place_of_worship","Saint Gabriel's Catholic Church, Fellowship Missionary Baptist Church"
882664cf17fffff,education,1,1,school,Saint Gabriel School
882664cf17fffff,entertainment,1,1,artwork,Melville Fuller
882664cf17fffff,food_drink,1,1,fast_food,Petey's
882664cf17fffff,nightlife,1,1,pub,Kelly's Tavern
882664cf17fffff,transport,1,1,bicycle_rental,Princeton Ave & 47th St
882664cf19fffff,civic_community,7,4,"social_facility, community_centre, social_facility, fire_station, place_of_worship, place_of_worship, social_facility","The Renaissance Collaborative, Elliot Donelley Youth Center, Matthew House, Chicago Fire Department Engine Company 16, Roberts Temple Church of God in Christ, Apostolic Faith Church, Elliot Donelley Youth Center"
882664cf19fffff,education,8,4,"school, kindergarten, library, school, school, school, college, school","Saint Elizabeth School, Saint Elizabeth Headstart, Chicago Bee Branch Library, Perspectives/IIT Math & Science Academy, Wendell Phillips Academy High School, Ida B. Wells Elementary School, Dawson Technical Institute of Kennedy-King College"
882664cf19fffff,entertainment,2,2,"artwork, arts_centre","Bronzeville Renaissance Mural, South Side Community Art Center (SSCAC)"
882664cf19fffff,food_drink,2,1,"restaurant, restaurant","Pearl's Place Restaurant, Chicago Rib House"
882664cf19fffff,grocery,1,1,alcohol,Rothschild Liquors
882664cf19fffff,lodging,1,1,motel,Amber Inn Motel
882664cf19fffff,services,1,1,hairdresser,Bronzeville Salon Suites
882664cf19fffff,shopping,1,1,newsagent,
882664cf19fffff,transport,2,1,"bicycle_rental, bicycle_rental","Indiana Ave & 40th St, State St & Pershing Rd"
882664cf1bfffff,civic_community,4,2,"social_facility, place_of_worship, place_of_worship, social_facility","WIC Grocery, First Church of Deliverance, Metropolitan Apostolic Community Church Of Christ, Centers For New Horizons"
882664cf1bfffff,education,3,1,"school, school, school","Horner School, Mollison IB World Elementary School"
882664cf1bfffff,food_drink,1,1,fast_food,Bronzeville Wingz
882664cf1bfffff,transport,1,1,bicycle_rental,Prairie Ave & 43rd St
882664cf1dfffff,civic_community,1,1,place_of_worship,Progressive Baptist Church
882664cf1dfffff,education,1,1,school,Air Force Academy High School
882664cf1dfffff,finance,1,1,bank,U.S. Bank
882664cf1dfffff,food_drink,5,3,"cafe, fast_food, cafe, restaurant, fast_food","The Stockyard Coffeehouse, Louisiana Famous Fried Chicken, Snack Shop, Mi Lindo Mexico, Kevin's Hamburger Heaven"
882664cf1dfffff,grocery,1,1,convenience,Mobil Mart
882664cf1dfffff,nightlife,1,1,bar,The BallPark Pub
882664cf1dfffff,services,5,3,"rental, ticket, ticket, ticket, storage_rental","U-Haul, U-Haul"
882664cf1dfffff,transport,1,1,fuel,Mobil
882664cf21fffff,civic_community,4,2,"place_of_worship, place_of_worship, place_of_worship, social_facility","Bethany Baptist Church, Saint Maurice Roman Catholic Church, McKinley Park United Methodist Church"
882664cf21fffff,education,2,2,"school, kindergarten","Everett Elementary School, Velma Thomas Early Childhood Center"
882664cf21fffff,finance,1,1,bank,BMO
882664cf21fffff,food_drink,4,3,"restaurant, cafe, fast_food, fast_food","Chile Toreado, Cafe Consume, KFC, Dunkin'"
882664cf21fffff,grocery,3,2,"supermarket, bakery, supermarket","Cermak Fresh Market, Cadinho, Jewel-Osco"
882664cf21fffff,health,2,2,"dentist, clinic","Sonrisa Family Dental, ACCESS Cabrini Family Health Center"
882664cf21fffff,shopping,2,2,"bicycle, variety_store","Pilsen Bike Shop, Family Dollar"
882664cf21fffff,transport,4,2,"bicycle_rental, bicycle_rental, bicycle_rental, bus_station","Leavitt St & Archer Ave, Archer Ave & 37th St, Hoyne Ave & 34th St, 35th/Archer Orange Line Station"
882664cf23fffff,civic_community,1,1,fire_station,Chicago Fire Department Special Operations Section
882664cf23fffff,transport,1,1,bicycle_rental,Damen Ave & Pershing Rd
882664cf25fffff,education,1,1,school,Burroughs Elementary School
882664cf25fffff,grocery,4,2,"bakery, convenience, convenience, convenience","Poppie’s Bakeshop, Road Ranger, Thorntons"
882664cf25fffff,nightlife,1,1,bar,Mario & Sandra’s
882664cf25fffff,transport,6,2,"bicycle_rental, fuel, fuel, fuel, fuel, fuel","California Ave & 36th St, Road Ranger, GoLo, Road Ranger, Thorntons"
882664cf27fffff,automotive,2,2,"car_repair, car_wash",Valvoline
882664cf27fffff,civic_community,4,2,"information, information, information, place_of_worship","McKinley Park, Saint Joseph & Saint Anne Catholic Church"
882664cf27fffff,education,2,1,"school, school","Brighton Park Elementary School, Acero: Sandra Cisneros Elementary School"
882664cf27fffff,food_drink,9,4,"restaurant, fast_food, fast_food, ice_cream, fast_food, fast_food, fast_food, fast_food, cafe","Tio Luis, Subway, Laredo Taco Company, Baskin-Robbins, Dunkin', Burger King, McDonald's, Wendy's, Starbucks"
882664cf27fffff,grocery,3,1,"convenience, convenience, convenience","BP Shop, Citgo, 7-Eleven"
882664cf27fffff,health,1,1,veterinary,Brighton Park Animal Hospital
882664cf27fffff,services,2,1,"laundry, laundry","Hart's Coin Laundry, Su Nueva Lavanderia"
882664cf27fffff,shopping,7,4,"mobile_phone, tobacco, department_store, mobile_phone, florist, mobile_phone, mobile_phone","AT&T, Kush Smoke and Tobacco, Ross, T-Mobile, Diamond Florist, Metro by T-Mobile, Total by Verizon"
882664cf27fffff,transport,5,2,"bicycle_rental, bicycle_rental, fuel, fuel, fuel","Rockwell St & Archer Ave, Rockwell St & Archer Ave, Citgo, BP, 7-Eleven"
882664cf29fffff,automotive,1,1,car_parts,AutoZone
882664cf29fffff,finance,1,1,bank,Fifth Third Bank
882664cf29fffff,food_drink,3,1,"restaurant, restaurant, restaurant","La Palapa Mariscos, Huck Finn Restaurant, Taste of Canton"
882664cf29fffff,grocery,1,1,bakery,East Balt
882664cf29fffff,health,1,1,pharmacy,CVS Pharmacy
882664cf29fffff,services,1,1,post_depot,FedEx Distribution
882664cf29fffff,shopping,3,3,"video, variety_store, department_store","Video Strip, Dollar Tree, Target"
882664cf29fffff,transport,2,2,"bicycle_rental, fuel","Damen Ave & 33rd St, Power Gas"
882664cf2bfffff,civic_community,5,2,"place_of_worship, social_centre, place_of_worship, place_of_worship, place_of_worship","Seventh Day Adventist South Spanish Church, American Legion McKinley Post 231, Our Lady of Good Counsel Roman Catholic Church, Saint Andrew Lutheran Church, Saints Peter and Paul Roman Catholic Church"
882664cf2bfffff,education,6,2,"school, library, school, school, school, school","Longfellow School, McKinley Park Branch Library, Nathanael Greene Elementary School, Evergreen Academy Middle School, Saint Andrew's School, Namaste Charter School"
882664cf2bfffff,entertainment,1,1,artwork,
882664cf2bfffff,finance,1,1,bank,Byline Bank
882664cf2bfffff,food_drink,1,1,cafe,T Opera Cafe
882664cf2bfffff,grocery,4,2,"bakery, convenience, convenience, convenience","Kristoffer’s Cakes, Marathon, Shell, Shell"
882664cf2bfffff,health,1,1,pharmacy,Walgreens
882664cf2bfffff,services,1,1,storage_rental,Public Storage
882664cf2bfffff,transport,4,2,"bicycle_rental, fuel, fuel, fuel","Wood St & 35th St, Marathon, Shell, Shell"
882664cf2dfffff,education,1,1,college,Arturo Velasquez Institute
882664cf2dfffff,services,1,1,post_depot,Amazon DCH1
882664cf2dfffff,transport,1,1,bicycle_rental,Western Ave & 28th St
882664cf31fffff,automotive,1,1,car_parts,Advance Auto Parts
882664cf31fffff,civic_community,3,3,"social_facility, fire_station, place_of_worship","Casa Catalina, Chicago Fire Department Engine Company 49, Immaculate Heart Of Mary Church"
882664cf31fffff,finance,1,1,money_transfer,Western Union
882664cf31fffff,food_drink,5,2,"fast_food, fast_food, fast_food, ice_cream, fast_food","Beijing 88, Domino's, Subway, Baskin-Robbins, Dunkin'"
882664cf31fffff,grocery,3,2,"bakery, bakery, convenience","Central Bakery, La Baguette Bakery, BP Shop"
882664cf31fffff,health,2,1,"clinic, clinic","University of Illinois - Mile Square Health Center at Back of The Yards, Fresenius Kidney Care"
882664cf31fffff,nightlife,3,1,"bar, bar, bar","Whiner Beer Co., Homer’s, Stanley’s"
882664cf31fffff,shopping,5,3,"mobile_phone, mobile_phone, department_store, mobile_phone, variety_store","T-Mobile, Cricket Wireless, Burlington, Metro by T-Mobile, Dollar General"
882664cf31fffff,transport,1,1,fuel,BP
882664cf33fffff,civic_community,1,1,community_centre,Back of the Yards Park Fieldhouse
882664cf33fffff,food_drink,2,1,"fast_food, fast_food","Little Caesars, Popeyes"
882664cf33fffff,health,1,1,optician,America's Best Contacts & Eyeglasses
882664cf33fffff,transport,1,1,bicycle_rental,Elizabeth St & 47th St
882664cf35fffff,civic_community,1,1,place_of_worship,New Life Community Church
882664cf35fffff,transport,1,1,bicycle_rental,Marshfield Ave & 44th St
882664cf37fffff,civic_community,4,1,"place_of_worship, place_of_worship, place_of_worship, place_of_worship","Saint Joseph's Catholic Church, Apostolic House of Prayer, New Life Seventh Day Adventist Church, Holy Cross Catholic Church"
882664cf37fffff,education,7,1,"school, school, school, school, school, school, school","Hamline Elementary School, Holy Cross School, William H. Seward Communication Arts Academy, Augustin Lara Academy, Hedges Elementary School, Chavez Multi-Cultural Academy, The Peace and Education Coalition Alternative High School"
882664cf37fffff,finance,4,2,"bank, money_transfer, bank, bank","Chase, PLS, Citibank, Fifth Third Bank"
882664cf37fffff,food_drink,4,3,"restaurant, cafe, fast_food, fast_food","Tom's Place Pancake House, Back of the Yards Coffeehouse, Church's Chicken, McDonald's"
882664cf37fffff,grocery,4,3,"greengrocer, supermarket, supermarket, convenience","Fruteria Favela, Supermercado El Gurero, Aldi, 47th Dollar Food Mart, Inc"
882664cf37fffff,health,2,2,"clinic, pharmacy","FFHC-Ashland, Walgreens"
882664cf37fffff,shopping,4,3,"variety_store, clothes, shoes, clothes","Dollar Tree, Rainbow, Foot Locker, Midwest Ink Bros"
882664cf37fffff,transport,1,1,bicycle_rental,Ashland Ave & McDowell Ave
882664cf39fffff,automotive,1,1,car_parts,Midwest Truck & Autoparts
882664cf39fffff,shopping,1,1,trade,Columbia Pipe & Supply Co.
882664cf3bfffff,education,1,1,school,Graham Elementary School
882664cf3bfffff,grocery,1,1,supermarket,Fairplay Foods
882664cf3bfffff,shopping,4,3,"variety_store, clothes, clothes, mobile_phone","Family Dollar, Rainbow, Citi Trends, Metro by T-Mobile"
882664cf3dfffff,education,1,1,school,Felician Sisters School
882664cf3dfffff,finance,1,1,bank,Bank of America
882664cf3dfffff,food_drink,1,1,fast_food,McDonald's
882664cf3dfffff,grocery,1,1,marketplace,Swap-O-Rama
882664cf3dfffff,transport,1,1,bicycle_rental,Ashland Ave & Pershing Rd
882664cf41fffff,civic_community,2,1,"place_of_worship, place_of_worship","Providence of God Roman Catholic Church, King David Missionary Baptist Church"
882664cf41fffff,education,2,1,"school, school",Walsh Elementary School
882664cf41fffff,entertainment,6,4,"arts_centre, arts_centre, gallery, museum, events_venue, events_venue","Strewn, Art of Imagination, Chicago Art Department, Children's Museum of Art and Social Justice, Cermak Hall, Radius Chicago"
882664cf41fffff,finance,1,1,bank,Byline Bank
882664cf41fffff,food_drink,9,4,"cafe, chocolate, cafe, fast_food, restaurant, restaurant, cafe, fast_food, restaurant","Kristoffer’s Cafe & Bakery, Chocolat, La Malinche Coffee & Tea House, CM Korean Fried Chicken, 312 Fish Market, Qiao Lin Hotpot, Pure Tea, David's Grill, KenTone's Drive-In"
882664cf41fffff,grocery,5,4,"bakery, supermarket, convenience, supermarket, seafood","Bao Bae Bakery, 88 Marketplace, Shell, Park To Shop Supermarket, Lawrence's Fish & Shrimp"
882664cf41fffff,nightlife,5,2,"bar, bar, bar, bar, pub","Skylark, Moody Tongue Brewing Company, Del Toro, Jack’s Place, Pleasant House Pub"
882664cf41fffff,services,1,1,storage_rental,U-Haul
882664cf41fffff,shopping,2,2,"art, bicycle","Gucha Gucha, Cycle Bike Shop"
882664cf41fffff,transport,4,2,"bicycle_rental, bicycle_rental, bicycle_rental, fuel","Clinton St & 18th St, Halsted St & 18th St, Halsted St & 21st St, Shell"
882664cf43fffff,education,2,1,"school, school",Mark Sheridan Magnet School
882664cf43fffff,entertainment,1,1,artwork,Dr. Sun Yat-Sen
882664cf43fffff,food_drink,6,2,"fast_food, fast_food, fast_food, fast_food, restaurant, restaurant","Zero Degrees, Ricobene's, Carbon Mexican Grill, Punky's, Kuro Ramen, Connie's Pizza"
882664cf43fffff,grocery,5,3,"bakery, supermarket, supermarket, bakery, convenience","Golden Dragon Fortune Cookies, Park To Shop Supermarket, FreshMart, TE'AMO Sweets"
882664cf43fffff,nightlife,1,1,bar,ATE Music House
882664cf43fffff,transport,2,2,"bicycle_rental, fuel","Normal Ave & Archer Ave, Gas Depot"
882664cf45fffff,civic_community,2,1,"place_of_worship, place_of_worship","Holy Trinity Croatian Catholic Church, Saint Procopius Church"
882664cf45fffff,education,5,1,"school, school, school, school, school","Pros Arts Studio, Saint Procopius Elementary School, Manuel Pérez Jr. Elementary School, Jungman Elementary School"
882664cf45fffff,entertainment,3,3,"gallery, events_venue, theatre","Prospectus Art Gallery, May St. Cafe, Thalia Hall"
882664cf45fffff,food_drink,22,3,"fast_food, restaurant, restaurant, restaurant, restaurant, cafe, restaurant, restaurant, restaurant, restaurant, restaurant, cafe, restaurant, restaurant, cafe, restaurant, restaurant, restaurant, restaurant, cafe, restaurant, fast_food","Dia De Los Tamales, Mariscos San Pedro, La Vaca Margarita Bar, Penelope's Vegan Taqueria, HaiSous Vietnamese Kitchen, Step Down Café, Quesabirria Jalisco, Azul 18, Rubi’s Tacos, Don Pedro Carnitas, The Tonk, Workwell Food and Beverage, Takumi Ramen, Pilsen Yards, Woke Soul Coffee, Bobijoa, Golden Gai Sushi & Bar, La Luna, Craft Burger, A Cup of Joe Coffeehouse, Steak 'n Egger, Pollo Express"
882664cf45fffff,grocery,3,2,"alcohol, bakery, bakery","Amador Liquors, The Spoke & Bird Bakehouse, Panaderia Del Refugio"
882664cf45fffff,health,2,2,"dentist, clinic","Pilsen Smiles, Alivio Medical Center"
882664cf45fffff,nightlife,4,2,"bar, pub, bar, bar","Simone’s, Monochrome Brewing, Punch House, The Green Room Tap"
882664cf45fffff,services,3,3,"hairdresser, tattoo, locksmith","a.salon, Hammerhead Tattoo, 24/7 Speedy Locksmith Chicago"
882664cf45fffff,shopping,11,10,"sewing, second_hand, appliance, hardware, art, books, florist, gift, clothes, clothes, bicycle","Mr. G's Sewing Machine Shop, Knee Deep Vintage, Felix Appliances, Alvarez Hardware, Woman Made Gallery, Pilsen Community Books, Zins Flower Shop, MASHALLAH, Everything, Some Like Us, Irv's Bike Shop"
882664cf45fffff,transport,3,1,"bicycle_rental, bicycle_rental, bicycle_rental","Morgan St & 18th St, Racine Ave & 18th St, May St & Cullerton St"
882664cf47fffff,civic_community,1,1,information,
882664cf47fffff,entertainment,1,1,studio,Chicago Scenic Studios
882664cf47fffff,food_drink,3,3,"restaurant, ice_cream, fast_food","Taipei Cafe, Baskin-Robbins, Dunkin'"
882664cf47fffff,grocery,1,1,convenience,Shell
882664cf47fffff,nightlife,1,1,nightclub,Digital Art Demo Space
882664cf47fffff,services,1,1,tattoo,Hammerhead Tattoo
882664cf47fffff,transport,3,3,"fuel, bus_station, bicycle_rental","Shell, Halsted Orange Line Station, Halsted St & Archer Ave"
882664cf49fffff,civic_community,1,1,social_facility,Pacific Garden Mission
882664cf49fffff,entertainment,5,2,"artwork, artwork, artwork, viewpoint, artwork","Stone Talk, Justice Laura C. Liu, Leonard M. Louie, Return of the Yellow Cranes"
882664cf49fffff,grocery,2,1,"supermarket, supermarket","Jewel-Osco, Chicago Oriental Wholesale Market"
882664cf49fffff,leisure_sports,1,1,boat_rental,REI Co-op Kayak Rentals at Ping Tom Memorial Park
882664cf49fffff,shopping,2,2,"wholesale, trade","Global Marketing Enterprise Inc, Graybar"
882664cf4bfffff,civic_community,10,5,"place_of_worship, information, information, fire_station, social_facility, social_facility, place_of_worship, community_centre, social_facility, information","Chinese Christian Union Church, Store Directory, Chicago Fire Department Engine Company 8, CASL Senior Housing, Chinese-American Service League, St. Therese Chinese Catholic Church, Chinese Community Center, Chinatown Elderly Apartments, Chinatown Visitor Center"
882664cf4bfffff,education,7,3,"school, prep_school, school, school, library, school, school","Pui Tak Christan School, Project Vision, National Teachers Academy, John C. Haines Elementary School, Chinatown Branch Library, Saint Therese Chinese Catholic School, Perspectives Rodney D. Joslin High School"
882664cf4bfffff,entertainment,18,3,"artwork, artwork, artwork, artwork, artwork, artwork, artwork, artwork, artwork, artwork, artwork, artwork, artwork, artwork, artwork, museum, theatre, artwork","Dog, Ox, Horse, Rabbit, Dragon, Rooster, Snake, Ram, Pig, Monkey, Tiger, Rat, Ping Tom Portrait Bust, Confucius, Chinese American Museum of Chicago, Reggies Music Joint, Nine Dragon Wall"
882664cf4bfffff,finance,9,2,"bank, bank, bank, bank, bank, atm, bank, bank, bank","Chase, South Central Bank, Pacific Global Bank, Citibank, American Metro Bank, Cathay Bank, U.S. Bank, Cathay Bank, Lakeside Bank"
882664cf4bfffff,food_drink,69,5,"restaurant, restaurant, cafe, restaurant, restaurant, restaurant, restaurant, restaurant, restaurant, cafe, restaurant, restaurant, restaurant, restaurant, cafe, restaurant, restaurant, restaurant, cafe, restaurant, restaurant, cafe, restaurant, restaurant, cafe, fast_food, restaurant, fast_food, restaurant, cafe, cafe, restaurant, restaurant, cafe, cafe, cafe, restaurant, cafe, restaurant, confectionery, restaurant, fast_food, restaurant, restaurant, restaurant, cafe, cafe, cafe, fast_food, cafe, fast_food, fast_food, restaurant, restaurant, fast_food, food_court, restaurant, restaurant, restaurant, restaurant, restaurant, restaurant, restaurant, fast_food, cafe, restaurant, restaurant, restaurant, restaurant","Phoenix, Xi'an Cuisine, Starbucks, Triple Crown Restaurant, Chi Cafe, Gao’s Kabob, MingHin Cuisine, Bonchon Chicken, Dolo Restaurant and Bar, Elite Boba, Go 4 Food, Pho Cafe, Yummy Yummy Noodles, Joy Yee Noodle, Kung Fu Tea, Qing Xiang Yuan Dumplings, Happy Lamb Hot Pot, MCCB Chicago, Saint’s Alp Teahouse & Gourmet, Lao Sze Chuan, Cai Restaurant, Chicha San Chen, Gourmet Food Inc, China Cafe, Momentum Coffee, Sarpino's Pizzeria, Ken Kee Restaurant, Kong Dog, Daiquan Noodles, Tbaar, Oriental Tea House, Veggie House, Aroma Hot Pot, Hello Jasmine, TSAoCAA, Autea Sweets & Eats, May Flower, Tiger Sugar, Hing Kee, Aji Ichiban, Cafe Bionda, Subway, Shoo Loong Kan, Daebak, So Gong Dong Korean Tofu & BBQ, Mango Mango Dessert, TE'AMO Boba Bar, Uni Uni Bubble Tea, 3 Sauces Hainam Chicken Rice, Molly Tea, Shark's Fish & Chicken, Szechuan Bistro, Sushi Plus Rotary Sushi Bar, Chef Xiong Taste of Sichuan, J’s Snack House, Richland Center Food Court, Ahjoomah's Apron, bb.q Chicken, Noodleverse, Slurp Slurp Noodles, Dongpo Impression, HuaFeng Restaurant, Chubby Cattle BBQ, ZhengXin Chicken Steak Chicago, Ume Tea, Golden Bull Restaurant, Emperor's Choice, Legend Tasty House, Strings Ramen"
882664cf4bfffff,grocery,9,2,"bakery, bakery, bakery, bakery, bakery, bakery, convenience, bakery, convenience","Chiu Quon Bakery and Dim Sum, Saint Anna Bakery & Cafe, Sunlight Cafe, Tasty Place, Tous les Jours, Fei Da Bakery, L'Africa L'afrique Market, Paris Baguette, Happy Market"
882664cf4bfffff,health,3,2,"pharmacy, pharmacy, dentist","Peace Pharmacy, Walgreens, A Tooth Company"
882664cf4bfffff,lodging,2,1,"hotel, hotel","Jaslin Hotel, SpringHill Suites Chicago Chinatown"
882664cf4bfffff,nightlife,4,1,"bar, bar, bar, bar","Sakura Karaoke Bar, Reggie’s Trainwreck Rooftop Deck, Reggies Music Joint, No.18 Karaoke"
882664cf4bfffff,services,7,5,"post_office, travel_agency, hairdresser, beauty, cosmetics, hairdresser, post_office","Chinatown Post Office, China Tours and Travel, V Salon, Pink Mi Up, Shiseido, Headquarter Salon, 22nd Street Post Office"
882664cf4bfffff,shopping,11,5,"gift, gift, gift, gift, gift, gift, gift, variety_store, music, houseware, chemist","Central Port Emporium, MM Giftland, EK Souvenirs, Pacific Furniture Inc, Gifts R Us, Ka Oriental Gift, Grace Trading, Miniso, K Pop of Chinatown, Sunlight Kitchen Hardware Supplies, Walgreens"
882664cf4bfffff,transport,4,2,"ferry_terminal, bicycle_rental, bicycle_rental, bicycle_rental","Chinatown, Wells St & 19th St, Wentworth Ave & 24th St, Wentworth Ave & Cermak Rd"
882664cf4dfffff,civic_community,3,2,"information, information, police","Maxwell Street, Maxwell Street, UIC Police Department"
882664cf4dfffff,education,1,1,school,University Village Montessori School
882664cf4dfffff,entertainment,4,1,"artwork, artwork, artwork, artwork","Maxwell Street Vendor, Maxwell Street Musician, Maxwell Street, Mural on Morgan"
882664cf4dfffff,food_drink,16,4,"restaurant, ice_cream, fast_food, restaurant, restaurant, fast_food, restaurant, cafe, fast_food, restaurant, fast_food, restaurant, restaurant, fast_food, restaurant, fast_food","Joy Yee Noodle, Cold Stone Creamery, Dog Haus, Lalo's Mexican Restaurant, Hashbrowns, Rosati's, Yvolina’s Tamales, Starbucks, Popeyes, Cairo Kebab, Subway, The Momo World, Lotus Cafe & Banh Mi Sandwiches, Nékter Juice Bar, Cerdito Muerto, Express Grill"
882664cf4dfffff,grocery,1,1,convenience,7-Eleven
882664cf4dfffff,nightlife,3,2,"bar, bar, pub","Bar Louie, Ph.D Pub, Phlavz Bar & Grille"
882664cf4dfffff,services,6,5,"hairdresser, beauty, dry_cleaning, laundry, pet_grooming, beauty","Great Clips, JaKaylaMadeBeauty, Village Cleaners, The Village Wash, Howlistic Grooming, Maxwell Nail Spa"
882664cf4dfffff,transport,5,2,"bicycle_rental, bicycle_rental, charging_station, charging_station, charging_station","Halsted St & Maxwell St, Morgan St & 14th Pl, Blink, eVgo, Blink"
882664cf51fffff,civic_community,5,3,"community_centre, place_of_worship, place_of_worship, place_of_worship, social_facility","Henry Booth House, Mount Carmel Baptist Church, Carr Memorial Chapel, Christ the Mediator Lutheran Church"
882664cf51fffff,education,6,3,"school, university, school, college, school, school","Saint James School, Illinois Institute of Technology, Dunbar High School, Illinois College of Optometry, Pershing Elementary School"
882664cf51fffff,entertainment,2,2,"studio, artwork","WIIT-FM, Paul Laurence Dunbar Monument"
882664cf51fffff,food_drink,4,3,"fast_food, cafe, cafe, restaurant","Center Court, Global Grounds Cafe, John + Pat Anderson's Cafe, The Commons"
882664cf51fffff,grocery,1,1,convenience,BP Shop
882664cf51fffff,health,1,1,veterinary,Bronzeville Animal Clinic
882664cf51fffff,services,1,1,copyshop,IIT Campus Business Center
882664cf51fffff,shopping,1,1,books,IIT Campus Bookstore
882664cf51fffff,transport,9,3,"bicycle_rental, bicycle_rental, charging_station, charging_station, charging_station, charging_station, charging_station, charging_station, fuel","Indiana Ave & 31st St, State St & 29th St, BP"
882664cf53fffff,civic_community,5,4,"information, place_of_worship, fire_station, place_of_worship, social_facility","Bronzeville, Indiana Avenue Pentecostal Church of God, Chicago Fire Department Engine Comnpany 19, Hartzell United Methodist Church, All Faith Pavilion Nursing & Rehabilitation Center"
882664cf53fffff,education,4,2,"library, school, school, school","Dr. Martin Luther King, Jr. Branch Library, James R. Doolittle Elementary School, Chicago Military Academy, Urban Prep Charter Academy for Young Men"
882664cf53fffff,finance,4,2,"bank, money_transfer, bank, bank","Chase, Western Union, Self-Help Federal Credit Union, Providence Bank & Trust"
882664cf53fffff,food_drink,14,4,"cafe, ice_cream, fast_food, fast_food, fast_food, fast_food, fast_food, restaurant, fast_food, restaurant, fast_food, fast_food, fast_food, fast_food","Eméché Cakery & Cafe, Baskin-Robbins, Wingstop, Taco Bell, Dunkin', Subway, Harold's Chicken Shack, Home Run Inn Pizzeria, Best Southside Gyro, Jamaican Jerk King, McDonald's, Popeyes, White Castle, Culver's"
882664cf53fffff,grocery,3,3,"supermarket, grocery, convenience","Jewel-Osco, Siri Indian Groceries, BP Shop"
882664cf53fffff,health,3,3,"medical_supply, nursing_home, clinic","Chyodo Medical Supplies, Bronzeville Park Skilled Nursing and Living Center, Near South Health Center"
882664cf53fffff,services,2,2,"post_office, beauty","The UPS Store, Threading Zone"
882664cf53fffff,shopping,5,2,"clothes, mobile_phone, mobile_phone, mobile_phone, mobile_phone","Rainbow, AT&T, AT&T, Boost Mobile, Boost Mobile"
882664cf53fffff,transport,3,2,"bicycle_rental, bicycle_rental, fuel","Calumet Ave & 33rd St, Calumet Ave & 35th St, BP"
882664cf55fffff,civic_community,7,2,"place_of_worship, place_of_worship, place_of_worship, place_of_worship, place_of_worship, place_of_worship, social_facility","Liberty Union Baptist Church, New Life Community Church in Bridgeport, Saint Jerome's Croatian Catholic Church, Santa Lucia Catholic Church, Santa Maria Roman Catholic Church, Allen Temple African Methodist Episcopal Church, Long Life Apartments"
882664cf55fffff,education,5,2,"school, music_school, school, school, school","Sisters of Notre Dame School, Vandercook College Of Music, James Ward Elementary School, Saint Jerome School, Santa Lucia School"
882664cf55fffff,food_drink,8,3,"restaurant, restaurant, restaurant, cafe, restaurant, restaurant, fast_food, fast_food","Furama Restaurant, Lawrence Fish Market Chinatown, Franco’s Ristorante, Joy Cafe, Dragon Bowl, Chinese Kitchen Sushi Grill, Ferro's, Maxwell Street Depot"
882664cf55fffff,grocery,4,2,"bakery, bakery, convenience, convenience","Biscotti’s Galore and More, Dim Dim, Citgo, Shell"
882664cf55fffff,leisure_sports,1,1,fishing,Wentworth Bait Shop
882664cf55fffff,transport,4,2,"bicycle_rental, bicycle_rental, fuel, fuel","Shields Ave & 28th Pl, Shields Ave & 31st St, Citgo, Shell"
882664cf57fffff,civic_community,1,1,information,
882664cf57fffff,education,2,2,"school, library","De La Salle Institute, Paul Galvin Library"
882664cf57fffff,entertainment,5,1,"artwork, artwork, artwork, artwork, artwork","Man on a Bench, James R. Thompson"
882664cf57fffff,finance,1,1,bank,PNC Bank
882664cf57fffff,food_drink,3,3,"fast_food, cafe, restaurant","Jimmy John's, Starbucks, Stix n Brix Wood Fired Pizza"
882664cf57fffff,grocery,1,1,convenience,7-Eleven
882664cf57fffff,nightlife,6,1,"bar, bar, bar, bar, bar, bar","The BOG, ChiSox Bar & Grill, Cork and Kerry at the Park, Turtles Bar and Grill, Miler High Life Sky Lounge, Garenteed Rate Club"
882664cf57fffff,services,4,2,"copyshop, ticket, ticket, ticket",FedEx Office
882664cf57fffff,transport,4,1,"bicycle_rental, bicycle_rental, bicycle_rental, bicycle_rental","State St & 33rd St, State St & 35th St, Wentworth Ave & 33rd St, Wentworth Ave & 35th St"
882664cf59fffff,civic_community,1,1,social_facility,
882664cf59fffff,entertainment,1,1,artwork,Monument to Great Northern Migration
882664cf59fffff,food_drink,2,1,"fast_food, fast_food","McDonald's, Dunkin'"
882664cf59fffff,health,1,1,clinic,Advocate Medical Group Immediate Care Center
882664cf59fffff,services,1,1,storage_rental,CubeSmart
882664cf59fffff,transport,1,1,bicycle_rental,MLK Jr Dr & 29th St
882664cf5bfffff,civic_community,2,2,"information, place_of_worship",Olivet Baptist Church
882664cf5bfffff,education,1,1,school,Olivet Baptist Church Day Care Center
882664cf5bfffff,entertainment,1,1,artwork,
882664cf5bfffff,food_drink,1,1,fast_food,
882664cf5bfffff,transport,2,1,"bicycle_rental, bicycle_rental","Fort Dearborn Dr & 31st St, Rhodes Ave & 32nd St"
882664cf5dfffff,automotive,2,1,"car, car","Napleton Downtown, Napleton Downtown Hyundai"
882664cf5dfffff,civic_community,2,1,"place_of_worship, place_of_worship","Trinity Episcopal Church, Quinn Chapel African Methodist Episcopal Church"
882664cf5dfffff,education,3,3,"kindergarten, school, research_institute","Midwest Pre-School-South Commons, John B. Drake Elementary School"
882664cf5dfffff,entertainment,1,1,events_venue,Revel Motor Row
882664cf5dfffff,food_drink,5,2,"cafe, restaurant, restaurant, restaurant, restaurant","South Loop Cafe, Evergreen Restaurant, Sze Chuan Cuisine, Tai Ho Yee Food Company, Grand Palace"
882664cf5dfffff,grocery,6,5,"supermarket, bakery, health_food, tea, convenience, supermarket","Fat Lee Supermarket, Golden Apple Cafe & Bakery, Kent Young Health Products, Asian Tea, Best Choice Oriental Grocery, Silver State City Food Company"
882664cf5dfffff,health,2,2,"doctors, hospital","South Loop Physicians Group Internal Medicine, Insight Hospital & Medical Center"
882664cf5dfffff,lodging,1,1,hotel,Wyndham Chicago McCormick Hotel
882664cf5dfffff,services,3,3,"travel_agency, rental, storage_rental","Mag Vacations, U-Haul, U-Haul"
882664cf5dfffff,shopping,3,3,"jewelry, mobile_phone, gift","Dor Fook, Chinatown Mobile, Color's Flowers and Gifts"
882664cf5dfffff,transport,1,1,bicycle_rental,Indiana Ave & 26th St
882664cf61fffff,civic_community,6,1,"place_of_worship, place_of_worship, place_of_worship, place_of_worship, place_of_worship, place_of_worship","Cermak Baptist Church, Bethesda Temple Spanish Assemblies of God Church, Iglesia Casa de Dias, Iglesia de Dios Septimo Dia, Saint Paul Roman Catholic Church, Lincoln United Methodist Church"
882664cf61fffff,education,2,1,"school, school","Cristo Rey Jesuit High School, Whittier Elementary School"
882664cf61fffff,food_drink,1,1,restaurant,Carniceria Maribel
882664cf61fffff,grocery,7,3,"bakery, bakery, convenience, supermarket, supermarket, convenience, convenience","Xurro, Meadowbrook Egg & Dairy, Carniceria y Licoreria Maribel, Cermak Fresh Market, Aldi, Shell, BP Shop"
882664cf61fffff,health,1,1,pharmacy,Walgreens
882664cf61fffff,nightlife,1,1,bar,Martin’s Corner
882664cf61fffff,shopping,4,2,"chemist, wholesale, wholesale, wholesale","Walgreens, Chicago International Produce Market, Food Industry Distribution, La Hacienda Wholesale"
882664cf61fffff,transport,3,2,"bicycle_rental, fuel, fuel","Damen Ave & Coulter St, BP, Shell"
882664cf63fffff,transport,1,1,bicycle_rental,Ashland Ave & Archer Ave
882664cf65fffff,automotive,5,2,"car_wash, car_parts, car_wash, car_parts, car_wash","BP, AutoZone, Hand Car Wash & Detail, O'Reilly Auto Parts, Ducky's"
882664cf65fffff,civic_community,4,2,"place_of_worship, place_of_worship, place_of_worship, social_centre","Our Lady of Vilna Roman Catholic Church, Saint Paul Convent, Saint Michael the Archangel Catholic Church, American Legion Dorman Dunn Post 547"
882664cf65fffff,education,5,1,"school, school, school, school, school","Ruiz Elementary School, Finkl Elementary School, Pickard Elementary School, Juan Inez de la Cruz School, Saint Paul School"
882664cf65fffff,finance,5,2,"bank, bank, pawnbroker, bank, bank","Fifth Third Bank, Bank of America, Cash America Pawn, Chase, Mutual Federal Bank"
882664cf65fffff,food_drink,20,4,"fast_food, fast_food, fast_food, restaurant, fast_food, restaurant, restaurant, restaurant, restaurant, restaurant, fast_food, cafe, restaurant, restaurant, fast_food, ice_cream, fast_food, fast_food, fast_food, fast_food","Subway, Super Taqueria El Taconazo, Wingstop, Wen Gai, Laura's Pizza & Pasta, Canton Star, Bacchanalia, Bruna's, Ignotz Ristorante, La Fontanella, Domino's, Holy Grounds, Aloha Wagon, Casa Cafe Restaurant, Rosie's Donuts, Baskin-Robbins, McDonald's, Burger King, Taco Bell, Dunkin'"
882664cf65fffff,grocery,7,3,"supermarket, bakery, bakery, convenience, supermarket, supermarket, convenience","Fairplay Foods, Pete’s Fresh Market, Wagner’s Bakery, BP Shop, Pete's Market, Supermercado El Güero #8, Speedway"
882664cf65fffff,health,2,2,"dentist, doctors",Apollo Family Medical Center
882664cf65fffff,leisure_sports,2,2,"video_games, dojo","GameStop, Legacy Taekwondo Academy"
882664cf65fffff,services,2,2,"laundry, storage_rental","Fun Wash, Extra Space Storage"
882664cf65fffff,shopping,9,7,"clothes, mobile_phone, motorcycle, hairdresser_supply, mobile_phone, general, clothes, bicycle, variety_store","Cermak Discount, Cricket Wireless, Motoworks Chicago, Sally Beauty, T-Mobile, Workshop Apothecary, Burdeens Chicago, Working Bikes Cooperative, Dollar Tree"
882664cf65fffff,transport,4,2,"bicycle_rental, bicycle_rental, fuel, fuel","Western Ave & 21st St, Western Ave & 24th St, BP, Speedway"
882664cf67fffff,grocery,1,1,convenience,Marathon
882664cf67fffff,shopping,2,2,"trade, wholesale","Heidler Hardwood Lumber Co, Banner Wholesale Grocers"
882664cf67fffff,transport,1,1,fuel,Marathon
882664cf69fffff,automotive,1,1,car_wash,BP
882664cf69fffff,civic_community,4,1,"place_of_worship, place_of_worship, place_of_worship, place_of_worship","Shrine of Saint Jude Thaddeus, Saint Pius Church, Bethel Family Chicago, Saint Vitus Roman Catholic Church"
882664cf69fffff,education,7,2,"school, school, library, school, school, school, school","Saint Pius School, Benito Juárez Community Academy, Rudy Lozano Branch Library, Cooper Elementary School, Pilsen Community Academy, Acero Bartolomé de las Casas Elementary School"
882664cf69fffff,entertainment,19,4,"artwork, artwork, artwork, artwork, artwork, artwork, artwork, artwork, artwork, artwork, artwork, artwork, arts_centre, artwork, artwork, artwork, artwork, gallery, events_venue","Venustiano Carranza, José María Pino Suárez, Emiliano Zapata, Aquiles Serdán, Cuauhtémoc, Miguel Hidalgo y Costilla, José María Morelos y Pavón, Ignacio Zaragoza, Josefa Ortiz de Domínguez, Vicente Guerrero, Emiliano Zapata, Julián Carrillo, Pilsen Arts Community House, Francisco Madero, Rudy Lozano, Álvaro Obregón, Declaration of Immigration Mural, Pilsen Art House, A. P. O"
882664cf69fffff,finance,6,2,"bank, bank, bank, bank, money_transfer, bank","Associated Bank, Ashland State Bank, Wintrust Bank, Bank of America, Currency Exchange, Fifth Third Bank"
882664cf69fffff,food_drink,33,7,"cafe, restaurant, ice_cream, coffee, fast_food, fast_food, restaurant, cafe, fast_food, restaurant, restaurant, restaurant, restaurant, cafe, restaurant, cafe, restaurant, restaurant, restaurant, restaurant, restaurant, chocolate, fast_food, deli, fast_food, restaurant, restaurant, cafe, restaurant, cafe, restaurant, ice_cream, fast_food","Cafe Jumping Bean, Taqueria El Mezquite, El Sabor De Mexico, Brew Brew Coffee & Tea, La Casa del Pueblo Taqueria, Taqueria El Milagro, Sabas Vega, Cafe Mestizo, The Jibarito Stop, 5 Rabanitos Restaurante and Taqueria, Cantón Regio, Carnitas Uruapan Restaurant, Frida Room, INTERSECT, Taqueria Los Comales 3, Xurro, Rice and Noodles, La Esperanza, Tamale Lady, Pl-zen, El Berrinches Restaurant, Sleep Walk Chocolateria, Dunkin', Urban Treez, Memo's Hot Dogs, Coyotes, Banh Mi City, Jay's Bubble Tea Cafe, Cecina Grill, Monsivais Cafe, Novel Pizza Cafe, La Michoacana, McDonald's"
882664cf69fffff,grocery,10,4,"supermarket, bakery, bakery, alcohol, supermarket, convenience, convenience, bakery, bakery, convenience","La Casa del Pueblo, El Milagro Tortilla, Panaderia El Acambaro, Evan St. Liquors, La Providencia, Tortilleria Sabinas, BP Shop, Bittersweet Pastry Shop, Panadería Nuevo Leon, Midwest"
882664cf69fffff,health,4,3,"dentist, doctors, optician, dentist","Orthodontic Experts, Pilsen Community Health Center Lower West, Big City Optical, Dental Sunshine Chicago"
882664cf69fffff,nightlife,4,2,"pub, bar, bar, bar","Alulu Brewery & Pub, Harbee Liquor & Tavern, Caminos De Michoacan Bar, Giant Penny Whistle"
882664cf69fffff,services,4,3,"hairdresser, hairdresser, laundry, post_office","Peluqueria Nuevo Mexico, Rockit Barbershop, John's Lavanderia, Cesar E. Chavez Post Office"
882664cf69fffff,shopping,9,9,"music, second_hand, craft, clothes, gift, art, antiques, interior_decoration, variety_store","Pinwheel Records, Very Best Vintage, Artesanias D'Mexico, Yami's Fashion, AngMir - Hecho con Cariño, Vault Gallerie x The Mural Movement, Cementerio del Arte, Mestizo, Family Dollar"
882664cf69fffff,transport,5,2,"bicycle_rental, bicycle_rental, bicycle_rental, fuel, fuel","Laflin St & Cullerton St, Blue Island Ave & 18th St, Paulina St & 18th St, BP, Midwest"
882664cf6bfffff,automotive,1,1,car_repair,Carimichael Truck Repair
882664cf6bfffff,entertainment,1,1,gallery,Mana Contemporary
882664cf6bfffff,food_drink,1,1,fast_food,Dunkin'
882664cf6bfffff,shopping,1,1,trade,Grainger
882664cf6dfffff,civic_community,4,3,"fire_station, place_of_worship, place_of_worship, social_facility","Chicago Fire Department Engine Company, Saint Matthew Lutheran Church"
882664cf6dfffff,education,5,1,"school, school, school, school, school","Gads Hill Center Social Settlement, Jose Orozco Community Academy, Saint Ann School"
882664cf6dfffff,entertainment,1,1,museum,National Museum of Mexican Art
882664cf6dfffff,food_drink,4,2,"fast_food, fast_food, cafe, fast_food","Parkview Diner, Pizza Nova, L Cafecito Jumping Bean, Rosca"
882664cf6dfffff,leisure_sports,1,1,sports,Ochoa Sporting Goods
882664cf6dfffff,nightlife,1,1,bar,The Barrel
882664cf6dfffff,transport,1,1,bicycle_rental,Damen Ave & Cullerton St
882664d811fffff,automotive,2,2,"car_parts, car_repair","Bee-Zee Auto Parts, Howard Auto Body & Repair"
882664d811fffff,civic_community,1,1,place_of_worship,Way Mission Church
882664d811fffff,education,1,1,school,Kingdom Academy learning center
882664d811fffff,entertainment,2,1,"theatre, theatre","The Puppet Place, West Ridge Redbox Building"
882664d811fffff,finance,1,1,bank,Wintrust Bank
882664d811fffff,food_drink,11,3,"fast_food, restaurant, ice_cream, restaurant, restaurant, restaurant, restaurant, restaurant, restaurant, fast_food, fast_food","Subway, Tapia's Pizza, La Michoacana Premium, Badou Senegalese Cuisine, Howard Deli, Kizin Creole, Mica's Mexican Restaurant, Howard Street Soul, Tasty Sub, Taco Pros, Popeyes"
882664d811fffff,grocery,3,2,"convenience, convenience, seafood","Satari Quick Stop, AidenDollar.com, The Fish Keg"
882664d811fffff,health,1,1,clinic,Fresenius Kidney Care
882664d811fffff,nightlife,2,1,"bar, bar","American Ale House, Monsen’s Tally Ho Pub"
882664d811fffff,services,5,4,"storage_rental, laundry, dry_cleaning, hairdresser, storage_rental","McCarthy Storage, Som Laundry Todo, Howard Cleaners, Jaxen&Jillz Barber & Beauty Salon LLC, Public Storage"
882664d811fffff,shopping,5,5,"mobile_phone, telecommunication, clothes, pet, variety_store","Time Line Communications, The E Companies Inc., Exclusive Boutique inc, The Real Meal, Aiden & Chloe’s EZ Shop"
882664d811fffff,transport,3,2,"bicycle_rental, bicycle_rental, car_rental","Ridge Blvd & Howard St, Western Ave & Howard St, U-Haul"
882664d813fffff,civic_community,2,2,"fire_station, place_of_worship","Chicago Fire Department Engine Company 102, Rogers Park Baptist Church"
882664d813fffff,education,2,1,"school, school","Chicago Math and Science Academy, Jordan Community Elementary School"
882664d813fffff,food_drink,6,3,"ice_cream, restaurant, restaurant, restaurant, restaurant, fast_food","La Michoacana, Su Taqueria El Rey Del Taco y Sus Mariscos, Jet's Pizza, Nueva Italy Pizzeria, Mi Pueblo Two, Chyros"
882664d813fffff,grocery,4,3,"convenience, supermarket, butcher, convenience","Supermercado Chapala, Romanian Kosher Sausage Co, Amoco"
882664d813fffff,health,1,1,clinic,Ridge Medical Center
882664d813fffff,services,5,5,"tattoo, hairdresser, massage, beauty, dry_cleaning","Lucky Devil Tattoo and Piercings, Black Pearl, Natural Resistance Spa, April’s Nail Spa, 2pro Cleaners"
882664d813fffff,shopping,4,3,"cannabis, mobile_phone, bicycle, mobile_phone","Zen Leaf, Boost Mobile, Robert's Cycle, LycaMobile"
882664d813fffff,transport,5,2,"bicycle_rental, bicycle_rental, bicycle_rental, bicycle_rental, fuel","Clark St & Touhy Ave, Clark St & Jarvis Ave, Wolcott Ave & Fargo Ave, Ridge Blvd & Touhy Ave, Amoco"
882664d815fffff,civic_community,1,1,information,
882664d815fffff,finance,1,1,atm,Bank of America
882664d815fffff,food_drink,5,3,"restaurant, ice_cream, fast_food, restaurant, restaurant","Hamachi Sushi Bar, Baskin-Robbins, Dunkin', Main Pizza Chalavi, Aidan's Pizza Shop"
882664d815fffff,services,2,1,"beauty, beauty","HairFx, Western Nail Bar"
882664d815fffff,shopping,2,2,"department_store, art","Ross, Stan’s Glass Shop"
882664d817fffff,automotive,8,3,"car_parts, car_repair, car_repair, car_repair, car_parts, car_wash, car_parts, car_repair","O'Reilly Auto Parts, Mike’s Total Auto Repairs, Western Auto Repair, GMC & BMW Auto Repairs, AutoZone, C & M Car Wash, Advance Auto Parts, Midas"
882664d817fffff,civic_community,3,1,"place_of_worship, place_of_worship, place_of_worship","Grace & Mercy Apostolic Church, Saint Margaret Mary Roman Catholic Church, Mehdavia Islamic Center of Chicago"
882664d817fffff,education,3,2,"childcare, school, school","Future Focus Daycare, Philip Rogers Elementary School, Saint Marys School"
882664d817fffff,finance,2,2,"money_lender, bank","Sunrise Tax Service, Byline Bank"
882664d817fffff,food_drink,10,2,"cafe, restaurant, cafe, restaurant, restaurant, restaurant, cafe, restaurant, restaurant, restaurant","Starbucks, Buffalo Wild Wings, Tree House Humane Society Cat Cafe, China Ling, Bina’s Place, Jerky Jerk, COZY CAFE, Eng’s Asian Cuisine, Bull & Barrel, Candelite"
882664d817fffff,grocery,7,4,"supermarket, alcohol, alcohol, convenience, convenience, health_food, convenience","Morelia Supermarket, Extra Value Liquor, Basil Food & Liquor, Aiden’s Mini Mart (Drive - In), 7432 N Oakley, Prime Home Healthcare, C & M Food Mart"
882664d817fffff,health,3,3,"pharmacy, dentist, doctors","Walgreens, Advantage Dental Care, Tapestry 360 Health"
882664d817fffff,nightlife,2,1,"bar, bar","Ricky G’s, Mark II Lounge"
882664d817fffff,services,9,4,"beauty, laundry, dry_cleaning, hairdresser, hairdresser, laundry, hairdresser, laundry, beauty","Forever Beauty, Tide Laundromat, Style Cleaners, North Kutz, Phat Fades, Red Laundry Inc,, Letzly Beauty Salon, TapWash, Chicago Nail Pro"
882664d817fffff,shopping,10,8,"variety_store, clothes, tobacco, mobile_phone, mobile_phone, computer, wholesale, electrical, variety_store, chemist","Dollar Tree, Discovery Clothing Company, King of Flavors, Boost Mobile, Metro by T-Mobile, Midtronix Inc., DCI Wholesale and Closeout, Pure Electric, Devon Discount, Walgreens"
882664d817fffff,transport,4,4,"bicycle_rental, taxi, fuel, bus_station","Oakley Ave & Touhy Ave, Choice Taxi Association, Marathon, Western & Birchwood Terminal"
882664d81bfffff,automotive,1,1,car,5 Stars Auto Service And Sales
882664d81bfffff,civic_community,4,2,"community_centre, place_of_worship, community_centre, community_centre","Howard Area Community Center, Abundant Life Mission Church, Willye B. White Park Fieldhouse, Howard Area Community Center"
882664d81bfffff,education,1,1,school,Stephen F. Gale Math and Science Academy
882664d81bfffff,entertainment,6,1,"artwork, artwork, artwork, artwork, artwork, artwork","24/7, Destination: Points Unknown"
882664d81bfffff,finance,6,4,"bank, bureau_de_change, bank, pawnbroker, money_transfer, bank","Chase, Howard & Paulina Currency Exchange, Associated Bank, Cash America Pawn, MoneyGram, Bank of America"
882664d81bfffff,food_drink,7,4,"fast_food, ice_cream, cafe, restaurant, fast_food, fast_food, fast_food","Dunkin', Baskin-Robbins, Starbucks, Super Bros. Pizzeria, Buffalo Joe's, Burger King, Subway"
882664d81bfffff,grocery,6,4,"bakery, convenience, convenience, supermarket, greengrocer, convenience","Caribbean American Bakery, Around the Clock Food Store, Howard Grocery Plus, Jewel-Osco, Rogers Park Fruit Market, Eddy's Food Mart"
882664d81bfffff,health,1,1,dentist,Aspen Dental
882664d81bfffff,services,3,2,"post_office, storage_rental, storage_rental","The UPS Store, Extra Space Storage, The Lock Up"
882664d81bfffff,shopping,11,8,"department_store, mobile_phone, antiques, clothes, clothes, shoes, clothes, chemist, bicycle, tobacco, mobile_phone","Burlington, T-Mobile, Lost Eras, Citi Trends, DTLR, PJ Footwear, Rainbow, Walgreens, The Recyclery Collective, Bestow Smoke & Vape, Metro by T-Mobile"
882664d81bfffff,transport,3,2,"bicycle_rental, bus_station, bicycle_rental","Bosworth Ave & Howard St, Paulina & Howard Terminal, Paulina St & Howard St"
882664d833fffff,civic_community,4,3,"place_of_worship, social_facility, community_centre, social_facility","Congregation Adas Yeshurun, Swartzberg House, Bernard Horwich Jewish Community Center, Park Plaza"
882664d833fffff,education,1,1,school,Decatur Classical School
882664d833fffff,entertainment,1,1,artwork,
882664d833fffff,food_drink,2,2,"restaurant, fast_food","Al Safa Mandi House, McDonald's"
882664d833fffff,grocery,1,1,convenience,New York Pantry
882664d833fffff,services,1,1,dry_cleaning,Presidential Cleaners
882664d833fffff,transport,2,1,"bicycle_rental, bicycle_rental","Sacramento Ave & Lunt Ave, North Boundary Park"
882664d83bfffff,automotive,1,1,car_repair,Howard Auto Service
882664d83bfffff,civic_community,10,3,"place_of_worship, religion, place_of_worship, place_of_worship, place_of_worship, place_of_worship, place_of_worship, social_facility, place_of_worship, place_of_worship","Congregation Atereth Yehoshua, Kesher Stam, Lubavitch Chabad of Illinois, Ateres Shmuel, Ohel Shalom Torah Center, Congregation Sha'arei Tzedek, Beis Medrash Mikor HaChaim, Chicago Mitzvah Campaign, Heritage, Heritage Congregation"
882664d83bfffff,education,1,1,school,Cheder Lubavitch Girls School
882664d83bfffff,finance,1,1,money_lender,PLS
882664d83bfffff,food_drink,1,1,fast_food,Eastern Style Pizza
882664d83bfffff,grocery,2,1,"bakery, bakery","JR Dessert Bakery, North Shore Kosher Bakery"
882664d83bfffff,health,1,1,optician,IF Optical
882664d83bfffff,shopping,1,1,clothes,Hat-Box-Suit Central
882664d83bfffff,transport,1,1,bicycle_rental,California Ave & Touhy Ave
882664d881fffff,automotive,1,1,car_repair,Jiffy Lube
882664d881fffff,civic_community,2,1,"place_of_worship, place_of_worship","Northside United Pentecostal Church, Saint Gregory Roman Catholic Church"
882664d881fffff,education,5,1,"school, school, school, school, school","Saint Gregory High School, Saint Gregory Grade School, Saint Gregory Preschool, Helen C. Peirce School Of International Studies, St. Gregory School"
882664d881fffff,entertainment,2,2,"events_venue, gallery","Kinowerks, Event Horizon Gallery & VR Lounge"
882664d881fffff,finance,2,1,"bank, bank","BMO, Fifth Third Bank"
882664d881fffff,food_drink,15,4,"cafe, restaurant, restaurant, restaurant, restaurant, restaurant, fast_food, fast_food, cafe, restaurant, restaurant, deli, restaurant, restaurant, fast_food","The Coffee Studio, M Henry, Antica Pizzeria, Fireside, Little Bad Wolf, Tanoshii, Dunkin', Primo Pizza, The Understudy, Uvae Kitchen and Wine Bar, Little Madrid Tapas-Café, JB's Deli, It's Greek 2 U Grill, Pizza Lobo, McDonald's"
882664d881fffff,grocery,5,4,"bakery, supermarket, tea, supermarket, convenience","La Baguette Bakery, Jewel-Osco, Eli Tea, Edgewater Produce, Marathon"
882664d881fffff,health,2,2,"dentist, pharmacy","Northside Dental, Walgreens"
882664d881fffff,shopping,7,7,"jewelry, music, craft, houseware, clothes, chemist, garden_centre","On the Rocks, Music Direct, The Dropped Stitch, Rare Form, Violet Hawthorne, Walgreens, Gethsemane Garden Center"
882664d881fffff,transport,4,3,"bicycle_rental, charging_station, charging_station, fuel","Clark St & Bryn Mawr Ave, Marathon"
882664d883fffff,civic_community,7,2,"place_of_worship, place_of_worship, place_of_worship, social_facility, social_facility, place_of_worship, place_of_worship","Summerdale Community United Church of Christ, North Shore Baptist Church, First Evangelical Free Church, Aperion Care Wesley, Aperion Care Wesley, Philadelphia Swedish Pentecostal Church, Ebenezer Lutheran Church"
882664d883fffff,education,1,1,school,Chicago Waldorf School
882664d883fffff,entertainment,6,3,"theatre, cinema, theatre, theatre, museum, museum","Neofuturists, Chicago Filmmakers, pH Comedy, Chicago Magic Lounge, Swedish American Museum, Edgewater Historical Society"
882664d883fffff,finance,5,2,"bank, atm, atm, bank, bank","Chase, North Side Community Bank, U.S. Bank"
882664d883fffff,food_drink,33,4,"restaurant, restaurant, cafe, fast_food, ice_cream, restaurant, restaurant, restaurant, cafe, restaurant, restaurant, restaurant, restaurant, restaurant, cafe, cafe, cafe, restaurant, ice_cream, fast_food, restaurant, restaurant, restaurant, restaurant, restaurant, restaurant, fast_food, restaurant, cafe, restaurant, restaurant, restaurant, restaurant","Taste of Lebanon, Lady Gregory's, Starbucks, Potbelly, Jeni's Splendid Ice Creams, Lonesome Rose, Svea Restaurant, Ranalli's, La Colombe Coffee, Gadabout, Fiya, A Taste Of Heaven, Bar Roma, Big Jones, First Slice Pie Cafe, Kanela Breakfast Club, Kopi Cafe, Middle East Bakery & Grocery, Forever Yogurt, Sweetgreen, Anteprima, Jin Ju, Fat Chris's Pizza and Such, Dollop, Cuckoo, Jet's Pizza, Jimmy John's, Devil Dawgs, Colectivo Coffee, Minyoli, Penelope's Vegan Taqueria Andersonville, Andie's, Calo Ristorante"
882664d883fffff,grocery,8,3,"convenience, alcohol, bakery, bakery, bakery, bakery, convenience, alcohol","Middle East Bakery & Grocery, Andersonville Wine & Spirits, Defloured, Isabella Bakery, Lost Larson Bakery, Macaron Bar, Clark Haus, In Fine Spirits"
882664d883fffff,health,6,3,"dentist, clinic, optician, optician, dentist, optician","1st Family Dental Andersonville, The Clark, Big City Optical, Visionary, Dentologie, MyEyeDr."
882664d883fffff,nightlife,15,3,"pub, pub, bar, bar, bar, bar, erotic, bar, erotic, pub, bar, erotic, bar, bar, bar","Hopleaf Bar, SoFo Tap, Simon's Tavern, Farraguts, Replay, Meeting House Tavern, Banana Video, Atmosphere, Early To Bed, Konak Pizza and Grill, Marty's Martini Bar, Full Kit Gear, The Nook, Elixir, Sweet Hearts Bar"
882664d883fffff,services,13,6,"dry_cleaning, hairdresser, post_office, beauty, hairdresser, beauty, beauty, massage, storage_rental, dry_cleaning, hairdresser, beauty, hairdresser","Rainbow Dry Cleaners, Styles Hair Salon, The UPS Store, Nail Palette, The Shop, Sonia Salon, Posh Polish, Sir Spa, Honore Storage, Winona Cleaners, Via Rose Hair Studio, Milan Laser Hair Removal, Armand Salon Suites"
882664d883fffff,shopping,43,24,"books, cannabis, books, books, interior_decoration, pet, baby_goods, mobile_phone, clothes, clothes, toys, gift, cannabis, stationery, frame, interior_decoration, antiques, furniture, interior_decoration, general, clothes, leather, antiques, music, second_hand, clothes, hardware, houseware, gift, craft, jewelry, clothes, second_hand, interior_decoration, craft, paint, antiques, bicycle, antiques, clothes, gift, shoes, gift","Alleycat Comics, Dispensary33, Women & Children First, Graham Crackers Comics, GL Home Decor, Kriser's Natural Pet, Sandbox Baby Boutique, Verizon, Buffalo Exchange, Cowboys and Astronauts, Play, Enjoy Andersonville, CBD Kratom, Paper and Pencil, Iloilo Custom Framing, Norcross + Scott, Andersonville Antiques, Cassona, Five Elements Home, Ándale Market, Dearborn Denim & Apparel, Chicatolia Artisan Collective, Scout, Rattleback Records, The Brown Elephant, Raygun, Andersonville Hardware Store, The Wooden Spoon, Foursided, Freestyle Ceramics and Tufting, Bryn Mawr Jewelry Co, Milk Handmade, 2nd STREET, Foursided Custom Framing, Black Angel Companies, JC Licht Benjamin Moore Paint & Decor, Andersonville Antiques, Johnny Sprockets, Mercantile M, Strange Cargo, Andersonville Galleria, Alamo Shoes, Transit Tees"
882664d883fffff,transport,2,1,"bicycle_rental, bicycle_rental","Clark St & Winnemac Ave, Clark St & Berwyn Ave"
882664d885fffff,civic_community,3,3,"information, grave_yard, place_of_worship","Rosehill Mausoleum, Horatio N. May Chapel"
882664d885fffff,entertainment,1,1,viewpoint,
882664d887fffff,automotive,1,1,car_repair,Speedline Auto Service
882664d887fffff,education,3,1,"school, school, school","Rogers Park Montessori School, Amundsen High School, Chappell Elementary School"
882664d887fffff,food_drink,5,2,"cafe, restaurant, restaurant, cafe, restaurant","Half Acre Beer Co. Balmoral Tap Room & Garden, Cafe Libra, Sweet Virginia’s Kitchen, Side Practice Coffee, Kanin"
882664d887fffff,grocery,2,1,"convenience, convenience","Citgo, 7-Eleven"
882664d887fffff,nightlife,5,1,"bar, bar, bar, bar, bar","Leadway Bar & Grill, Spiteful Brewing, Nobody's Darling, Big Joe’s, Bobbie’s Runaway"
882664d887fffff,shopping,1,1,motorcycle,Scooterworks Chicago
882664d887fffff,transport,4,2,"bicycle_rental, bicycle_rental, bicycle_rental, fuel","Damen Ave & Foster Ave, Winchester Ave & Balmoral Ave, Hoyne Ave & Balmoral Ave, Citgo"
882664d889fffff,automotive,1,1,car_wash,
882664d889fffff,civic_community,7,3,"social_facility, fire_station, place_of_worship, place_of_worship, place_of_worship, place_of_worship, place_of_worship","Care for Real, Chicago Fire Department Engine Company 70, Granville Avenue United Methodist Church, Masjid e Noor, Saint Gertrude's Roman Catholic Church, Immanuel Evangelical Lutheran Church, Bethany Evangelical Lutheran Church"
882664d889fffff,education,3,2,"school, school, library","Senn High School, Edgewater Branch Library"
882664d889fffff,entertainment,1,1,artwork,Young Lincoln Statue
882664d889fffff,finance,2,1,"bank, bank","Old National Bank, Fifth Third Bank"
882664d889fffff,food_drink,19,4,"restaurant, restaurant, restaurant, ice_cream, fast_food, restaurant, restaurant, restaurant, fast_food, fast_food, fast_food, restaurant, restaurant, restaurant, restaurant, restaurant, restaurant, fast_food, cafe","Ino's Pizzeria, Huaraches Dona Chio, Mas alla del Sol, Lickety Split, Patio Beef, Ethiopian Diamond, Regalia Bar & Restaurant, Axum Ethiopian, Boukarou Lounge, Domino's, Wingstop, KOHOKU-KU RAMEN, Little Corner Restaurant, Indie Cafe   Sushi + Thai, La Parrilla Latin Food, Chengdu Impression, Desi Boys Pizza, White Castle, Loaves and Witches"
882664d889fffff,grocery,2,2,"alcohol, supermarket","Independent Wine & Spirits, Whole Foods Market"
882664d889fffff,nightlife,2,1,"bar, bar","Double Bubble, Moody's Pub"
882664d889fffff,services,5,4,"laundry, dry_cleaning, beauty, dry_cleaning, shoe_repair","Dry Cleaner's, Nina Beauty Salon, Smile Cleaners, Fix Your Kicks"
882664d889fffff,shopping,8,6,"hifi, hardware, antiques, pet, antiques, jewelry, interior_decoration, antiques","Minas, Kim's True Value Hardware, Richard Alan Estate Options, Bark Bark Club, Andy’s Art, Antiques & Oddities, Armen's Jewelry, Milk & Holly Home, Broadway Antique Market"
882664d889fffff,transport,2,1,"bicycle_rental, bicycle_rental","Clark St & Elmdale Ave, Broadway & Thorndale Ave"
882664d88bfffff,automotive,2,1,"car_repair, car_repair","Hernandez Auto Repair, Lakeside International Auto Service"
882664d88bfffff,civic_community,5,1,"place_of_worship, place_of_worship, place_of_worship, place_of_worship, place_of_worship","Edgewater Baptist Church, Ancient of Days Cathedral, Unity Lutheran Church, Saint Ita's Roman Catholic Church, Edgewater Presbyterian Church"
882664d88bfffff,education,1,1,music_school,School of Rock
882664d88bfffff,entertainment,7,2,"artwork, artwork, artwork, artwork, artwork, theatre, theatre","Nocturnes, Avian Listening at Midnight, 8 bird species, Today, Water Music, Lake Calls, 12 bird species, Pastorales, Prairie Calls, 14 bird species, Today, The Edge Theater, The Edge Off Broadway Theater"
882664d88bfffff,finance,2,1,"bank, bank","Byline Bank, Chase"
882664d88bfffff,food_drink,24,4,"fast_food, restaurant, restaurant, restaurant, cafe, cafe, restaurant, fast_food, restaurant, restaurant, cafe, restaurant, restaurant, restaurant, restaurant, restaurant, cafe, restaurant, coffee, restaurant, restaurant, restaurant, cafe, restaurant","Subway, Tesfa Ethiopian Cuisine, Herb Restaurant, Edgewater Tacos, Phlour Bakery & Cafe, Sip and Savor, bb.q Chicken, Papa John's, Alice and Friends' Vegan Kitchen, Sfera Sicilian Street Food, Dulce de Leche Cafe, Little Vietnam, Taquería Uptown, Ben's Noodles & Rice, The Little India, Hamburger Mary's, All Meal Prep Kitchen & Cafe, Jin Thai Cuisine, Happy Monday Coffee Roasters, Blowfish Sushi & Ramen, La Mom Kitchen, Pizzeria Aroma, Fried Egg Cafe, Hot Pot"
882664d88bfffff,grocery,7,5,"seafood, alcohol, convenience, supermarket, convenience, beverages, convenience","Hooked on Fish, Spirits and Liquor, Green Arch Food and Smoke, Super Food & Liquors, Hollywood Deli, Solar Intentions Non-Alcoholic Beverage Shop, Shell"
882664d88bfffff,health,4,3,"clinic, clinic, optician, pharmacy","Vivent Health + TPAN, Planned Parenthood, Broadway Eye Institute, Walgreens"
882664d88bfffff,leisure_sports,1,1,games,Chicagoland Games Dice Dojo
882664d88bfffff,nightlife,2,1,"bar, bar","La Pharmacie, Burke’s Public House"
882664d88bfffff,services,6,4,"copyshop, beauty, hairdresser, hairdresser, storage_rental, storage_rental","Allied Print & Copy, Alicia Beauty, Bionic Hair Design, Father and Son Barber Shop, Public Storage, Public Storage"
882664d88bfffff,shopping,6,6,"variety_store, mobile_phone, bicycle, paint, candles, chemist","Dollar General, Boost Mobile, Igor Does My Bike, Sherwin-Williams, Edgewater Candles, Walgreens"
882664d88bfffff,transport,2,2,"bicycle_rental, fuel","Broadway & Ridge Ave, Shell"
882664d88dfffff,automotive,1,1,car_wash,BP
882664d88dfffff,civic_community,1,1,social_facility,G&A Senior Resindence & Ravenswood
882664d88dfffff,entertainment,1,1,studio,Experimental Sound Studio
882664d88dfffff,food_drink,4,2,"fast_food, fast_food, restaurant, fast_food","Dunkin', Krispy Krunchy Chicken, Safari Somali Cuisine, Subway"
882664d88dfffff,grocery,2,2,"convenience, bakery","To Go, Misericordia Hearts & Flour Bakery and Café"
882664d88dfffff,lodging,1,1,motel,Heart O' Chicago Motel
882664d88dfffff,nightlife,1,1,bar,Barrelman Tavern
882664d88dfffff,services,1,1,hairdresser,Lisseth Unisex
882664d88dfffff,shopping,1,1,department_store,Target
882664d88dfffff,transport,2,2,"bicycle_rental, fuel",BP
882664d891fffff,civic_community,10,4,"place_of_worship, community_centre, place_of_worship, information, social_facility, social_facility, community_centre, place_of_worship, social_facility, social_facility","Chicago Uptown Ministry, JPUSA, The People's Church of Chicago, The Salvation Army, Alden Lakeland, Preston Bradley Center, Saint Thomas of Canterbury Roman Catholic Church, Stephens Commons, Boys & Girls Club"
882664d891fffff,education,4,1,"school, school, school, school","Ecumenical Institute, Saint Thomas of Canterbury Elementary School, McCutcheon Elementary School, Uplift Community High School"
882664d891fffff,entertainment,1,1,artwork,Doctor José Rizal Monument
882664d891fffff,food_drink,6,4,"restaurant, cafe, fast_food, deli, restaurant, fast_food","Breakfast House, Everybody's Coffee, KFC, Uptown Deli, B&Q Afro Roots, McDonald's"
882664d891fffff,grocery,3,3,"greengrocer, bakery, convenience","Uptown Shop and Save, Nhu Lan Uptown, BP Shop"
882664d891fffff,health,3,2,"pharmacy, hospital, hospital","Walgreens, Louis A. Weiss Memorial Hospital, Chicago Lakeshore Hospital"
882664d891fffff,lodging,1,1,hostel,Jesus People Evangelical Covenant Community
882664d891fffff,nightlife,1,1,bar,Larry's
882664d891fffff,transport,4,2,"bicycle_rental, bicycle_rental, bicycle_rental, fuel","Clarendon Ave & Leland Ave, Sheridan Rd & Lawrence Ave, Marine Dr & Ainslie St, BP"
882664d893fffff,civic_community,3,3,"information, community_centre, social_facility","Clarendon Park Community Center, The Carlton"
882664d893fffff,education,2,1,"school, school","Disney Magnet Elementary School, Joseph Brennemann Elementary School"
882664d893fffff,entertainment,3,2,"artwork, artwork, events_venue","Peace and Justice, Haymarket House"
882664d893fffff,food_drink,4,2,"cafe, restaurant, restaurant, cafe","Dollop Coffee, Bojono's Pizzeria, Loving Heart, Sunflower Bakery & Cafe"
882664d893fffff,grocery,2,1,"convenience, convenience","Clarendon Food Mart, Go Grocer"
882664d893fffff,nightlife,1,1,bar,The Reservoir
882664d893fffff,shopping,1,1,telecommunication,Xfinity
882664d893fffff,transport,2,1,"bicycle_rental, bicycle_rental","Clarendon Ave & Gordon Ter, Clarendon Ave & Junior Ter"
882664d895fffff,automotive,3,3,"car_repair, tyres, car_wash","Al-Medina Auto Repair and Body Shop, Just Tires, National Car Wash"
882664d895fffff,civic_community,3,1,"place_of_worship, place_of_worship, place_of_worship","Saint John Holy Apostolic Assyrian Church, Lakeview Church of Christ, Buddhist Temple of Chicago"
882664d895fffff,education,2,2,"college, library","Saint Augustine College, Bezazian Branch Library"
882664d895fffff,entertainment,5,3,"theatre, artwork, events_venue, theatre, artwork","Uptown Theatre, Uptown Color Wheel, Byline Bank Aragon Ballroom, Riviera Theatre"
882664d895fffff,finance,3,1,"bank, bank, bank","Old National Bank, Citibank, Bank of America"
882664d895fffff,food_drink,26,4,"restaurant, restaurant, restaurant, cafe, restaurant, cafe, restaurant, restaurant, cafe, cafe, restaurant, restaurant, restaurant, cafe, fast_food, fast_food, fast_food, restaurant, coffee, restaurant, restaurant, restaurant, restaurant, restaurant, coffee, restaurant","Munno Pizzeria & Bistro, Phở Việt, Agami, Elevate Coffee, Demera Ethiopian Restaurant, Bambu, Cariño, Chicago Grilled Cheese & Mac Factory, Emerald City Coffee, Ridman’s Coffee, Thai Pastry Restaurant, Lê’s Phở, In-On Thai, Pick Me Up Cafe, Rosati's, Gigio's Pizza, Birrieria Zaragoza, Lindo Guadalajara, Nabala Cafe, Placere Mio, Lao Sze Chuan, Silver Seafood, Carmela's Taqueria, YooYee, Queen Yemeni Coffee, Golden House Restaurant"
882664d895fffff,grocery,5,3,"supermarket, supermarket, alcohol, alcohol, convenience","Tai Nam Market, Park to Shop Supermarket, Provisions Uptown, Sky's Beverage Depot, Fine Food Mart"
882664d895fffff,health,1,1,clinic,Lurie Children's Pediatrics in Uptown
882664d895fffff,nightlife,5,1,"bar, bar, bar, bar, bar","Green Mill Cocktail Lounge, Fat Cat, Uptown Lounge, Carol's Pub, Baton Show Lounge"
882664d895fffff,services,7,3,"beauty, beauty, beauty, hairdresser, hairdresser, hairdresser, post_office","Twin Beauty Salon, Queen, Helen’s Beauty Salon, Spoil Me Hair Salon and Spa, Armand Salon Suites, R Barber Shoppe & Salon, Uptown Post Office"
882664d895fffff,shopping,5,5,"bicycle, furniture, doityourself, wigs, variety_store","Broadway Bikes, New Stars #3, Uptown Ace Hardware, Elim Wigs & Hair, Miniso"
882664d895fffff,transport,3,2,"bicycle_rental, bicycle_rental, fuel","Clark St & Leland Ave, Winthrop Ave & Lawrence Ave, National Car Wash"
882664d897fffff,civic_community,3,2,"fire_station, place_of_worship, place_of_worship","Chicago Fire Department Engine Company 83, Uptown Baptist Church, Saint Mary of the Lake Roman Catholic Church"
882664d897fffff,education,5,3,"school, childcare, childcare, college, school","Chicago Urban Skills Institute, Crown Daycare Center, A Step Ahead Learning Center, Truman College, Saint Mary of the Lake School"
882664d897fffff,entertainment,2,1,"artwork, artwork","Phoenix Rising, From Many Paths We Come"
882664d897fffff,finance,9,5,"bank, atm, bank, atm, bureau_de_change, pawnbroker, bureau_de_change, money_transfer, bank","Huntington Bank, Huntington Bank, PNC Bank, Broadway Montrose Currency Exchange, Just Pawn, CFSC Currency Exchange, MoneyGram, BMO"
882664d897fffff,food_drink,27,4,"fast_food, restaurant, fast_food, fast_food, ice_cream, fast_food, restaurant, cafe, fast_food, restaurant, cafe, fast_food, cafe, restaurant, restaurant, restaurant, restaurant, restaurant, restaurant, restaurant, restaurant, restaurant, cafe, restaurant, fast_food, restaurant, fast_food","Jimmy John's, Hing Wang, Wingstop, Dunkin', Baskin-Robbins, Subway, Selam Ethiopian Kitchen, Downstate Donuts, Subway, Michuu Ethiopian Restaurant, Starbucks, Jakes, Drink Happy Thoughts, Lucy's, Wabi Sabi, A Pizza Pie, Marina's Bistro & Rum Bar, Ragadan, Nigerian Kitchen, Kimchi Pop, Taqueria Diamante, Iyanzé, Stan's Donuts & Coffee, Firebird Grill, Mr. Salsa, The Mukase, Sonic"
882664d897fffff,grocery,5,4,"supermarket, convenience, bakery, alcohol, supermarket","Jewel-Osco, Food Town, My Chocolate Soul, Epic Wine & Spirits, Aldi"
882664d897fffff,health,3,2,"pharmacy, clinic, clinic","CVS Pharmacy, Caring Hands Inc, Chicago Women's Health Center"
882664d897fffff,nightlife,3,1,"bar, bar, bar","Driftwood, Drink and Ink, 2Bears Tavern"
882664d897fffff,services,2,2,"tattoo, hairdresser","Tattoo Factory, 8505 Salon"
882664d897fffff,shopping,6,4,"department_store, variety_store, charity, mobile_phone, mobile_phone, department_store","Target, Dollar Tree, The Salvation Army, Green Star, Metro by T-Mobile, Ross"
882664d897fffff,transport,4,1,"bicycle_rental, bicycle_rental, bicycle_rental, bicycle_rental","Broadway & Wilson Ave, Sheridan Rd & Buena Ave, Sheridan Rd & Montrose Ave"
882664d899fffff,civic_community,1,1,information,
882664d899fffff,entertainment,2,1,"artwork, artwork",Carved Stumps
882664d899fffff,food_drink,1,1,fast_food,Foster Beach Concessions
882664d899fffff,leisure_sports,1,1,sports,Get A Grip Trapeze School
882664d899fffff,shopping,1,1,bicycle,Bike Rentals
882664d89bfffff,finance,1,1,atm,
882664d89bfffff,food_drink,3,2,"fast_food, restaurant, fast_food","The Dock Concession, The Dock at Montrose Beach"
882664d89bfffff,leisure_sports,2,2,"picnic_site, fishing","Lincoln Park - Grove 16, Park Bait Shop"
882664d89bfffff,shopping,1,1,bicycle,Bike Rentals
882664d89bfffff,transport,2,1,"bicycle_rental, bicycle_rental","Lakefront Trail & Wilson Ave, Montrose Harbor"
882664d89dfffff,civic_community,4,2,"social_facility, community_centre, social_facility, social_facility","Chinese Mutual Aid Association, Bosnian Herzogovinian American Community Center, The Breakers at Edgewater Beach, The SelfHelp Home"
882664d89dfffff,education,1,1,school,Goudy Elementary School
882664d89dfffff,entertainment,9,1,"artwork, artwork, artwork, artwork, artwork, artwork, artwork, artwork, artwork","Vietnam, Roots with Diversity, Edgewater Mélange, Argyle-O-Rama, Cornucopia"
882664d89dfffff,finance,2,2,"atm, bank","Bank of America, International Bank of Chicago"
882664d89dfffff,food_drink,39,5,"fast_food, restaurant, restaurant, fast_food, restaurant, ice_cream, cafe, restaurant, restaurant, restaurant, restaurant, restaurant, restaurant, restaurant, restaurant, restaurant, coffee, restaurant, restaurant, restaurant, restaurant, restaurant, restaurant, restaurant, cafe, restaurant, fast_food, cafe, restaurant, cafe, restaurant, cafe, fast_food, fast_food, fast_food, coffee, fast_food, fast_food, cafe","Ba Le, Tweet, Sun Wah Bar-B-Que, Subway, Shan Food, Baskin-Robbins, First Sip Cafe, Phở Xe Tăng (Tank Noodle), Uptown Phở, Nhà Hàng Việt Nam, Hon Kee Restaurant, Phở Loan, Thai Pastry Cafe and Restaurant, Phở 777, Double Happiness, Chinese Lanterns, Boba Teahouse, Cafe Hoang, New Chinatown Restaurant & Coffee Shop, Phở Xe Lửa, Miss Saigon, Phở 888, Hon Kee Restaurant, Hải Yến, Uni Uni, Immm, Chipotle, Starbucks, Buffalo Wild Wings, Fat Miilk Uptown, Kie-Gol-Lanee, The Lost Hours, Panera Bread, Taco Pros, Little Caesers, McDonald's, Dunkin', Uptown Cafe & Gallery"
882664d89dfffff,grocery,17,6,"convenience, bakery, bakery, bakery, bakery, convenience, convenience, dry_food, supermarket, alcohol, convenience, supermarket, convenience, marketplace, supermarket, convenience, supermarket","Rainbow Mart, Chiu Quon Bakery, Hong Xuong Bakery, La Pâtisserie P, Lucks Food, J&A Convenience Store, Argyle Store, Khô Bò, Old World Market, Foremost Liquors, Breakers Pantry, Tiệm Tạp Hóa Việt Hoa, Circle K, Argyle Night Market, Jewel-Osco, BP Shop, Mariano's Fresh Market"
882664d89dfffff,health,8,4,"clinic, doctors, doctors, clinic, pharmacy, dentist, clinic, pharmacy","Advocate Medical Group, Lau Medical, Mini Thương Xá, Mini Thương Xá, Endeavor Health - Immediate Care, CVS Pharmacy"
882664d89dfffff,leisure_sports,1,1,picnic_site,Lincoln Park - Grove 17
882664d89dfffff,lodging,2,1,"hotel, hotel","Aragon Arms Hotel, Northmere Hotel"
882664d89dfffff,nightlife,1,1,bar,Big Chicks
882664d89dfffff,services,9,5,"cosmetics, hairdresser, cosmetics, beauty, beauty, dry_cleaning, hairdresser, dry_cleaning, storage_rental","Shiseido, Salon M, Spa Nail Supply, Tiny, Lakeshore Cleaners, Orlando Salon and Beauty Supply, Safeguard Self Storage"
882664d89dfffff,shopping,18,11,"mobile_phone, gift, jewelry, jewelry, jewelry, interior_decoration, jewelry, video, gift, jewelry, hairdresser_supply, wholesale, mobile_phone, herbalist, video, bed, department_store, pet","Metro by T-Mobile, Tân-Thanh Gift Shop, Kim Hing Jewelry, Heng Heng Jewelry, Kim Long, A Touch of China, Phnom Penh Jewelry, Đức Hùng Video, Dollar Depot, Hoang Kim Jewelry, Hong Kong Beauty Supply, Qideas, Hong Hiep Mobile, Tiệm Thuốc Bắc Vĩnh Hoa, Kim Video, Mattress Firm, Burlington, PetSmart"
882664d89dfffff,transport,5,3,"bicycle_rental, bicycle_rental, car_rental, bicycle_rental, fuel","Broadway & Argyle St, Broadway & Berwyn Ave, Enterprise, BP"
882664d8a1fffff,civic_community,2,1,"place_of_worship, place_of_worship","Saint Hilary Roman Catholic Church, North Shore 7th Day Adventist Church"
882664d8a1fffff,education,2,1,"school, school","7th Day Adventist North Shore School, Jamieson Elementary School"
882664d8a1fffff,transport,2,1,"bicycle_rental, bicycle_rental","Francisco Ave & Foster Ave, Virginia Ave & Catalpa Ave"
882664d8a3fffff,automotive,1,1,car_wash,Snappy's Car Wash
882664d8a3fffff,civic_community,6,2,"place_of_worship, social_facility, place_of_worship, place_of_worship, place_of_worship, place_of_worship","Korean Sae-Ihl Church of Jehovah, Lawrence Hall, Chicago Korean Presbyterian Church, Mikro Kodesh Anshe Tiktin Congregation, Immanuel Evangelical Covenant Church, Saint Demetrios Greek Orthodox Church"
882664d8a3fffff,education,2,2,"childcare, school","Stepping Stones, Budlong Elementary School"
882664d8a3fffff,food_drink,10,3,"restaurant, fast_food, restaurant, cafe, cafe, restaurant, restaurant, restaurant, restaurant, fast_food","Hilltop, Au Bon Pain, Cafe ZoZo, Royal Cafe, Dancen, Jibek Jolu, Primo Chukis Uptown #2, Han Bat Restaurant, Shelly's Tasty Freeze"
882664d8a3fffff,grocery,3,2,"convenience, supermarket, convenience","Food & Liquor Express, HarvesTime Foods, Mobil Mart"
882664d8a3fffff,health,1,1,hospital,Swedish Covenant Hospital
882664d8a3fffff,nightlife,1,1,bar,Atlantic Bar & Grill
882664d8a3fffff,transport,4,2,"bicycle_rental, bicycle_rental, bicycle_rental, fuel","Lincoln Ave & Winona St, Washtenaw Ave & Lawrence Ave, California Ave & Winona St, Mobil"
882664d8a5fffff,automotive,1,1,car_repair,Chicago Car Care
882664d8a5fffff,civic_community,2,1,"place_of_worship, place_of_worship","Korean Evangelical Covenant Church of Chicago, North Park Covenant Church"
882664d8a5fffff,education,5,2,"school, school, university, school, school","Camelot School, North Park Elementary School, Northeastern Illinois University, Peterson Elementary School, Northside College Preparatory High School"
882664d8a5fffff,entertainment,2,2,"artwork, studio",WTTW Studios
882664d8a5fffff,food_drink,7,4,"restaurant, coffee, cafe, cafe, restaurant, cafe, fast_food","Bryn Mawr Breakfast Club, Baba’s Coffee, Java & Mug Cafe, Outdoor Cafe, Midori, Cafe Descartes, NEIU Cafeteria"
882664d8a5fffff,grocery,3,2,"bakery, convenience, convenience","BBC Bakery, BP Shop, 7-Eleven"
882664d8a5fffff,nightlife,1,1,bar,Big Hill Bar & Grill
882664d8a5fffff,shopping,1,1,bicycle,Cog Cycles
882664d8a5fffff,transport,3,2,"bicycle_rental, bicycle_rental, fuel","St. Louis Ave & Balmoral Ave, Kedzie Ave & Bryn Mawr Ave, BP"
882664d8a7fffff,automotive,1,1,car_wash,Shell
882664d8a7fffff,civic_community,4,3,"place_of_worship, place_of_worship, community_centre, social_facility","Chicago Korean Seventh Day Adventist Church, Korean Evangelical Covenant Church, Albany Park Community Center, Darul Amaan Senior Apartments"
882664d8a7fffff,education,7,3,"school, school, university, library, school, school, school","Edison Regional Gifted Center, Albany Park Multicultural Elementary, North Park University, Brandel Library, Hibbard Elementary School, Von Steuben Metropolitan High School"
882664d8a7fffff,finance,2,2,"atm, bank",Chase
882664d8a7fffff,food_drink,10,4,"restaurant, fast_food, ice_cream, fast_food, restaurant, restaurant, cafe, fast_food, fast_food, fast_food","Tre Kronor, Dunkin', Baskin-Robbins, Domino's, Halal Inn, Antepli Turkish Gourmet, Shibam Coffee, Charcoal Delights, McDonald's, Subway"
882664d8a7fffff,grocery,2,2,"supermarket, convenience","Sahar International Market, Shell"
882664d8a7fffff,lodging,1,1,guest_house,
882664d8a7fffff,services,1,1,post_office,DHL Express Service Point Chicago
882664d8a7fffff,shopping,2,2,"general, jewelry","The Sweden Shop, Baladna Jewelry"
882664d8a7fffff,transport,3,2,"bicycle_rental, bicycle_rental, fuel","Kedzie Ave & Foster Ave, North Shore Channel Trail & Argyle St, Shell"
882664d8a9fffff,automotive,1,1,car_repair,"Hollywood Services, Inc."
882664d8a9fffff,civic_community,8,3,"information, information, place_of_worship, place_of_worship, place_of_worship, place_of_worship, social_facility, place_of_worship","Saint Philip Evangelical Lutheran Church, Masjid Darul-Qur'an, Saint Ephrems Roman Catholic Church, Mount Calvary Lutheran Church, Japanese American Service Committee, Holy Nativity Romanian Orthodox Church"
882664d8a9fffff,education,4,2,"school, library, school, school","Bais Yaakov School, Budlong Woods Library Branch, Saint Hilary School, Saint Philip School"
882664d8a9fffff,entertainment,1,1,viewpoint,
882664d8a9fffff,food_drink,3,2,"fast_food, fast_food, restaurant","Dunkin', Tacos los Primos, Afghan Bamyan Kabob"
882664d8a9fffff,grocery,3,2,"bakery, convenience, convenience","Mariegold Bakery and Fast, 7-Eleven, Marathon"
882664d8a9fffff,lodging,3,1,"motel, motel, motel","Guest House Motel, Apache Motel, O-Mi Motel"
882664d8a9fffff,nightlife,2,1,"bar, bar","Greenlight Korean Pub & Karaoke, Black Sheep"
882664d8a9fffff,shopping,1,1,motorcycle,Second City Scooters
882664d8a9fffff,transport,4,2,"bicycle_rental, bicycle_rental, bicycle_rental, fuel","Budlong Woods Library, Maplewood Ave & Peterson Ave, Ardmore Ave & Western Ave, Marathon"
882664d8abfffff,automotive,1,1,car_repair,Car-X
882664d8abfffff,civic_community,3,3,"fire_station, place_of_worship, police","Chicago Fire Department Engine Company 110, Bowmanville Baptist Church, Chicago Police Department 20th District"
882664d8abfffff,finance,1,1,atm,
882664d8abfffff,food_drink,11,5,"restaurant, fast_food, cafe, cafe, cafe, fast_food, ice_cream, fast_food, cafe, fast_food, coffee","San Soo Gab San, Dunkin', Cafe Utjeha, Bel-Ami, The Priory Bar & Kitchen, Subway, Baskin-Robbins, Krispy Krunchy Chicken, Café Más, Quick Bite, Bel-Ami"
882664d8abfffff,grocery,5,3,"bakery, convenience, convenience, convenience, supermarket","Mekato’s Colombian Bakery, Mart of 60645, Firehouse Pantry, 7-Eleven, Tony's Fresh Market"
882664d8abfffff,health,1,1,pharmacy,Walgreens
882664d8abfffff,lodging,2,1,"motel, motel","Diplomat Motel, Summit Motel"
882664d8abfffff,nightlife,2,1,"bar, bar","Lincoln Karaoke, Claddagh Ring"
882664d8abfffff,services,2,2,"tattoo, funeral_directors","Fudo Tattoo, Drake & Son Funeral Home"
882664d8abfffff,shopping,5,5,"garden_centre, variety_store, mobile_phone, bicycle, chemist","City Grange, Dollar Tree, AT&T, Your Community Bike Shop, Walgreens"
882664d8abfffff,transport,3,2,"fuel, fuel, bus_station","Shell, Mobil, Western & Berwyn Terminal"
882664d8adfffff,automotive,1,1,car_repair,"Phil & Ted's Service, Inc."
882664d8adfffff,civic_community,3,1,"place_of_worship, place_of_worship, place_of_worship","Congregation Beth Shalom Ahavas Achim, Church of Christ Presbyterian, Islamic Center of Chicago"
882664d8adfffff,education,3,3,"language_school, kindergarten, school","Peiraikon Hellenic School, Creative Kidz Learning Center, Mather High School"
882664d8adfffff,finance,2,1,"bank, bank","Bank of America, Huntington Bank"
882664d8adfffff,food_drink,7,3,"fast_food, fast_food, restaurant, ice_cream, fast_food, fast_food, fast_food","Potbelly, Chipotle, IHOP, Rita's Italian Ice, McDonald's, Chipotle, Culver's"
882664d8adfffff,health,2,2,"pharmacy, doctors","Walgreens, Resurrection Health Care Medical Office Building"
882664d8adfffff,lodging,1,1,motel,Rodeway Inn
882664d8adfffff,services,1,1,hairdresser,Supercuts
882664d8adfffff,shopping,2,2,"bed, florist","Bedding Experts Clearance Center, Blooming City Flowers"
882664d8adfffff,transport,3,1,"bicycle_rental, bicycle_rental, bicycle_rental","Lincoln Ave & Peterson Ave, Richmond Ave & Lincoln Ave, Francisco Ave & Hollywood Ave"
882664d8b1fffff,civic_community,6,2,"place_of_worship, place_of_worship, place_of_worship, place_of_worship, community_centre, place_of_worship","Seventh Day Adventist Church - Spanish North, Christian Community Church, Chùa Quang Minh, Ravenswood Baptist Church, Levy Senior Center, Ravenswood United Church of Christ"
882664d8b1fffff,education,7,4,"childcare, library, music_school, music_school, school, school, school","LFC*daycare, Sulzer Regional Library, Old Town School of Folk Music, Old Town School of Folk Music East Building, North Park Elementary School, Lycée Francais, La salle d'SNT"
882664d8b1fffff,entertainment,1,1,arts_centre,Bunny Ears Art House
882664d8b1fffff,finance,1,1,atm,
882664d8b1fffff,food_drink,39,5,"cafe, restaurant, restaurant, fast_food, restaurant, cafe, fast_food, restaurant, restaurant, restaurant, restaurant, restaurant, restaurant, cafe, restaurant, restaurant, confectionery, restaurant, restaurant, restaurant, cafe, restaurant, restaurant, fast_food, fast_food, restaurant, restaurant, restaurant, restaurant, restaurant, restaurant, fast_food, restaurant, ice_cream, restaurant, restaurant, restaurant, restaurant, fast_food","Starbucks, La Amistad, Bayan Ko Diner, Budacki's, Chicago's Pizza, Starbucks, Subway, Marmalade, Il Milanese, Daily Bar and Grill, Essence of India, Gideon Welles, Bloop Bloop, The Perfect Cup, Aroy Thai, Luella's Southern Kitchen, Amy’s Candy Bar, The Warbler, XOchimilco Mexican Restaurant, La Boulangerie & Co, Taqueria El Asadero, Menya Goku, Culver's, Slim's Chicago, Miku Sushi, Royal Thai, Pasta Bowl, Caro Mio, Pita Express, Anna's Thai Kitchen Restaurant, Small Cheval, Bistro Campagne, Teddy's Ice Cream, Plenty, Union Dumpling House, Lou Malnati's Pizzeria, Cobblestone Restaurant, LFC Cafeteria and Handcut foods"
882664d8b1fffff,grocery,6,4,"convenience, bakery, alcohol, supermarket, bakery, convenience","Best Buy Food & Liquor, Cookie Spin, Fountainhead Market, L&M Fine Foods, Del Sur Bakery, Mobil Mart"
882664d8b1fffff,health,2,2,"dentist, veterinary","Lincoln Square Orthodontics, Lincoln Square Animal Hospital"
882664d8b1fffff,leisure_sports,1,1,dojo,Aikido Center Midwest
882664d8b1fffff,nightlife,6,2,"pub, pub, bar, bar, bar, bar","Platform 47, Farm Bar, The Ravenswood Tavern, Wolcott Tap, Oakwood 83, Cobblestone"
882664d8b1fffff,services,5,4,"post_office, hairdresser, laundry, dry_cleaning, hairdresser","Finance Station T - Post Office, The Attractivators, Foremost Cleaners, Montrose Cleaners, Ankedo's Style Hair Salon"
882664d8b1fffff,shopping,10,8,"houseware, bicycle, clothes, brewing_supplies, books, art, collector, gift, clothes, gift","Hazel, Turin Bicycle, Hazel Apparel, Gnome Brew, Ravenswood Used Books, iCraft, Elite Sports Cards & Comics, Bad Luck Club, Traipse, Celtica Gifts"
882664d8b1fffff,transport,5,2,"bicycle_rental, bicycle_rental, bicycle_rental, bicycle_rental, fuel","Damen Ave & Leland Ave, Damen Ave & Sunnyside Ave, Lincoln Ave & Sunnyside Ave, Wolcott (Ravenswood) Ave & Montrose Ave, Mobil"
882664d8b3fffff,automotive,1,1,car_repair,AUTOHaus
882664d8b3fffff,civic_community,4,1,"place_of_worship, place_of_worship, place_of_worship, place_of_worship","Nichiren Buddhist Temple, Korean Presbyterian Church of Chicago, Pilgrim Lutheran Church, Lakeview Congregation of Jehovahs Witnesses"
882664d8b3fffff,education,2,2,"school, music_school","Pilgrim Lutheran School, LYRIQ Music School"
882664d8b3fffff,entertainment,3,2,"artwork, artwork, theatre",Bughouse Theater
882664d8b3fffff,finance,7,2,"atm, bank, atm, bank, bank, bank, bank","Bank of America, Wintrust Bank, Fifth Third Bank, WinTrust Bank, Fifth Third Bank, PNC Bank"
882664d8b3fffff,food_drink,23,6,"cafe, fast_food, restaurant, cafe, cafe, cafe, cafe, restaurant, restaurant, restaurant, restaurant, restaurant, ice_cream, restaurant, restaurant, cafe, restaurant, fast_food, restaurant, pastry, restaurant, coffee, restaurant","Starbucks, Subway, El Llano Restaurant - Northcenter, Savanna Restaurant, Pide Ve Lahmacun, Red Eyes Coffee, Ritual Coffeehouse, Tuscan Hen Market, Mrs. Murphy & Sons Irish Bistro, Pupuseria El Centroamericano, Early Morning Delight, Orange Garden, Xurro, Irene's, Indian Clay Pot, I-Cafe, Ekiben, Captain Shrimp, North Center Prime, Mochi Donut, Poke Burrito, Bad Coffee, Diner Grill"
882664d8b3fffff,grocery,4,3,"alcohol, convenience, convenience, health_food","Bottles and Cans, Lucky Mini Mart, Houston Liquor and Food Inc, Cloud 9"
882664d8b3fffff,health,10,4,"pharmacy, doctors, doctors, dentist, dentist, dentist, veterinary, doctors, veterinary, doctors","CVS Pharmacy, MinuteClinic, Chicago Pediatric Clinic, Dental Clinic, Allure Dental, Affinity Dental, VSx Veterinary Surgery, Family Doctor Medical Center, Precious Bond Animal Hospital, Nava Segall MD Pediatrics"
882664d8b3fffff,nightlife,14,2,"bar, bar, bar, bar, bar, bar, bar, bar, bar, bar, bar, bar, pub, bar","The Victor Bar, Resi’s Bierstube Restaurant, The Globe Pub, Begyle Brewing, Brownstone Tavern & Grill, Savemore Liquors, Maderos Latin Grill & Bar, O’Donovan’s, The Rambler Kitchen & Tap, Black Eagle Club, Raizes Mexican Cocktail Bar, Apero Wine Bar, Silvie's, Brownstone"
882664d8b3fffff,services,17,6,"beauty, tattoo, hairdresser, dry_cleaning, dry_cleaning, beauty, beauty, hairdresser, beauty, beauty, hairdresser, tattoo, hairdresser, pet_grooming, pet_grooming, hairdresser, post_office","Ruby Nails in Chicago, Dwelling Tattoo, Fox Hair, Ann Cleaners, Nuri's Cleaners & Tailor, Holy Nails, The Parlor Beauty Lounge, Fringe & Flora, TT Nails, Yeimi's Beauty Salon Inc, Hair Apothecary, Indelible Tattoo, Revere Hair Studio, Lovely Pets Chicago, Zulu, Fernwood, The UPS Store"
882664d8b3fffff,shopping,13,9,"mobile_phone, mobile_phone, furniture;appliance, clothes, toys, furniture, mobile_phone, art, jewelry, jewelry, clothes, chemist, doityourself","AT&T, T-Mobile, Cole's Appliance & Furniture, Kidz Max, Kangaroo Kids, SeatingHub, Cell Phone Repair, Larry Roberts Chicago, Tytin, A-1 Jewelry & Coin, Embellish, CVS Pharmacy, Lakeview Ace Hardware"
882664d8b3fffff,transport,3,1,"bicycle_rental, bicycle_rental, bicycle_rental","Lincoln Ave & Belle Plaine Ave, Ravenswood Ave & Berteau Ave, Ravenswood Ave & Irving Park Rd"
882664d8b5fffff,automotive,1,1,car_parts,AutoZone
882664d8b5fffff,civic_community,4,2,"place_of_worship, community_centre, community_centre, place_of_worship","Luther Memorial Church of Chicago, Queen of Angels Guild Hall, DANK Haus, Queen of Angels Roman Catholic Church"
882664d8b5fffff,education,2,1,"school, school","Waters Elementary School, Queen of Angels School"
882664d8b5fffff,entertainment,2,2,"cinema, artwork","Davis Theater, Lincoln Square Gateway"
882664d8b5fffff,finance,2,2,"atm, bank","Fifth Third Bank, Albank"
882664d8b5fffff,food_drink,24,4,"restaurant, restaurant, restaurant, fast_food, fast_food, cafe, cafe, restaurant, restaurant, restaurant, restaurant, cafe, cafe, fast_food, restaurant, restaurant, restaurant, restaurant, fast_food, restaurant, deli, cafe, cafe, fast_food","The Wild Goose Bar & Grill, Pizza Art Cafe, Willow Cafe and Bistro, Market Square, Potbelly, Albert’s Place Turkish Cafe, Coffee Slasticarna Drina, Sweet Pepper Venezuelan Food Bar, Isla Pilipina, Atelier Resturaunt, Monti’s, Olympic Club, Oromo Cafe, Dunkin', Dimo's Cafe, Rolls N Bowls, Jimmy's  Pizza Cafe, Jerry's Sandwiches, Little Caesars, Pastores, Gene's Sausage Shop & Delicatessen, Hello Jasmine, Beans & Bagels, Burger King"
882664d8b5fffff,grocery,8,4,"bakery, bakery, bakery, bakery, marketplace, wine, convenience, convenience","Miller Bagel, Hellas Pastry Shop, Lutz Cafe & Pastry Shop, Nhu Lan Saigon Subs, Lincoln Square Farmers Market, Augusta Food and Wine, Piccadilly Market, 7-Eleven"
882664d8b5fffff,health,3,3,"clinic, dentist, hospital","Lincoln Sqaure Medical Center, Kindred Hospital Chicago (North Campus)"
882664d8b5fffff,leisure_sports,1,1,outdoor,Gearhead Outfitters
882664d8b5fffff,nightlife,4,1,"bar, bar, bar, bar","Spyners Pub, Loafers, Ricochet's, Carola's Hansa Clipper"
882664d8b5fffff,services,8,5,"cosmetics, dry_cleaning, hairdresser, beauty, hairdresser, beauty, beauty, post_office","Merz Apothecary, Forest Cleaners, Barbershop, GET NAIL'D Nails & Spa, Shear Image, Lena Rose Beauty, Lena Rose Beauty, Ravenswood Post Office"
882664d8b5fffff,shopping,6,6,"music, art, books, bed, shoes, variety_store","Laurie's Planet of Sound, Midwest Nice, The Book Cellar, American Mattress, Fleet Feet, Dollar Tree"
882664d8b5fffff,transport,6,4,"car_sharing, car_rental, bicycle_rental, bicycle_rental, bicycle_rental, bus_station","SP Parking, Western Ave & Leland Ave, Rockwell St & Eastwood Ave, Campbell Ave & Montrose Ave, Western Brown Line Station"
882664d8b7fffff,automotive,2,1,"car_repair, car_repair","Auto Service, Montrose Shell Service Center"
882664d8b7fffff,education,1,1,school,Coonley Elementary School
882664d8b7fffff,entertainment,1,1,studio,Delmark Records
882664d8b7fffff,food_drink,15,4,"restaurant, restaurant, restaurant, restaurant, restaurant, restaurant, restaurant, restaurant, restaurant, cafe, restaurant, restaurant, fast_food, restaurant, ice_cream","The Bad Apple, Alexander’s Restaurant, Chayhana, Amano Bistro, Taqueria 5 de Mayo, Moonbowls, Kraken Sushi, Mi Fogata, Cho Sun Ok Restaurant, Elderberries Threefold Café, Armand's Pizzeria, Boonie's, Dunkin', Alfarsi, Baskin-Robbins"
882664d8b7fffff,grocery,6,3,"bakery, convenience, convenience, supermarket, convenience, supermarket","Au Levain, To Go, The Mart at Mobil, Aldi, Stop & Snack at Chicago, Jewel-Osco"
882664d8b7fffff,health,3,3,"hospital, clinic, pharmacy","Action Behavior Centers - ABA Therapy for Autism, Advocate Medical Group Primary Care, Walgreens"
882664d8b7fffff,nightlife,3,2,"pub, bar, bar","Hop Butcher For The World, Gannon’s Pub"
882664d8b7fffff,services,2,2,"repair, hairdresser","Chicago Fret Works Guitar and Amp Repair, Hairapy"
882664d8b7fffff,shopping,3,3,"second_hand, houseware, tailor","Mission Possible, Northside Cutlery, Garcia's Tailor Shop and Alterations"
882664d8b7fffff,transport,4,2,"bicycle_rental, fuel, fuel, fuel","Oakley Ave & Irving Park Rd, Shell, BP, Mobil"
882664d8b9fffff,automotive,1,1,car_repair,Alba Auto Service
882664d8b9fffff,civic_community,6,3,"information, information, social_facility, social_facility, place_of_worship, place_of_worship","Bethany Retirement Community, Northeast (Levy) Senior Center, Chicago Northside Church of the Nazarene, Ravenswood Evangelical Covenant Church"
882664d8b9fffff,education,2,2,"university, school","Advantage Academy of DeVry University, McPherson Elementary School"
882664d8b9fffff,entertainment,1,1,artwork,Sunflowers
882664d8b9fffff,finance,2,2,"atm, bank","Bank of America, Chase"
882664d8b9fffff,food_drink,14,5,"restaurant, restaurant, ice_cream, fast_food, cafe, fast_food, restaurant, cafe, restaurant, pastry, restaurant, fast_food, fast_food, restaurant","Ravenswood Breakfast House, Garcia's Restaurant, Baskin-Robbins, Jersey Mike's Subs, Sweet Moon, Krasy Taco Stop, Falcon's Handcrafted Sandwiches, Colective Coffee, Pollo Express, Nothing Bundt Cakes, CoCo Vietnamese Sandwiches & Pho, Byron's Hot Dogs, Dunkin', Golden Nugget Pancake House"
882664d8b9fffff,grocery,6,4,"supermarket, bakery, bakery, alcohol, convenience, convenience","Mariano's Fresh Market, M & A Bakery, R&A Bread Bakers, Shell, 7-Eleven"
882664d8b9fffff,health,4,4,"pharmacy, clinic, hospital, doctors","CVS Pharmacy, NorthShore Immediate Care, Thorek Memorial Hospital Andersonville, Lakeshore Cancer Treatment Center"
882664d8b9fffff,leisure_sports,2,2,"hobby, picnic_site",Magic Inc.
882664d8b9fffff,lodging,1,1,hotel,The Guesthouse Hotel
882664d8b9fffff,nightlife,2,2,"bar, pub","Nob’s Wine Bar, Cultivate by Forbidden Root"
882664d8b9fffff,shopping,5,3,"second_hand, mobile_phone, mobile_phone, mobile_phone, hardware","Village Discount Outlet, AT&T, Cricket Wireless, Delta Mobile, Crafty Beaver"
882664d8b9fffff,transport,4,3,"car_sharing, bicycle_rental, fuel, fuel","Ravenswood Ave & Lawrence Ave, Mobil, Shell"
882664d8bbfffff,automotive,1,1,car_repair,Auto Repair
882664d8bbfffff,civic_community,6,1,"place_of_worship, place_of_worship, place_of_worship, place_of_worship, place_of_worship, place_of_worship","All Saints Episcopal Church, Chicago Chinese Baptist Church, Philadelphia Romanian Church of God, Bethany United Church of Christ, Ravenswood United Methodist Church, Our Lady of Lourdes Roman Catholic Church"
882664d8bbfffff,education,5,4,"language_school, prep_school, music_school, school, school","German International School Chicago, Mathnasium, ACM School of Music, Ravenswood Elementary School, Courtenay Language Arts Center"
882664d8bbfffff,entertainment,3,3,"museum, arts_centre, theatre","The Haitian American Museum of Chicago, Lillstreet Art Center, Black Ensemble Theater"
882664d8bbfffff,food_drink,17,5,"restaurant, restaurant, restaurant, restaurant, cafe, restaurant, cafe, restaurant, ice_cream, fast_food, ice_cream, fast_food, fast_food, restaurant, restaurant, restaurant, coffee","Bayan Ko, Urban Vegan, Fin, BienMeSabe, First Slice, Spacca Napoli, Spoken Cafe, Tiztal Cafe, Margie’s Candies, Dunkin', Baskin-Robbins, Subway, Sarpino's Pizzeria, Crushed Pizzeria, Disco Taco, Falafel & Grill, Dollop Coffee Co."
882664d8bbfffff,grocery,3,2,"alcohol, alcohol, convenience","Rayan's Discount Liquor, Rayan's Liquors, 7-Eleven"
882664d8bbfffff,health,1,1,pharmacy,Walgreens
882664d8bbfffff,leisure_sports,1,1,dojo,Taoist Tai Chi Society
882664d8bbfffff,nightlife,3,1,"bar, bar, bar","O'Shaughnessy's, Max’s Place, My Buddy’s"
882664d8bbfffff,services,1,1,storage_rental,Public Storage
882664d8bbfffff,shopping,5,5,"gift, toys, clothes, chemist, stationery","Lillstreet Gallery & Artisan Gift Shop, Cloud & Bunny, Monitor Formalwear, Walgreens, Staples"
882664d8bbfffff,transport,2,1,"bicycle_rental, bicycle_rental","Clark St & Montrose Ave, Paulina St & Montrose Ave"
882664d8bdfffff,automotive,1,1,car_repair,Lincoln Square Service
882664d8bdfffff,civic_community,1,1,place_of_worship,Saint Matthias Catholic Church
882664d8bdfffff,education,3,2,"school, childcare, school","Saint Matthias School, Montessori Gifted Prep"
882664d8bdfffff,entertainment,2,1,"artwork, artwork","The Chicago Lincoln, Lincoln Square Gateway"
882664d8bdfffff,finance,2,1,"bank, bank","Fifth Third Bank, Wintrust Bank Ravenswood"
882664d8bdfffff,food_drink,19,5,"restaurant, restaurant, cafe, restaurant, cafe, restaurant, cafe, restaurant, restaurant, restaurant, restaurant, ice_cream, restaurant, restaurant, ice_cream, food_sharing, fast_food, fast_food, restaurant","Artango, City Skyline Chicago, Garcia's, Dorothy’s Can Do Cafe, Atelier Restaurant, Geraldine’s, Himmel's, Capriccio, Cluck'N Wings, Vaca's Creamery, Artango Bar & Steakhouse, Kanlaya, Sideshow Gelato, McDonald's, Wendy's, Borelli's Pizza"
882664d8bdfffff,grocery,4,3,"spices, alcohol, bakery, alcohol","Savory Spice Shop, Cardinal Wine & Spirit, Hilary’s Cookies, Winnemac Liquor Store"
882664d8bdfffff,services,1,1,hairdresser,Great Clips
882664d8bdfffff,shopping,8,8,"chemist, shoes, jewelry, toys, pet, tobacco, florist, mobile_phone","Walgreens, Fleet Feet, Stanley Brown Jewelist, Timeless Toys, Ruff Haus Pets, Smoke Square, Floral Supplies, T-Mobile"
882664d8bdfffff,transport,2,1,"bicycle_rental, bicycle_rental","Leavitt St & Lawrence Ave, Western Ave & Gunnison St"
882664d8c1fffff,civic_community,8,3,"social_centre, social_centre, social_centre, social_centre, social_centre, place_of_worship, place_of_worship, social_facility","Tau Kappa Epsilon, Sigma Chi, Tau Kappa Epsilon, Beta Theta Pi, Sigma Chi, Saint Ignatius Roman Catholic Church, Kingdom Hall of Jehovah's Witnesses, Farwell House"
882664d8c1fffff,education,4,1,"school, school, school, school","Chicago Waldorf School - Buttercup Room, Chicago Waldorf School, Sullivan High School, Kilmer Elementary School"
882664d8c1fffff,entertainment,16,4,"theatre, theatre, cinema, arts_centre, artwork, artwork, artwork, artwork, artwork, artwork, artwork, artwork, artwork, artwork, artwork, theatre","Saint Ignatius Auditorium, Rhapsody Theater, The New 400 Movie Theaters, PO Box Collective, Mile of Murals, Mile of Murals, Mile of Murals, Mile of Murals, Mile of Murals, Mile of Murals, Pride Flag, Mile of Murals, Mile of Murals, Towards the nature of light, Lifeline Theatre"
882664d8c1fffff,finance,3,3,"bank, money_transfer, atm","BMO, Morse Currency Exchange, Bank of America"
882664d8c1fffff,food_drink,24,3,"cafe, fast_food, cafe, cafe, cafe, restaurant, restaurant, restaurant, restaurant, restaurant, restaurant, restaurant, restaurant, restaurant, fast_food, restaurant, restaurant, fast_food, restaurant, cafe, restaurant, restaurant, restaurant, fast_food","Common Cup, Chipotle, Starbucks, Royal Coffee, XO Marshmallow, bopNgrill, Rice Thai Cafe, Twisted Tapas, Great Wall, Roger's Wing, Kimchi Pop, South Of The Border Restaurant & Bar, Asahi Roll, Blaze Pizza, Raising Cane's, Los Portales, Asian Station, Morse Gyros, Taichi Bubble Tea, Khmai Restaurant, J.B. Alberto's, Giordano's Pizzeria, Dunkin'"
882664d8c1fffff,grocery,5,3,"supermarket, convenience, alcohol, convenience, convenience","Morse Fresh Market, 7-Eleven, Morse Liquor, Food Mart, 7-Eleven"
882664d8c1fffff,lodging,1,1,hotel,Hampton Inn Chicago North-Loyola Station
882664d8c1fffff,nightlife,3,1,"bar, bar, bar","Brunos Lounge, Rogers Park Social, Oasis"
882664d8c1fffff,services,2,2,"laundry, tattoo","Bubble City, Weird Girl Ink"
882664d8c1fffff,shopping,6,6,"gift, variety_store, books, esoteric, e-cigarette, florist","Rogers Park Provisions, Family Dollar, The Armadillo's Pillow Bookstore, Malliway Bros., Vape & Dope, Rogers Park Florist"
882664d8c1fffff,transport,3,1,"bicycle_rental, bicycle_rental, bicycle_rental","Glenwood Ave & Morse Ave, Sheridan Rd & Columbia Ave, Sheridan Rd & Loyola Ave"
882664d8c3fffff,automotive,2,2,"car_wash, car_repair",
882664d8c3fffff,civic_community,7,4,"information, information, information, social_centre, place_of_worship, place_of_worship, police","Delta Sigma Phi, Ismaili Center, Madonna Della Strada Chapel, Lyola Campus Police"
882664d8c3fffff,education,4,3,"university, library, library, school","Loyola University Chicago, Cudahy Library, Information Commons, Sacred Heart Schools"
882664d8c3fffff,entertainment,13,1,"artwork, artwork, artwork, artwork, artwork, artwork, artwork, artwork, artwork, artwork, artwork, artwork, artwork","Lunar Disc I, Los Lobos de Loyola, Chinese Armillary, Arnold J. Damen, S.J., Wounded Angel, Granville Avenue Buildings"
882664d8c3fffff,finance,4,2,"bank, bank, bank, pawnbroker","Currency Exchange, Chase, Bank of America, Cash America Pawn"
882664d8c3fffff,food_drink,32,4,"cafe, restaurant, fast_food, restaurant, restaurant, fast_food, fast_food, fast_food, restaurant, restaurant, cafe, cafe, pastry, fast_food, cafe, fast_food, fast_food, cafe, restaurant, restaurant, fast_food, fast_food, cafe, restaurant, fast_food, fast_food, fast_food, cafe, cafe, fast_food, fast_food, restaurant","Metropolis Coffee, Ann Sather, Subway, Falafel Kebab, Pete's Pizza, Jimmy John's, Potbelly, Taco Bell, Cafe Nova, Dak, Rivers & Roads, Gordo’s, Insomnia Cookies, Subway, Connections Café, Chi Tea, Tropical Smoothie Cafe, Gong Cha, YATAI Asian Street Food, Eggs With Benefits, Auntie Anne's, Auntie Anne's, TBaar - Chicago, Flaco's Tacos, McDonald's, Dunkin', Popeyes, The Waterfront Cafe, Starbucks, Dunkin', Dunkin', Gino's North"
882664d8c3fffff,grocery,4,2,"convenience, supermarket, convenience, convenience","Aldi, 7-Eleven, INS Market"
882664d8c3fffff,health,4,3,"veterinary, pharmacy, clinic, pharmacy","Broadway Animal Hospital, Walgreens, Physicians Immediate Care, CVS Pharmacy"
882664d8c3fffff,lodging,1,1,hotel,The Flats at Loyola Station
882664d8c3fffff,nightlife,3,1,"bar, bar, bar","Granville Anvil, Sovereign Liquors, Ireland’s Pub"
882664d8c3fffff,services,2,2,"post_office, beauty","The UPS Store, U N Joy"
882664d8c3fffff,shopping,6,5,"charity, mobile_phone, chemist, department_store, antiques, mobile_phone","Resale - Second Hand etc, T-Mobile, CVS Pharmacy, Target, Andy’s Art, Antiques & Oddities, Verizon"
882664d8c3fffff,transport,1,1,bicycle_rental,Broadway & Granville Ave
882664d8c5fffff,civic_community,6,1,"place_of_worship, place_of_worship, place_of_worship, place_of_worship, place_of_worship, place_of_worship","Living Water Community Church, Solid Foundation Ministry, Al-Madinah Islamic Center, Saint Jerome Roman Catholic Church, International Krishna Consciousness, United Church of Rogers Park"
882664d8c5fffff,education,3,2,"school, library, school","St. Jerome School, Rogers Park Branch Library, New Field Elementary School"
882664d8c5fffff,finance,2,2,"bank, pawnbroker","Byline Bank, Cash America Pawn"
882664d8c5fffff,food_drink,19,3,"restaurant, restaurant, restaurant, restaurant, restaurant, restaurant, restaurant, restaurant, fast_food, ice_cream, fast_food, fast_food, restaurant, restaurant, restaurant, fast_food, ice_cream, restaurant, fast_food","Tamales Lo Mejor De Guerrero, El Sabor Pobloano, La Choza Mexican Grill, Birriería Y Carnitas El Gallito, Denden Restaurant, El Famous Burrito, Rocky's Tacos, Krishna Lunch, Dunkin', Paleteria Las Delicias de Michoacán, Wingstop, Little Caesars, Taqueria El Dorado, Urban Tables, Honeybear Cafe, Vicky's Cafe, La Michoacana, Sebastian’s Coffee and Bakery, McDonald's"
882664d8c5fffff,grocery,6,4,"bakery, alcohol, bakery, bakery, supermarket, grocery","Smack Dab Bakery, Rogers Park Fine Wine and Spirits, Panaderia Ayutla, Panaderia Evita, Wild Onion Market, Casa Roman Food & Liquors"
882664d8c5fffff,health,2,1,"dentist, dentist",Dental 360
882664d8c5fffff,nightlife,1,1,bar,Silvana Bar
882664d8c5fffff,services,4,4,"beauty, tattoo, laundry, post_office","Theta Tattoo, Bubble Express, Order Express"
882664d8c5fffff,shopping,10,7,"pet, paint, mobile_phone, mobile_phone, mobile_phone, clothes, cannabis, variety_store, mobile_phone, furniture","Bark Place, Metro by T-Mobile, Boost Mobile, Cricket Wireless, All For Kids, Perception Cannabis, Dollar Value Plus, Total by Verizon, J. Miller Handcrafted Furniture"
882664d8c5fffff,transport,3,1,"bicycle_rental, bicycle_rental, bicycle_rental","Clark St & Lunt Ave, Clark St & Columbia Ave, Warren Park East"
882664d8c7fffff,automotive,2,2,"car_repair, car_parts","Clark Tire Service, AutoZone"
882664d8c7fffff,civic_community,5,5,"community_centre, social_facility, place_of_worship, social_centre, police","Chicago Industrial Arts and Design Center, Centro Romero, Eritrean Orthodox Tewahdo Church of Saint Mary, Delta Sigma Phi - Epsilon Kappa, Chicago Police Department 24th District"
882664d8c7fffff,education,4,2,"school, library, school, school","Lawrence Hall School for Boys, Gerber/Hart Library and Archives, Hayt Elementary School, Northside Catholic Academy"
882664d8c7fffff,entertainment,4,4,"artwork, events_venue, theatre, museum","Jetty, Firehouse Chicago, Raven Theatre, Leather Archives and Museum"
882664d8c7fffff,food_drink,13,4,"restaurant, restaurant, restaurant, coffee, restaurant, fast_food, restaurant, ice_cream, fast_food, restaurant, fast_food, restaurant, fast_food","Taqueria El Chorrito, Sauce And Bread Kitchen, Taste of Peru, Kyoto coffee, El Pulpo Loco Restaurant, Subway, George's Deep Dish, Baskin-Robbins, Burger Bite, Alexander's, Dunkin', Cozy Corner, Domino's"
882664d8c7fffff,grocery,10,4,"convenience, bakery, bakery, convenience, convenience, convenience, alcohol, convenience, supermarket, convenience","La Unica Food Mart, Co-Op Sauce, Crumb, Marathon, Citgo, 2P's Smoke Shop, Lian's Liquors & Grocery, SKM Convenience, Devon Market, Shell"
882664d8c7fffff,health,4,4,"pharmacy, dentist, veterinary, clinic","Walgreens, Devon Dental, VCA Animal Hospital, Howard Brown Health Clark"
882664d8c7fffff,nightlife,11,3,"bar, bar, bar, bar, erotic, bar, bar, nightclub, bar, bar, erotic","Cunneen’s, Fritzy’s Tavern, Gracie O'Malleys, Touche, Leather 64ten, Dino's Bar, Whiskey Girl Tavern, Jackhammer, Memories, Randall's Pub, Red Vault"
882664d8c7fffff,services,13,8,"travel_agency, laundry;dry_cleaning, hairdresser, beauty, beauty, hairdresser, laundry, dry_cleaning, dry_cleaning, dry_cleaning, storage_rental, post_office, storage_rental","Pleasant Travel, Discount Laundry, Ebenezer Family Beauty Salon, Esmeralda, Princess Nails, Hair Salon, Econo Coin Laundry, Dry Cleaner, Eve's Cleaners, Loyola Dry Cleaners, Extra Space Storage, Rogers Park Post Office, Extra Space Storage"
882664d8c7fffff,shopping,9,8,"furniture, freeshop, antiques, books, craft, antiques, hardware, bicycle, mobile_phone","Marjen Furniture of Chicago, Rogers Park Free Store, Las Manos, Heirloom Used Books, Harmony Art Glass Company, Brownstone Antiques, Clark-Devon Hardware, Gary's Cycle Shop, Metro by T-Mobile"
882664d8c7fffff,transport,6,4,"bicycle_rental, car_rental, fuel, fuel, fuel, bus_station","Clark St & Schreiber Ave, U-Haul, Citgo, Shell, Marathon, Clark & Arthur Terminal"
882664d8c9fffff,food_drink,2,2,"cafe, fast_food","Nibbles and Nosh, Blue Jay Cafe"
882664d8c9fffff,grocery,1,1,convenience,Sonny's Food Store
882664d8c9fffff,shopping,1,1,pet,Grooming by Galdy
882664d8c9fffff,transport,1,1,bicycle_rental,Sheridan Rd & Greenleaf Ave
882664d8cdfffff,automotive,1,1,car_repair,Elite Auto Repair
882664d8cdfffff,civic_community,4,2,"place_of_worship, place_of_worship, social_facility, place_of_worship","Rogers Park Presbyterian Church, Saint Paul's Church by the Lake, Aperion Care Lakeshore, Apostolic Catholic Assyrian Church"
882664d8cdfffff,education,1,1,school,Field Elementary School
882664d8cdfffff,entertainment,18,1,"artwork, artwork, artwork, artwork, artwork, artwork, artwork, artwork, artwork, artwork, artwork, artwork, artwork, artwork, artwork, artwork, artwork, artwork","Coloribbean Mural, Mile of Murals, Mile of Murals, Mile of Murals, Mile of Murals, Mile of Murals, Mile of Murals, Mile of Murals, Mile of Murals, Mile of Murals, Mile of Murals, Mile of Murals, A Neighborhood Piazza"
882664d8cdfffff,food_drink,2,2,"cafe, restaurant","Charmers Cafe, Anto Pizza & Pasta Chicago"
882664d8cdfffff,grocery,1,1,convenience,Shell
882664d8cdfffff,lodging,1,1,motel,Super 8 by Wyndham Chicago
882664d8cdfffff,nightlife,4,1,"bar, bar, bar, bar","Le Piano, Lighthouse Tavern, R Public House, Jarvis Square Tavern"
882664d8cdfffff,services,2,2,"animal_boarding, storage_rental","Rogers Bark Pet Salon, Public Storage"
882664d8cdfffff,transport,3,2,"bicycle_rental, bicycle_rental, fuel","Greenview Ave & Jarvis Ave, Glenwood Ave & Touhy Ave, Shell"
882664d8d5fffff,civic_community,4,1,"place_of_worship, place_of_worship, place_of_worship, place_of_worship","Franciscan Friars, Church of the Atonement, Emanuel Congregation, Saint Andrew's Greek Orthodox Church"
882664d8d5fffff,education,1,1,school,Swift Elementary School
882664d8d5fffff,entertainment,2,1,"artwork, artwork",Thrive
882664d8d5fffff,food_drink,1,1,restaurant,Zenwich Edgewater
882664d8d5fffff,grocery,1,1,convenience,Castle Food & Liquor
882664d8d5fffff,nightlife,1,1,bar,Aura by Uvae
882664d8d5fffff,shopping,1,1,tailor,Thorndale Cleaners & Tailors
882664d8d7fffff,civic_community,1,1,information,
882664d8d7fffff,entertainment,1,1,artwork,Come to Light
882664d8d7fffff,transport,1,1,bicycle_rental,Lakefront Trail & Bryn Mawr Ave
882664d8e1fffff,automotive,3,2,"car, car, car_repair","North City Honda, Auto Sales, Gerber Collision & Glass"
882664d8e1fffff,civic_community,5,1,"place_of_worship, place_of_worship, place_of_worship, place_of_worship, place_of_worship","Deeper Life Bible Church, Dar ul Eimaan Islamic Community Center, Shree Ganesh Temple of Chicago, Jamia Masjid of Chicago, University Bible Fellowship"
882664d8e1fffff,finance,4,3,"money_transfer, bank, bureau_de_change, bank","Western Union, State Bank of Texas, Devon Bank"
882664d8e1fffff,food_drink,12,1,"restaurant, restaurant, restaurant, restaurant, restaurant, restaurant, restaurant, restaurant, restaurant, restaurant, restaurant, restaurant","Spinzer, Daata Darbar, Hema's Kitchen, Sabri Nihari, Annapurna Simply Vegetarian, Sukhadia's Sweets and Snacks, Uru-Swati, Khan BBQ, Nepal House, Italian Express, Arya Bhavan, Udupi Palace"
882664d8e1fffff,grocery,10,3,"bakery, supermarket, bakery, bakery, bakery, bakery, bakery, convenience, supermarket, supermarket","King Sweets, Fresh Farms International Market, Fresh Farms International Market, Tahoora Sweets & Bakery, World Fresh Market, Mughal Bakery, Pak Sweets & Bakery, Al Noor Meat & Grocery, World Fresh Market, Patel Brothers"
882664d8e1fffff,services,1,1,travel_agency,Spice of Life Tours
882664d8e1fffff,shopping,7,5,"carpet, clothes, mobile_phone, electronics, jewelry, jewelry, jewelry","Amar Carpets, Destiny Studio, Cricket Wireless, Welectronics, Joyalukkas, Kalyan Jewellers, Malabar Gold and Diamonds"
882664d8e1fffff,transport,1,1,bicycle_rental,Warren Park West
882664d8e3fffff,automotive,4,2,"car_wash, car, car, car","$5 Classic Car Wash, Wheels of Chicago, Napleton's Northwestern Chrysler, Jeep & Dodge, Chicago Northside Toyota"
882664d8e3fffff,civic_community,1,1,community_centre,Trellus
882664d8e3fffff,education,1,1,school,Stone Scholastic Academy
882664d8e3fffff,entertainment,3,2,"viewpoint, viewpoint, artwork",Our Lady of Guadalupe
882664d8e3fffff,finance,2,1,"bank, bank","Hanmi Bank, Chase"
882664d8e3fffff,food_drink,6,3,"cafe, fast_food, ice_cream, fast_food, fast_food, fast_food","Starbucks, Jimmy John's, Baskin-Robbins, Mambo Wings, Dunkin', Wendy's"
882664d8e3fffff,grocery,4,2,"convenience, convenience, convenience, bakery","Mobil Mart, Shell, 7-Eleven, Best Naan"
882664d8e3fffff,services,1,1,laundry,Spincycle Laundromat
882664d8e3fffff,shopping,7,4,"mobile_phone, pet, variety_store, mobile_phone, mobile_phone, mobile_phone, chemist","AT&T, Petco, Family Dollar, Metro by T-Mobile, Total by Verizon, T-Mobile, Walgreens"
882664d8e3fffff,transport,4,2,"bicycle_rental, bicycle_rental, fuel, fuel","Western Ave & Granville Ave, Mobil, Shell"
882664d8e5fffff,civic_community,11,2,"place_of_worship, place_of_worship, place_of_worship, place_of_worship, place_of_worship, place_of_worship, social_facility, place_of_worship, place_of_worship, place_of_worship, social_facility","Brisk, Congregation KINS of West Rogers Park, Khal Chasidim, Khal Chasidim, Congregation Beth Itzchok, F.R.E.E., The ARK, Chicago Community Kollel, Anshe Motele Congregation, Congregation Poalei Tzedek, JCFS Abe and Ida Cooper Center"
882664d8e5fffff,education,4,2,"college, school, school, school","Brisk Rabbinical College, Shaarei Chinuch Day School, Hanna Sacks Bais Yaakov High School, West Ridge Elementary School"
882664d8e5fffff,entertainment,1,1,artwork,Menorah
882664d8e5fffff,grocery,1,1,bakery,Tel Aviv Kosher Bakery
882664d8e5fffff,transport,1,1,bicycle_rental,Sacramento Ave & Pratt Blvd
882664d8e7fffff,automotive,1,1,car_repair,K-D Auto Service
882664d8e7fffff,civic_community,8,4,"place_of_worship, community_centre, place_of_worship, fire_station, social_facility, place_of_worship, place_of_worship, social_facility","Saint Timothy's Roman Catholic Church, Croatian Cultural Center of Chicago, Northwest Baptist Church, Chicago Fire Department Engine Company 71, Trellus, Congregation Mishne Ugmoro, Christ Church of Chicago, West Ridge Senior Apartments"
882664d8e7fffff,education,3,2,"school, music_school, school","Dewitt Clinton Elementary School, Music House, Saint Timothy School"
882664d8e7fffff,finance,2,1,"bank, bank","Republic Bank of Chicago, Citibank"
882664d8e7fffff,food_drink,5,2,"restaurant, fast_food, fast_food, fast_food, fast_food","Gogi, Subway, The Halal Burger, NYC Halal Eats, Wolfy's"
882664d8e7fffff,grocery,5,4,"greengrocer, convenience, bakery, supermarket, convenience","Ted's Fruit Market, Acro, Levinson’s Bakery, Aldi, BP Shop"
882664d8e7fffff,nightlife,1,1,bar,Casey’s Corner
882664d8e7fffff,services,1,1,beauty,Geo Style Salon & Spa
882664d8e7fffff,shopping,1,1,variety_store,Dollar Tree
882664d8e7fffff,transport,4,2,"bicycle_rental, bicycle_rental, fuel, fuel","Washtenaw Ave & Peterson Ave, California Ave & Granville Ave, BP, Arco"
882664d8e9fffff,automotive,2,1,"car_repair, car_repair","Jiffy Lube, Meineke"
882664d8e9fffff,civic_community,7,1,"place_of_worship, place_of_worship, place_of_worship, place_of_worship, place_of_worship, place_of_worship, place_of_worship","Faizan-e-Madinah Mosque, Bethesda Evangelical Lutheran Church, West Ridge United Methodist Church, Truc Lam Temple, Bosnian Educational & Cultural Center of America, Sixteenth Church of Christ Scientist, Rahmat E Alam Foundation"
882664d8e9fffff,education,3,2,"library, school, school","Northtown Branch Library, George Armstrong Elementary School, Bethesda School"
882664d8e9fffff,finance,1,1,bank,Chase
882664d8e9fffff,food_drink,3,2,"ice_cream, fast_food, fast_food","Lickedy Split Custard, KFC, McDonald's"
882664d8e9fffff,grocery,1,1,convenience,7-Eleven
882664d8e9fffff,shopping,1,1,hardware,Chicago Coast True Value Hardware
882664d8e9fffff,transport,2,2,"bicycle_rental, fuel","Western Ave & Lunt Ave, Mobil"
882664d8ebfffff,automotive,1,1,car_repair,Benny's Tire Service
882664d8ebfffff,civic_community,3,2,"place_of_worship, social_facility, social_facility","Saint Henry Catholic Church, RYZE at the Ridge, Misericordia"
882664d8ebfffff,finance,1,1,pawnbroker,Devon Pawn Shop
882664d8ebfffff,food_drink,8,2,"restaurant, restaurant, restaurant, restaurant, fast_food, fast_food, restaurant, fast_food","Ghareeb Nawaz, Usmania Fine Dining, Usmania Chinese, Naan on Devon, Villa Palermo, Lahore Food and Grill, Hyderabad House, McDonald's"
882664d8ebfffff,grocery,8,3,"supermarket, convenience, convenience, seafood, convenience, supermarket, supermarket, convenience","Par-Birdie Foods, Jacks Mini Mart, Malik Food Mart, Sundarban's Fish Bazar, Satina World Market, Rahmat Grocery and Zabiha Halal Meat, Cermak Fresh Market, Erika Food Mart"
882664d8ebfffff,nightlife,1,1,bar,Cary's Lounge
882664d8ebfffff,services,4,2,"laundry, hairdresser, hairdresser, laundry","Laundromat, Baghdad Hair Styles, A Barber Shop, Laundry"
882664d8ebfffff,shopping,1,1,charity,The Salvation Army
882664d8ebfffff,transport,2,1,"fuel, fuel","BP, Shell"
882664d8edfffff,civic_community,7,2,"place_of_worship, place_of_worship, place_of_worship, place_of_worship, social_facility, place_of_worship, place_of_worship","Kollel Ateres Ami, Or Menorah, Congregation Ezras Israel, Lubavitch Mesivta, Buckingham Pavilion Nursing and Rehabilitation, Ohel Tefillah, Agudath Israel of West Rogers Park"
882664d8edfffff,education,3,1,"school, school, school","Yeshiva Migdal Torah, Yeshiva Ohr Boruch/The Veitzner Cheder, Mosaic School of Fine Arts"
882664d8edfffff,entertainment,2,1,"artwork, artwork","Wind Harp, City Hall Keystone"
882664d8edfffff,grocery,1,1,convenience,7-Eleven
882664d8edfffff,transport,1,1,bicycle_rental,Fairfield Ave & Pratt Blvd
882664d981fffff,civic_community,2,2,"place_of_worship, community_centre","Sauganash Smiles, Kyrgyz Community Center"
882664d981fffff,finance,1,1,money_transfer,Peterson-Cicero Currency Exchange
882664d981fffff,food_drink,2,2,"restaurant, fast_food","Chai Asian Bistro, Eden's Fast Food"
882664d981fffff,grocery,1,1,supermarket,Whole Foods Market
882664d981fffff,health,2,1,"clinic, clinic","USA Natural Health Clinic, NorthShore Immediate Care - Sauganash"
882664d981fffff,services,4,3,"beauty, dry_cleaning, funeral_directors, beauty","Deluxe Nails, Eden's Cleaners, Smith-Corcoran Funeral Home, Belisima Donna"
882664d985fffff,automotive,2,2,"car_repair, car_wash",Central & Caldwell Services Inc
882664d985fffff,finance,1,1,bank,Associated Bank
882664d985fffff,food_drink,2,1,"restaurant, restaurant","Villa Rosa Pizza Kitchen, The Elephant"
882664d985fffff,grocery,1,1,convenience,BP Shop
882664d985fffff,services,2,2,"shoe_repair, hairdresser","Kanellos Shoe Repair, Terry's Place"
882664d985fffff,transport,2,2,"fuel, bus_station","BP, Central & Caldwell Terminal"
882664d987fffff,automotive,1,1,car_wash,Bus Wash
882664d987fffff,civic_community,2,1,"information, information",
882664d987fffff,services,1,1,lost_property_office,CTA Forest Glen Garage
882664d987fffff,transport,1,1,fuel,
882664d989fffff,civic_community,1,1,place_of_worship,Queen of All Saints Basilica
882664d989fffff,education,1,1,school,Queen of All Saints School
882664d989fffff,food_drink,1,1,fast_food,East of Edens
882664d989fffff,services,1,1,beauty,Paradise Nails and Spa
882664d98bfffff,civic_community,1,1,place_of_worship,Sauganash Community Church
882664d98bfffff,education,2,2,"kindergarten, school","School For The Young Years, Sauganash Elementary School"
882664d98bfffff,finance,1,1,bank,Wintrust Bank
882664d98dfffff,civic_community,3,1,"place_of_worship, place_of_worship, place_of_worship","Saint Richard's Episcopal Church, Edgebrook Lutheran Church, Edgebrook Evangelical Covenant Church"
882664d98dfffff,education,2,2,"library, school","Edgebrook Branch Library, Edgebrook Elementary School"
882664d98dfffff,food_drink,2,2,"ice_cream, confectionery","Chocolate Shoppe Ice Cream, Nuts 'N More"
882664d98dfffff,health,2,2,"dentist, veterinary","John J. Kelly DDS, Chicago Cat Clinic"
882664d98dfffff,nightlife,1,1,bar,City's Edge
882664d98dfffff,services,1,1,hairdresser,Nano's Hair & Day Spa
882664d98dfffff,shopping,3,3,"tiles, gift, clothes","Edgebrook Stone & Tile, Donegal Imports, Inspired"
882664d98dfffff,transport,2,2,"car_rental, bicycle_rental","Chicago Private Car Service, Le Mai Ave & Devon Ave"
882664d991fffff,civic_community,3,3,"place_of_worship, crematorium, social_facility","The Church of Jesus Christ of Latter-day Saints, Chapel & Crematorium, The Salvation Army Chicago Metropolitan Headquarters"
882664d991fffff,entertainment,1,1,artwork,Samuel Gompers Monument
882664d991fffff,food_drink,2,2,"fast_food, restaurant","Domino's, Mayflower"
882664d991fffff,grocery,2,1,"supermarket, supermarket","Aldi, Jewel-Osco"
882664d991fffff,health,2,2,"doctors, dentist","Family Doctor, Family Dentist"
882664d991fffff,services,1,1,copyshop,FedEx Office
882664d991fffff,transport,1,1,bicycle_rental,Keeler Ave & Carmen Ave
882664d993fffff,civic_community,1,1,police,Chicago Police Department 17th District
882664d993fffff,education,3,1,"school, school, school","Aspira Haugen Middle School, North River Elementary School, Volta Elementary School"
882664d993fffff,finance,3,2,"atm, bank, bank","Fifth Third Bank, Chase"
882664d993fffff,food_drink,10,4,"restaurant, fast_food, cafe, fast_food, restaurant, restaurant, restaurant, ice_cream, fast_food, fast_food","Lawrence Fish Market, Sarpino's Pizzeria, Starbucks, Pollo Campero, Yummy Buffet, Jerez, Chicago Kalbi BBQ, Baskin-Robbins, Dunkin', McDonald's"
882664d993fffff,grocery,3,2,"bakery, convenience, convenience","Nak Won Korean Bakery, El-Jeeb, Citgo"
882664d993fffff,health,1,1,pharmacy,Walgreens
882664d993fffff,nightlife,2,2,"bar, stripclub","Gamblers, Admiral Theatre"
882664d993fffff,services,3,2,"hairdresser, hairdresser, laundry","Cuenca's Family Haircut, Johnny Blades Haircut"
882664d993fffff,shopping,8,7,"hairdresser_supply, fabric, mobile_phone, mobile_phone, chemist, clothes, pet, variety_store","Sally Beauty, Chicago Canvas Supply, T-Mobile, Metro by T-Mobile, Walgreens, Discovery Clothing Company, Petco, Dollar Tree"
882664d993fffff,transport,2,2,"bicycle_rental, fuel","Karlov Ave & Lawrence Ave, Citgo"
882664d995fffff,civic_community,1,1,information,
882664d995fffff,food_drink,5,2,"cafe, fast_food, fast_food, fast_food, cafe","Red Ribbon, Chipotle, Smashburger, Teriyaki Madness, Starbucks"
882664d995fffff,grocery,3,2,"convenience, bakery, convenience","Eden's Food and Liquors, Umaga Bakehouse, Marathon"
882664d995fffff,leisure_sports,1,1,picnic_site,Irene C. Hernandez Picnic Shelter Grove 1
882664d995fffff,shopping,4,3,"department_store, variety_store, mall, department_store","Ross, Five Below, Target"
882664d995fffff,transport,1,1,fuel,Marathon
882664d997fffff,automotive,1,1,car_repair,Sun Auto Werks
882664d997fffff,civic_community,6,3,"place_of_worship, place_of_worship, place_of_worship, community_centre, social_facility, place_of_worship","MASOM, Mayfair Presbyterian Church, Dar Al-Hadith, Sokol Community Center, Mayfair Commons Senior Living, Mayfair Lutheran Church"
882664d997fffff,education,2,2,"library, school","Mayfair Branch Library, Palmer Elementary School"
882664d997fffff,finance,1,1,bank,Parkway Bank
882664d997fffff,food_drink,5,2,"restaurant, cafe, restaurant, restaurant, restaurant","Mayfair Restaurant, Coffee Chat, Ssyal, Shibam, Señor Pan Cafe"
882664d997fffff,grocery,4,2,"bakery, convenience, convenience, convenience","Lalich Delicatessens, 7-Eleven, Marathon, Mobil Mart"
882664d997fffff,health,2,1,"doctors, doctors","Swedish Medical Group - Mayfair, Kidz Health"
882664d997fffff,services,1,1,laundry,
882664d997fffff,shopping,1,1,variety_store,Village Discount Outlet
882664d997fffff,transport,3,2,"bicycle_rental, fuel, fuel","Kenneth Ave & Lawrence Ave, Mobil, Marathon"
882664d999fffff,civic_community,3,2,"social_facility, place_of_worship, place_of_worship","North Park Village, Yugoslavian Seventh Day Adventist Church, North Park Village Chapel"
882664d999fffff,education,2,2,"library, school","Ronald Williams Library, Northside Learning Center High School"
882664d999fffff,health,2,2,"clinic, hospital",North River Mental Health
882664d99bfffff,automotive,1,1,car_repair,
882664d99bfffff,civic_community,2,1,"place_of_worship, place_of_worship","First Temple of Universal Law Church, Holy Nation Presbyterian Church"
882664d99bfffff,education,2,2,"school, library","Telshe Yeshiva, Albany Park Branch Library"
882664d99bfffff,food_drink,3,2,"coffee, restaurant, restaurant","Cafe Descartes, Sheeba Mandi House, Ban Po Jung"
882664d99bfffff,transport,1,1,bicycle_rental,St. Louis Ave & Foster Ave
882664d99dfffff,transport,1,1,bicycle_rental,Kostner Ave & Bryn Mawr Ave
882664d9a1fffff,civic_community,2,1,"place_of_worship, place_of_worship","Chicago Mosque, Saint Tarcissus Roman Catholic Church"
882664d9a1fffff,education,2,1,"school, school","Hitch Elementary School, Saint Tarcissus School"
882664d9a1fffff,finance,2,1,"bank, bank","First Nations Bank, Chase"
882664d9a1fffff,grocery,3,1,"bakery, bakery, bakery","Baking For The Takin, European Classic Bakery, Kazik Bakery"
882664d9a1fffff,services,3,3,"rental, beauty, funeral_directors","U-Haul, Liv Lash Boutique & Body Sculpt Spa, Malec & Sons Funeral Home"
882664d9a1fffff,transport,1,1,bicycle_rental,Austin Ave & Milwaukee Ave
882664d9a3fffff,civic_community,3,3,"social_facility, social_centre, place_of_worship","Senior Suites of Jefferson Park, Brotherhood of Achladokambiton Chicago, Filipino Immanuel Baptist Church"
882664d9a3fffff,education,1,1,kindergarten,Care-A-Lot Early Learning Center
882664d9a3fffff,entertainment,2,2,"studio, events_venue","WCPT Radio Studios, Lido Banquets"
882664d9a3fffff,finance,2,2,"atm, bank","Bank of America, Bank of America"
882664d9a3fffff,food_drink,3,3,"restaurant, fast_food, deli","Tuxpan Mexican Grill, Rosati's, Andy's Deli"
882664d9a3fffff,grocery,3,2,"alcohol, bakery, bakery","Community Food & Liquor, Chicago Sweet Connection, Sweet World Pastry"
882664d9a3fffff,health,9,2,"dentist, doctors, dentist, dentist, doctors, dentist, dentist, dentist, dentist","Dr. Peter Wlodarczyk, DDS, Chicago Medical Health Group, Oasis Family Dental, Northwest Chicago Dental, Dr. Bronislaw J. Orawiec, MD, Bright Smile Dental, Kyriaki Ades D.M.D General Dentistry, Nova Dental, Dr. Barbara L. Mousel, DDS"
882664d9a3fffff,nightlife,1,1,bar,Vaughan’s Pub - NW Side
882664d9a3fffff,services,5,4,"beauty, hairdresser, storage_rental, hairdresser, glaziery","Dream Nails, T'soma Hair Salon, Extra Space Storage, Continental Salon, Peterson Glass"
882664d9a3fffff,shopping,3,3,"mobile_phone, nutrition_supplements, paint","T-Mobile, Herbaland, Paulson's Paint"
882664d9a3fffff,transport,1,1,bicycle_rental,Menard Ave & Milwaukee Ave
882664d9a5fffff,automotive,1,1,car_wash,Mobil
882664d9a5fffff,civic_community,3,3,"social_facility, fire_station, place_of_worship","Norwood Park Senior Center, Chicago Fire Department Engine Company 119, Rumija Islamic Center"
882664d9a5fffff,grocery,1,1,convenience,Mobil Mart
882664d9a5fffff,nightlife,2,2,"pub, bar","Trinity Pub, Little Bar"
882664d9a5fffff,services,1,1,storage_rental,Public Storage
882664d9a5fffff,shopping,2,2,"doityourself, toys","Gordon's Norwood Park Ace Hardware, Chicagoland Toys and Hobbies"
882664d9a5fffff,transport,1,1,fuel,Mobil
882664d9a7fffff,automotive,1,1,car_repair,Ernie's Automotive
882664d9a7fffff,education,1,1,school,Taft High School
882664d9a7fffff,finance,2,2,"atm, bank","PNC Bank, PNC Bank"
882664d9a7fffff,food_drink,2,1,"fast_food, fast_food","Nick's Gyros, Subway"
882664d9a7fffff,grocery,1,1,alcohol,Jay's Food & Liquors
882664d9a7fffff,health,2,2,"pharmacy, doctors","CVS Pharmacy, Harwood Chiropractic"
882664d9a7fffff,services,2,2,"beauty, dry_cleaning","Ms. Z Nails, Sam Cleaner"
882664d9a9fffff,food_drink,1,1,restaurant,Smak Tak
882664d9abfffff,civic_community,2,2,"social_centre, place_of_worship","Kolping Society of Chicago, Elston Avenue United Methodist Church"
882664d9abfffff,finance,1,1,bank,Fifth Third Bank
882664d9abfffff,food_drink,3,3,"cafe, fast_food, restaurant","Yellow Rose Cafe, Duke's, Colletti's"
882664d9abfffff,health,1,1,dentist,Smiles on Elston
882664d9abfffff,transport,1,1,bicycle_rental,Central Ave & Elston Ave
882664d9adfffff,civic_community,2,1,"information, information",Caldwell Preserves
882664d9adfffff,finance,3,1,"bank, bank, bank","PNC Bank, Liberty Bank, Wintrust Bank - Gladstone Park"
882664d9adfffff,food_drink,10,3,"restaurant, fast_food, restaurant, ice_cream, fast_food, fast_food, restaurant, fast_food, fast_food, fast_food","Amitabul, Burrito House, Pasta D'Arte, Baskin-Robbins, Dunkin', McDonald's, Chikago Pizza, Subway, Superdawg, Blaze-N-Grill"
882664d9adfffff,grocery,3,3,"alcohol, supermarket, convenience","Sky Liquors, Shop & Save Market, 7-Eleven"
882664d9adfffff,health,2,2,"dentist, pharmacy","City Edge Dental, Walgreens"
882664d9adfffff,leisure_sports,2,1,"picnic_site, picnic_site",Caldwell Woods Picnic Grove 2
882664d9adfffff,lodging,1,1,motel,Esquire Motel
882664d9adfffff,nightlife,2,1,"bar, bar","Filonek’s, The Garage Bar & Sandwiches"
882664d9adfffff,services,5,3,"funeral_directors, post_office, beauty, beauty, beauty","Colonial-Wojciechowski Funeral Home, The UPS Store, Mademoiselle Salon, Top Nails, Lee Nail Salon"
882664d9adfffff,shopping,1,1,cannabis,Consume
882664d9adfffff,transport,4,2,"bicycle_rental, bicycle_rental, bicycle_rental, fuel","Hyacinth St & Milwaukee Ave, Highland Ave & Milwaukee Ave, Bike the Preserves, Exxon"
882664d9b1fffff,automotive,1,1,car_wash,Splash Hand Car Wash
882664d9b1fffff,civic_community,2,2,"place_of_worship, social_centre","Jefferson Park English Lutheran Church, Masonic Temple"
882664d9b1fffff,education,3,3,"school, college, library","Beaubien Elementary School, Northwestern College, Jefferson Park Branch Library"
882664d9b1fffff,entertainment,6,4,"artwork, theatre, artwork, theatre, arts_centre, gallery","Thomas Jefferson Statue, The Gift Theatre, Quarks VI, Windy City Music Theatre, Copernicus Center, Ed Paschke Art Center"
882664d9b1fffff,finance,5,3,"atm, money_transfer, bank, bank, bank","MoneyGram, Hoyne Savings Bank, Huntington Bank, Parkway Bank"
882664d9b1fffff,food_drink,14,5,"fast_food, fast_food, restaurant, restaurant, restaurant, restaurant, ice_cream, pastry, cafe, fast_food, restaurant, restaurant, fast_food, cafe","Dunkin', Subway, Gorilla Sushi Bar, Jefferson Park Grill, Kawayan, Excelsior Garden, Baskin-Robbins, Ideal Pastry, Mr. B's Caribbean Grill, Popeyes, Gale Street Inn, Taqueria La Estrella, McDonald's, Weston's Coffee & Tap Co."
882664d9b1fffff,grocery,4,3,"convenience, convenience, bakery, alcohol","7-Eleven, ANG Convenience Store, Ideal Pastry, Lis Food-Liquor"
882664d9b1fffff,health,2,2,"dentist, doctors","Brighter Smile, Presence Medical Group"
882664d9b1fffff,nightlife,2,1,"bar, bar","Rex Tavern, Jefferson Inn"
882664d9b1fffff,services,7,5,"hairdresser, hairdresser, hairdresser, beauty, dry_cleaning, post_depot, post_office","Quick-Cuts, House of Hair, Hair Express, Nail Experts, Song's Cleaners, Jefferson Park Post Office Annex, Jefferson Park Post Office"
882664d9b1fffff,shopping,6,5,"mobile_phone, books, clothes, mobile_phone, cannabis, doors","Citi Wireless, Polonia Bookstore, I Am Trendii Boutique, Metro by T-Mobile, Columbia Care, Illinois Door"
882664d9b1fffff,transport,3,3,"bicycle_rental, taxi, bus_station","Milwaukee Ave & Ainslie St, Jefferson Park Transit Center"
882664d9b3fffff,automotive,1,1,car_parts,O'Reilly Auto Parts
882664d9b3fffff,civic_community,3,2,"fire_station, place_of_worship, place_of_worship","Chicago Fire Department Engine Company 108, Our Lady of Victory Roman Catholic Church, Congregational Church of Jefferson Park"
882664d9b3fffff,education,2,2,"driving_school, school","Warsaw Driving School, Our Lady of Victory School"
882664d9b3fffff,finance,3,2,"atm, bank, bank","Chase, Hoyne Savings Bank"
882664d9b3fffff,food_drink,3,1,"restaurant, restaurant, restaurant","China Star, Bacci Pizzeria, Migos Fine Foods"
882664d9b3fffff,grocery,1,1,alcohol,Milwaukee Food & Liquor
882664d9b3fffff,nightlife,3,1,"bar, bar, bar","Babe’s On Milwaukee, Moonflower, The Windsor Tavern"
882664d9b3fffff,services,3,2,"laundry, hairdresser, hairdresser","The Friendly Wash Laundromat, Criss Hair Design, Goca's Hair Salon"
882664d9b3fffff,shopping,4,4,"computer, nutrition_supplements, bicycle, collector","Computer One, Monk's Herb Center, Cosmic Bikes, Maximum Distractions"
882664d9b3fffff,transport,2,2,"bicycle_rental, fuel","Milwaukee Ave & Agatite Ave, BP"
882664d9b5fffff,automotive,2,2,"car_repair, car_wash","Auto Repair, BP"
882664d9b5fffff,civic_community,1,1,place_of_worship,Saint Constance Catholic Church
882664d9b5fffff,education,1,1,school,Saint Constance School
882664d9b5fffff,grocery,3,2,"bakery, convenience, convenience","Beautiful Cakes, BP Shop, Mobil Mart"
882664d9b5fffff,health,3,3,"doctors, clinic, dentist","Immediate MD, Central Higgins Medical Building, Dr. John Loos, DDS"
882664d9b5fffff,nightlife,2,1,"bar, bar","Bar 57 West, Brigadoon"
882664d9b5fffff,services,4,4,"storage_rental, hairdresser, funeral_directors, dry_cleaning","Public Storage, New Reflection Hair Salon, Muzyka & Son Funeral Home, Trim N Tidy Cleaners"
882664d9b5fffff,shopping,2,2,"florist, mobile_phone","Wall's Flower Shop, AT&T"
882664d9b5fffff,transport,3,2,"bicycle_rental, fuel, fuel","Menard Ave & Lawrence Ave, Mobil, BP"
882664d9b7fffff,civic_community,2,2,"social_centre, place_of_worship","Independent Order of Svithiod, Hungarian Baptist Church"
882664d9b7fffff,education,1,1,school,Ernst Prussing Elementary School
882664d9b7fffff,finance,2,1,"bank, bank","Huntington Bank, Chase"
882664d9b7fffff,food_drink,4,3,"fast_food, restaurant, restaurant, cafe","Scoop's, El Asadero Colombiano, Smakosz Restaurant, Starbucks"
882664d9b7fffff,grocery,2,2,"convenience, supermarket","Mobil Mart, Jewel-Osco"
882664d9b7fffff,health,3,3,"dentist, clinic, hearing_aids","Chicago Center For Restorative Dentistry, Central Medical Clinic of Chicago, SpectraSound"
882664d9b7fffff,services,2,2,"dry_cleaning, hairdresser","Panda Cleaners, Jefferson Park Hair Studio"
882664d9b7fffff,shopping,4,3,"computer, pet, pet, chemist","Computer Planet, Pink Poodle Dog Grooming, Re-tails, CVS Pharmacy"
882664d9b7fffff,transport,1,1,fuel,Mobil
882664d9b9fffff,civic_community,3,1,"place_of_worship, place_of_worship, place_of_worship","Forest Glen Baptist Church, Trinity Slovak Lutheran Church, First Congregational Church of Forest Glen"
882664d9b9fffff,food_drink,1,1,restaurant,Bust Outs
882664d9b9fffff,grocery,1,1,supermarket,Mariano's Fresh Market
882664d9b9fffff,health,1,1,veterinary,Forest Glen Animal Hospital
882664d9b9fffff,nightlife,1,1,bar,Rabbit’s Bar and Grill
882664d9b9fffff,shopping,1,1,wholesale,Kirman Surplus Sales
882664d9bbfffff,automotive,1,1,car_wash,
882664d9bbfffff,civic_community,2,1,"place_of_worship, place_of_worship","Calvary United Methodist Church, Eden United Church of Christ"
882664d9bbfffff,finance,2,2,"atm, bank",First American Bank
882664d9bbfffff,food_drink,6,3,"restaurant, fast_food, fast_food, fast_food, restaurant, ice_cream","Hala In, Dunkin', Subway, Jollibee, La Fogata, Baskin-Robbins"
882664d9bbfffff,grocery,5,3,"bakery, bakery, supermarket, convenience, convenience","Valerio's Tropical Bakeshop, Nazareth Sweets, Seafood City, Mobil Mart, BP Shop"
882664d9bbfffff,health,1,1,dentist,Emergency Dentist of Chicago
882664d9bbfffff,nightlife,1,1,bar,Sunnyday Tap
882664d9bbfffff,services,2,2,"tattoo, beauty","Chicago Town Ink, EMerge Beauty & Wellness"
882664d9bbfffff,shopping,1,1,mall,
882664d9bbfffff,transport,3,2,"bicycle_rental, bicycle_rental, fuel","Lavergne Ave & Lawrence Ave, Elston Ave & Carmen Ave, Mobil"
882664d9bdfffff,automotive,3,2,"car_parts, car_repair, car_parts","Advance Auto Parts, Firestone, AutoZone"
882664d9bdfffff,civic_community,3,2,"place_of_worship, place_of_worship, police","The Church of the Chicagoans, Grace Gospel Church, Chicago Police Department 16th District"
882664d9bdfffff,education,2,2,"school, kindergarten","James B. Farnsworth Elementary School, Catalpa Early Childhood Center"
882664d9bdfffff,entertainment,1,1,artwork,
882664d9bdfffff,finance,3,2,"bank, money_transfer, money_transfer","Associated Bank, Illinois Currency Exchange, US Money Express"
882664d9bdfffff,food_drink,7,3,"restaurant, restaurant, fast_food, coffee, restaurant, restaurant, restaurant","Jet's Pizza, Chinese Kitchen, Subway, Cafe Antigua, Paterno's Pizza, Elly's Pancake House, Moy Lee Chinese Restaurant"
882664d9bdfffff,grocery,2,2,"convenience, alcohol","7-Eleven, Foremost Liquor Center"
882664d9bdfffff,health,5,3,"pharmacy, dentist, dentist, dentist, doctors","Walgreens, Dr. Lawrence Rogus, DDS, Medical Dental Clinic, Gordon J. Ziols, DDS, Presence Medical Group"
882664d9bdfffff,nightlife,3,1,"bar, bar, bar","Ham Tree Inn, Zachary's, Corrib Irish Pub"
882664d9bdfffff,services,2,2,"travel_agency, laundry","American Travel Abroad, Gladstone Park Laundromat"
882664d9bdfffff,shopping,4,3,"variety_store, hardware, art, variety_store","Dollar Tree, H&B True Value Hardware, Morgan Art Gallery, Dollar General"
882664d9bdfffff,transport,2,1,"bicycle_rental, bicycle_rental","Farragut Ave & Central Ave, Lynch Ave & Elston Ave"
882664d9d1fffff,civic_community,3,1,"place_of_worship, place_of_worship, place_of_worship","Congregation Ohr Yisocher, Kollel Zichron Eliyahu, Elim Romanian Penecostal Church"
882664d9d1fffff,education,3,3,"kindergarten, childcare, school","Basic Beginnings, Little Angels, Solomon Elementary School"
882664d9d1fffff,food_drink,2,2,"restaurant, fast_food","Tel Aviv Pizza, Popeyes"
882664d9d1fffff,shopping,2,2,"variety_store, mobile_phone","Dollar Tree, T-Mobile"
882664d9d3fffff,civic_community,3,1,"place_of_worship, place_of_worship, place_of_worship","Congregation Bais Tefila, Congregation Agudath Israel Bikur Cholim, Congregation Shaare Tikva B'nai Zion"
882664d9d3fffff,food_drink,4,3,"ice_cream, restaurant, fast_food, fast_food","Baskin-Robbins, Martino’s Italian Cuisine & Pizzeria, KFC, Dunkin'"
882664d9d3fffff,leisure_sports,2,1,"picnic_site, picnic_site",Peterson Picnic Area
882664d9d3fffff,transport,2,1,"bicycle_rental, bicycle_rental","Ardmore Ave & Central Park Ave, Bernard St & Peterson Ave"
882664d9d5fffff,food_drink,1,1,restaurant,Backyard Grill
882664d9d5fffff,transport,1,1,bicycle_rental,Kostner Ave & Devon Ave
882664d9d7fffff,automotive,2,1,"car_wash, car_wash","BP, Nappa Car Wash"
882664d9d7fffff,civic_community,2,2,"fire_station, place_of_worship","Chicago Fire Department Engine Company 89, Saint Odisho Church"
882664d9d7fffff,education,1,1,school,CICS Northtown Academy
882664d9d7fffff,entertainment,3,3,"artwork, events_venue, museum","Peterson Clubrooms, North Park Village Nature Center"
882664d9d7fffff,finance,1,1,bank,Chase
882664d9d7fffff,food_drink,5,3,"cafe, fast_food, fast_food, fast_food, restaurant","Starbucks, Dunkin', Jersey Mike's Subs, Subway, Mee Mah Restaurant"
882664d9d7fffff,grocery,1,1,convenience,BP Shop
882664d9d7fffff,nightlife,1,1,bar,Alarmist Brewing & Taproom
882664d9d7fffff,services,2,1,"storage_rental, storage_rental","Extra Space Storage, Public Storage"
882664d9d7fffff,shopping,2,2,"wholesale, charity","Jong Boo Market, Habitat for Humanity ReStore"
882664d9d7fffff,transport,4,3,"bicycle_rental, bicycle_rental, fuel, bus_station","Granville Ave & Pulaski Rd, Kedvale Ave & Peterson Ave, Peterson-Pulaski BP, Pulaski & Peterson Terminal"
882664d9dbfffff,automotive,4,2,"car_repair, car_parts, car_repair, car_repair","Firestone, AutoZone, Midas, Acorns Goodyear"
882664d9dbfffff,civic_community,5,2,"place_of_worship, place_of_worship, place_of_worship, place_of_worship, social_facility","Chicago Chassidishe Kollel, B'nei Ruven, Congregation Adas B'nai Israel, Congregation Chesed L'Avrohom, Lincoln Village Senior Apartments"
882664d9dbfffff,education,2,2,"school, childcare","Joan Dachs Bais Yaakov Hebrew School, Ladybug & Friends Daycare"
882664d9dbfffff,finance,1,1,bank,Chase
882664d9dbfffff,food_drink,18,4,"restaurant, restaurant, ice_cream, cafe, fast_food, fast_food, restaurant, restaurant, restaurant, restaurant, restaurant, fast_food, fast_food, fast_food, fast_food, fast_food, fast_food, fast_food","Hoanh Long, 5Lua, Baskin-Robbins, Starbucks, Panera Bread, Wingstop, Shibam by Devon, Pho Le 777, Sushi World, Hadramout Restaurant, Evita's Steakhouse, Taco Bell, Tropical Smoothie Cafe, Burger King, Dunkin', Domino's, Great Chicago Food & Beverage Company, Panda Express"
882664d9dbfffff,grocery,3,2,"bakery, bakery, supermarket","Simple Delights, Taza Bakery, City Fresh Market"
882664d9dbfffff,health,3,1,"optician, optician, optician","America's Best Contacts & Eyeglasses, Chicago Eye Care Center, Pearle Vision"
882664d9dbfffff,lodging,3,1,"motel, motel, motel","River Park Motel & Suites, Rio Motel, North Park Inn"
882664d9dbfffff,services,5,4,"post_office, beauty, cosmetics, post_office, storage_rental","The UPS Store, American Nail Spa, Bath & Body Works, Northtown Post Office, Extra Space Storage"
882664d9dbfffff,shopping,9,8,"department_store, variety_store, department_store, hairdresser_supply, jewelry, shoes, doityourself, garden_centre, bed","Ross, Five Below, TJ Maxx, Sally Beauty, Yasini Jewelers, Famous Footwear, The Home Depot, Mattress Prime"
882664d9dbfffff,transport,1,1,bicycle_rental,McCormick Blvd & Devon Ave
882664d9e1fffff,civic_community,2,1,"place_of_worship, place_of_worship","Saint Mary of the Woods Church, Edgebrook Community Church"
882664d9e1fffff,education,2,1,"school, school","Wildwood Elementary School, Saint Mary of the Woods School"
882664d9e1fffff,entertainment,1,1,events_venue,Wildwood Clubroom
882664d9e3fffff,civic_community,2,2,"information, fire_station","North Branch Trail System Map, Chicago Fire Department Engine Company 79"
882664d9e3fffff,education,2,1,"childcare, childcare","Sunflower Early Learning Academy, Little Nest Care"
882664d9e3fffff,entertainment,1,1,artwork,Edgebrook
882664d9e3fffff,finance,1,1,pawnbroker,Archie's Coins
882664d9e3fffff,food_drink,6,3,"fast_food, restaurant, restaurant, cafe, restaurant, restaurant","Domino's, King Pho, El Tejado Mexican Grill, Edgebrook Coffee Shop, Pampanga's Cuisine, Ruk Sushi & Thai"
882664d9e3fffff,grocery,4,4,"alcohol, bakery, supermarket, marketplace","Bottles and Cans, Mona's Sweet Spot, Happy Foods, Edgebrook Farmers Market"
882664d9e3fffff,health,2,1,"dentist, dentist","Edgebrook Dental, Lehigh Dental"
882664d9e3fffff,services,7,4,"hairdresser, hairdresser, beauty, post_office, dry_cleaning, beauty, beauty","Rock Hair Scissors, Ann & David's Studio, S&J Nails, Edgebrook Post Office, Glad Cleaners, Skin Story Spa, Lee Nails"
882664d9e3fffff,shopping,9,8,"bicycle, collector, tobacco, gift, pet, florist, second_hand, doityourself, tobacco","Edgebrook Cycle, Grayland Station, Trading Post Tobacco & Cigars, Local Goods Chicago, Pet Wants, A Vintage Bloom, My Sister's Closet, Edgebrook Ace Hardware, Habano Cigar Lounge"
882664d9e3fffff,transport,1,1,bicycle_rental,Egebrook Metra Station
882664d9e5fffff,civic_community,3,2,"information, information, place_of_worship","North Edgebrook, North Edgebrook, Edgebrook Evangelical Free Church"
882664d9e5fffff,food_drink,1,1,fast_food,Papa Chris' Place
882664d9e5fffff,lodging,1,1,motel,Edgebrook Motel
882664d9e7fffff,civic_community,3,1,"information, information, information",Wilewood
882664d9e7fffff,entertainment,1,1,viewpoint,
882664d9e7fffff,transport,1,1,bicycle_rental,Bike the Preserves
882664d9edfffff,services,1,1,storage_rental,CubeSmart
882664daa7fffff,civic_community,2,1,"social_facility, social_facility","The Waterford Care Center, Alden Village North"
882664daa7fffff,education,1,1,school,Camelot School
882664daa7fffff,food_drink,1,1,restaurant,TJam Kitchen
882664daa7fffff,grocery,1,1,convenience,Light Mini Mart
882664daa7fffff,services,1,1,storage_rental,Kellees Storage
882664daa7fffff,transport,2,2,"bicycle_rental, fuel","Eastlake Ter & Rogers Ave, BP"
8827593403fffff,civic_community,1,1,fire_station,ARFF Training Area
8827593407fffff,civic_community,2,2,"police, fire_station","DOA Communications Service Center, Chicago Fire Department ARFF Station #4"
882759340bfffff,finance,1,1,bank,Alliant Credit Union
882759340bfffff,services,1,1,post_depot,DHL
8827593413fffff,transport,4,2,"charging_station, car_rental, car_rental, car_rental","Hertz, Avis"
8827593415fffff,civic_community,1,1,fire_station,Chicago Fire Department ARFF Station #2
8827593417fffff,civic_community,1,1,fire_station,Chicago Fire Department ARFF Station #3
8827593419fffff,food_drink,1,1,fast_food,Taco John's
8827593419fffff,grocery,1,1,convenience,7-Eleven
8827593419fffff,transport,16,3,"charging_station, charging_station, charging_station, charging_station, charging_station, charging_station, charging_station, car_rental, car_rental, car_rental, car_rental, car_rental, car_rental, car_rental, fuel, charging_station","Tesla Macau, Tesla Macau, Sixt, Payless, National, Hertz, Dollar Car Rental, Budget, Avis, Mobil, Tesla Supercharger"
882759341bfffff,transport,4,2,"car_rental, car_rental, car_rental, bus_station","Thrifty, Alamo, Enterprise, O'Hare Multi-Modal Facility"
882759341dfffff,transport,1,1,fuel,ATF Fuel Station
8827593429fffff,nightlife,1,1,erotic,Adult World
882759342bfffff,automotive,1,1,car_wash,
882759342bfffff,transport,1,1,fuel,Fuel Station
8827593433fffff,civic_community,2,1,"information, information",Flight Information
8827593433fffff,food_drink,4,2,"restaurant, restaurant, fast_food, restaurant","Reggio's Pizza, Billy Goat Tavern & Grill, McDonald's, Goose Island"
8827593433fffff,nightlife,2,1,"bar, bar","United Club - C16, United Club - Polaris Lounge"
8827593437fffff,transport,1,1,fuel,ATF Fuel Station
882759343bfffff,civic_community,3,2,"social_centre, information, information","United Club (Lower Level), Flight Information, Flight Information"
882759343bfffff,entertainment,1,1,artwork,City Windows
882759343bfffff,food_drink,2,2,"restaurant, fast_food","The Berghoff Café, Stefani's Tuscany Cafe"
882759343bfffff,grocery,2,1,"convenience, convenience","Chi Life Market, Fresh Market on the Go"
882759343bfffff,shopping,3,1,"newsagent, newsagent, newsagent","Hudson News, Hudson News, Hudson News"
882759343bfffff,transport,2,1,"charging_station, charging_station",
88275934a9fffff,services,1,1,post_office,JT Weeker (Chicago) International Service Center
88275934c5fffff,civic_community,2,2,"place_of_worship, police","Interfaith Room, Chicago Police Department O'Hare Station (ALES)"
88275934c5fffff,grocery,2,1,"convenience, convenience",Six Points Market
88275934cbfffff,food_drink,1,1,restaurant,Maria's Mexican Restaurant
88275934cbfffff,lodging,1,1,hotel,Loews Chicago O'Hare Hotel
88275934d1fffff,leisure_sports,4,1,"picnic_site, picnic_site, picnic_site, picnic_site","Schiller Woods-West Grove #3, Schiller Woods-West Grove #5, Schiller Woods-West Grove #6, Schiller Woods-West Grove #7"
88275934d3fffff,entertainment,1,1,attraction,Schiller Woods Magic Water Pump
88275934d3fffff,leisure_sports,1,1,picnic_site,Che Che Pin Qua Woods Grove #1
88275934d9fffff,civic_community,1,1,place_of_worship,Our Lady Mother of the Church Roman Catholic Church
88275934d9fffff,education,1,1,school,Our Lady Mother of the Church School
88275934d9fffff,finance,1,1,bank,Parkway Bank
88275934d9fffff,grocery,2,2,"supermarket, bakery","Jewel-Osco, Sicilian Bakery"
88275934d9fffff,services,1,1,post_office,The UPS Store
88275934ddfffff,civic_community,2,1,"information, information",
88275934e1fffff,civic_community,1,1,information,American Rebooking Center
88275934e1fffff,food_drink,1,1,cafe,La Tapenade
88275934e1fffff,nightlife,1,1,bar,Rush Street
88275934e1fffff,shopping,1,1,newsagent,Hudson News
88275934e7fffff,civic_community,1,1,fire_station,Chicago Fire Department ARFF Station #1
88275934e7fffff,services,1,1,post_depot,UPS Cargo
88275934e7fffff,transport,1,1,fuel,ATF Fuel Depot
88275934e9fffff,civic_community,1,1,social_centre,Flagship Lounge
88275934e9fffff,entertainment,1,1,artwork,The Runners
88275934e9fffff,finance,6,2,"atm, atm, bureau_de_change, bureau_de_change, bureau_de_change, bureau_de_change","BMO, Bank of America, SBT, Seaway, Seaway"
88275934e9fffff,food_drink,22,4,"fast_food, restaurant, fast_food, cafe, fast_food, fast_food, fast_food, fast_food, restaurant, cafe, restaurant, fast_food, cafe, fast_food, fast_food, fast_food, fast_food, restaurant, fast_food, ice_cream, restaurant, cafe","Gold Coast Dogs, ICE Dishes and Drinks, McDonald's, Starbucks, Windy City Carvers, BJ's Market & Bakery, Brioche Dorée, McDonald's, Skyscrapers, Starbucks, Wolfgang Puck Express, McDonald's, The Goddess and Grocer, Tortas Frontera, Dunkin', Big Bowl, Burger King, tocco, Chick-fil-A, Baskin-Robbins, Burger Federation, Starbucks"
88275934e9fffff,grocery,8,1,"convenience, convenience, convenience, convenience, convenience, convenience, convenience, convenience","Hudson, Evolve by Hudson, Protein Bar & Kitchen, Garrett, Goddess on the Go, Farm2Air Market, Fresh Attraction, Hudson"
88275934e9fffff,nightlife,4,2,"pub, bar, bar, bar","Goose Island Brewery Restaurant, Facades, Hub 51, LOT Polish Airlines Business Lounge"
88275934e9fffff,services,12,2,"ticket, ticket, ticket, ticket, ticket, ticket, ticket, ticket, ticket, ticket, travel_agency, travel_agency","Emirets Airlines, AeroMexico, Finair, WestJet, Quatar Airlines, CopaAirlines, Swiss Airlines, Eva Air, Icelandair, Air France, American Airlines Baggage Re-check, United Baggage Re-check"
88275934e9fffff,shopping,8,4,"newsagent, newsagent, newsagent, newsagent, department_store, gift, electronics, gift","Hudson News, Hudson News, Hudson News, Hudson News, Dufry, I Love Chicago, Brookstone, Tax And Duty Free"
88275934edfffff,civic_community,33,3,"information, social_centre, information, social_centre, information, information, information, information, information, information, social_centre, information, information, information, information, information, information, information, information, social_facility, information, information, information, information, information, information, information, information, information, information, information, information, social_facility","Admirals Club and Executive Center, Travelers Aid Chicago, Admirals Club, Flight Information, United Customer Service, United Club (Upper Level), United Customer Service Center, Flight Information, Flight Information, United Baggage Service, United Customer Service Center, USO, Customer Assistance, Customer Service, Customer Service, Flight Information, Flight Information, Flight Information, Delta Customer Service, American Customer Assisance, Departures, Arrivals, USO"
88275934edfffff,entertainment,2,1,"artwork, artwork","Lincoln Memorial Replica, Brachiosaurus"
88275934edfffff,finance,18,2,"atm, atm, atm, atm, atm, atm, atm, atm, atm, bureau_de_change, atm, atm, bureau_de_change, atm, atm, atm, atm, bureau_de_change","Bank of America, BMO, BMO, Bank of America, Bank of America, Bank of America, BMO, Bank of America, Seaway, BMO, Bank of America, Seaway, BMO, Bank of America, Bank of America, Seaway"
88275934edfffff,food_drink,72,5,"cafe, fast_food, fast_food, cafe, fast_food, fast_food, fast_food, fast_food, restaurant, cafe, cafe, restaurant, fast_food, cafe, fast_food, confectionery, fast_food, fast_food, fast_food, fast_food, fast_food, fast_food, restaurant, fast_food, fast_food, confectionery, restaurant, cafe, cafe, fast_food, restaurant, confectionery, fast_food, cafe, restaurant, cafe, restaurant, fast_food, fast_food, restaurant, fast_food, fast_food, fast_food, fast_food, restaurant, cafe, fast_food, cafe, fast_food, fast_food, fast_food, restaurant, restaurant, cafe, restaurant, chocolate, restaurant, fast_food, confectionery, restaurant, restaurant, restaurant, cafe, restaurant, fast_food, cafe, confectionery, fast_food, restaurant, fast_food, confectionery, restaurant","Starbucks, Nuts on Clark, Auntie Anne's, Starbucks, Manchu Wok, Subway, The Great American Bagel Bakery, Half Moon Empanadas, Cubs Bar & Grill, Argo Tea, Argo Tea, Chili's, Garrett Popcorn, Starbucks, The Great American Bagel Deli, ""Nuts on Clark"", B-smooth, Burrito Beach, Dunkin', Manchu Wok, McDonald's, McDonald's, O'Briens, The Bronze Tap, Reggio's Pizza Express, Rocky Mountain Chocolate Factory, Romano's Macaroni Grill, Starbucks, Starbucks, The Great American Bagel, Tortas Frontera, Vosges, Reggio’s Pizza Express, Brioche Dorée, Chili's, Starbucks, Wicker Park, Dunkin', The Great American Bagel, Chili's, Pronto Sandwiches, McDonald's, Tortas Frontera, Eli's Cheesecake, Wicker Park Seafood & Sushi Bar, Starbucks, Smoothie King, Starbucks, America's Dog, Saladworks, Manchu Wok, Zoots Café, Reggio's Pizza Express, Starbucks, La Tapenade, Vosges, The Bronze Pizza, Jamba, Garrett Popcorn, Andiamo, Caffe Mercato, Gaslight Club, Starbucks, Chili's, Dunkin', Argo Tea, Nuts on Clark, Auntie Anne's, Uno Pizzeria & Grill, McDonald's, Sarah’s Candies, Summer House Santa Monica"
88275934edfffff,grocery,14,3,"convenience, bakery, convenience, convenience, convenience, convenience, kiosk, convenience, convenience, convenience, kiosk, convenience, convenience, convenience","Ciao Gourmet Market, Brioche Dorée, Duty Free Store, CIBO Express, Hudson, Farmers Market, La Tapenade, Hudson, CIBO Express Gourmet Market, Hudson, American Consumer Service, Hudson, Wicker Park Market"
88275934edfffff,health,4,1,"optician, optician, optician, optician","Oakley, Sunglass Hut, Oakley, Sunglass Hut"
88275934edfffff,lodging,1,1,hotel,Hilton Chicago O'Hare Airport
88275934edfffff,nightlife,13,3,"bar, bar, bar, bar, bar, bar, bar, nightclub, bar, pub, nightclub, bar, bar","Bubbles, beaudevin, Galileo, United Club (B6), Jazz Bar, Goose Island Beer Company, Sport Edition Bar, Admirals Club, Publican Tavern, Stanley's, American Flagship Lounge, Connect To Chicago, Connect to Chicago"
88275934edfffff,services,25,7,"shoe_repair, massage, ticket, ticket, hairdresser, post_office, ticket, ticket, ticket, ticket, ticket, ticket, post_office, ticket, ticket, ticket, ticket, ticket, ticket, ticket, ticket, ticket, ticket, beauty, cosmetics","Shoe Hospital, Terminal Getaway Spa, Air Canada, Lufthansa, The UPS Store, Skycap, Skycap, Skycap, Skycap, Skycap, Skycap, Priority Parcel Service, Sprint Airlines, American Flagship Check-in, American Airlines, jetBlue Airlines, Frontier Airlines, Alaska Airlines, American Airlines, American Airlines, American Airlines, American Airlines, Terminal Gateway Spa, MAC Cosmetics"
88275934edfffff,shopping,43,12,"newsagent, books, newsagent, clothes, electronics, newsagent, video, clothes, toys, books, clothes, newsagent, newsagent, gift, books, newsagent, newsagent, newsagent, gift, books, newsagent, gift, electronics, electronics, newsagent, newsagent, jewelry, newsagent, newsagent, shoes, gift, newsagent, gift, electronics, gift, pet, fashion_accessories, fashion_accessories, newsagent, newsagent, newsagent, electronics, bag","Hudson News, Barbara's Bookstore, Hudson News, Accessory Boutique, Brookstone, Hudson News, InMotion Entertainment, Talie, The Field Museum Store, Barbara's Bookstore, Brooks Brothers, CNN Newsstand, Hudson News, Liberty Duty Free, Barbara's Bookstore, Hudson News, Hudson News, Hudson News, Duty Free Store, Barbara's Bookstore, CNN Newsstand, Hoypoloi Gallery, InMotion, Brookstone, Hudson News, Hudson News, Spirit of the Red Horse, Hudson News, Hudson News, Johnston & Murphy, The Field Museum Store, Hudson News, Best Buy Express, Animal Relief Area, Brighton Collectibles, Montblanc, Hudson News, Hudson News, Hudson News, Headphone Hub, Coach"
88275934edfffff,transport,9,2,"charging_station, charging_station, charging_station, charging_station, charging_station, charging_station, taxi, charging_station, charging_station",
88275935dbfffff,services,3,2,"post_depot, post_depot, post_office","FedEx Chicago Regional Sort Operations, FedEx Hevyweight International, FedEx Ship Center"
8827593683fffff,grocery,1,1,bakery;pastry,House of Cakes
882759368bfffff,civic_community,1,1,place_of_worship,Edison Park Lutheran Church
882759368bfffff,finance,1,1,bank,First Nations Bank
8827593691fffff,automotive,2,2,"car_wash, car_parts","Shell, AutoZone"
8827593691fffff,civic_community,2,2,"social_facility, place_of_worship","Senior Suites of Norwood Park, Immaculate Conception Roman Catholic Church"
8827593691fffff,education,1,1,school,Immaculate Conception School
8827593691fffff,food_drink,5,3,"restaurant, cafe, restaurant, fast_food, cafe","Taco Burrito King, Mather’s More Than a Cafe, Cozy Corner, Wendy's, Starbucks"
8827593691fffff,grocery,2,1,"convenience, convenience","Shell, BP Shop"
8827593691fffff,shopping,1,1,variety_store,Dollar Tree
8827593691fffff,transport,3,2,"fuel, fuel, bus_station","Shell, BP, Harlem Blue Line Station"
8827593693fffff,automotive,1,1,car_parts,O'Reilly Auto Parts
8827593693fffff,civic_community,2,1,"place_of_worship, place_of_worship","Saint Monica Roman Catholic Church, Saint James Lutheran Church"
8827593693fffff,education,1,1,school,Saint Monica School
8827593693fffff,finance,4,2,"bank, atm, bank, bank","Bank of America, Bank of America, Liberty Bank, Chicago Patrolmen's Federal Credit Union"
8827593693fffff,food_drink,5,4,"ice_cream, deli, fast_food, fast_food, restaurant","Baskin-Robbins, Nottoli Italian Foods, Popeyes, Dunkin', Bakers Square"
8827593693fffff,grocery,3,2,"supermarket, bakery, bakery","Jewel-Osco, Belarada, The Purple Tulip Cakery"
8827593693fffff,health,1,1,pharmacy,Walgreens
8827593693fffff,shopping,4,4,"doityourself, pet, paint, chemist","Oriole Park Ace Hardware, Pet Supplies Plus, Benjamin Moore, Walgreens"
8827593695fffff,civic_community,1,1,place_of_worship,Holy Resurrection Serbian Orthodox Cathedral
8827593695fffff,education,2,1,"school, school","St. Sava Academy, Saint Paul School"
8827593695fffff,health,1,1,pharmacy,Walgreens
8827593695fffff,shopping,1,1,chemist,Walgreens
8827593697fffff,civic_community,2,1,"place_of_worship, place_of_worship","Bethel Community Church, Saint Andrew Presbyterian Church"
8827593697fffff,education,2,2,"library, school","Oriole Park Branch Library, Oriole Park Elementary School"
8827593699fffff,civic_community,5,1,"place_of_worship, place_of_worship, place_of_worship, place_of_worship, place_of_worship","Norwood Park Presbyterian Church, Norwood Park Evangelical Lutheran Church, Norwood Park United Methodist Church, Our Saviour Lutheran Church of Norwood Park, Church of the Full Gospel"
8827593699fffff,education,1,1,school,Norwood Park Elementary School
882759369bfffff,civic_community,2,2,"place_of_worship, social_facility","Saints Constantine & Helen Romanian Orthodox Cathedral, Danish Old Peoples Home"
882759369bfffff,entertainment,1,1,museum,Norwood Park Historical Society
882759369bfffff,food_drink,2,1,"restaurant, restaurant","Dino's Pizza, Congas"
882759369dfffff,civic_community,2,1,"social_facility, social_facility","Resurrection Life Center, Resurrection Retirement Community"
882759369dfffff,education,2,1,"school, school","Resurrection High School, Edison Park Elementary School"
882759369dfffff,health,1,1,hospital,Resurrection Medical Center
88275936a3fffff,civic_community,1,1,place_of_worship,All Saints Cathedral
88275936b1fffff,civic_community,1,1,fire_station,Chicago Fire Department Engine Company 11
88275936b1fffff,food_drink,2,2,"fast_food, restaurant","Plush Pup, Navat Restaurant"
88275936b1fffff,grocery,1,1,convenience,7-Eleven
88275936b1fffff,transport,1,1,bicycle_rental,Cumberland Ave & Catherine Ave
88275936b3fffff,civic_community,1,1,place_of_worship,Saint Joseph Ukrainian Catholic Church
88275936b3fffff,education,2,1,"school, school","Everett McKinley Dirksen Elementary School, Pennoyer Elementary School"
88275936b3fffff,finance,1,1,bank,Selfreliance Federal Credit Union
88275936b5fffff,leisure_sports,3,1,"picnic_site, picnic_site, picnic_site","Catherine Chevalier Woods Grove #1, Catherine Chevalier Woods Grove #2, Catherine Chevalier Woods Grove #3"
88275936b7fffff,civic_community,1,1,grave_yard,Robinson Family Burial Ground;Indian Cemetery
88275936b9fffff,finance,1,1,bank,Old National Bank
88275936b9fffff,food_drink,2,1,"restaurant, restaurant","Outback Steakhouse, Hooters"
88275936b9fffff,lodging,2,1,"hotel, hotel","SpringHill Suites Chicago O'Hare, Holiday Inn Chicago O'Hare Area"
88275936b9fffff,nightlife,1,1,bar,Bar Louie
88275936b9fffff,transport,1,1,bus_station,Cumberland Blue Line Station
88275936bbfffff,civic_community,2,2,"community_centre, place_of_worship","Saint Eugene Parish Center, Saint Eugene Church"
88275936bbfffff,education,1,1,school,Saint Eugene School
88275936bbfffff,health,1,1,clinic,Action Behavior Centers - ABA Therapy for Autism
88275936bdfffff,entertainment,1,1,artwork,
88275936bdfffff,lodging,2,1,"hotel, hotel","Chicago Marriott O'Hare, Renaissance Chicago O'Hare Suites"
88275936c3fffff,automotive,1,1,car_repair,Caliber Collision
88275936cbfffff,education,1,1,kindergarten,Stock Preschool
88275936cbfffff,food_drink,2,1,"fast_food, fast_food","Chicken Inn, White Castle"
88275936d1fffff,civic_community,1,1,place_of_worship,Jehovahs Witnesses Norwood Park Unit
88275936d3fffff,automotive,2,2,"car_wash, car_repair","Norwood Park Hand Car Wash and Detailing, Cosmetic Auto"
88275936d3fffff,civic_community,1,1,place_of_worship,Saint Thecla Roman Catholic Church
88275936d3fffff,education,4,3,"music_school, library, school, school","Flatts and Sharpe Music Co., Roden Branch Library, Onahan Elementary School, Saint Thecla School"
88275936d3fffff,finance,2,1,"bank, bank","U.S. Bank, Chase"
88275936d3fffff,food_drink,3,2,"fast_food, restaurant, restaurant","Subway, The Norwood Restaurant, Bangkok Belly"
88275936d3fffff,grocery,1,1,convenience,7-Eleven
88275936d3fffff,health,3,2,"dentist, dentist, veterinary","Dr. Joseph Sadowski M.D. Family Practice, Endodontic Specialty Care, Avondale Animal Hospital"
88275936d3fffff,nightlife,4,1,"bar, bar, bar, bar","Iron Horse Ale House, WineStyles, Coaches Bar and Grill, Newark Nook"
88275936d3fffff,services,3,3,"beauty, travel_agency, pet_grooming","Raven Street Salon, Janus Travel, Pampered Paws Grooming"
88275936d3fffff,shopping,3,3,"tailor, clothes, antiques","Norwood Cleaners, The Pearl Botique, A Peace of Vintage"
88275936d5fffff,civic_community,1,1,place_of_worship,Edison Park United Methodist Church
88275936d5fffff,education,1,1,school,Ebinger Elementary School
88275936d5fffff,food_drink,4,3,"restaurant, deli, cafe, cafe","Zia's Trattoria, Tony’s Italian Deli & Subs, Soup & Scoops, Café Touché"
88275936d5fffff,nightlife,1,1,bar,Emerald Isle
88275936d5fffff,shopping,1,1,newsagent,Kaage Newsstand
88275936d7fffff,civic_community,1,1,place_of_worship,Saint Alban's Episcopal Church
88275936d7fffff,finance,3,2,"atm, bank, bank","Signature Bank, PNC Bank"
88275936d7fffff,food_drink,3,2,"fast_food, fast_food, cafe","Dunkin', Brandy's Gyros, Starbucks"
88275936d7fffff,grocery,1,1,convenience,BP Shop
88275936d7fffff,services,3,3,"storage_rental, funeral_directors, post_office","Safeguard Self Storage, Olson Funeral Home, Norwood Park Post Office"
88275936d7fffff,shopping,1,1,mobile_phone,Verizon
88275936d7fffff,transport,1,1,fuel,BP
88275936dbfffff,food_drink,1,1,restaurant,Red Apple Polish Buffet
88275936dbfffff,grocery,1,1,bakery,Forest View Bakery
88275936dbfffff,leisure_sports,1,1,picnic_site,
88275936dbfffff,transport,1,1,bus_station,Milwaukee & Imlay Terminal
88275936ddfffff,automotive,1,1,car_repair,Jiffy Lube
88275936ddfffff,civic_community,1,1,place_of_worship,Saint Juliana Church
88275936ddfffff,education,1,1,school,Saint Juliana School
88275936ddfffff,food_drink,4,2,"fast_food, fast_food, fast_food, cafe","Dunkin', Mug's Pizza & Ribs, Nick's Drive-In, Amber’s Coffee Cake"
88275936ddfffff,services,1,1,post_office,The UPS Store
